t,plates,parcels,cont_frac,mean_v,max_v,subducted,created,accreted,absorbed,cont_lost,cont_grown,rifts,merges,initiations,active_rifts,sea_level,backarcs,arc_plates,weld_static,weld_locked,retired,dissolved,deposited,sediment,stress_p50,stress_p95,stress_max
0.25,12,639662,0.2744,19.79,47.36,92,2,2,248,0,3,0,0,11,0,0.0,0,0,0,0,0,0,3,0.0001,0.00,0.00,0.00
0.5,12,638814,0.2746,20.56,53.41,839,51,0,60,0,3,0,0,9,0,0.0,0,0,0,0,0,0,3,0.0002,0.00,0.00,0.00
0.75,12,638469,0.2747,23.73,62.89,508,213,1,50,0,3,0,0,6,0,0.0,0,0,0,0,0,0,3,0.0003,0.00,0.00,0.00
1,12,638178,0.2748,26.52,73.79,559,276,0,8,0,4,0,0,1,0,0.0,0,0,0,0,0,0,4,0.0001,0.00,0.00,0.00
1.25,12,637952,0.2749,28.04,84.02,665,439,0,0,0,3,0,0,2,0,0.0,0,0,0,0,0,0,3,0.0002,0.00,0.00,0.00
1.5,12,637691,0.2750,29.50,94.79,891,632,0,2,0,3,0,0,1,0,0.0,0,0,0,0,0,0,3,0.0003,0.00,0.00,0.00
1.75,12,637626,0.2751,31.13,103.97,738,674,0,1,0,4,0,0,0,0,0.0,0,0,0,0,0,0,4,0.0001,0.00,0.00,0.00
2,12,637501,0.2751,32.57,112.85,977,852,0,0,0,3,0,0,0,0,0.0,0,0,0,0,0,0,3,0.0002,0.00,0.00,0.00
2.25,12,637547,0.2751,34.07,120.20,798,844,0,0,0,4,0,0,0,0,0.0,0,0,0,0,0,0,3,0.0003,8.02,27.18,33.74
2.5,12,637390,0.2752,35.51,126.20,1079,922,0,0,0,5,0,0,0,0,0.0,0,0,0,0,0,0,4,0.0000,0.00,0.00,0.00
2.75,12,637209,0.2753,36.99,131.83,1098,917,0,0,0,3,0,0,0,0,0.0,0,0,0,0,0,0,3,0.0001,0.00,0.00,0.00
3,12,637130,0.2753,38.51,136.36,1070,991,0,0,0,5,0,0,0,0,0.0,0,0,0,0,0,0,3,0.0002,0.00,0.00,0.00
3.25,12,636895,0.2754,39.74,140.06,1291,1056,0,0,0,4,0,0,0,0,0.0,0,0,0,0,0,0,3,0.0002,0.00,0.00,0.00
3.5,12,636740,0.2755,41.14,143.55,1213,1058,0,0,0,4,0,0,0,0,0.0,0,0,0,0,0,0,4,0.0000,0.00,0.00,0.00
3.75,12,636631,0.2756,42.21,146.22,1205,1096,0,0,0,3,0,0,0,0,0.0,0,0,0,0,0,0,3,0.0001,0.00,0.00,0.00
4,12,636447,0.2756,43.40,148.49,1275,1091,0,0,0,4,0,0,0,0,0.0,0,0,0,0,0,0,3,0.0001,0.00,0.00,0.00
4.25,12,636126,0.2758,44.21,150.89,1436,1115,0,0,0,5,0,0,0,0,0.0,0,0,0,0,0,0,3,0.0002,6.41,26.41,34.95
4.5,12,635884,0.2759,45.05,153.22,1444,1202,0,0,0,4,0,0,0,0,0.0,0,0,0,0,0,0,3,0.0002,0.00,0.00,0.00
4.75,12,635678,0.2760,45.56,154.75,1421,1215,0,0,0,4,0,0,0,0,0.0,0,0,0,0,0,0,3,0.0003,0.00,0.00,0.00
5,12,635425,0.2761,46.17,155.95,1455,1202,0,0,0,4,0,0,0,0,0.0,0,0,0,0,0,0,4,0.0000,0.00,0.00,0.00
5.25,12,635237,0.2762,46.57,157.66,1413,1225,0,0,0,5,0,0,0,0,0.0,0,0,0,0,0,0,3,0.0000,0.00,0.00,0.00
5.5,12,635058,0.2763,47.07,159.20,1377,1198,0,0,0,3,0,0,0,0,0.0,0,0,0,0,0,0,3,0.0001,0.00,0.00,0.00
5.75,12,634767,0.2764,47.26,161.15,1545,1254,0,0,0,4,0,0,0,0,0.0,0,0,0,0,0,0,3,0.0001,0.00,0.00,0.00
6,12,634521,0.2765,47.74,162.21,1489,1243,0,0,0,4,0,0,0,0,0.0,0,0,0,0,0,0,3,0.0001,0.00,0.00,0.00
6.25,12,634189,0.2767,47.83,164.16,1565,1233,0,0,0,5,0,0,0,0,0.0,0,0,0,0,0,0,3,0.0002,7.09,26.93,36.37
6.5,12,633885,0.2768,48.20,165.71,1634,1330,0,0,0,3,0,0,0,0,0.0,0,0,0,0,0,0,3,0.0002,0.00,0.00,0.00
6.75,12,633514,0.2770,48.27,166.72,1661,1290,1,0,0,4,0,0,0,0,0.0,0,0,0,0,0,0,3,0.0002,0.00,0.00,0.00
7,12,633265,0.2771,48.55,168.09,1595,1346,0,0,0,3,0,0,0,0,0.0,0,0,0,0,0,0,3,0.0002,0.00,0.00,0.00
7.25,12,633043,0.2772,48.57,169.46,1557,1336,0,1,0,3,0,0,0,0,0.0,0,0,0,0,0,0,3,0.0003,0.00,0.00,0.00
7.5,12,632731,0.2773,49.06,170.51,1631,1319,0,0,0,3,0,0,0,0,0.0,0,0,0,0,0,0,3,0.0003,0.00,0.00,0.00
7.75,12,632401,0.2775,49.07,171.82,1643,1313,1,0,0,6,0,0,0,0,0.0,0,0,0,0,0,0,4,0.0000,0.00,0.00,0.00
8,12,632103,0.2776,49.24,173.14,1640,1342,0,0,0,3,0,0,0,0,0.0,0,0,0,0,0,0,3,0.0000,0.00,0.00,0.00
8.25,12,631890,0.2777,49.26,174.78,1610,1397,1,0,0,4,0,0,0,0,0.0,0,0,0,0,0,0,3,0.0000,7.08,25.77,33.37
8.5,12,631537,0.2779,49.43,176.27,1690,1338,0,1,0,6,0,0,0,0,0.0,0,0,0,0,0,0,3,0.0000,0.00,0.00,0.00
8.75,12,631168,0.2781,49.44,177.81,1696,1328,0,1,0,4,0,0,0,0,0.0,0,0,0,0,0,0,3,0.0001,0.00,0.00,0.00
9,12,630941,0.2782,49.65,179.34,1597,1370,0,0,0,3,0,0,0,0,0.0,0,0,0,0,0,0,3,0.0001,0.00,0.00,0.00
9.25,12,630702,0.2783,49.60,180.88,1631,1392,0,0,0,4,0,0,0,0,0.0,0,0,0,0,0,0,3,0.0001,0.00,0.00,0.00
9.5,12,630396,0.2784,49.91,182.41,1660,1354,0,0,0,3,0,0,0,0,0.0,0,0,0,0,0,0,3,0.0001,0.00,0.00,0.00
9.75,12,630041,0.2786,49.75,184.09,1739,1385,1,1,0,3,0,0,0,0,0.0,0,0,0,0,0,0,3,0.0001,0.00,0.00,0.00
10,12,629728,0.2787,49.77,185.53,1715,1402,0,0,0,4,0,0,0,0,0.0,0,0,0,0,0,0,3,0.0001,0.00,0.00,0.00
10.25,12,629428,0.2789,49.68,186.92,1695,1395,0,0,0,4,0,0,0,0,0.0,0,0,0,0,0,0,3,0.0001,7.30,24.87,43.96
10.5,12,629165,0.2790,49.76,187.85,1643,1382,0,2,0,3,0,0,0,0,0.0,0,0,0,0,0,0,3,0.0001,0.00,0.00,0.00
10.75,12,628860,0.2791,49.66,188.57,1730,1428,0,3,0,4,0,0,0,0,0.0,0,0,0,0,0,0,3,0.0000,0.00,0.00,0.00
11,12,628642,0.2792,49.91,189.30,1652,1434,0,0,0,7,0,0,0,0,0.0,0,0,0,0,0,0,3,0.0000,0.00,0.00,0.00
11.25,12,628400,0.2793,49.76,189.83,1630,1388,0,0,0,4,0,0,0,0,0.0,0,0,0,0,0,0,3,0.0000,0.00,0.00,0.00
11.5,12,628095,0.2795,49.79,190.40,1744,1439,0,0,0,4,0,0,0,0,0.0,0,0,0,0,0,0,3,0.0000,0.00,0.00,0.00
11.75,12,627837,0.2796,49.63,190.84,1647,1390,0,1,0,3,0,0,0,0,0.0,0,0,0,0,0,0,3,0.0000,0.00,0.00,0.00
12,12,627604,0.2797,49.67,191.13,1677,1444,0,0,0,5,0,0,0,0,0.0,0,0,0,0,0,0,2,0.0003,0.00,0.00,0.00
12.25,12,627240,0.2799,49.49,191.20,1799,1435,0,0,0,6,0,0,0,0,0.0,0,0,0,0,0,0,3,0.0003,7.84,24.83,42.19
12.5,12,627012,0.2800,49.52,191.32,1650,1422,0,0,0,5,0,0,0,0,0.0,0,0,0,0,0,0,3,0.0003,0.00,0.00,0.00
12.75,12,626670,0.2802,49.21,191.48,1750,1408,0,0,0,3,0,0,0,0,0.0,0,0,0,0,0,0,3,0.0002,0.00,0.00,0.00
13,12,626442,0.2803,49.33,191.49,1640,1414,0,2,0,4,0,0,0,0,0.0,0,0,0,0,0,0,3,0.0002,0.00,0.00,0.00
13.25,12,626104,0.2804,49.01,191.48,1742,1405,0,1,0,5,0,0,0,0,0.0,0,0,0,0,0,0,3,0.0002,0.00,0.00,0.00
13.5,12,625784,0.2806,49.06,191.66,1709,1390,0,1,0,6,0,0,0,0,0.0,0,0,0,0,0,0,3,0.0002,0.00,0.00,0.00
13.75,12,625540,0.2807,48.78,191.63,1702,1458,1,0,0,3,0,0,0,0,0.0,0,0,0,0,0,0,3,0.0001,0.00,0.00,0.00
14,12,625265,0.2808,48.89,191.50,1664,1389,0,0,0,8,0,0,0,0,0.0,0,0,0,0,0,0,3,0.0001,0.00,0.00,0.00
14.25,12,624997,0.2809,48.60,191.46,1666,1400,0,2,0,5,0,0,0,0,0.0,0,0,0,0,0,0,3,0.0001,7.71,25.03,77.64
14.5,12,624734,0.2811,48.76,191.60,1668,1405,1,0,0,3,0,0,0,0,0.0,0,0,0,0,0,0,3,0.0001,0.00,0.00,0.00
14.75,12,624492,0.2812,48.53,191.51,1636,1396,0,2,0,4,0,0,0,0,0.0,0,0,0,0,0,0,3,0.0000,0.00,0.00,0.00
15,12,624207,0.2813,48.69,191.55,1667,1382,0,0,0,4,0,0,0,0,0.0,0,0,0,0,0,0,3,0.0000,0.00,0.00,0.00
15.25,12,623919,0.2814,48.40,191.57,1673,1387,0,2,0,2,0,0,0,0,0.0,0,0,0,0,0,0,2,0.0003,0.00,0.00,0.00
15.5,12,623643,0.2816,48.58,191.62,1662,1386,0,0,0,4,0,0,0,0,0.0,0,0,0,0,0,0,3,0.0002,0.00,0.00,0.00
15.75,12,623480,0.2817,48.30,191.65,1579,1418,0,2,0,6,0,0,0,0,0.0,0,0,0,0,0,0,3,0.0002,0.00,0.00,0.00
16,12,623186,0.2818,48.51,191.75,1670,1376,0,0,0,3,0,0,0,0,0.0,0,0,0,0,0,0,3,0.0002,0.00,0.00,0.00
16.25,12,622933,0.2819,48.22,191.82,1641,1388,1,0,0,3,0,0,0,0,0.0,0,0,0,0,0,0,3,0.0001,8.13,25.32,98.56
16.5,12,622647,0.2820,48.44,192.02,1656,1371,1,1,0,5,0,0,0,0,0.0,0,0,0,0,0,0,3,0.0001,0.00,0.00,0.00
16.75,12,622455,0.2821,48.16,192.11,1599,1411,0,4,0,4,0,0,0,0,0.0,0,0,0,0,0,0,3,0.0000,0.00,0.00,0.00
17,12,622141,0.2823,48.38,192.13,1706,1392,0,0,0,3,0,0,0,0,0.0,0,0,0,0,0,0,3,0.0000,0.00,0.00,0.00
17.25,12,621910,0.2824,48.15,192.26,1604,1373,0,0,0,3,0,0,0,0,0.0,0,0,0,0,0,0,2,0.0003,0.00,0.00,0.00
17.5,12,621687,0.2825,48.34,192.18,1626,1403,0,0,0,3,0,0,0,0,0.0,0,0,0,0,0,0,3,0.0002,0.00,0.00,0.00
17.75,12,621489,0.2826,48.09,192.35,1617,1420,0,1,0,4,0,0,0,0,0.0,0,0,0,0,0,0,3,0.0002,0.00,0.00,0.00
18,12,621257,0.2827,48.45,192.70,1648,1416,0,0,0,4,0,0,0,0,0.0,0,0,0,0,0,0,3,0.0001,0.00,0.00,0.00
18.25,12,620990,0.2828,48.28,193.39,1653,1388,1,2,0,5,0,0,0,0,0.0,0,0,0,0,0,0,3,0.0001,7.71,24.26,89.16
18.5,12,620781,0.2829,48.53,194.09,1604,1396,0,1,0,5,0,0,0,0,0.0,0,0,0,0,0,0,3,0.0000,0.00,0.00,0.00
18.75,12,620487,0.2831,48.35,194.75,1695,1404,0,3,0,4,0,0,0,0,0.0,0,0,0,0,0,0,2,0.0003,0.00,0.00,0.00
19,12,620284,0.2832,48.76,195.41,1629,1426,0,0,0,5,0,0,0,0,0.0,0,0,0,0,0,0,3,0.0002,0.00,0.00,0.00
19.25,12,620037,0.2833,48.59,196.05,1647,1400,1,0,0,4,0,0,0,0,0.0,0,0,0,0,0,0,3,0.0002,0.00,0.00,0.00
19.5,12,619835,0.2834,48.83,196.63,1639,1438,0,1,0,4,0,0,0,0,0.0,0,0,0,0,0,0,3,0.0001,0.00,0.00,0.00
19.75,12,619554,0.2835,48.61,197.16,1696,1415,1,0,0,3,0,0,0,0,0.0,0,0,0,0,0,0,3,0.0001,0.00,0.00,0.00
20,12,619331,0.2836,48.88,197.59,1695,1472,1,0,0,4,0,0,0,0,0.0,0,0,0,0,0,0,3,0.0000,0.00,0.00,0.00
20.25,12,619086,0.2837,48.63,197.96,1709,1464,0,0,0,2,0,0,1,0,0.0,0,0,0,0,0,0,2,0.0003,7.46,25.43,64.67
20.5,12,618838,0.2839,48.97,198.24,1674,1426,0,0,0,4,0,0,0,0,0.0,0,0,0,0,0,0,3,0.0002,0.00,0.00,0.00
20.75,12,618591,0.2840,48.64,198.41,1676,1433,0,4,0,3,0,0,0,0,0.0,0,0,0,0,0,0,3,0.0001,0.00,0.00,0.00
21,12,618393,0.2841,48.96,198.40,1647,1450,0,1,0,5,0,0,0,0,0.0,0,0,0,0,0,0,3,0.0001,0.00,0.00,0.00
21.25,12,618224,0.2842,48.58,198.25,1677,1509,0,1,0,4,0,0,0,0,0.0,0,0,0,0,0,0,3,0.0000,0.00,0.00,0.00
21.5,12,617958,0.2843,48.79,198.24,1743,1477,0,0,0,5,0,0,0,0,0.0,0,0,0,0,0,0,2,0.0003,0.00,0.00,0.00
21.75,12,617709,0.2844,48.34,198.23,1676,1431,1,4,0,5,0,0,0,0,0.0,0,0,0,0,0,0,3,0.0002,0.00,0.00,0.00
22,12,617484,0.2845,48.56,198.18,1664,1439,0,0,0,4,0,0,0,0,0.0,0,0,0,0,0,0,3,0.0001,0.00,0.00,0.00
22.25,12,617245,0.2846,48.15,198.19,1703,1466,0,2,0,4,0,0,0,0,0.0,0,0,0,0,0,0,3,0.0001,9.09,27.48,60.33
22.5,12,616977,0.2848,48.30,198.05,1734,1467,1,1,0,4,0,0,0,0,0.0,0,0,0,0,0,0,3,0.0000,0.00,0.00,0.00
22.75,12,616834,0.2848,47.94,197.96,1588,1447,0,2,0,2,0,0,0,0,0.0,0,0,0,0,0,0,2,0.0002,0.00,0.00,0.00
23,12,616570,0.2849,48.24,197.87,1709,1445,0,0,0,4,0,0,0,0,0.0,0,0,0,0,0,0,3,0.0002,0.00,0.00,0.00
23.25,12,616377,0.2850,47.97,197.73,1669,1476,0,0,0,5,0,0,0,0,0.0,0,0,0,0,0,0,3,0.0001,0.00,0.00,0.00
23.5,12,616123,0.2852,48.41,197.35,1702,1449,0,1,0,5,0,0,0,0,0.0,0,0,0,0,0,0,3,0.0000,0.00,0.00,0.00
23.75,12,615903,0.2853,48.28,197.25,1664,1447,0,3,0,3,0,0,0,0,0.0,0,0,0,0,0,0,2,0.0003,0.00,0.00,0.00
24,12,615630,0.2854,48.72,197.04,1681,1408,0,0,0,4,0,0,0,0,0.0,0,0,0,0,0,0,3,0.0002,0.00,0.00,0.00
24.25,12,615440,0.2855,48.59,197.00,1645,1456,0,1,0,5,0,0,0,0,0.0,0,0,0,0,0,0,3,0.0001,9.24,31.88,66.89
24.5,12,615257,0.2856,48.76,196.86,1631,1448,0,0,0,3,0,0,0,0,0.0,0,0,0,0,0,0,3,0.0001,0.00,0.00,0.00
24.75,12,615058,0.2857,48.46,196.84,1652,1453,1,0,0,5,0,0,0,0,0.0,0,0,0,0,0,0,3,0.0000,0.00,0.00,0.00
25,12,614865,0.2858,48.64,196.64,1690,1498,1,1,0,3,0,0,0,0,0.0,0,0,0,0,0,0,2,0.0002,0.00,0.00,0.00
25.25,12,614664,0.2859,48.41,196.60,1700,1501,0,2,0,3,0,0,0,0,0.0,0,0,0,0,0,0,3,0.0002,0.00,0.00,0.00
25.5,12,614391,0.2860,48.59,196.41,1701,1429,1,1,0,5,0,0,0,0,0.0,0,0,0,0,0,0,3,0.0001,0.00,0.00,0.00
25.75,12,614187,0.2861,48.33,196.33,1683,1480,0,1,0,3,0,0,0,0,0.0,0,0,0,0,0,0,3,0.0000,0.00,0.00,0.00
26,12,614010,0.2862,48.60,196.31,1673,1497,0,1,0,3,0,0,0,0,0.0,0,0,0,0,0,0,2,0.0002,0.00,0.00,0.00
26.25,12,613810,0.2863,48.26,196.30,1677,1480,0,3,0,3,0,0,0,0,0.0,0,0,0,0,0,0,3,0.0002,8.88,31.51,49.06
26.5,12,613545,0.2864,48.47,196.42,1664,1399,0,0,0,4,0,0,0,0,0.0,0,0,0,0,0,0,3,0.0001,0.00,0.00,0.00
26.75,12,613314,0.2865,48.20,196.62,1687,1458,0,2,0,3,0,0,0,0,0.0,0,0,0,0,0,0,3,0.0000,0.00,0.00,0.00
27,12,613132,0.2866,48.48,196.88,1638,1456,0,0,0,3,0,0,0,0,0.0,0,0,0,0,0,0,2,0.0002,0.00,0.00,0.00
27.25,12,612900,0.2867,48.19,197.00,1664,1433,0,1,0,3,0,0,0,0,0.0,0,0,0,0,0,0,3,0.0002,0.00,0.00,0.00
27.5,12,612775,0.2868,48.41,197.19,1606,1483,0,2,0,3,0,0,0,0,0.0,0,0,0,0,0,0,3,0.0001,0.00,0.00,0.00
27.75,12,612590,0.2869,48.21,197.46,1649,1468,0,4,0,3,0,0,0,0,0.0,0,0,0,0,0,0,3,0.0000,0.00,0.00,0.00
28,12,612347,0.2870,48.27,196.67,1671,1429,0,1,0,3,0,0,0,0,0.0,0,0,0,0,0,0,2,0.0002,0.00,0.00,0.00
28.25,12,612197,0.2871,48.02,193.40,1637,1488,0,1,0,3,0,0,0,0,0.0,0,0,0,0,0,0,3,0.0002,7.92,28.86,53.15
28.5,12,611966,0.2872,47.97,187.76,1622,1391,0,0,0,3,0,0,0,0,0.0,0,0,0,0,0,0,3,0.0001,0.00,0.00,0.00
28.75,12,611795,0.2873,47.78,181.14,1608,1437,0,0,0,3,0,0,0,0,0.0,0,0,0,0,0,0,3,0.0000,0.00,0.00,0.00
29,12,611653,0.2873,47.69,174.62,1610,1470,0,2,0,3,0,0,0,0,0.0,0,0,0,0,0,0,2,0.0002,0.00,0.00,0.00
29.25,12,611523,0.2874,47.43,168.35,1543,1413,0,0,0,4,0,0,0,0,0.0,0,0,0,0,0,0,3,0.0001,0.00,0.00,0.00
29.5,12,611334,0.2875,47.42,163.22,1548,1360,0,1,0,5,0,0,0,0,0.0,0,0,0,0,0,0,3,0.0001,0.00,0.00,0.00
29.75,12,611142,0.2876,47.33,160.25,1580,1389,0,1,0,2,0,0,0,0,0.0,0,0,0,0,0,0,2,0.0003,0.00,0.00,0.00
30,12,610967,0.2877,47.38,160.85,1591,1416,0,0,0,3,0,0,0,0,0.0,0,0,0,0,0,0,3,0.0002,0.00,0.00,0.00
30.25,12,610805,0.2878,47.30,161.40,1567,1405,1,0,0,3,0,0,0,0,0.0,0,0,0,0,0,0,3,0.0001,7.75,27.34,50.23
30.5,12,610650,0.2878,47.37,162.35,1556,1401,1,0,0,4,0,0,0,0,0.0,0,0,0,0,0,0,3,0.0000,0.00,0.00,0.00
30.75,12,610480,0.2879,47.28,162.99,1608,1439,0,1,0,4,0,0,0,0,0.0,0,0,0,0,0,0,2,0.0002,0.00,0.00,0.00
31,12,610352,0.2880,47.37,163.68,1513,1386,0,1,0,3,0,0,0,0,0.0,0,0,0,0,0,0,3,0.0002,0.00,0.00,0.00
31.25,12,610208,0.2881,47.32,164.53,1571,1427,0,0,0,3,0,0,0,0,0.0,0,0,0,0,0,0,3,0.0001,0.00,0.00,0.00
31.5,12,610043,0.2881,47.51,165.96,1546,1384,0,3,0,2,0,0,0,0,0.0,0,0,0,0,0,0,2,0.0003,0.00,0.00,0.00
31.75,12,609870,0.2882,47.48,167.24,1575,1405,0,3,0,4,0,0,0,0,0.0,0,0,0,0,0,0,3,0.0002,0.00,0.00,0.00
32,12,609725,0.2883,47.56,168.90,1536,1391,1,0,0,4,0,0,0,0,0.0,0,0,0,0,0,0,3,0.0001,0.00,0.00,0.00
32.25,12,609596,0.2884,47.55,170.67,1551,1422,0,0,0,3,0,0,0,0,0.0,0,0,0,0,0,0,3,0.0000,7.59,26.16,64.98
32.5,12,609361,0.2885,47.55,171.57,1596,1362,0,1,0,4,0,0,0,0,0.0,0,0,0,0,0,0,2,0.0002,0.00,0.00,0.00
32.75,12,609163,0.2886,47.47,172.52,1569,1371,0,0,0,5,0,0,0,0,0.0,0,0,0,0,0,0,3,0.0001,0.00,0.00,0.00
33,12,609018,0.2887,47.47,173.43,1548,1404,1,1,0,4,0,0,0,0,0.0,0,0,0,0,0,0,3,0.0001,0.00,0.00,0.00
33.25,12,608815,0.2888,47.41,174.81,1601,1399,0,1,0,5,0,0,0,0,0.0,0,0,0,0,0,0,2,0.0003,0.00,0.00,0.00
33.5,12,608645,0.2888,47.38,176.17,1563,1394,0,1,0,4,0,0,0,0,0.0,0,0,0,0,0,0,3,0.0002,0.00,0.00,0.00
33.75,12,608455,0.2889,47.30,177.25,1553,1363,1,0,0,4,0,0,0,0,0.0,0,0,0,0,0,0,3,0.0001,0.00,0.00,0.00
34,12,608331,0.2890,47.07,178.41,1500,1377,0,1,0,2,0,0,0,0,0.0,0,0,0,0,0,0,2,0.0003,0.00,0.00,0.00
34.25,12,608197,0.2891,46.78,179.55,1531,1397,0,0,0,3,0,0,0,0,0.0,0,0,0,0,0,0,3,0.0002,7.47,28.09,284.27
34.5,13,608062,0.2891,46.39,180.89,1569,1436,0,2,0,3,0,0,0,0,0.0,1,1,0,0,0,0,3,0.0001,0.00,0.00,0.00
34.75,13,607884,0.2892,45.86,182.36,1561,1384,1,1,0,2,0,0,1,0,0.0,0,1,0,0,0,0,2,0.0003,0.00,0.00,0.00
35,13,607740,0.2893,45.30,183.25,1495,1353,0,2,0,3,0,0,1,0,0.0,0,1,0,0,0,0,3,0.0002,0.00,0.00,0.00
35.25,13,607625,0.2894,45.19,184.32,1445,1331,0,1,0,4,0,0,0,0,0.0,0,1,0,0,0,0,3,0.0001,0.00,0.00,0.00
35.5,13,607553,0.2894,45.02,185.60,1465,1395,0,2,0,6,0,0,0,0,0.0,0,1,0,0,0,0,3,0.0000,0.00,0.00,0.00
35.75,13,607369,0.2895,45.09,186.87,1459,1277,2,2,0,2,0,0,0,0,0.0,0,1,0,0,0,0,2,0.0002,0.00,0.00,0.00
36,13,607216,0.2896,44.91,188.50,1480,1331,0,4,0,5,0,0,0,0,0.0,0,1,0,0,0,0,3,0.0001,0.00,0.00,0.00
36.25,13,607057,0.2896,45.00,189.44,1442,1283,0,0,0,3,0,0,0,0,0.0,0,1,0,0,0,0,3,0.0000,5.97,28.17,57.12
36.5,13,606973,0.2897,44.57,190.69,1442,1364,1,6,0,3,0,0,0,0,0.0,0,1,0,0,0,0,2,0.0002,0.00,0.00,0.00
36.75,13,606841,0.2897,44.56,191.92,1418,1290,1,4,0,3,0,0,0,0,0.0,0,1,0,0,0,0,3,0.0001,0.00,0.00,0.00
37,13,606719,0.2898,44.04,192.91,1429,1313,0,6,0,4,0,0,0,0,0.0,0,1,0,0,0,0,3,0.0000,0.00,0.00,0.00
37.25,13,606662,0.2898,44.20,193.72,1389,1336,1,4,0,6,0,0,0,0,0.0,0,1,0,0,0,0,2,0.0002,0.00,0.00,0.00
37.5,13,606526,0.2899,43.51,194.35,1449,1315,1,2,0,4,0,0,0,0,0.0,0,1,0,0,0,0,3,0.0001,0.00,0.00,0.00
37.75,13,606418,0.2899,43.45,194.80,1402,1295,0,1,0,3,0,0,0,0,0.0,0,1,0,0,0,0,3,0.0000,0.00,0.00,0.00
38,13,606328,0.2900,42.76,195.29,1448,1362,0,4,0,2,0,0,0,0,0.0,0,1,0,0,0,0,2,0.0002,0.00,0.00,0.00
38.25,13,606252,0.2900,42.64,195.60,1369,1295,1,2,0,3,0,0,0,0,0.0,0,1,0,0,0,0,3,0.0001,4.45,20.56,92.86
38.5,13,606155,0.2901,41.87,195.92,1369,1275,0,3,0,4,0,0,0,0,0.0,0,1,0,0,0,0,3,0.0001,0.00,0.00,0.00
38.75,13,606008,0.2901,42.10,196.34,1421,1277,1,3,0,4,0,0,0,0,0.0,0,1,0,0,0,0,2,0.0003,0.00,0.00,0.00
39,13,605978,0.2902,41.62,195.26,1349,1321,1,2,0,3,0,0,0,0,0.0,0,1,0,0,0,0,3,0.0002,0.00,0.00,0.00
39.25,13,605929,0.2902,42.05,192.37,1341,1295,3,3,0,3,0,0,0,0,0.0,0,1,0,0,0,0,3,0.0001,0.00,0.00,0.00
39.5,13,605810,0.2902,42.06,187.68,1407,1291,4,3,0,3,0,0,0,0,0.0,0,1,0,0,0,0,2,0.0003,0.00,0.00,0.00
39.75,13,605728,0.2903,42.69,182.49,1367,1289,2,4,0,6,0,0,0,0,0.0,0,1,0,0,0,0,3,0.0002,0.00,0.00,0.00
40,13,605665,0.2903,42.54,175.35,1395,1338,5,6,0,3,0,0,0,0,0.0,0,1,0,0,0,0,3,0.0001,0.00,0.00,0.00
40.25,13,605606,0.2903,42.70,168.41,1347,1304,0,16,0,3,0,0,0,0,0.0,0,1,0,0,0,0,3,0.0000,4.86,15.89,60.68
40.5,13,605524,0.2903,41.63,169.42,1357,1291,5,16,0,2,0,0,0,0,0.0,0,1,0,0,0,0,2,0.0002,0.00,0.00,0.00
40.75,13,605431,0.2904,41.38,171.28,1283,1200,1,10,0,3,0,0,0,0,0.0,0,1,0,0,0,0,3,0.0002,0.00,0.00,0.00
41,13,605344,0.2904,40.65,172.20,1309,1227,2,5,0,4,0,0,0,0,0.0,0,1,0,0,0,0,3,0.0001,0.00,0.00,0.00
41.25,13,605244,0.2904,40.90,173.89,1298,1206,0,8,0,3,0,0,0,0,0.0,0,1,0,0,0,0,3,0.0001,0.00,0.00,0.00
41.5,13,605173,0.2905,40.57,174.95,1273,1209,4,7,0,3,0,0,0,0,0.0,0,1,0,0,0,0,3,0.0000,0.00,0.00,0.00
41.75,13,605134,0.2905,41.14,177.02,1244,1214,3,9,0,4,0,0,0,0,0.0,0,1,0,0,0,0,2,0.0003,0.00,0.00,0.00
42,13,605074,0.2905,41.06,179.01,1270,1217,0,7,0,4,0,0,0,0,0.0,0,1,0,0,0,0,3,0.0002,0.00,0.00,0.00
42.25,13,604991,0.2906,41.33,180.41,1284,1203,0,2,0,3,0,0,0,0,0.0,0,1,0,0,0,0,3,0.0002,4.01,16.79,79.09
42.5,13,604934,0.2906,40.97,182.13,1288,1236,1,5,0,4,0,0,0,0,0.0,0,1,0,0,0,0,3,0.0002,0.00,0.00,0.00
42.75,13,604886,0.2906,41.29,184.01,1277,1232,0,3,0,4,0,0,0,0,0.0,0,1,0,0,0,0,3,0.0001,0.00,0.00,0.00
43,13,604836,0.2906,41.15,185.79,1276,1230,2,4,0,3,0,0,0,0,0.0,0,1,0,0,0,0,3,0.0001,0.00,0.00,0.00
43.25,13,604834,0.2906,41.22,186.91,1267,1268,1,3,0,5,0,0,0,0,0.0,0,1,0,0,0,0,3,0.0000,0.00,0.00,0.00
43.5,13,604746,0.2907,40.93,188.29,1298,1216,0,6,0,4,0,0,0,0,0.0,0,1,0,0,0,0,3,0.0000,0.00,0.00,0.00
43.75,13,604810,0.2906,41.10,189.58,1204,1272,0,4,0,2,0,0,0,0,0.0,0,1,0,0,0,0,2,0.0003,0.00,0.00,0.00
44,13,604704,0.2907,40.84,191.14,1325,1225,1,6,0,4,0,0,0,0,0.0,0,1,0,0,0,0,3,0.0002,0.00,0.00,0.00
44.25,13,604685,0.2907,41.01,192.45,1273,1257,2,3,0,3,0,0,0,0,0.0,0,1,0,0,0,0,3,0.0002,3.18,15.12,55.89
44.5,13,604637,0.2907,40.49,193.50,1286,1242,2,4,0,3,0,0,0,0,0.0,0,1,0,0,0,0,3,0.0002,0.00,0.00,0.00
44.75,13,604644,0.2907,40.74,194.51,1269,1283,0,7,0,3,0,0,0,0,0.0,0,1,0,0,0,0,3,0.0001,0.00,0.00,0.00
45,13,604602,0.2907,40.32,195.30,1265,1225,1,2,0,3,0,0,0,0,0.0,0,1,0,0,0,0,3,0.0001,0.00,0.00,0.00
45.25,13,604606,0.2907,40.53,196.02,1231,1239,0,4,0,3,0,0,0,0,0.0,0,1,0,0,0,0,3,0.0001,0.00,0.00,0.00
45.5,13,604512,0.2908,40.19,196.65,1319,1230,0,5,0,3,0,0,0,0,0.0,0,1,0,0,0,0,3,0.0000,0.00,0.00,0.00
45.75,13,604467,0.2908,40.40,197.17,1276,1234,1,3,0,2,0,0,0,0,0.0,0,1,0,0,0,0,2,0.0003,0.00,0.00,0.00
46,13,604458,0.2908,40.03,197.62,1262,1256,2,3,0,4,0,0,0,0,0.0,0,1,0,0,0,0,3,0.0003,0.00,0.00,0.00
46.25,13,604367,0.2908,40.37,197.91,1303,1215,0,3,0,4,0,0,0,0,0.0,0,1,0,0,0,0,3,0.0002,4.03,12.71,61.71
46.5,13,604328,0.2909,40.08,198.17,1264,1227,0,2,0,3,0,0,0,0,0.0,0,1,0,0,0,0,3,0.0002,0.00,0.00,0.00
46.75,13,604319,0.2909,40.25,198.12,1255,1249,2,3,0,4,0,0,0,0,0.0,0,1,0,0,0,0,3,0.0002,0.00,0.00,0.00
47,13,604289,0.2909,39.94,198.23,1238,1211,0,3,0,3,0,0,0,0,0.0,0,1,0,0,0,0,3,0.0001,0.00,0.00,0.00
47.25,13,604253,0.2909,40.29,198.49,1256,1224,0,4,0,5,0,0,0,0,0.0,0,1,0,0,0,0,3,0.0001,0.00,0.00,0.00
47.5,13,604182,0.2909,40.05,198.72,1245,1177,1,3,0,4,0,0,0,0,0.0,0,1,0,0,0,0,3,0.0001,0.00,0.00,0.00
47.75,13,604177,0.2909,40.37,198.90,1232,1230,0,3,0,3,0,0,0,0,0.0,0,1,0,0,0,0,3,0.0000,0.00,0.00,0.00
48,13,604091,0.2910,40.05,199.07,1266,1183,1,3,0,3,0,0,0,0,0.0,0,1,0,0,0,0,2,0.0003,0.00,0.00,0.00
48.25,13,604049,0.2910,40.40,199.10,1243,1205,0,4,0,5,0,0,0,0,0.0,0,1,0,0,0,0,3,0.0003,4.20,11.39,63.02
48.5,13,603966,0.2910,40.02,199.20,1282,1204,0,5,0,3,0,0,0,0,0.0,0,1,0,0,0,0,3,0.0002,0.00,0.00,0.00
48.75,13,603941,0.2911,40.18,198.84,1240,1215,0,0,0,3,0,0,0,0,0.0,0,1,0,0,0,0,3,0.0002,0.00,0.00,0.00
49,13,603916,0.2911,39.81,198.62,1217,1196,0,4,0,5,0,0,0,0,0.0,0,1,0,0,0,0,3,0.0002,0.00,0.00,0.00
49.25,13,603880,0.2911,40.07,198.83,1244,1210,0,2,0,4,0,0,0,0,0.0,0,1,0,0,0,0,3,0.0001,0.00,0.00,0.00
49.5,13,603829,0.2911,39.75,198.73,1250,1201,2,2,0,3,0,0,0,0,0.0,0,1,0,0,0,0,3,0.0001,0.00,0.00,0.00
49.75,13,603758,0.2911,39.98,198.87,1234,1170,0,7,0,3,0,0,0,0,0.0,0,1,0,0,0,0,3,0.0001,0.00,0.00,0.00
50,13,603705,0.2912,39.54,199.05,1238,1188,1,3,0,3,0,0,0,0,0.0,0,1,0,0,0,0,3,0.0000,0.00,0.00,0.00
50.25,13,603663,0.2912,39.77,199.19,1219,1179,0,2,0,3,0,0,0,0,0.0,0,1,0,0,0,0,3,0.0000,4.35,10.74,61.42
50.5,13,603638,0.2912,39.34,199.16,1204,1180,1,1,0,2,0,0,0,0,0.0,0,1,0,0,0,0,2,0.0003,0.00,0.00,0.00
50.75,13,603656,0.2912,39.58,198.98,1204,1225,0,3,0,3,0,0,0,0,0.0,0,1,0,0,0,0,3,0.0002,0.00,0.00,0.00
51,13,603590,0.2912,39.22,199.11,1230,1166,0,2,0,3,0,0,0,0,0.0,0,1,0,0,0,0,3,0.0002,0.00,0.00,0.00
51.25,13,603479,0.2913,39.32,199.24,1273,1163,4,1,0,3,0,0,0,0,0.0,0,1,0,0,0,0,3,0.0002,0.00,0.00,0.00
51.5,13,603421,0.2913,38.90,199.32,1193,1137,0,2,0,4,0,0,0,0,0.0,0,1,0,0,0,0,3,0.0001,0.00,0.00,0.00
51.75,14,603324,0.2914,39.12,199.31,1215,1125,1,7,0,4,0,0,0,0,0.0,1,2,0,0,0,0,3,0.0001,0.00,0.00,0.00
52,14,603249,0.2914,38.19,199.41,1244,1171,1,2,0,3,0,0,0,0,0.0,0,2,0,0,0,0,3,0.0000,0.00,0.00,0.00
52.25,14,603161,0.2914,37.71,199.32,1216,1128,1,0,0,2,0,0,1,0,0.0,0,2,0,0,0,0,2,0.0003,3.54,11.50,69.27
52.5,14,603070,0.2915,36.94,198.70,1200,1114,1,5,0,3,0,0,0,0,0.0,0,2,0,0,0,0,3,0.0003,0.00,0.00,0.00
52.75,14,603010,0.2915,36.50,198.66,1160,1103,0,3,0,4,0,0,0,0,0.0,0,2,0,0,0,0,3,0.0002,0.00,0.00,0.00
53,14,602937,0.2916,35.89,198.64,1152,1083,2,4,0,3,0,0,0,0,0.0,0,2,0,0,0,0,3,0.0002,0.00,0.00,0.00
53.25,14,602814,0.2916,35.49,198.73,1191,1071,1,3,0,3,0,0,0,0,0.0,0,2,0,0,0,0,3,0.0001,0.00,0.00,0.00
53.5,14,602758,0.2916,34.86,198.90,1154,1100,1,2,0,4,0,0,0,0,0.0,0,2,0,0,0,0,3,0.0001,0.00,0.00,0.00
53.75,14,602735,0.2917,34.66,198.97,1126,1105,0,2,0,3,0,0,0,0,0.0,0,2,0,0,0,0,3,0.0001,0.00,0.00,0.00
54,14,602696,0.2917,34.13,199.11,1127,1091,1,3,0,3,0,0,0,0,0.0,0,2,0,0,0,0,3,0.0000,0.00,0.00,0.00
54.25,14,602642,0.2917,33.86,199.21,1122,1071,0,3,0,2,0,0,0,0,0.0,0,2,0,0,0,0,2,0.0003,4.57,11.87,80.97
54.5,14,602603,0.2917,33.53,199.34,1115,1076,1,0,0,3,0,0,0,0,0.0,0,2,0,0,0,0,3,0.0002,0.00,0.00,0.00
54.75,14,602567,0.2917,33.37,199.40,1114,1078,0,0,0,3,0,0,0,0,0.0,0,2,0,0,0,0,3,0.0002,0.00,0.00,0.00
55,14,602532,0.2918,33.02,199.45,1079,1046,0,2,0,4,0,0,0,0,0.0,0,2,0,0,0,0,3,0.0002,0.00,0.00,0.00
55.25,14,602474,0.2918,33.04,198.87,1105,1049,0,2,0,5,0,0,0,0,0.0,0,2,0,0,0,0,3,0.0001,0.00,0.00,0.00
55.5,14,602456,0.2918,32.87,198.53,1041,1023,0,0,0,4,0,0,0,0,0.0,0,2,0,0,0,0,3,0.0001,0.00,0.00,0.00
55.75,14,602449,0.2918,32.91,197.52,1095,1089,0,1,0,3,0,0,0,0,0.0,0,2,0,0,0,0,3,0.0000,0.00,0.00,0.00
56,14,602379,0.2919,32.75,197.80,1078,1011,0,3,0,3,0,0,0,0,0.0,0,2,0,0,0,0,2,0.0003,0.00,0.00,0.00
56.25,14,602361,0.2919,32.86,195.84,1055,1038,0,1,0,3,0,0,0,0,0.0,0,2,0,0,0,0,3,0.0002,4.78,14.91,56.66
56.5,14,602345,0.2919,32.84,196.35,1044,1030,0,2,0,4,0,0,0,0,0.0,0,2,0,0,0,0,3,0.0002,0.00,0.00,0.00
56.75,14,602289,0.2919,33.10,195.29,1113,1060,1,3,0,3,0,0,0,0,0.0,0,2,0,0,0,0,3,0.0001,0.00,0.00,0.00
57,14,602244,0.2919,32.91,195.61,1042,1000,1,3,0,3,0,0,0,0,0.0,0,2,0,0,0,0,3,0.0001,0.00,0.00,0.00
57.25,14,602226,0.2919,32.78,194.55,1035,1019,0,2,0,4,0,0,0,0,0.0,0,2,0,0,0,0,3,0.0000,0.00,0.00,0.00
57.5,14,602220,0.2920,32.63,193.66,1085,1080,0,1,0,2,0,0,0,0,0.0,0,2,0,0,0,0,2,0.0003,0.00,0.00,0.00
57.75,14,602132,0.2920,32.59,190.38,1067,981,0,2,0,3,0,0,0,0,0.0,0,2,0,0,0,1,3,0.0002,0.00,0.00,0.00
58,13,602173,0.2920,32.47,150.73,944,985,0,0,0,4,0,0,0,0,0.0,0,2,0,0,0,1,3,0.0002,0.00,0.00,0.00
58.25,13,602149,0.2920,32.75,150.30,933,911,0,2,0,3,0,0,0,0,0.0,0,2,0,0,0,0,3,0.0001,2.60,11.88,47.70
58.5,13,602121,0.2920,32.76,149.57,964,938,0,2,0,4,0,0,0,0,0.0,0,2,0,0,0,0,3,0.0001,0.00,0.00,0.00
58.75,13,602130,0.2920,32.90,148.82,964,974,0,1,0,4,0,0,0,0,0.0,0,2,0,0,0,0,3,0.0001,0.00,0.00,0.00
59,13,602067,0.2921,32.82,147.66,950,889,0,2,0,4,0,0,0,0,0.0,0,2,0,0,0,0,3,0.0000,0.00,0.00,0.00
59.25,13,602130,0.2920,32.81,146.59,938,1001,1,0,0,2,0,0,0,0,0.0,0,2,0,0,0,0,2,0.0002,0.00,0.00,0.00
59.5,13,602119,0.2920,32.70,145.43,971,962,0,2,0,3,0,0,0,0,0.0,0,2,0,0,0,0,3,0.0002,0.00,0.00,0.00
59.75,13,602082,0.2920,32.87,144.09,967,932,2,2,0,3,0,0,0,0,0.0,0,2,0,0,0,0,3,0.0001,0.00,0.00,0.00
60,13,602045,0.2921,32.79,142.58,971,938,3,4,0,3,0,0,0,0,0.0,0,2,0,0,0,0,3,0.0001,0.00,0.00,0.00
60.25,13,602018,0.2921,32.68,141.07,974,950,0,3,0,3,0,0,0,0,0.0,0,2,0,0,0,0,3,0.0000,4.04,15.72,47.64
60.5,13,602017,0.2921,32.54,139.39,971,973,5,3,0,2,0,0,0,0,0.0,0,2,0,0,0,0,2,0.0003,0.00,0.00,0.00
60.75,13,602030,0.2921,32.46,137.86,953,970,2,4,0,3,0,0,0,0,0.0,0,2,0,0,0,0,3,0.0002,0.00,0.00,0.00
61,13,602074,0.2920,32.33,136.56,918,970,1,8,0,3,0,0,0,0,0.0,0,2,0,0,0,0,3,0.0002,0.00,0.00,0.00
61.25,13,602032,0.2921,32.32,135.28,991,955,1,6,0,3,0,0,0,0,0.0,0,2,0,0,0,0,3,0.0002,0.00,0.00,0.00
61.5,13,602009,0.2921,32.11,133.94,938,921,2,6,0,4,0,0,0,0,0.0,0,2,0,0,0,0,3,0.0001,0.00,0.00,0.00
61.75,13,602002,0.2921,32.26,133.03,969,975,4,13,0,3,0,0,0,0,0.0,0,2,0,0,0,0,3,0.0001,0.00,0.00,0.00
62,13,601951,0.2921,32.03,133.49,981,933,3,3,0,3,0,0,0,0,0.0,0,2,0,0,0,0,3,0.0001,0.00,0.00,0.00
62.25,13,601910,0.2921,32.19,134.33,958,925,3,8,0,3,0,0,0,0,0.0,0,2,0,0,0,0,3,0.0000,5.07,19.68,59.97
62.5,13,601891,0.2921,31.92,134.37,948,941,1,12,0,4,0,0,0,0,0.0,0,2,0,0,0,0,3,0.0000,0.00,0.00,0.00
62.75,13,601859,0.2921,33.16,135.02,945,917,2612,4,0,2,0,0,0,0,0.0,0,2,0,0,0,0,2,0.0003,0.00,0.00,0.00
63,13,601818,0.2921,33.40,135.41,1003,963,3,1,0,4,0,0,0,0,0.0,0,2,0,0,0,0,3,0.0003,0.00,0.00,0.00
63.25,13,601760,0.2922,33.93,135.49,1063,1007,0,2,0,4,0,0,0,0,0.0,0,2,0,0,0,0,3,0.0002,0.00,0.00,0.00
63.5,13,601767,0.2922,34.21,136.13,1090,1098,2,1,0,4,0,0,0,0,0.0,0,2,0,0,0,0,3,0.0002,0.00,0.00,0.00
63.75,13,601716,0.2922,34.59,136.98,1105,1055,0,1,0,4,0,0,0,0,0.0,0,2,0,0,0,0,3,0.0002,0.00,0.00,0.00
64,13,601730,0.2922,34.67,138.05,1103,1118,0,1,0,5,0,0,0,0,0.0,0,2,0,0,0,0,3,0.0002,0.00,0.00,0.00
64.25,13,601713,0.2922,34.92,139.22,1153,1138,0,2,0,4,0,0,0,0,0.0,0,2,0,0,0,0,3,0.0002,8.83,21.58,47.31
64.5,13,601726,0.2922,34.94,140.48,1147,1161,3,1,0,4,0,0,0,0,0.0,0,2,0,0,0,0,3,0.0001,0.00,0.00,0.00
64.75,13,601631,0.2922,35.05,141.77,1220,1125,0,0,0,3,0,0,0,0,0.0,0,2,0,0,0,0,3,0.0001,0.00,0.00,0.00
65,13,601561,0.2923,34.94,143.16,1233,1165,0,2,0,3,0,0,0,0,0.0,0,2,0,0,0,0,3,0.0001,0.00,0.00,0.00
65.25,13,601511,0.2923,35.14,144.15,1219,1170,0,1,0,3,0,0,0,0,0.0,0,2,0,0,0,0,3,0.0000,0.00,0.00,0.00
65.5,13,601504,0.2923,35.09,145.73,1210,1204,1,1,0,5,0,0,0,0,0.0,0,2,0,0,0,0,3,0.0000,0.00,0.00,0.00
65.75,13,601420,0.2924,35.35,146.76,1225,1141,0,0,0,3,0,0,0,0,0.0,0,2,0,0,0,0,2,0.0003,0.00,0.00,0.00
66,13,601358,0.2924,35.04,148.22,1221,1162,0,3,0,3,0,0,0,0,0.0,0,2,0,0,0,0,3,0.0003,0.00,0.00,0.00
66.25,13,601269,0.2924,35.11,149.30,1238,1151,2,2,0,3,0,0,0,0,0.0,0,2,0,0,0,0,3,0.0002,8.68,21.15,48.23
66.5,13,601237,0.2925,34.70,151.03,1223,1192,0,1,0,3,0,0,0,0,0.0,0,2,0,0,0,0,3,0.0002,0.00,0.00,0.00
66.75,13,601192,0.2925,34.59,153.10,1229,1184,2,0,0,4,0,0,0,0,0.0,0,2,0,0,0,0,3,0.0002,0.00,0.00,0.00
67,13,601155,0.2925,34.09,154.90,1188,1153,0,2,0,3,0,0,0,0,0.0,0,2,0,0,0,0,3,0.0001,0.00,0.00,0.00
67.25,13,601123,0.2925,34.02,156.90,1202,1175,0,5,0,3,0,0,0,0,0.0,0,2,0,0,0,0,3,0.0001,0.00,0.00,0.00
67.5,13,601060,0.2926,33.84,159.33,1200,1138,0,1,0,3,0,0,0,0,0.0,0,2,0,0,0,0,3,0.0001,0.00,0.00,0.00
67.75,13,600987,0.2926,33.51,160.38,1219,1146,1,0,0,3,0,0,0,0,0.0,0,2,0,0,0,0,3,0.0000,0.00,0.00,0.00
68,13,600933,0.2926,33.23,162.94,1198,1145,0,1,0,2,0,0,0,0,0.0,0,2,0,0,0,0,2,0.0003,0.00,0.00,0.00
68.25,13,600901,0.2926,33.09,165.44,1159,1129,3,2,0,3,0,0,0,0,0.0,0,2,0,0,0,0,3,0.0003,7.35,21.32,71.97
68.5,13,600902,0.2926,32.90,168.44,1101,1106,1,4,0,3,0,0,0,0,0.0,0,2,0,0,0,0,3,0.0002,0.00,0.00,0.00
68.75,13,600850,0.2927,33.17,171.51,1150,1103,2,5,0,4,0,0,0,0,0.0,0,2,0,0,0,0,3,0.0002,0.00,0.00,0.00
69,13,600820,0.2927,33.40,175.45,1141,1115,1,4,0,3,0,0,0,0,0.0,0,2,0,0,0,0,3,0.0001,0.00,0.00,0.00
69.25,13,600779,0.2927,33.63,178.77,1166,1129,0,4,0,3,0,0,0,0,0.0,0,2,0,0,0,0,3,0.0001,0.00,0.00,0.00
69.5,13,600739,0.2927,33.98,181.17,1141,1109,0,8,0,4,0,0,0,0,0.0,0,2,0,0,0,0,3,0.0001,0.00,0.00,0.00
69.75,13,600701,0.2927,34.24,183.12,1098,1066,0,6,0,3,0,0,0,0,0.0,0,2,0,0,0,0,3,0.0000,0.00,0.00,0.00
70,13,600673,0.2927,34.57,184.67,1171,1144,0,1,0,2,0,0,0,0,0.0,0,2,0,0,0,0,2,0.0003,0.00,0.00,0.00
70.25,13,600683,0.2927,34.84,185.81,1110,1127,0,7,0,3,0,0,0,0,0.0,0,2,0,0,0,0,3,0.0002,6.47,24.09,134.54
70.5,13,600631,0.2927,35.17,186.30,1176,1130,0,6,0,3,0,0,0,0,0.0,0,2,0,0,0,0,3,0.0002,0.00,0.00,0.00
70.75,13,600625,0.2927,35.31,186.63,1132,1129,1,3,0,4,0,0,0,0,0.0,0,2,0,0,0,0,3,0.0002,0.00,0.00,0.00
71,13,600577,0.2928,35.53,186.94,1156,1110,1,2,0,5,0,0,0,0,0.0,0,2,0,0,0,0,3,0.0001,0.00,0.00,0.00
71.25,13,600486,0.2928,35.54,186.83,1157,1067,1,1,0,3,0,0,0,0,0.0,0,2,0,0,0,0,3,0.0001,0.00,0.00,0.00
71.5,13,600492,0.2928,35.83,186.81,1141,1151,4,5,0,3,0,0,1,0,0.0,0,2,0,0,0,0,3,0.0001,0.00,0.00,0.00
71.75,13,600476,0.2928,35.79,186.52,1127,1115,6,5,0,3,0,0,0,0,0.0,0,2,0,0,0,0,3,0.0000,0.00,0.00,0.00
72,13,600428,0.2928,35.90,186.37,1130,1086,1,4,0,4,0,0,0,0,0.0,0,2,0,0,0,0,2,0.0003,0.00,0.00,0.00
72.25,13,600398,0.2928,35.83,186.15,1118,1101,2,13,0,3,0,0,0,0,0.0,0,2,0,0,0,0,3,0.0002,4.17,22.73,150.23
72.5,13,600446,0.2928,35.92,186.11,1075,1128,2,5,0,3,0,0,0,0,0.0,0,2,0,0,0,0,3,0.0002,0.00,0.00,0.00
72.75,13,600359,0.2929,35.75,185.56,1160,1079,3,6,0,4,0,0,0,0,0.0,0,2,0,0,0,0,3,0.0002,0.00,0.00,0.00
73,13,600353,0.2929,35.95,185.44,1096,1097,0,7,0,3,0,0,0,0,0.0,0,2,0,0,0,0,3,0.0002,0.00,0.00,0.00
73.25,13,600260,0.2929,35.90,185.47,1117,1032,2,8,1,3,0,0,0,0,0.0,0,2,0,0,0,0,3,0.0001,0.00,0.00,0.00
73.5,13,600205,0.2929,36.19,185.44,1103,1055,4,7,1,4,0,0,0,0,0.0,0,2,0,0,0,0,3,0.0001,0.00,0.00,0.00
73.75,13,600110,0.2929,36.01,185.75,1158,1068,0,5,1,3,0,0,0,0,0.0,0,2,0,0,0,0,3,0.0001,0.00,0.00,0.00
74,13,600085,0.2930,36.20,186.01,1097,1077,1,5,2,4,0,0,1,0,0.0,0,2,0,0,0,0,3,0.0001,0.00,0.00,0.00
74.25,13,600065,0.2930,36.13,186.52,1097,1084,4,8,0,3,0,0,0,0,0.0,0,2,0,0,0,0,3,0.0001,4.98,27.13,126.92
74.5,13,600049,0.2930,36.37,187.03,1080,1073,1,9,1,4,0,0,0,0,0.0,0,2,0,0,0,0,3,0.0001,0.00,0.00,0.00
74.75,12,600044,0.2929,36.37,186.01,1094,1100,1,11,2,3,0,1,0,0,0.0,0,1,0,0,1,0,3,0.0001,0.00,0.00,0.00
75,12,599974,0.2930,37.17,186.69,1098,1036,2,9,1,3,0,0,0,0,0.0,0,1,0,0,0,0,3,0.0001,0.00,0.00,0.00
75.25,12,599938,0.2930,37.05,187.69,1118,1095,2,13,0,3,0,0,0,0,0.0,0,1,0,0,0,0,3,0.0001,0.00,0.00,0.00
75.5,12,599918,0.2930,37.28,180.07,1119,1106,2,7,1,4,0,0,0,0,0.0,0,1,0,0,0,0,3,0.0001,0.00,0.00,0.00
75.75,12,599903,0.2930,37.36,179.99,1104,1094,2,5,1,3,0,0,0,0,0.0,0,1,0,0,0,0,3,0.0001,0.00,0.00,0.00
76,12,599814,0.2930,37.55,180.35,1164,1089,1,14,0,3,0,0,0,0,0.0,0,1,0,0,0,0,3,0.0002,0.00,0.00,0.00
76.25,12,599775,0.2930,37.63,179.64,1131,1099,3,7,1,4,0,0,0,0,0.0,0,1,0,0,0,0,3,0.0002,5.11,21.57,132.08
76.5,12,599740,0.2930,37.79,180.66,1143,1114,2,6,2,4,0,0,0,0,0.0,0,1,0,0,0,0,3,0.0002,0.00,0.00,0.00
76.75,12,599713,0.2930,38.01,181.57,1079,1065,2,13,1,6,0,0,0,0,0.0,0,1,0,0,0,0,3,0.0003,0.00,0.00,0.00
77,12,599642,0.2930,38.19,183.77,1178,1122,6,15,0,5,0,0,0,0,0.0,0,1,0,0,0,0,4,0.0000,0.00,0.00,0.00
77.25,12,599623,0.2931,38.29,183.15,1120,1107,1,6,0,3,0,0,0,0,0.0,0,1,0,0,0,0,3,0.0001,0.00,0.00,0.00
77.5,12,599532,0.2931,38.81,184.58,1166,1082,3,7,2,4,0,0,0,0,0.0,0,1,0,0,0,0,3,0.0001,0.00,0.00,0.00
77.75,12,599471,0.2931,39.34,185.69,1184,1131,2,8,4,4,0,0,0,0,0.0,0,1,0,0,0,0,3,0.0002,0.00,0.00,0.00
78,12,599458,0.2931,39.86,185.99,1139,1140,1,14,0,3,0,0,0,0,0.0,0,1,0,0,0,0,3,0.0002,0.00,0.00,0.00
78.25,12,599331,0.2932,40.43,187.66,1243,1123,4,7,1,3,0,0,0,0,0.0,0,1,0,0,0,0,3,0.0003,3.99,28.96,92.81
78.5,12,599275,0.2932,40.89,188.25,1204,1167,1,19,1,4,0,0,0,0,0.0,0,1,0,0,0,0,4,0.0000,0.00,0.00,0.00
78.75,12,599197,0.2932,41.41,188.81,1283,1214,3,9,0,3,0,0,0,0,0.0,0,1,0,0,0,0,3,0.0001,0.00,0.00,0.00
79,12,599093,0.2932,41.82,189.08,1240,1147,2,11,0,3,0,0,0,0,0.0,0,1,0,0,0,0,3,0.0002,0.00,0.00,0.00
79.25,12,598981,0.2933,42.23,189.51,1286,1186,3,12,2,5,0,0,0,0,0.0,0,1,0,0,0,0,3,0.0003,0.00,0.00,0.00
79.5,12,598898,0.2933,42.74,189.51,1261,1191,3,13,2,5,0,0,0,0,0.0,0,1,0,0,0,0,4,0.0001,0.00,0.00,0.00
79.75,12,598816,0.2933,43.05,190.20,1320,1251,3,13,1,3,0,0,0,0,0.0,0,1,0,0,0,0,3,0.0002,0.00,0.00,0.00
80,12,598714,0.2933,43.32,188.81,1278,1188,2,12,1,4,0,0,0,0,0.0,0,1,0,0,0,0,3,0.0003,0.00,0.00,0.00
80.25,12,598634,0.2934,43.55,188.23,1295,1226,7,11,1,4,0,0,0,0,0.0,0,1,0,0,0,0,4,0.0001,3.57,28.89,84.73
80.5,12,598549,0.2934,43.80,188.19,1297,1229,3,17,2,4,0,0,0,0,0.0,0,1,0,0,0,0,3,0.0002,0.00,0.00,0.00
80.75,12,598380,0.2935,44.03,188.00,1379,1222,3,12,0,5,0,0,0,0,0.0,0,1,0,0,0,0,4,0.0000,0.00,0.00,0.00
81,12,598257,0.2935,44.35,188.20,1326,1218,3,15,0,5,0,0,1,0,0.0,0,1,0,0,0,0,3,0.0001,0.00,0.00,0.00
81.25,12,598170,0.2935,44.56,188.69,1354,1281,2,14,0,3,0,0,0,0,0.0,0,1,0,0,0,0,3,0.0003,0.00,0.00,0.00
81.5,12,598121,0.2935,44.96,188.62,1298,1268,1,19,3,4,0,0,0,0,0.0,0,1,0,0,0,0,4,0.0001,0.00,0.00,0.00
81.75,12,597977,0.2936,45.21,188.77,1339,1204,4,9,0,4,0,0,0,0,0.0,0,1,0,0,0,0,3,0.0002,0.00,0.00,0.00
82,12,597898,0.2936,45.45,187.38,1343,1281,2,17,1,5,0,0,0,0,0.0,0,1,0,0,0,0,4,0.0001,0.00,0.00,0.00
82.25,12,597771,0.2936,45.84,187.95,1373,1263,1,17,1,4,0,0,0,0,0.0,0,1,0,0,0,0,3,0.0003,3.80,28.53,88.74
82.5,12,597665,0.2937,46.12,187.02,1335,1245,1,16,1,4,0,0,0,0,0.0,0,1,0,0,0,0,4,0.0001,0.00,0.00,0.00
82.75,12,597542,0.2937,46.59,187.06,1350,1239,3,12,0,4,0,0,0,0,0.0,0,1,0,0,0,0,4,0.0000,0.00,0.00,0.00
83,12,597457,0.2937,46.88,186.78,1331,1262,1,16,4,3,0,0,0,0,0.0,0,1,0,0,0,0,3,0.0002,0.00,0.00,0.00
83.25,12,597329,0.2938,47.17,186.70,1358,1243,7,13,1,5,0,0,0,0,0.0,0,1,0,0,0,0,4,0.0001,0.00,0.00,0.00
83.5,12,597296,0.2938,47.47,186.22,1308,1297,3,22,4,4,0,0,0,0,0.0,0,1,0,0,0,0,3,0.0003,0.00,0.00,0.00
83.75,12,597178,0.2938,47.67,186.68,1381,1276,4,13,4,4,0,0,0,0,0.0,0,1,0,0,0,0,4,0.0002,0.00,0.00,0.00
84,12,597047,0.2938,47.71,185.61,1401,1286,3,16,1,4,0,0,0,0,0.0,0,1,0,0,0,0,4,0.0001,0.00,0.00,0.00
84.25,12,596976,0.2938,47.72,185.89,1372,1317,7,16,5,5,0,0,0,0,0.0,0,1,0,0,0,0,4,0.0000,3.30,27.32,97.27
84.5,12,596861,0.2939,47.80,185.84,1365,1272,3,22,2,3,0,0,0,0,0.0,0,1,0,0,0,0,3,0.0003,0.00,0.00,0.00
84.75,12,596799,0.2939,47.66,185.67,1345,1302,5,19,2,5,0,0,0,0,0.0,0,1,0,0,0,0,4,0.0002,0.00,0.00,0.00
85,12,596667,0.2939,47.66,186.53,1347,1240,3,25,6,5,0,0,0,0,0.0,0,1,0,0,0,0,4,0.0002,0.00,0.00,0.00
85.25,12,596586,0.2939,47.53,186.01,1309,1251,3,23,3,4,0,0,0,0,0.0,0,1,0,0,0,0,4,0.0001,0.00,0.00,0.00
85.5,12,596535,0.2939,47.45,186.19,1321,1290,3,20,2,4,0,0,0,0,0.0,0,1,0,0,0,0,4,0.0001,0.00,0.00,0.00
85.75,12,596466,0.2939,47.37,187.03,1322,1272,5,19,2,5,0,0,0,0,0.0,0,1,0,0,0,0,4,0.0001,0.00,0.00,0.00
86,12,596341,0.2939,47.38,186.32,1315,1206,3,16,2,4,0,0,0,0,0.0,0,1,0,0,0,0,4,0.0001,0.00,0.00,0.00
86.25,12,596285,0.2939,47.34,185.34,1314,1284,3,26,4,4,0,0,0,0,0.0,0,1,0,0,0,0,4,0.0001,4.12,26.79,120.11
86.5,12,596155,0.2939,47.27,185.92,1375,1267,2,22,7,5,0,0,0,0,0.0,0,1,0,0,0,0,4,0.0001,0.00,0.00,0.00
86.75,12,596139,0.2939,47.57,185.12,1260,1267,2,23,2,4,0,0,0,0,0.0,0,1,0,0,0,0,4,0.0002,0.00,0.00,0.00
87,12,596052,0.2939,47.68,184.86,1268,1208,4,27,2,5,0,0,0,0,0.0,0,1,0,0,0,0,4,0.0002,0.00,0.00,0.00
87.25,12,595985,0.2939,48.00,186.10,1320,1272,6,19,3,4,0,0,0,0,0.0,0,1,0,0,0,0,4,0.0003,0.00,0.00,0.00
87.5,12,595924,0.2939,48.23,185.36,1282,1243,2,22,4,5,0,0,1,0,0.0,0,1,0,0,0,0,5,0.0001,0.00,0.00,0.00
87.75,12,595855,0.2939,48.40,186.32,1309,1263,4,23,3,5,0,0,0,0,0.0,0,1,0,0,0,0,4,0.0001,0.00,0.00,0.00
88,12,595800,0.2939,48.49,186.69,1293,1257,5,19,2,4,0,0,0,0,0.0,0,1,0,0,0,0,4,0.0002,0.00,0.00,0.00
88.25,12,595724,0.2939,48.53,186.29,1319,1276,1,33,3,6,0,0,0,0,0.0,0,1,0,0,0,0,5,0.0000,4.69,28.17,108.66
88.5,12,595663,0.2939,48.32,186.89,1303,1261,8,19,2,4,0,0,0,0,0.0,0,1,0,0,0,0,4,0.0001,0.00,0.00,0.00
88.75,12,595627,0.2939,48.37,186.45,1285,1280,2,31,4,5,0,0,0,0,0.0,0,1,0,0,0,0,4,0.0002,0.00,0.00,0.00
89,12,595585,0.2939,48.30,187.26,1274,1256,5,24,0,7,0,0,0,0,0.0,0,1,0,0,0,0,5,0.0000,0.00,0.00,0.00
89.25,12,595526,0.2939,48.08,186.81,1264,1229,1,24,1,7,0,0,0,0,0.0,0,1,0,0,0,0,4,0.0002,0.00,0.00,0.00
89.5,12,595451,0.2939,48.19,187.59,1325,1284,4,34,3,6,0,0,0,0,0.0,0,1,0,0,0,0,5,0.0000,0.00,0.00,0.00
89.75,12,595402,0.2938,48.02,187.15,1310,1290,6,29,1,4,0,0,0,0,0.0,0,1,0,0,0,0,4,0.0002,0.00,0.00,0.00
90,12,595310,0.2938,47.89,186.80,1295,1231,1,28,2,5,0,0,0,0,0.0,0,1,0,0,0,0,5,0.0000,0.00,0.00,0.00
90.25,12,595262,0.2938,47.92,188.34,1292,1278,1,34,1,5,0,0,0,0,0.0,0,1,0,0,0,0,4,0.0002,4.52,29.50,102.94
90.5,12,595194,0.2938,47.44,188.34,1292,1253,8,29,3,6,0,0,0,0,0.0,0,1,0,0,0,0,5,0.0001,0.00,0.00,0.00
90.75,12,595163,0.2938,47.33,188.35,1303,1302,3,30,1,6,0,0,0,0,0.0,0,1,0,0,0,0,5,0.0000,0.00,0.00,0.00
91,12,595103,0.2938,47.11,189.84,1276,1246,2,30,1,6,0,0,0,0,0.0,0,1,0,0,0,0,4,0.0002,0.00,0.00,0.00
91.25,12,595002,0.2938,46.36,188.75,1335,1263,6,29,1,7,0,0,0,0,0.0,0,1,0,0,0,0,5,0.0002,0.00,0.00,0.00
91.5,12,594920,0.2938,46.12,190.35,1287,1239,3,34,3,6,0,0,0,0,0.0,0,1,0,0,0,0,5,0.0001,0.00,0.00,0.00
91.75,12,594907,0.2937,45.55,191.03,1250,1271,0,34,1,6,0,0,0,0,0.0,0,1,0,0,0,0,5,0.0000,0.00,0.00,0.00
92,11,594885,0.2937,44.92,191.97,1251,1255,4,26,1,5,0,1,0,0,0.0,0,0,0,0,1,0,4,0.0003,0.00,0.00,0.00
92.25,11,594848,0.2937,44.66,191.68,1236,1231,0,32,3,7,0,0,0,0,0.0,0,0,0,0,0,0,5,0.0003,4.53,26.65,113.22
92.5,11,594856,0.2936,44.36,192.72,1175,1215,1,32,3,7,0,0,0,0,0.0,0,0,0,0,0,0,5,0.0002,0.00,0.00,0.00
92.75,11,594783,0.2936,44.22,192.70,1285,1235,4,23,2,5,0,0,0,0,0.0,0,0,0,0,0,0,5,0.0002,0.00,0.00,0.00
93,11,594725,0.2936,43.94,192.75,1290,1256,1,24,3,6,0,0,0,0,0.0,0,0,0,0,0,0,5,0.0002,0.00,0.00,0.00
93.25,11,594693,0.2936,43.37,193.62,1259,1249,0,22,1,6,0,0,0,0,0.0,0,0,0,0,0,0,5,0.0002,0.00,0.00,0.00
93.5,11,594605,0.2936,43.15,193.55,1284,1222,2,26,7,5,0,0,0,0,0.0,0,0,0,0,0,0,5,0.0002,0.00,0.00,0.00
93.75,11,594622,0.2936,42.61,194.26,1232,1267,2,18,4,6,0,0,0,0,0.0,0,0,0,0,0,0,5,0.0002,0.00,0.00,0.00
94,11,594565,0.2935,42.44,191.95,1247,1214,2,24,10,6,0,0,0,0,0.0,0,0,0,0,0,0,5,0.0002,0.00,0.00,0.00
94.25,11,594503,0.2936,41.83,192.56,1258,1210,2,14,6,5,0,0,0,0,0.0,0,0,0,0,0,0,5,0.0002,3.14,24.29,128.74
94.5,11,594480,0.2935,41.70,193.48,1231,1227,1,19,9,6,0,0,0,0,0.0,0,0,0,0,0,0,5,0.0002,0.00,0.00,0.00
94.75,11,594375,0.2936,40.94,193.68,1282,1194,4,18,4,5,0,0,0,0,0.0,0,0,0,0,0,0,5,0.0002,0.00,0.00,0.00
95,11,594332,0.2935,40.87,194.66,1262,1240,6,21,6,7,0,0,0,0,0.0,0,0,0,0,0,0,5,0.0002,0.00,0.00,0.00
95.25,11,594287,0.2936,39.88,171.83,1230,1188,1274,5,4,7,0,0,0,0,0.0,0,0,0,0,0,0,5,0.0002,0.00,0.00,0.00
95.5,11,594181,0.2936,38.04,151.50,1347,1250,23163,9,1,6,0,0,0,0,0.0,0,0,0,0,0,0,5,0.0002,0.00,0.00,0.00
95.75,11,594019,0.2937,37.61,151.09,1347,1190,1,5,0,6,0,0,0,0,0.0,0,0,0,0,0,0,5,0.0002,0.00,0.00,0.00
96,11,593845,0.2938,37.57,151.75,1413,1241,0,2,0,5,0,0,0,0,0.0,0,0,0,0,0,0,5,0.0002,0.00,0.00,0.00
96.25,11,593719,0.2938,37.82,152.78,1340,1218,0,4,1,7,0,0,0,0,0.0,0,0,0,0,0,0,5,0.0002,1.90,19.45,109.03
96.5,11,593619,0.2939,37.74,153.40,1325,1226,0,1,0,6,0,0,0,0,0.0,0,0,0,0,0,0,5,0.0002,0.00,0.00,0.00
96.75,11,593536,0.2939,37.84,153.73,1335,1255,0,3,1,5,0,0,0,0,0.0,0,0,0,0,0,0,5,0.0002,0.00,0.00,0.00
97,11,593457,0.2940,37.72,154.76,1379,1300,2,0,0,5,0,0,0,0,0.0,0,0,0,0,0,0,5,0.0002,0.00,0.00,0.00
97.25,11,593447,0.2940,37.58,160.65,1394,1385,1,1,2,5,0,0,0,0,0.0,0,0,0,0,0,0,5,0.0002,0.00,0.00,0.00
97.5,11,593487,0.2940,37.48,166.25,1385,1426,0,1,2,7,0,0,0,0,0.0,0,0,0,0,0,0,5,0.0002,0.00,0.00,0.00
97.75,11,593386,0.2941,37.19,170.43,1451,1351,3,1,1,9,0,0,0,0,0.0,0,0,0,0,0,0,5,0.0001,0.00,0.00,0.00
98,11,593337,0.2941,36.93,173.21,1463,1418,3,4,2,6,0,0,0,0,0.0,0,0,0,0,0,0,5,0.0001,0.00,0.00,0.00
98.25,11,593315,0.2941,36.69,174.76,1465,1447,0,4,1,5,0,0,0,0,0.0,0,0,0,0,0,0,5,0.0001,3.22,13.41,179.78
98.5,11,593201,0.2942,36.43,174.65,1554,1440,791,0,0,6,0,0,0,0,0.0,0,0,0,0,0,0,5,0.0001,0.00,0.00,0.00
98.75,11,593049,0.2942,36.29,174.81,1561,1409,0,0,0,6,0,0,0,0,0.0,0,0,0,0,0,0,5,0.0000,0.00,0.00,0.00
99,11,593055,0.2943,36.17,175.73,1509,1516,0,1,0,5,0,0,0,0,0.0,0,0,0,0,0,0,5,0.0000,0.00,0.00,0.00
99.25,11,592936,0.2943,36.02,178.46,1586,1469,0,2,0,4,0,0,0,0,0.0,0,0,0,0,0,0,4,0.0003,0.00,0.00,0.00
99.5,11,592912,0.2943,35.81,181.44,1517,1494,0,1,0,6,0,0,0,0,0.0,0,0,0,0,0,0,5,0.0002,0.00,0.00,0.00
99.75,11,592847,0.2944,35.68,183.88,1541,1477,0,1,0,5,0,0,0,0,0.0,0,0,0,0,0,0,5,0.0002,0.00,0.00,0.00
100,11,592842,0.2944,35.60,185.78,1505,1502,0,2,0,5,0,0,0,0,0.0,0,0,0,0,0,0,5,0.0001,0.00,0.00,0.00
100.25,11,592757,0.2944,35.52,187.47,1553,1468,1,0,0,7,0,0,0,0,0.0,0,0,0,0,0,0,5,0.0001,4.30,13.01,55.49
100.5,11,592711,0.2945,35.46,188.73,1528,1482,1,0,0,8,0,0,0,0,0.0,0,0,0,0,0,0,5,0.0000,0.00,0.00,0.00
100.75,11,592623,0.2945,35.54,189.81,1583,1495,2,0,0,5,0,0,0,0,0.0,0,0,0,0,0,0,4,0.0003,0.00,0.00,0.00
101,11,592558,0.2946,35.41,190.72,1488,1423,1,0,0,7,0,0,0,0,0.0,0,0,0,0,0,0,5,0.0002,0.00,0.00,0.00
101.25,11,592554,0.2946,35.52,191.15,1457,1456,0,3,0,6,0,0,0,0,0.0,0,0,0,0,0,0,5,0.0002,0.00,0.00,0.00
101.5,11,592554,0.2946,35.42,191.71,1481,1482,0,1,0,5,0,0,0,0,0.0,0,0,0,0,0,0,5,0.0001,0.00,0.00,0.00
101.75,11,592488,0.2946,35.42,192.26,1514,1448,0,0,0,5,0,0,0,0,0.0,0,0,0,0,0,0,5,0.0000,0.00,0.00,0.00
102,11,592448,0.2947,35.34,192.77,1502,1462,1,0,0,6,0,0,0,0,0.0,0,0,0,0,0,0,4,0.0003,0.00,0.00,0.00
102.25,11,592403,0.2947,35.29,193.12,1493,1450,0,2,0,6,0,0,0,0,0.0,0,0,0,0,0,0,5,0.0002,4.59,15.82,64.31
102.5,11,592413,0.2947,35.12,193.67,1469,1482,0,3,0,7,0,0,0,0,0.0,0,0,0,0,0,1,5,0.0001,0.00,0.00,0.00
102.75,10,592417,0.2947,35.02,193.91,1414,1418,0,0,0,5,0,0,0,0,0.0,0,0,0,0,0,1,5,0.0000,0.00,0.00,0.00
103,10,592379,0.2947,35.04,194.46,1438,1401,0,1,0,7,0,0,0,0,0.0,0,0,0,0,0,0,4,0.0003,0.00,0.00,0.00
103.25,10,592265,0.2948,35.07,195.00,1509,1397,0,2,0,6,0,0,0,0,0.0,0,0,0,0,0,0,5,0.0002,0.00,0.00,0.00
103.5,10,592235,0.2948,35.03,195.51,1421,1391,1,0,0,5,0,0,0,0,0.0,0,0,0,0,0,0,5,0.0001,0.00,0.00,0.00
103.75,10,592166,0.2949,34.96,195.91,1447,1379,0,1,0,8,0,0,0,0,0.0,0,0,0,0,0,0,5,0.0000,0.00,0.00,0.00
104,10,592212,0.2948,34.95,196.13,1373,1419,0,0,0,5,0,0,0,0,0.0,0,0,0,0,0,0,4,0.0002,0.00,0.00,0.00
104.25,10,592218,0.2948,34.89,196.36,1392,1400,0,2,0,5,0,0,0,0,0.0,0,0,0,0,0,0,5,0.0001,5.16,16.48,67.81
104.5,10,592141,0.2949,34.80,196.51,1415,1339,0,1,0,6,0,0,0,0,0.0,0,0,0,0,0,0,5,0.0000,0.00,0.00,0.00
104.75,10,592104,0.2949,34.67,196.68,1394,1358,0,1,0,4,0,0,0,0,0.0,0,0,0,0,0,0,4,0.0002,0.00,0.00,0.00
105,10,592082,0.2949,34.54,196.78,1388,1367,0,1,0,7,0,0,0,0,0.0,0,0,0,0,0,0,5,0.0001,0.00,0.00,0.00
105.25,10,592057,0.2950,34.28,196.88,1386,1362,0,1,0,5,0,0,0,0,0.0,0,0,0,0,0,0,5,0.0000,0.00,0.00,0.00
105.5,10,592075,0.2950,33.97,196.79,1342,1360,0,0,0,6,0,0,0,0,0.0,0,0,0,0,0,0,4,0.0002,0.00,0.00,0.00
105.75,10,592090,0.2950,33.63,197.15,1340,1356,0,1,0,5,0,0,0,0,0.0,0,0,0,0,0,0,5,0.0001,0.00,0.00,0.00
106,10,592049,0.2950,33.26,196.84,1386,1346,0,1,0,5,0,0,0,0,0.0,0,0,0,0,0,0,4,0.0003,0.00,0.00,0.00
106.25,10,592032,0.2950,32.80,196.76,1347,1330,0,0,0,6,0,0,0,0,0.0,0,0,0,0,0,0,5,0.0001,6.11,18.48,74.48
106.5,10,591991,0.2950,32.46,196.48,1308,1267,1,0,0,6,0,0,0,0,0.0,0,0,0,0,0,0,5,0.0000,0.00,0.00,0.00
106.75,10,592017,0.2950,32.01,196.64,1272,1301,1,3,0,5,0,0,0,0,0.0,0,0,0,0,0,0,4,0.0002,0.00,0.00,0.00
107,10,592016,0.2950,31.70,196.81,1280,1282,1,3,0,6,0,0,0,0,0.0,0,0,0,0,0,0,5,0.0001,0.00,0.00,0.00
107.25,10,591946,0.2951,31.29,196.86,1304,1238,1,4,0,4,0,0,0,0,0.0,0,0,0,0,0,0,4,0.0002,0.00,0.00,0.00
107.5,10,592003,0.2950,31.03,191.81,1163,1222,2,2,0,6,0,0,0,0,0.0,0,0,0,0,0,0,5,0.0001,0.00,0.00,0.00
107.75,10,591919,0.2951,30.64,192.31,1254,1176,1,6,0,4,0,0,0,0,0.0,0,0,0,0,0,0,4,0.0003,0.00,0.00,0.00
108,10,591997,0.2950,30.47,192.56,1157,1241,0,6,0,5,0,0,0,0,0.0,0,0,0,0,0,0,5,0.0002,0.00,0.00,0.00
108.25,10,591998,0.2950,30.08,192.94,1176,1182,1,5,0,5,0,0,0,0,0.0,0,0,0,0,0,0,5,0.0000,6.59,21.49,79.68
108.5,10,591992,0.2951,29.91,193.20,1132,1129,0,3,0,5,0,0,0,0,0.0,0,0,0,0,0,0,4,0.0002,0.00,0.00,0.00
108.75,10,591924,0.2951,29.56,193.54,1150,1087,1,5,0,5,0,0,0,0,0.0,0,0,0,0,0,1,5,0.0001,0.00,0.00,0.00
109,9,591919,0.2951,29.44,193.94,1028,1025,0,2,0,4,0,0,0,0,0.0,0,0,0,0,0,1,4,0.0003,0.00,0.00,0.00
109.25,9,591912,0.2951,29.53,194.23,1058,1055,0,4,0,5,0,0,0,0,0.0,0,0,0,0,0,0,5,0.0001,0.00,0.00,0.00
109.5,9,591935,0.2951,29.81,194.66,988,1015,0,4,0,6,0,0,0,0,0.0,0,0,0,0,0,0,5,0.0000,0.00,0.00,0.00
109.75,9,591954,0.2951,29.85,194.96,1013,1036,1,4,0,5,0,0,0,0,0.0,0,0,0,0,0,0,4,0.0002,0.00,0.00,0.00
110,9,591972,0.2951,30.01,195.39,991,1009,0,0,0,5,0,0,0,0,0.0,0,0,0,0,0,0,5,0.0001,0.00,0.00,0.00
110.25,9,591970,0.2951,30.03,195.57,982,983,0,3,0,5,0,0,0,0,-18.6,0,0,0,0,0,0,4,0.0002,5.90,19.68,76.26
110.5,9,591948,0.2951,30.20,196.02,986,966,0,2,0,6,0,0,0,0,-18.6,0,0,0,0,0,0,5,0.0001,0.00,0.00,0.00
110.75,9,591923,0.2951,30.14,177.92,1032,1009,0,2,0,5,0,0,0,0,-18.6,0,0,0,0,0,0,4,0.0003,0.00,0.00,0.00
111,9,591856,0.2952,30.21,179.26,1039,973,0,1,0,5,0,0,0,0,-18.6,0,0,0,0,0,0,5,0.0001,0.00,0.00,0.00
111.25,9,591864,0.2952,30.08,180.79,992,1000,0,0,0,5,0,0,0,0,-18.6,0,0,0,0,0,0,4,0.0003,0.00,0.00,0.00
111.5,9,591853,0.2952,30.22,181.96,1003,992,0,0,0,6,0,0,0,0,-18.6,0,0,0,0,0,0,5,0.0001,0.00,0.00,0.00
111.75,9,591794,0.2952,30.16,183.89,1025,969,0,3,0,6,0,0,0,0,-18.6,0,0,0,0,0,0,4,0.0003,0.00,0.00,0.00
112,9,591812,0.2952,30.28,185.23,989,1008,0,1,0,6,0,0,0,0,-18.6,0,0,0,0,0,0,5,0.0001,0.00,0.00,0.00
112.25,9,591720,0.2953,30.25,185.67,1084,993,1,1,0,4,0,0,0,0,-18.6,0,0,0,0,0,0,4,0.0003,5.16,15.19,66.23
112.5,9,591720,0.2953,30.38,187.54,1017,1018,0,1,0,6,0,0,0,0,-18.6,0,0,0,0,0,0,5,0.0001,0.00,0.00,0.00
112.75,9,591655,0.2953,30.46,189.35,1037,974,0,2,0,4,0,0,0,0,-18.6,0,0,0,0,0,0,4,0.0003,0.00,0.00,0.00
113,9,591660,0.2953,30.57,189.63,1055,1061,0,1,0,7,0,0,0,0,-18.6,0,0,0,0,0,0,5,0.0001,0.00,0.00,0.00
113.25,9,591585,0.2954,30.52,190.49,1091,1016,1,0,0,5,0,0,0,0,-18.6,0,0,0,0,0,0,4,0.0002,0.00,0.00,0.00
113.5,9,591536,0.2954,30.55,190.87,1076,1029,1,2,0,9,0,0,0,0,-18.6,0,0,0,0,0,0,5,0.0001,0.00,0.00,0.00
113.75,9,591455,0.2955,30.45,190.85,1102,1024,1,3,0,5,0,0,0,0,-18.6,0,0,0,0,0,0,4,0.0002,0.00,0.00,0.00
114,9,591507,0.2955,30.46,191.83,964,1018,0,2,0,7,0,0,0,0,-18.6,0,0,0,0,0,1,5,0.0000,0.00,0.00,0.00
114.25,8,591457,0.2955,30.51,193.09,1072,1022,0,0,0,5,0,0,0,0,-18.6,0,0,0,0,0,1,4,0.0002,5.20,16.17,67.37
114.5,8,591424,0.2955,30.62,193.71,1011,980,0,2,0,5,0,0,0,0,-18.6,0,0,0,0,0,0,4,0.0003,0.00,0.00,0.00
114.75,8,591356,0.2956,30.71,194.56,1044,976,2,0,0,6,0,0,0,0,-18.6,0,0,0,0,0,0,5,0.0001,0.00,0.00,0.00
115,8,591340,0.2956,30.78,195.07,1000,984,0,0,0,4,0,0,0,0,-18.6,0,0,0,0,0,0,4,0.0002,0.00,0.00,0.00
115.25,8,591264,0.2956,30.79,195.38,1054,980,0,2,0,7,0,0,0,0,-18.6,0,0,0,0,0,0,5,0.0000,0.00,0.00,0.00
115.5,8,591207,0.2957,30.95,195.45,1041,985,0,1,0,6,0,0,0,0,-18.6,0,0,0,0,0,0,4,0.0002,0.00,0.00,0.00
115.75,8,591163,0.2957,30.92,195.85,1013,969,0,0,0,4,0,0,0,0,-18.6,0,0,0,0,0,0,4,0.0003,0.00,0.00,0.00
116,8,591104,0.2957,31.01,195.37,1068,1011,0,2,0,5,0,0,0,0,-18.6,0,0,0,0,0,0,5,0.0001,0.00,0.00,0.00
116.25,8,591077,0.2957,30.97,195.15,1055,1029,0,1,0,6,0,0,0,0,-18.6,0,0,0,0,0,0,4,0.0002,5.58,17.11,62.55
116.5,8,591016,0.2958,30.93,194.49,1105,1044,0,0,0,4,0,0,0,0,-18.6,0,0,0,0,0,0,4,0.0003,0.00,0.00,0.00
116.75,8,590937,0.2958,30.85,194.59,1075,996,1,0,0,5,0,0,0,0,-18.6,0,0,0,0,0,0,5,0.0001,0.00,0.00,0.00
117,9,590875,0.2959,30.73,195.02,1071,1009,0,0,0,5,0,0,0,0,-18.6,1,1,0,0,0,0,4,0.0002,0.00,0.00,0.00
117.25,9,590833,0.2959,29.85,194.96,1033,993,0,2,0,5,0,0,0,0,-18.6,0,1,0,0,0,0,4,0.0003,0.00,0.00,0.00
117.5,9,590793,0.2959,29.54,195.36,1053,1014,0,1,0,6,0,0,3,0,-18.6,0,1,0,0,0,0,5,0.0001,0.00,0.00,0.00
117.75,9,590737,0.2960,29.26,195.71,1073,1018,0,1,0,5,0,0,0,0,-18.6,0,1,0,0,0,0,4,0.0001,0.00,0.00,0.00
118,9,590693,0.2960,28.90,196.04,1037,993,0,0,0,4,0,0,0,0,-18.6,0,1,0,0,0,0,4,0.0002,0.00,0.00,0.00
118.25,9,590597,0.2960,28.64,196.49,1116,1021,1,1,0,6,0,0,0,0,-18.6,0,1,0,0,0,0,5,0.0000,5.35,15.90,65.84
118.5,9,590551,0.2961,28.28,197.02,1087,1043,0,2,0,5,0,0,0,0,-18.6,0,1,0,0,0,0,4,0.0001,0.00,0.00,0.00
118.75,9,590562,0.2961,28.29,197.49,1036,1048,3,1,0,4,0,0,0,0,-18.6,0,1,0,0,0,0,4,0.0002,0.00,0.00,0.00
119,9,590528,0.2961,28.24,197.87,1064,1035,5,5,0,5,0,0,0,0,-18.6,0,1,0,0,0,0,4,0.0003,0.00,0.00,0.00
119.25,9,590549,0.2961,28.41,198.21,972,1000,4,7,0,6,0,0,0,0,-18.6,0,1,0,0,0,0,5,0.0000,0.00,0.00,0.00
119.5,9,590526,0.2961,28.53,198.41,1035,1019,3,8,0,6,0,0,0,0,-18.6,0,1,0,0,0,0,4,0.0001,0.00,0.00,0.00
119.75,9,590521,0.2961,29.23,198.28,1013,1014,1527,6,0,5,0,0,0,0,-18.6,0,1,0,0,0,0,4,0.0002,0.00,0.00,0.00
120,9,590529,0.2961,29.61,197.94,1069,1079,0,2,0,7,0,0,0,0,-18.6,0,1,0,0,0,0,4,0.0003,0.00,0.00,0.00
120.25,9,590487,0.2961,30.20,198.06,1126,1086,0,2,0,5,0,0,0,0,-46.6,0,1,0,0,0,0,5,0.0001,3.22,18.75,60.48
120.5,9,590470,0.2961,30.74,197.76,1118,1101,0,0,0,6,0,0,0,0,-46.6,0,1,0,0,0,0,4,0.0001,0.00,0.00,0.00
120.75,9,590535,0.2961,31.39,197.15,1116,1181,1,0,0,5,0,0,0,0,-46.6,0,1,0,0,0,0,4,0.0002,0.00,0.00,0.00
121,9,590459,0.2962,31.82,197.06,1195,1120,0,1,0,7,0,0,0,0,-46.6,0,1,0,0,0,0,4,0.0003,0.00,0.00,0.00
121.25,9,590467,0.2962,32.30,197.10,1174,1183,1,1,0,6,0,0,0,0,-46.6,0,1,0,0,0,0,5,0.0001,0.00,0.00,0.00
121.5,9,590368,0.2962,32.64,196.61,1233,1134,0,0,0,6,0,0,0,0,-46.6,0,1,0,0,0,0,4,0.0001,0.00,0.00,0.00
121.75,9,590328,0.2963,32.92,196.64,1219,1180,0,1,0,5,0,0,0,0,-46.6,0,1,0,0,0,0,4,0.0002,0.00,0.00,0.00
122,9,590315,0.2963,33.22,196.96,1189,1177,0,1,0,6,0,0,0,0,-46.6,0,1,0,0,0,0,4,0.0002,0.00,0.00,0.00
122.25,9,590235,0.2963,33.49,197.23,1272,1193,0,1,0,4,0,0,0,0,-46.6,0,1,0,0,0,0,4,0.0003,6.52,19.92,54.00
122.5,9,590146,0.2964,33.70,197.24,1265,1177,1,1,0,5,0,0,0,0,-46.6,0,1,0,0,0,0,5,0.0001,0.00,0.00,0.00
122.75,9,590085,0.2964,33.86,197.27,1269,1208,0,0,0,4,0,0,0,0,-46.6,0,1,0,0,0,0,4,0.0001,0.00,0.00,0.00
123,9,589997,0.2965,34.06,197.54,1271,1184,0,1,0,7,0,0,0,0,-46.6,0,1,0,0,0,0,4,0.0002,0.00,0.00,0.00
123.25,9,589998,0.2965,34.14,197.23,1311,1312,0,0,0,5,0,0,0,0,-46.6,0,1,0,0,0,0,4,0.0002,0.00,0.00,0.00
123.5,9,589890,0.2965,34.27,197.68,1308,1201,0,1,0,5,0,0,0,0,-46.6,0,1,0,0,0,0,4,0.0002,0.00,0.00,0.00
123.75,9,589910,0.2965,34.31,197.93,1231,1251,0,0,0,4,0,0,0,0,-46.6,0,1,0,0,0,0,4,0.0003,0.00,0.00,0.00
124,9,589821,0.2966,34.37,197.94,1344,1255,0,0,0,8,0,0,0,0,-46.6,0,1,0,0,0,0,5,0.0000,0.00,0.00,0.00
124.25,9,589849,0.2966,34.41,198.21,1271,1300,0,1,0,4,0,0,0,0,-46.6,0,1,0,0,0,0,4,0.0001,6.16,19.25,41.76
124.5,9,589756,0.2966,34.50,198.46,1345,1252,0,0,0,5,0,0,0,0,-46.6,0,1,0,0,0,0,4,0.0001,0.00,0.00,0.00
124.75,9,589674,0.2967,34.52,198.56,1332,1250,2,0,0,7,0,0,0,0,-46.6,0,1,0,0,0,0,4,0.0001,0.00,0.00,0.00
125,9,589646,0.2967,34.56,198.73,1318,1291,0,1,0,7,0,0,0,0,-46.6,0,1,0,0,0,0,4,0.0001,0.00,0.00,0.00
125.25,9,589665,0.2967,34.73,198.86,1270,1289,0,0,0,4,0,0,0,0,-46.6,0,1,0,0,0,0,4,0.0002,0.00,0.00,0.00
125.5,9,589650,0.2967,34.83,199.00,1276,1262,0,1,0,4,0,0,0,0,-46.6,0,1,0,0,0,0,4,0.0002,0.00,0.00,0.00
125.75,9,589612,0.2968,34.95,198.90,1354,1316,0,0,0,4,0,0,0,0,-46.6,0,1,0,0,0,0,4,0.0002,0.00,0.00,0.00
126,9,589561,0.2968,35.01,199.02,1363,1313,0,1,0,4,0,0,0,0,-46.6,0,1,0,0,0,0,4,0.0002,0.00,0.00,0.00
126.25,9,589552,0.2968,35.11,199.12,1322,1313,0,0,0,5,0,0,0,0,-46.6,0,1,0,0,0,0,4,0.0002,6.37,18.97,44.96
126.5,9,589484,0.2968,35.18,199.11,1398,1330,0,0,0,5,0,0,0,0,-46.6,0,1,0,0,0,0,4,0.0002,0.00,0.00,0.00
126.75,9,589485,0.2969,35.19,199.12,1267,1268,0,0,0,4,0,0,0,0,-46.6,0,1,0,0,0,0,4,0.0002,0.00,0.00,0.00
127,9,589388,0.2969,35.24,199.20,1388,1291,0,0,0,4,0,0,0,0,-46.6,0,1,0,0,0,0,4,0.0002,0.00,0.00,0.00
127.25,9,589397,0.2969,35.22,199.31,1277,1286,1,0,0,6,0,0,0,0,-46.6,0,1,0,0,0,0,4,0.0002,0.00,0.00,0.00
127.5,9,589369,0.2969,35.12,199.38,1333,1306,0,1,0,5,0,0,0,0,-46.6,0,1,0,0,0,0,4,0.0002,0.00,0.00,0.00
127.75,9,589345,0.2970,34.98,199.19,1328,1304,1,0,0,5,0,0,0,0,-46.6,0,1,0,0,0,0,4,0.0002,0.00,0.00,0.00
128,9,589269,0.2970,34.71,199.31,1324,1248,0,0,0,4,0,0,0,0,-46.6,0,1,0,0,0,0,4,0.0002,0.00,0.00,0.00
128.25,9,589236,0.2970,34.37,199.41,1286,1253,0,0,0,7,0,0,0,0,-46.6,0,1,0,0,0,0,4,0.0002,6.84,23.53,41.80
128.5,9,589167,0.2971,33.91,199.39,1252,1183,0,0,0,5,0,0,0,0,-46.6,0,1,0,0,0,0,4,0.0001,0.00,0.00,0.00
128.75,9,589098,0.2971,33.36,198.57,1245,1176,0,0,0,5,0,0,0,0,-46.6,0,1,0,0,0,0,4,0.0001,0.00,0.00,0.00
129,9,589106,0.2971,33.05,198.43,1186,1194,0,0,0,5,0,0,0,0,-46.6,0,1,0,0,0,0,4,0.0001,0.00,0.00,0.00
129.25,9,589072,0.2972,32.87,198.43,1182,1148,0,0,0,5,0,0,0,0,-46.6,0,1,0,0,0,0,4,0.0001,0.00,0.00,0.00
129.5,9,589023,0.2972,32.71,198.36,1202,1153,0,0,0,6,0,0,0,0,-46.6,0,1,0,0,0,0,4,0.0000,0.00,0.00,0.00
129.75,9,588989,0.2972,32.63,197.08,1154,1120,0,0,0,4,0,0,0,0,-46.6,0,1,0,0,0,0,3,0.0003,0.00,0.00,0.00
130,9,588936,0.2972,32.69,197.46,1160,1107,0,0,0,4,0,0,0,0,-46.6,0,1,0,0,0,0,4,0.0002,0.00,0.00,0.00
130.25,9,588906,0.2973,32.84,197.70,1161,1132,0,1,0,8,0,0,0,0,-21.6,0,1,0,0,0,0,4,0.0002,4.69,16.92,31.98
130.5,9,588857,0.2973,33.08,197.74,1194,1145,0,0,0,4,0,0,0,0,-21.6,0,1,0,0,0,0,4,0.0002,0.00,0.00,0.00
130.75,9,588784,0.2974,33.39,197.29,1222,1149,0,0,0,5,0,0,0,0,-21.6,0,1,0,0,0,0,4,0.0001,0.00,0.00,0.00
131,9,588748,0.2974,33.68,197.15,1194,1158,0,0,0,4,0,0,0,0,-21.6,0,1,0,0,0,0,4,0.0000,0.00,0.00,0.00
131.25,10,588669,0.2974,33.94,197.43,1216,1137,1,0,0,4,0,0,0,0,-21.6,1,2,0,0,0,0,3,0.0003,0.00,0.00,0.00
131.5,10,588615,0.2975,33.62,197.72,1178,1124,0,0,0,4,0,0,1,0,-21.6,0,2,0,0,0,0,4,0.0002,0.00,0.00,0.00
131.75,10,588588,0.2975,33.25,198.02,1200,1173,0,0,0,5,0,0,1,0,-21.6,0,2,0,0,0,0,4,0.0002,0.00,0.00,0.00
132,10,588539,0.2975,33.19,198.22,1153,1104,1,0,1,4,0,0,0,0,-21.6,0,2,0,0,0,0,4,0.0001,0.00,0.00,0.00
132.25,10,588517,0.2975,32.83,198.48,1204,1183,0,1,0,4,0,0,1,0,-21.6,0,2,0,0,0,0,4,0.0000,3.89,15.47,30.82
132.5,10,588405,0.2976,32.67,198.72,1239,1127,1,0,0,3,0,0,0,0,-21.6,0,2,0,0,0,0,3,0.0003,0.00,0.00,0.00
132.75,10,588387,0.2976,32.86,198.89,1155,1137,1,0,0,5,0,0,0,0,-21.6,0,2,0,0,0,0,4,0.0002,0.00,0.00,0.00
133,10,588354,0.2976,32.57,199.03,1137,1105,1,1,0,4,0,0,0,0,-21.6,0,2,0,0,0,0,4,0.0001,0.00,0.00,0.00
133.25,10,588349,0.2976,32.55,198.68,1157,1153,0,1,0,4,0,0,0,0,-21.6,0,2,0,0,0,0,4,0.0000,0.00,0.00,0.00
133.5,10,588292,0.2977,32.70,198.79,1186,1129,0,0,0,4,0,0,0,0,-21.6,0,2,0,0,0,0,3,0.0002,0.00,0.00,0.00
133.75,10,588251,0.2977,32.61,198.98,1188,1148,0,1,0,6,0,0,0,0,-21.6,0,2,0,0,0,0,4,0.0002,0.00,0.00,0.00
134,10,588266,0.2977,32.55,198.35,1155,1170,0,0,0,4,0,0,0,0,-21.6,0,2,0,0,0,0,4,0.0001,0.00,0.00,0.00
134.25,10,588273,0.2977,32.67,197.79,1165,1173,0,1,0,6,0,0,0,0,-21.6,0,2,0,0,0,0,3,0.0003,3.85,13.87,33.21
134.5,10,588222,0.2977,32.27,197.47,1189,1139,1,1,0,4,0,0,0,0,-21.6,0,2,0,0,0,0,4,0.0002,0.00,0.00,0.00
134.75,10,588169,0.2978,32.44,197.75,1193,1141,2,1,0,4,0,0,0,0,-21.6,0,2,0,0,0,0,4,0.0001,0.00,0.00,0.00
135,10,588140,0.2978,32.11,197.17,1206,1184,0,7,0,5,0,0,0,0,-21.6,0,2,0,0,0,0,4,0.0000,0.00,0.00,0.00
135.25,10,588089,0.2978,32.48,197.25,1185,1136,0,2,0,3,0,0,0,0,-21.6,0,2,0,0,0,0,3,0.0002,0.00,0.00,0.00
135.5,10,588055,0.2978,32.11,197.32,1163,1135,0,6,0,4,0,0,0,0,-21.6,0,2,0,0,0,0,4,0.0001,0.00,0.00,0.00
135.75,10,588038,0.2978,32.28,197.73,1141,1124,0,0,2,6,0,0,0,0,-21.6,0,2,0,0,0,0,4,0.0000,0.00,0.00,0.00
136,10,588004,0.2979,31.85,197.96,1204,1171,0,1,2,3,0,0,0,0,-21.6,0,2,0,0,0,1,3,0.0002,0.00,0.00,0.00
136.25,9,587978,0.2979,32.03,178.61,1099,1074,0,1,1,4,0,0,0,0,-21.6,0,2,0,0,0,1,4,0.0001,3.65,15.81,49.69
136.5,9,588023,0.2979,32.11,179.09,1022,1067,0,0,1,5,0,0,0,0,-21.6,0,2,0,0,0,0,4,0.0000,0.00,0.00,0.00
136.75,9,587937,0.2979,32.25,179.24,1102,1017,1,1,3,4,0,0,0,0,-21.6,0,2,0,0,0,0,3,0.0002,0.00,0.00,0.00
137,9,587905,0.2979,32.05,179.56,1107,1077,0,2,1,7,0,0,0,0,-21.6,0,2,0,0,0,0,4,0.0001,0.00,0.00,0.00
137.25,9,587860,0.2980,32.29,179.11,1089,1045,0,1,0,4,0,0,0,0,-21.6,0,2,0,0,0,0,4,0.0000,0.00,0.00,0.00
137.5,9,587830,0.2980,32.08,178.78,1087,1059,1,2,3,5,0,0,0,0,-21.6,0,2,0,0,0,0,3,0.0002,0.00,0.00,0.00
137.75,9,587866,0.2980,31.98,179.98,994,1032,2,2,1,4,0,0,0,0,-21.6,0,2,0,0,0,0,4,0.0001,0.00,0.00,0.00
138,9,587788,0.2980,32.05,179.79,1100,1026,0,4,1,4,0,0,0,0,-21.6,0,2,0,0,0,0,3,0.0003,0.00,0.00,0.00
138.25,9,587767,0.2980,32.26,180.12,1033,1017,1,5,1,4,0,0,0,0,-21.6,0,2,0,0,0,0,4,0.0001,4.05,17.76,68.20
138.5,9,587742,0.2980,31.86,180.24,1072,1052,1,5,0,4,0,0,0,0,-21.6,0,2,0,0,0,0,4,0.0000,0.00,0.00,0.00
138.75,9,587719,0.2980,32.10,181.10,1081,1064,2,6,0,4,0,0,0,0,-21.6,0,2,0,0,0,0,3,0.0002,0.00,0.00,0.00
139,9,587730,0.2980,31.73,180.99,991,1009,0,7,1,4,0,0,0,0,-21.6,0,2,0,0,0,0,4,0.0001,0.00,0.00,0.00
139.25,9,587705,0.2980,31.94,181.97,1072,1051,0,4,1,3,0,0,0,0,-21.6,0,2,0,0,0,0,3,0.0003,0.00,0.00,0.00
139.5,9,587666,0.2980,31.37,182.44,1083,1047,1,3,0,4,0,0,0,0,-21.6,0,2,0,0,0,0,4,0.0002,0.00,0.00,0.00
139.75,9,587694,0.2980,31.97,182.66,1063,1097,2,6,3,6,0,0,0,0,-21.6,0,2,0,0,0,0,4,0.0001,0.00,0.00,0.00
140,9,587680,0.2980,30.89,183.08,1058,1048,2,4,1,4,0,0,0,0,-21.6,0,2,0,0,0,0,3,0.0002,0.00,0.00,0.00
140.25,9,587706,0.2980,31.63,184.48,1017,1048,1,5,0,4,0,0,0,0,-23.7,0,2,0,0,0,0,4,0.0001,3.08,17.63,85.95
140.5,9,587678,0.2980,31.10,185.26,1069,1050,2,9,1,5,0,0,0,0,-23.7,0,2,0,0,0,0,4,0.0000,0.00,0.00,0.00
140.75,9,587721,0.2980,32.05,186.10,1014,1060,0,3,1,6,0,0,0,0,-23.7,0,2,0,0,0,0,3,0.0002,0.00,0.00,0.00
141,9,587778,0.2980,31.39,186.99,1050,1114,0,7,0,5,0,0,0,0,-23.7,0,2,0,0,0,0,4,0.0001,0.00,0.00,0.00
141.25,9,587764,0.2980,32.00,188.56,1050,1044,0,8,0,3,0,0,0,0,-23.7,0,2,0,0,0,0,3,0.0003,0.00,0.00,0.00
141.5,9,587759,0.2980,32.21,189.39,1058,1060,2,7,1,6,0,0,0,0,-23.7,0,2,0,0,0,0,4,0.0002,0.00,0.00,0.00
141.75,9,587758,0.2980,31.69,190.20,1071,1079,0,9,0,5,0,0,0,0,-23.7,0,2,0,0,0,0,4,0.0001,0.00,0.00,0.00
142,9,587754,0.2980,32.22,191.12,1075,1079,2,8,0,4,0,0,0,0,-23.7,0,2,0,0,0,0,4,0.0000,0.00,0.00,0.00
142.25,9,587785,0.2979,31.67,192.52,1038,1072,2,3,0,6,0,0,0,0,-23.7,0,2,0,0,0,0,3,0.0002,2.41,21.89,166.86
142.5,9,587809,0.2979,32.66,193.67,1073,1106,0,9,0,5,0,0,0,0,-23.7,0,2,0,0,0,0,4,0.0001,0.00,0.00,0.00
142.75,9,587805,0.2979,31.84,194.54,1092,1096,2,8,1,5,0,0,0,0,-23.7,0,2,0,0,0,0,4,0.0000,0.00,0.00,0.00
143,9,587756,0.2980,32.63,195.40,1167,1124,3,6,0,3,0,0,0,0,-23.7,0,2,0,0,0,0,3,0.0003,0.00,0.00,0.00
143.25,9,587808,0.2979,32.61,196.12,1067,1126,1,7,0,5,0,0,0,0,-23.7,0,2,0,0,0,0,4,0.0002,0.00,0.00,0.00
143.5,9,587815,0.2979,32.33,196.72,1077,1092,0,8,1,4,0,0,0,0,-23.7,0,2,0,0,0,0,4,0.0001,0.00,0.00,0.00
143.75,9,587848,0.2979,33.16,197.23,1081,1121,0,7,0,4,0,0,0,0,-23.7,0,2,0,0,0,0,4,0.0000,0.00,0.00,0.00
144,9,587849,0.2979,32.63,197.66,1097,1106,0,8,0,3,0,0,0,0,-23.7,0,2,0,0,0,0,3,0.0003,0.00,0.00,0.00
144.25,9,587811,0.2979,33.39,197.98,1154,1118,0,2,1,4,0,0,0,0,-23.7,0,2,0,0,0,0,4,0.0002,3.07,23.57,110.86
144.5,9,587790,0.2979,32.81,198.25,1087,1078,1,12,0,4,0,0,0,0,-23.7,0,2,0,0,0,0,4,0.0001,0.00,0.00,0.00
144.75,9,587851,0.2979,33.54,198.52,1120,1187,0,6,0,4,0,0,0,0,-23.7,0,2,0,0,0,0,4,0.0001,0.00,0.00,0.00
145,9,587838,0.2979,32.83,198.74,1107,1098,4,4,0,4,0,0,0,0,-23.7,0,2,0,0,0,0,4,0.0000,0.00,0.00,0.00
145.25,9,587871,0.2979,33.59,198.91,1097,1132,2,2,0,3,0,0,0,0,-23.7,0,2,0,0,0,0,3,0.0003,0.00,0.00,0.00
145.5,9,587890,0.2978,32.83,199.06,1113,1143,1,11,1,7,0,0,0,0,-23.7,0,2,0,0,0,0,4,0.0002,0.00,0.00,0.00
145.75,9,587864,0.2979,33.70,199.15,1146,1125,0,5,0,7,0,0,0,0,-23.7,0,2,0,0,0,0,4,0.0002,0.00,0.00,0.00
146,9,587873,0.2979,32.59,199.26,1118,1133,1,6,0,5,0,0,0,0,-23.7,0,2,0,0,0,0,4,0.0001,0.00,0.00,0.00
146.25,9,587870,0.2978,33.47,199.35,1160,1169,3,12,0,5,0,0,0,0,-23.7,0,2,0,0,0,0,4,0.0001,3.15,24.81,103.88
146.5,9,587860,0.2978,32.48,199.45,1132,1131,1,9,0,5,0,0,0,0,-23.7,0,2,0,0,0,0,4,0.0000,0.00,0.00,0.00
146.75,9,587796,0.2979,33.32,199.53,1157,1097,0,4,0,4,0,0,0,0,-23.7,0,2,0,0,0,0,3,0.0003,0.00,0.00,0.00
147,9,587827,0.2978,32.43,199.59,1084,1126,1,11,1,5,0,0,0,0,-23.7,0,2,0,0,0,0,4,0.0002,0.00,0.00,0.00
147.25,9,587805,0.2979,33.32,199.61,1168,1150,1,4,0,8,0,0,0,0,-23.7,0,2,0,0,0,0,4,0.0002,0.00,0.00,0.00
147.5,9,587855,0.2978,32.27,199.67,1118,1172,3,4,0,5,0,0,0,0,-23.7,0,2,0,0,0,0,4,0.0002,0.00,0.00,0.00
147.75,9,587845,0.2978,32.91,199.69,1130,1131,2,11,1,6,0,0,0,0,-23.7,0,2,0,0,0,0,4,0.0001,0.00,0.00,0.00
148,9,587835,0.2978,31.73,199.72,1120,1121,0,11,0,5,0,0,0,0,-23.7,0,2,0,0,0,0,4,0.0001,0.00,0.00,0.00
148.25,9,587877,0.2978,32.66,199.76,1130,1176,2,4,0,7,0,0,0,0,-23.7,0,2,0,0,0,0,4,0.0001,3.50,24.20,73.80
148.5,9,587928,0.2978,33.09,199.77,1096,1149,37248,2,0,5,0,0,2,0,-23.7,0,2,0,0,0,0,4,0.0000,0.00,0.00,0.00
148.75,9,587757,0.2979,32.15,199.27,1291,1124,7,4,0,5,0,0,0,0,-23.7,0,2,0,0,0,0,4,0.0000,0.00,0.00,0.00
149,9,587704,0.2979,31.38,198.37,1166,1123,9,10,0,5,0,0,0,0,-23.7,0,2,0,0,0,0,3,0.0003,0.00,0.00,0.00
149.25,9,587669,0.2979,30.38,197.28,1232,1207,10,12,0,5,0,0,0,0,-23.7,0,2,0,0,0,0,4,0.0002,0.00,0.00,0.00
149.5,9,587685,0.2979,29.95,196.18,1226,1261,4,19,1,4,0,0,0,0,-23.7,0,2,0,0,0,0,4,0.0002,0.00,0.00,0.00
149.75,9,587721,0.2978,30.57,195.01,1263,1309,2,10,0,4,0,0,0,0,-23.7,0,2,0,0,0,0,4,0.0002,0.00,0.00,0.00
150,9,587728,0.2978,31.22,194.30,1331,1344,1,6,0,7,0,0,0,0,-23.7,0,2,0,0,0,0,4,0.0002,0.00,0.00,0.00
150.25,9,587726,0.2978,31.66,192.54,1378,1380,3,4,0,5,0,0,0,0,-28.0,0,2,0,0,0,0,4,0.0001,3.41,14.28,144.66
150.5,9,587699,0.2979,31.96,191.43,1439,1418,2,6,0,6,0,0,0,0,-28.0,0,2,0,0,0,0,4,0.0001,0.00,0.00,0.00
150.75,9,587555,0.2979,32.22,189.73,1580,1445,3,9,0,5,0,0,0,0,-28.0,0,2,0,0,0,0,4,0.0001,0.00,0.00,0.00
151,9,587537,0.2979,32.47,187.76,1468,1456,0,6,0,4,0,0,0,0,-28.0,0,2,0,0,0,0,4,0.0001,0.00,0.00,0.00
151.25,9,587446,0.2980,32.74,185.61,1535,1453,2,9,0,4,0,0,0,0,-28.0,0,2,0,0,0,0,4,0.0001,0.00,0.00,0.00
151.5,9,587367,0.2980,32.90,183.83,1531,1456,3,5,0,4,0,0,0,0,-28.0,0,2,0,0,0,0,4,0.0001,0.00,0.00,0.00
151.75,9,587322,0.2980,33.05,182.31,1465,1429,0,9,0,5,0,0,0,0,-28.0,0,2,0,0,0,0,4,0.0001,0.00,0.00,0.00
152,9,587140,0.2981,33.02,181.21,1578,1402,4,6,0,6,0,0,0,0,-28.0,0,2,0,0,0,0,4,0.0001,0.00,0.00,0.00
152.25,9,587111,0.2981,34.21,180.61,1486,1466,10926,9,0,5,0,0,0,0,-28.0,0,2,0,0,0,0,4,0.0001,3.60,31.06,154.77
152.5,9,586978,0.2982,35.45,183.60,1566,1444,5,11,0,4,0,0,0,0,-28.0,0,2,0,0,0,0,4,0.0001,0.00,0.00,0.00
152.75,9,586858,0.2982,35.78,186.17,1625,1518,4,13,0,5,0,0,0,0,-28.0,0,2,0,0,0,0,4,0.0001,0.00,0.00,0.00
153,9,586744,0.2983,36.11,188.31,1596,1498,2,16,0,4,0,0,0,0,-28.0,0,2,0,0,0,0,4,0.0001,0.00,0.00,0.00
153.25,9,586732,0.2983,36.34,190.16,1526,1527,6,14,0,4,0,0,0,0,-28.0,0,2,0,0,0,0,4,0.0001,0.00,0.00,0.00
153.5,9,586740,0.2982,36.74,191.69,1493,1522,6,21,0,4,0,0,0,0,-28.0,0,2,0,0,0,0,4,0.0001,0.00,0.00,0.00
153.75,9,586738,0.2982,36.84,192.96,1524,1542,6,21,0,5,0,0,0,0,-28.0,0,2,0,0,0,0,4,0.0001,0.00,0.00,0.00
154,9,586712,0.2982,37.12,194.08,1558,1553,3,22,0,4,0,0,0,0,-28.0,0,2,0,0,0,0,4,0.0002,0.00,0.00,0.00
154.25,9,586640,0.2982,37.06,195.01,1560,1501,1,13,0,6,0,0,0,0,-28.0,0,2,0,0,0,0,4,0.0002,3.24,19.56,135.61
154.5,9,586615,0.2982,37.38,195.71,1587,1572,2,10,0,8,0,0,0,0,-28.0,0,2,0,0,0,0,4,0.0002,0.00,0.00,0.00
154.75,9,586539,0.2982,37.30,196.14,1579,1516,102,13,0,5,0,0,0,0,-28.0,0,2,0,0,0,0,4,0.0002,0.00,0.00,0.00
155,9,586512,0.2983,37.77,196.56,1543,1523,1,7,0,4,0,0,0,0,-28.0,0,2,0,0,0,0,4,0.0003,0.00,0.00,0.00
155.25,9,586453,0.2983,37.75,197.06,1631,1575,1,3,1,4,0,0,0,0,-28.0,0,2,0,0,0,0,4,0.0003,0.00,0.00,0.00
155.5,9,586374,0.2983,37.89,197.37,1596,1520,4,3,0,7,0,0,0,0,-28.0,0,2,0,0,0,0,5,0.0000,0.00,0.00,0.00
155.75,9,586385,0.2983,38.43,197.71,1546,1560,0,3,0,5,0,0,0,0,-28.0,0,2,0,0,0,0,4,0.0000,0.00,0.00,0.00
156,9,586380,0.2983,38.35,197.94,1593,1592,5,4,0,7,0,0,0,0,-28.0,0,2,0,0,0,0,4,0.0001,0.00,0.00,0.00
156.25,9,586313,0.2984,38.82,198.19,1608,1546,9,8,0,4,0,0,0,0,-28.0,0,2,0,0,0,0,4,0.0001,2.67,13.96,66.18
156.5,9,586268,0.2984,39.02,198.32,1598,1565,5,12,0,7,0,0,0,0,-28.0,0,2,0,0,0,0,4,0.0001,0.00,0.00,0.00
156.75,9,586229,0.2984,39.30,198.33,1603,1570,5,6,0,5,0,0,0,0,-28.0,0,2,0,0,0,0,4,0.0001,0.00,0.00,0.00
157,9,586169,0.2984,39.55,197.51,1648,1595,2,7,0,4,0,0,0,0,-28.0,0,2,0,0,0,0,4,0.0001,0.00,0.00,0.00
157.25,8,586067,0.2985,40.43,196.08,1668,1573,1,7,0,7,0,1,0,0,-28.0,0,1,0,0,1,0,4,0.0001,0.00,0.00,0.00
157.5,8,586014,0.2985,39.84,194.14,1520,1475,3,8,0,5,0,0,0,0,-28.0,0,1,0,0,0,0,4,0.0002,0.00,0.00,0.00
157.75,8,585971,0.2985,39.44,194.87,1482,1439,6,0,0,4,0,0,0,0,-28.0,0,1,0,0,0,0,4,0.0002,0.00,0.00,0.00
158,8,585956,0.2986,39.12,195.43,1453,1440,1,2,0,5,0,0,0,0,-28.0,0,1,0,0,0,0,4,0.0002,0.00,0.00,0.00
158.25,8,585957,0.2986,38.79,196.07,1397,1403,1,5,0,4,0,0,0,0,-28.0,0,1,0,0,0,0,4,0.0002,3.23,15.30,48.40
158.5,8,585976,0.2986,38.48,196.54,1455,1474,1,0,0,6,0,0,0,0,-28.0,0,1,0,0,0,0,4,0.0002,0.00,0.00,0.00
158.75,8,585983,0.2986,38.26,197.01,1400,1409,2,2,0,4,0,0,0,0,-28.0,0,1,0,0,0,0,4,0.0002,0.00,0.00,0.00
159,8,585976,0.2986,37.96,197.48,1446,1444,0,5,1,4,0,0,0,0,-28.0,0,1,0,0,0,0,4,0.0002,0.00,0.00,0.00
159.25,8,585982,0.2986,37.75,197.86,1450,1459,0,3,0,7,0,0,0,0,-28.0,0,1,0,0,0,0,4,0.0002,0.00,0.00,0.00
159.5,8,585906,0.2986,37.45,198.19,1518,1444,0,2,0,6,0,0,0,0,-28.0,0,1,0,0,0,0,4,0.0002,0.00,0.00,0.00
159.75,8,585869,0.2986,37.24,198.42,1478,1443,0,2,0,8,0,0,0,0,-28.0,0,1,0,0,0,0,4,0.0002,0.00,0.00,0.00
160,8,585891,0.2986,37.13,198.62,1434,1456,0,0,0,5,0,0,0,0,-28.0,0,1,0,0,0,0,4,0.0002,0.00,0.00,0.00
160.25,8,585891,0.2986,36.96,198.84,1464,1465,1,1,0,4,0,0,0,0,23.2,0,1,0,0,0,0,4,0.0002,1.66,16.21,39.72
160.5,8,585871,0.2987,36.77,198.93,1465,1446,1,1,0,6,0,0,0,0,23.2,0,1,0,0,0,0,4,0.0001,0.00,0.00,0.00
160.75,8,585884,0.2987,36.56,199.10,1461,1474,0,0,0,6,0,0,0,0,23.2,0,1,0,0,0,0,4,0.0001,0.00,0.00,0.00
161,8,585846,0.2987,36.46,199.22,1456,1420,0,2,0,5,0,0,0,0,23.2,0,1,0,0,0,0,4,0.0001,0.00,0.00,0.00
161.25,8,585789,0.2987,36.26,199.29,1483,1428,0,2,0,4,0,0,0,0,23.2,0,1,0,0,0,0,4,0.0001,0.00,0.00,0.00
161.5,8,585717,0.2988,36.04,199.37,1491,1420,1,1,0,5,0,0,0,0,23.2,0,1,0,0,0,0,4,0.0001,0.00,0.00,0.00
161.75,8,585757,0.2988,35.85,199.46,1393,1434,2,1,0,7,0,0,0,0,23.2,0,1,0,0,0,0,4,0.0000,0.00,0.00,0.00
162,8,585746,0.2988,35.66,199.52,1403,1394,2,2,0,3,0,0,0,0,23.2,0,1,0,0,0,0,3,0.0003,0.00,0.00,0.00
162.25,8,585774,0.2988,35.42,199.57,1445,1475,1,2,0,5,0,0,0,0,23.2,0,1,0,0,0,0,4,0.0003,1.33,13.29,38.89
162.5,8,585752,0.2988,35.11,199.59,1389,1371,0,4,0,5,0,0,0,0,23.2,0,1,0,0,0,0,4,0.0002,0.00,0.00,0.00
162.75,8,585710,0.2988,37.83,199.59,1437,1395,23634,0,0,4,0,0,0,0,23.2,0,1,0,0,0,0,4,0.0002,0.00,0.00,0.00
163,8,585557,0.2989,36.46,199.61,1561,1409,0,1,0,6,0,0,0,0,23.2,0,1,0,0,0,0,4,0.0001,0.00,0.00,0.00
163.25,8,585546,0.2989,35.97,199.64,1462,1451,0,0,0,5,0,0,0,0,23.2,0,1,0,0,0,0,4,0.0001,0.00,0.00,0.00
163.5,8,585461,0.2990,36.14,199.65,1533,1449,1,1,0,5,0,0,0,0,23.2,0,1,0,0,0,0,4,0.0000,0.00,0.00,0.00
163.75,8,585350,0.2990,36.54,199.67,1522,1413,1,2,0,4,0,0,0,0,23.2,0,1,0,0,0,0,3,0.0003,0.00,0.00,0.00
164,8,585296,0.2991,37.00,199.63,1491,1437,1,0,0,4,0,0,0,0,23.2,0,1,0,0,0,0,4,0.0002,0.00,0.00,0.00
164.25,8,585230,0.2991,37.46,199.66,1454,1389,1,1,0,6,0,0,0,0,23.2,0,1,0,0,0,0,4,0.0002,1.78,12.57,35.06
164.5,8,585224,0.2991,37.87,199.67,1461,1455,0,0,0,5,0,0,0,0,23.2,0,1,0,0,0,0,4,0.0001,0.00,0.00,0.00
164.75,8,585197,0.2991,38.29,199.64,1427,1402,0,2,0,7,0,0,0,0,23.2,0,1,0,0,0,0,4,0.0001,0.00,0.00,0.00
165,8,585031,0.2992,38.68,199.65,1566,1400,0,0,0,4,0,0,0,0,23.2,0,1,0,0,0,0,3,0.0003,0.00,0.00,0.00
165.25,8,585040,0.2992,39.04,199.63,1379,1389,0,1,0,5,0,0,0,0,23.2,0,1,0,0,0,0,4,0.0002,0.00,0.00,0.00
165.5,8,585003,0.2993,39.38,199.56,1495,1459,0,1,1,4,0,0,0,0,23.2,0,1,0,0,0,0,4,0.0001,0.00,0.00,0.00
165.75,8,584931,0.2993,39.70,199.51,1491,1419,0,0,0,7,0,0,0,0,23.2,0,1,0,0,0,0,4,0.0001,0.00,0.00,0.00
166,8,584894,0.2993,40.02,199.44,1438,1401,0,0,0,6,0,0,0,0,23.2,0,1,0,0,0,0,3,0.0003,0.00,0.00,0.00
166.25,8,584905,0.2994,40.34,199.42,1424,1435,0,0,0,7,0,0,0,0,23.2,0,1,0,0,0,0,4,0.0002,2.44,14.48,39.65
166.5,8,584862,0.2994,40.60,199.40,1495,1453,0,1,1,7,0,0,0,0,23.2,0,1,0,0,0,0,4,0.0001,0.00,0.00,0.00
166.75,8,584761,0.2994,40.85,199.42,1511,1410,1,0,0,5,0,0,1,0,23.2,0,1,0,0,0,0,4,0.0000,0.00,0.00,0.00
167,8,584756,0.2995,41.09,199.45,1441,1437,0,1,0,6,0,0,0,0,23.2,0,1,0,0,0,0,3,0.0002,0.00,0.00,0.00
167.25,8,584682,0.2995,41.30,199.48,1516,1442,0,0,0,5,0,0,0,0,23.2,0,1,0,0,0,0,4,0.0001,0.00,0.00,0.00
167.5,8,584580,0.2996,41.45,199.54,1502,1400,0,0,0,5,0,0,0,0,23.2,0,1,0,0,0,0,4,0.0001,0.00,0.00,0.00
167.75,8,584470,0.2996,41.58,199.58,1513,1403,0,0,0,4,0,0,0,0,23.2,0,1,0,0,0,0,3,0.0002,0.00,0.00,0.00
168,8,584437,0.2997,41.66,199.62,1450,1417,0,0,0,5,0,0,0,0,23.2,0,1,0,0,0,0,4,0.0001,0.00,0.00,0.00
168.25,8,584432,0.2997,41.76,199.66,1384,1379,0,0,0,6,0,0,0,0,23.2,0,1,0,0,0,0,4,0.0000,4.34,17.71,46.37
168.5,8,584347,0.2997,41.79,199.68,1519,1434,0,0,0,4,0,0,0,0,23.2,0,1,0,0,0,0,3,0.0002,0.00,0.00,0.00
168.75,8,584305,0.2998,41.84,199.71,1370,1328,0,0,0,5,0,0,0,0,23.2,0,1,0,0,0,0,4,0.0001,0.00,0.00,0.00
169,8,584218,0.2998,41.82,199.75,1472,1385,0,0,0,3,0,0,0,0,23.2,0,1,0,0,0,0,3,0.0003,0.00,0.00,0.00
169.25,8,584204,0.2998,41.84,199.76,1393,1380,0,1,0,5,0,0,0,0,23.2,0,1,0,0,0,0,4,0.0002,0.00,0.00,0.00
169.5,8,584107,0.2999,41.80,199.79,1460,1364,0,1,0,5,0,0,0,0,23.2,0,1,0,0,0,0,4,0.0001,0.00,0.00,0.00
169.75,8,584029,0.2999,41.76,199.82,1385,1307,0,0,0,4,0,0,0,0,23.2,0,1,0,0,0,0,3,0.0002,0.00,0.00,0.00
170,8,583986,0.3000,41.68,199.85,1407,1364,1,0,0,4,0,0,0,0,23.2,0,1,0,0,0,0,4,0.0001,0.00,0.00,0.00
170.25,8,583902,0.3000,41.57,199.86,1432,1348,0,0,0,4,0,0,0,0,26.7,0,1,0,0,0,0,3,0.0003,3.83,15.07,48.08
170.5,8,583841,0.3001,41.46,199.88,1414,1354,0,1,0,4,0,0,0,0,26.7,0,1,0,0,0,0,4,0.0001,0.00,0.00,0.00
170.75,8,583750,0.3001,41.40,199.88,1422,1333,0,2,0,5,0,0,0,0,26.7,0,1,0,0,0,0,4,0.0000,0.00,0.00,0.00
171,8,583746,0.3001,41.32,199.89,1343,1339,0,0,0,3,0,0,0,0,26.7,0,1,0,0,0,0,3,0.0002,0.00,0.00,0.00
171.25,8,583655,0.3002,41.23,199.87,1414,1324,0,1,0,4,0,0,0,0,26.7,0,1,0,0,0,0,4,0.0000,0.00,0.00,0.00
171.5,7,583607,0.3002,42.00,199.85,1376,1328,0,0,0,5,0,1,0,0,26.7,0,0,0,0,1,0,3,0.0002,0.00,0.00,0.00
171.75,7,583551,0.3002,41.60,199.38,1349,1293,0,0,0,5,0,0,0,0,26.7,0,0,0,0,0,0,4,0.0000,0.00,0.00,0.00
172,7,583453,0.3003,41.26,199.28,1405,1308,1,1,0,5,0,0,0,0,26.7,0,0,0,0,0,0,3,0.0002,0.00,0.00,0.00
172.25,7,583390,0.3004,40.95,199.22,1331,1268,0,0,0,7,0,0,0,0,26.7,0,0,0,0,0,0,4,0.0000,4.17,16.37,59.46
172.5,7,583377,0.3004,40.68,199.21,1305,1292,0,0,0,4,0,0,0,0,26.7,0,0,0,0,0,0,3,0.0002,0.00,0.00,0.00
172.75,7,583325,0.3004,40.44,199.23,1342,1292,0,2,0,5,0,0,0,0,26.7,0,0,0,0,0,0,4,0.0000,0.00,0.00,0.00
173,7,583294,0.3004,40.21,199.25,1323,1293,0,1,0,3,0,0,0,0,26.7,0,0,0,0,0,0,3,0.0002,0.00,0.00,0.00
173.25,7,583256,0.3005,39.99,199.33,1317,1280,1,1,0,6,0,0,0,0,26.7,0,0,0,0,0,0,4,0.0000,0.00,0.00,0.00
173.5,7,583240,0.3005,39.67,199.39,1336,1320,0,0,0,5,0,0,0,0,26.7,0,0,0,0,0,0,3,0.0002,0.00,0.00,0.00
173.75,7,583178,0.3005,39.34,199.47,1276,1214,1,0,0,4,0,0,0,0,26.7,0,0,0,0,0,0,4,0.0000,0.00,0.00,0.00
174,7,583142,0.3005,38.98,199.54,1318,1282,1,0,0,3,0,0,0,0,26.7,0,0,0,0,0,0,3,0.0001,0.00,0.00,0.00
174.25,7,583121,0.3005,38.46,199.60,1273,1254,0,2,0,3,0,0,0,0,26.7,0,0,0,0,0,0,3,0.0003,3.99,18.28,45.91
174.5,7,583096,0.3006,37.81,199.62,1247,1223,1,1,0,5,0,0,0,0,26.7,0,0,0,0,0,0,4,0.0001,0.00,0.00,0.00
174.75,7,583063,0.3006,37.06,199.66,1225,1193,0,1,0,3,0,0,0,0,26.7,0,0,0,0,0,0,3,0.0002,0.00,0.00,0.00
175,7,583071,0.3006,36.19,199.71,1210,1218,0,0,0,5,0,0,0,0,26.7,0,0,0,0,0,0,4,0.0001,0.00,0.00,0.00
175.25,7,583001,0.3006,35.23,199.75,1232,1162,0,0,0,4,0,0,0,0,26.7,0,0,0,0,0,0,3,0.0002,0.00,0.00,0.00
175.5,7,582967,0.3007,34.16,199.75,1155,1121,1,0,0,6,0,0,0,0,26.7,0,0,0,0,0,0,4,0.0000,0.00,0.00,0.00
175.75,7,583034,0.3006,33.17,199.79,1122,1190,1,1,0,7,0,0,0,0,26.7,0,0,0,0,0,0,3,0.0001,0.00,0.00,0.00
176,7,582985,0.3007,32.13,199.79,1151,1102,0,0,0,3,0,0,0,0,26.7,0,0,0,0,0,0,3,0.0003,0.00,0.00,0.00
176.25,7,583064,0.3006,31.22,199.80,1020,1100,0,1,0,5,0,0,0,1,26.7,0,0,0,0,0,0,4,0.0001,5.15,38.68,78.90
176.5,7,583072,0.3006,30.53,199.77,1071,1080,2,1,0,5,0,0,0,1,26.7,0,0,0,0,0,0,3,0.0002,0.00,0.00,0.00
176.75,7,583119,0.3006,29.78,199.79,1001,1051,1,3,0,5,0,0,0,1,26.7,0,0,0,0,0,0,4,0.0000,0.00,0.00,0.00
177,7,583049,0.3007,29.04,199.77,1062,995,0,3,0,3,0,0,0,1,26.7,0,0,0,0,0,0,3,0.0001,0.00,0.00,0.00
177.25,7,583125,0.3006,28.71,199.76,952,1031,2,3,0,5,0,0,0,1,26.7,0,0,0,0,0,0,3,0.0003,0.00,0.00,0.00
177.5,7,583104,0.3006,28.78,199.72,1026,1006,1,1,0,4,0,0,0,1,26.7,0,0,0,0,0,0,4,0.0001,0.00,0.00,0.00
177.75,7,583111,0.3006,29.00,199.66,968,975,0,0,0,5,0,0,0,1,26.7,0,0,0,0,0,0,3,0.0002,0.00,0.00,0.00
178,7,583120,0.3006,29.28,199.64,1019,1030,0,2,0,4,0,0,0,1,26.7,0,0,0,0,0,0,4,0.0000,0.00,0.00,0.00
178.25,7,583063,0.3007,29.59,199.61,1023,967,0,1,0,6,0,0,0,1,26.7,0,0,0,0,0,0,3,0.0001,7.33,21.88,40.75
178.5,7,583147,0.3006,29.90,143.44,964,1049,0,1,0,4,0,0,0,1,26.7,0,0,0,0,0,0,3,0.0002,0.00,0.00,0.00
178.75,7,583173,0.3006,30.24,142.96,1023,1049,0,0,0,5,0,0,0,1,26.7,0,0,0,0,0,0,4,0.0000,0.00,0.00,0.00
179,7,583154,0.3006,30.58,143.99,1026,1007,0,0,0,3,0,0,0,1,26.7,0,0,0,0,0,0,3,0.0002,0.00,0.00,0.00
179.25,8,583182,0.3006,30.94,144.47,987,1016,0,1,0,4,1,0,0,0,26.7,0,0,0,0,0,0,3,0.0003,0.00,0.00,0.00
179.5,8,583176,0.3007,32.97,144.99,1008,1002,0,0,0,6,0,0,5,0,26.7,0,0,0,0,0,0,4,0.0001,0.00,0.00,0.00
179.75,8,582938,0.3008,32.95,146.11,1290,1059,0,7,0,5,0,0,1,0,26.7,0,0,0,0,0,0,3,0.0002,0.00,0.00,0.00
180,8,582898,0.3008,33.10,146.87,1107,1068,0,1,0,5,0,0,0,0,26.7,0,0,0,0,0,0,3,0.0003,0.00,0.00,0.00
180.25,8,582876,0.3008,34.49,147.26,1145,1125,0,2,0,5,0,0,0,0,-5.7,0,0,0,0,0,0,4,0.0001,5.60,71.93,140.80
180.5,8,582847,0.3008,33.97,147.59,1180,1151,0,0,1,3,0,0,0,0,-5.7,0,0,0,0,0,0,3,0.0002,0.00,0.00,0.00
180.75,8,582841,0.3009,34.09,148.33,1098,1092,0,0,1,4,0,0,0,0,-5.7,0,0,0,0,0,0,3,0.0003,0.00,0.00,0.00
181,8,582797,0.3009,33.53,148.59,1216,1172,0,0,1,6,0,0,0,0,-5.7,0,0,0,0,0,0,4,0.0001,0.00,0.00,0.00
181.25,8,582761,0.3009,33.61,148.83,1162,1126,0,0,0,3,0,0,0,0,-5.7,0,0,0,0,0,0,3,0.0002,0.00,0.00,0.00
181.5,8,582804,0.3009,33.25,149.13,1118,1161,0,0,3,3,0,0,0,0,-5.7,0,0,0,0,0,0,3,0.0002,0.00,0.00,0.00
181.75,8,582803,0.3009,33.69,148.91,1150,1149,1,0,0,5,0,0,0,0,-5.7,0,0,0,0,0,0,4,0.0000,0.00,0.00,0.00
182,8,582826,0.3009,33.33,149.05,1166,1190,1,1,3,4,0,0,0,0,-5.7,0,0,0,0,0,0,3,0.0001,0.00,0.00,0.00
182.25,8,582812,0.3009,33.64,149.28,1181,1168,1,1,0,5,0,0,0,0,-5.7,0,0,0,0,0,0,3,0.0002,6.22,23.21,53.38
182.5,8,582867,0.3009,33.77,147.14,1137,1192,1,0,0,4,0,0,0,0,-5.7,0,0,0,0,0,0,3,0.0003,0.00,0.00,0.00
182.75,8,582894,0.3009,34.54,132.45,1147,1175,0,1,0,4,0,0,0,0,-5.7,0,0,0,0,0,0,4,0.0001,0.00,0.00,0.00
183,8,582882,0.3009,34.04,126.70,1198,1186,2,0,1,3,0,0,0,0,-5.7,0,0,0,0,0,0,3,0.0001,0.00,0.00,0.00
183.25,8,582878,0.3009,34.38,126.05,1174,1171,1,1,5,5,0,0,0,0,-5.7,0,0,0,0,0,0,3,0.0002,0.00,0.00,0.00
183.5,8,582913,0.3009,34.06,125.66,1122,1158,0,1,3,4,0,0,0,0,-5.7,0,0,0,0,0,0,3,0.0003,0.00,0.00,0.00
183.75,8,582871,0.3009,34.72,125.52,1164,1123,2,1,3,5,0,0,0,0,-5.7,0,0,0,0,0,0,4,0.0001,0.00,0.00,0.00
184,8,582898,0.3009,34.54,125.54,1123,1150,2,0,0,4,0,0,0,0,-5.7,0,0,0,0,0,0,3,0.0001,0.00,0.00,0.00
184.25,8,582913,0.3009,35.19,124.97,1147,1164,1,2,1,4,0,0,0,0,-5.7,0,0,0,0,0,0,3,0.0002,5.96,29.60,70.29
184.5,8,582847,0.3009,34.83,124.04,1166,1102,2,2,0,3,0,0,0,0,-5.7,0,0,0,0,0,0,3,0.0003,0.00,0.00,0.00
184.75,8,582800,0.3009,35.07,123.33,1196,1151,0,2,1,6,0,0,0,0,-5.7,0,0,0,0,0,0,4,0.0000,0.00,0.00,0.00
185,8,582767,0.3010,34.53,122.82,1168,1136,1,1,7,5,0,0,0,0,-5.7,0,0,0,0,0,0,3,0.0001,0.00,0.00,0.00
185.25,8,582728,0.3010,34.14,122.73,1170,1133,4,2,4,6,0,0,0,0,-5.7,0,0,0,0,0,0,3,0.0002,0.00,0.00,0.00
185.5,8,582748,0.3009,33.40,122.98,1131,1156,5,5,13,3,0,0,0,0,-5.7,0,0,0,0,0,0,3,0.0002,0.00,0.00,0.00
185.75,8,582682,0.3009,32.85,124.26,1177,1121,6,10,20,3,0,0,0,0,-5.7,0,0,0,0,0,0,3,0.0003,0.00,0.00,0.00
186,8,582625,0.3009,31.92,125.91,1154,1107,5,10,12,4,0,0,0,0,-5.7,0,0,0,0,0,0,4,0.0000,0.00,0.00,0.00
186.25,8,582541,0.3009,31.24,127.43,1188,1116,6,13,8,3,0,0,0,0,-5.7,0,0,0,0,0,0,3,0.0001,8.74,67.14,407.97
186.5,8,582541,0.3009,30.45,129.58,1111,1124,9,13,8,3,0,0,0,0,-5.7,0,0,0,0,0,0,3,0.0002,0.00,0.00,0.00
186.75,8,582542,0.3009,29.79,132.67,1062,1075,2,12,3,4,0,0,0,0,-5.7,0,0,0,0,0,0,3,0.0002,0.00,0.00,0.00
187,8,582563,0.3009,29.13,135.26,1066,1099,5,12,0,4,0,0,0,0,-5.7,0,0,0,0,0,0,4,0.0000,0.00,0.00,0.00
187.25,8,582604,0.3008,28.52,140.41,1018,1080,4,21,1,5,0,0,0,0,-5.7,0,0,0,0,0,0,3,0.0001,0.00,0.00,0.00
187.5,8,582627,0.3008,28.11,145.91,1047,1089,4,19,3,5,0,0,0,0,-5.7,0,0,0,0,0,0,3,0.0002,0.00,0.00,0.00
187.75,8,582588,0.3008,27.75,152.02,1035,1012,2,16,1,8,0,0,0,0,-5.7,0,0,0,0,0,0,4,0.0000,0.00,0.00,0.00
188,8,582646,0.3007,27.71,157.08,997,1071,1,16,2,5,0,0,0,0,-5.7,0,0,0,0,0,0,3,0.0001,0.00,0.00,0.00
188.25,8,582656,0.3007,27.92,162.14,1044,1068,0,14,0,3,0,0,0,0,-5.7,0,0,0,0,0,0,3,0.0002,8.57,67.15,341.69
188.5,8,582640,0.3007,28.24,166.38,1024,1023,2,15,1,6,0,0,0,0,-5.7,0,0,0,0,0,0,4,0.0001,0.00,0.00,0.00
188.75,8,582636,0.3007,28.79,168.77,1048,1052,1,8,5,3,0,0,0,0,-5.7,0,0,0,0,0,0,3,0.0002,0.00,0.00,0.00
189,8,582625,0.3007,29.11,170.22,1023,1023,5,11,2,4,0,0,0,0,-5.7,0,0,0,0,0,0,4,0.0000,0.00,0.00,0.00
189.25,8,582672,0.3006,29.60,171.20,990,1047,1,10,5,4,0,0,0,0,-5.7,0,0,0,0,0,0,3,0.0002,0.00,0.00,0.00
189.5,8,582661,0.3006,30.49,171.51,1009,1009,1892,11,4,5,0,0,0,0,-5.7,0,0,0,0,0,0,4,0.0000,0.00,0.00,0.00
189.75,8,582642,0.3006,31.10,172.33,1026,1016,1,9,2,4,0,0,0,0,-5.7,0,0,0,0,0,0,3,0.0002,0.00,0.00,0.00
190,8,582635,0.3006,32.30,171.33,1026,1029,1,10,4,6,0,0,0,0,-5.7,0,0,0,0,0,0,4,0.0000,0.00,0.00,0.00
190.25,8,582707,0.3006,33.04,170.22,1022,1105,1,11,4,4,0,0,0,0,-40.8,0,0,0,0,0,0,3,0.0002,6.34,40.98,225.54
190.5,8,582790,0.3005,33.98,170.80,993,1086,2,10,1,5,0,0,0,0,-40.8,0,0,0,0,0,0,4,0.0001,0.00,0.00,0.00
190.75,8,582811,0.3005,34.54,170.91,1047,1078,2,10,5,3,0,0,0,0,-40.8,0,0,0,0,0,0,3,0.0002,0.00,0.00,0.00
191,8,582816,0.3004,35.46,173.02,1053,1078,0,20,2,7,0,0,0,0,-40.8,0,0,0,0,0,0,4,0.0001,0.00,0.00,0.00
191.25,8,582872,0.3004,35.98,174.57,1057,1120,1,7,6,4,0,0,0,0,-40.8,0,0,0,0,0,0,4,0.0000,0.00,0.00,0.00
191.5,8,582927,0.3004,36.37,175.97,1032,1092,0,5,2,3,0,0,0,0,-40.8,0,0,0,0,0,0,3,0.0002,0.00,0.00,0.00
191.75,8,582928,0.3004,36.71,176.01,1108,1120,1,11,1,6,0,0,0,0,-40.8,0,0,0,0,0,0,4,0.0001,0.00,0.00,0.00
192,8,582905,0.3003,37.39,177.40,1147,1139,2,15,1,4,0,0,0,0,-40.8,0,0,0,0,0,0,4,0.0000,0.00,0.00,0.00
192.25,8,582911,0.3003,37.65,175.90,1174,1188,0,8,2,5,0,0,0,0,-40.8,0,0,0,0,0,0,3,0.0002,10.59,45.99,267.65
192.5,8,582911,0.3003,38.08,177.12,1151,1159,0,8,0,4,0,0,0,0,-40.8,0,0,0,0,0,0,4,0.0001,0.00,0.00,0.00
192.75,8,582865,0.3004,38.52,177.80,1239,1198,3,5,1,8,0,0,0,0,-40.8,0,0,0,0,0,0,4,0.0000,0.00,0.00,0.00
193,8,582852,0.3004,38.87,179.38,1176,1174,0,11,1,4,0,0,0,0,-40.8,0,0,0,0,0,0,3,0.0002,0.00,0.00,0.00
193.25,8,582865,0.3003,39.02,179.17,1175,1196,0,8,0,6,0,0,0,0,-40.8,0,0,0,0,0,0,4,0.0002,0.00,0.00,0.00
193.5,8,582859,0.3003,39.18,179.26,1212,1219,1,13,0,4,0,0,0,0,-40.8,0,0,0,0,0,0,4,0.0001,0.00,0.00,0.00
193.75,8,582757,0.3004,38.94,179.22,1270,1174,0,6,0,6,0,0,0,0,-40.8,0,0,0,0,0,0,4,0.0000,0.00,0.00,0.00
194,8,582783,0.3004,38.93,180.01,1219,1253,2,8,1,4,0,0,0,0,-40.8,0,0,0,0,0,0,3,0.0002,0.00,0.00,0.00
194.25,8,582776,0.3004,38.51,180.90,1217,1221,1,11,0,5,0,0,0,0,-40.8,0,0,0,0,0,0,4,0.0002,12.02,47.82,203.82
194.5,8,582717,0.3004,38.26,182.72,1223,1170,1,6,0,4,0,0,0,0,-40.8,0,0,0,0,0,0,4,0.0001,0.00,0.00,0.00
194.75,8,582671,0.3004,37.81,182.10,1257,1218,2,7,0,5,0,0,0,0,-40.8,0,0,0,0,0,0,4,0.0000,0.00,0.00,0.00
195,8,582632,0.3004,37.54,181.90,1209,1179,0,9,0,5,0,0,0,0,-40.8,0,0,0,0,0,0,3,0.0003,0.00,0.00,0.00
195.25,8,582637,0.3004,36.30,182.61,1215,1225,2,5,0,6,0,0,0,0,-40.8,0,0,0,0,0,0,4,0.0002,0.00,0.00,0.00
195.5,8,582567,0.3005,36.32,183.38,1219,1153,1,4,1,7,0,0,0,0,-40.8,0,0,0,0,0,0,4,0.0001,0.00,0.00,0.00
195.75,8,582578,0.3005,36.25,184.62,1167,1182,2,4,0,6,0,0,0,0,-40.8,0,0,0,0,0,0,4,0.0001,0.00,0.00,0.00
196,8,582597,0.3004,36.62,185.43,1213,1237,3,6,0,4,0,0,0,0,-40.8,0,0,0,0,0,0,3,0.0003,0.00,0.00,0.00
196.25,8,582559,0.3005,35.82,186.14,1175,1142,1,5,0,4,0,0,0,0,-40.8,0,0,0,0,0,0,4,0.0002,5.98,46.89,221.62
196.5,8,582558,0.3005,36.64,187.43,1174,1183,3,10,0,5,0,0,0,0,-40.8,0,0,0,0,0,0,4,0.0001,0.00,0.00,0.00
196.75,8,582560,0.3004,37.15,189.11,1178,1192,0,12,1,6,0,0,0,0,-40.8,0,0,0,0,0,0,4,0.0001,0.00,0.00,0.00
197,8,582568,0.3004,37.41,190.68,1199,1213,0,6,0,6,0,0,0,0,-40.8,0,0,0,0,0,0,4,0.0000,0.00,0.00,0.00
197.25,8,582544,0.3004,37.31,192.13,1168,1148,0,4,0,5,0,0,0,0,-40.8,0,0,0,0,0,0,3,0.0003,0.00,0.00,0.00
197.5,8,582518,0.3005,37.30,193.37,1173,1160,1,13,0,7,0,0,0,0,-40.8,0,0,0,0,0,0,4,0.0002,0.00,0.00,0.00
197.75,8,582562,0.3004,35.32,193.65,1138,1183,1,1,0,5,0,0,0,0,-40.8,0,0,0,0,0,0,4,0.0001,0.00,0.00,0.00
198,8,582585,0.3004,33.99,194.65,1087,1122,2,12,0,6,0,0,0,0,-40.8,0,0,0,0,0,0,4,0.0001,0.00,0.00,0.00
198.25,8,582571,0.3004,33.36,193.56,1094,1090,0,10,0,4,0,0,0,0,-40.8,0,0,0,0,0,0,4,0.0000,12.41,46.83,201.74
198.5,8,582526,0.3004,32.26,194.51,1151,1117,3,11,0,3,0,0,0,0,-40.8,0,0,0,0,0,0,3,0.0003,0.00,0.00,0.00
198.75,8,582546,0.3004,30.84,194.11,1037,1064,3,7,0,4,0,0,0,0,-40.8,0,0,0,0,0,0,4,0.0003,0.00,0.00,0.00
199,8,582490,0.3004,28.94,193.25,1113,1068,1,11,0,5,0,0,0,0,-40.8,0,0,0,0,0,0,4,0.0002,0.00,0.00,0.00
199.25,8,582452,0.3004,28.06,194.15,1013,980,1,5,0,6,0,0,0,0,-40.8,0,0,0,0,0,0,4,0.0002,0.00,0.00,0.00
199.5,8,582442,0.3004,27.02,195.04,961,962,2,11,0,4,0,0,0,0,-40.8,0,0,0,0,0,0,4,0.0002,0.00,0.00,0.00
199.75,8,582479,0.3004,25.84,193.40,912,962,0,13,0,5,0,0,0,0,-40.8,0,0,0,0,0,0,4,0.0001,0.00,0.00,0.00
200,8,582453,0.3004,24.82,194.32,982,961,1,5,0,5,0,0,0,0,-40.8,0,0,0,0,0,0,4,0.0001,0.00,0.00,0.00
200.25,8,582440,0.3004,23.81,194.78,954,950,1,9,0,6,0,0,0,0,-35.8,0,0,0,0,0,0,4,0.0001,9.79,63.54,191.62
200.5,8,582441,0.3004,22.93,195.60,913,925,3,11,0,6,0,0,0,0,-35.8,0,0,0,0,0,0,4,0.0001,0.00,0.00,0.00
200.75,8,582461,0.3004,22.20,196.06,861,886,0,5,0,7,0,0,0,0,-35.8,0,0,0,0,0,0,4,0.0001,0.00,0.00,0.00
201,8,582492,0.3004,21.58,196.38,849,887,0,7,0,5,0,0,0,0,-35.8,0,0,0,0,0,0,4,0.0001,0.00,0.00,0.00
201.25,8,582492,0.3004,21.29,195.74,874,881,0,7,0,6,0,0,0,0,-35.8,0,0,0,0,0,0,4,0.0000,0.00,0.00,0.00
201.5,8,582483,0.3004,21.10,196.40,851,849,2,7,0,5,0,0,0,0,-35.8,0,0,0,0,0,0,4,0.0000,0.00,0.00,0.00
201.75,8,582437,0.3004,21.24,196.86,891,851,2,6,0,6,0,0,0,0,-35.8,0,0,0,0,0,0,4,0.0000,0.00,0.00,0.00
202,8,582435,0.3004,21.51,197.35,863,867,0,6,0,4,0,0,0,0,-35.8,0,0,0,0,0,0,4,0.0000,0.00,0.00,0.00
202.25,8,582450,0.3004,22.28,197.77,896,914,1,3,0,4,0,0,0,0,-35.8,0,0,0,0,0,0,4,0.0000,7.90,54.84,156.08
202.5,8,582517,0.3004,22.87,198.07,865,936,1,4,0,5,0,0,0,0,-35.8,0,0,0,0,0,0,3,0.0003,0.00,0.00,0.00
202.75,8,582552,0.3004,23.57,198.30,933,974,0,6,0,6,0,0,0,0,-35.8,0,0,0,0,0,0,4,0.0003,0.00,0.00,0.00
203,8,582615,0.3003,24.50,198.57,915,979,2,1,0,5,0,0,0,0,-35.8,0,0,0,0,0,0,4,0.0003,0.00,0.00,0.00
203.25,8,582608,0.3003,25.37,198.75,948,945,0,4,0,4,0,0,0,0,-35.8,0,0,0,0,0,0,4,0.0003,0.00,0.00,0.00
203.5,8,582683,0.3003,26.13,198.85,943,1022,0,4,0,5,0,0,0,0,-35.8,0,0,0,0,0,0,4,0.0002,0.00,0.00,0.00
203.75,8,582674,0.3003,26.50,198.86,1001,995,1,3,0,6,0,0,0,0,-35.8,0,0,0,0,0,0,4,0.0002,0.00,0.00,0.00
204,8,582732,0.3003,27.12,198.99,955,1015,0,2,0,5,0,0,0,0,-35.8,0,0,0,0,0,0,4,0.0002,0.00,0.00,0.00
204.25,8,582795,0.3003,27.54,199.01,970,1035,0,2,0,6,0,0,0,0,-35.8,0,0,0,0,0,0,4,0.0002,8.02,46.03,149.23
204.5,8,582800,0.3003,28.08,199.02,1051,1060,1,4,0,4,0,0,0,0,-35.8,0,0,0,0,0,0,4,0.0002,0.00,0.00,0.00
204.75,8,582823,0.3002,28.16,199.12,1018,1045,0,4,0,4,0,0,0,0,-35.8,0,0,0,0,0,0,4,0.0001,0.00,0.00,0.00
205,8,582855,0.3002,28.62,199.22,1041,1076,36,3,0,5,0,0,0,0,-35.8,0,0,0,0,0,0,4,0.0001,0.00,0.00,0.00
205.25,8,582862,0.3002,28.65,199.28,1074,1083,1,2,0,5,0,0,0,0,-35.8,0,0,0,0,0,0,4,0.0001,0.00,0.00,0.00
205.5,8,582862,0.3002,29.01,199.31,1103,1107,0,4,0,5,0,0,0,0,-35.8,0,0,0,0,0,0,4,0.0001,0.00,0.00,0.00
205.75,8,582913,0.3002,29.15,199.36,1041,1093,3,1,0,4,0,0,0,0,-35.8,0,0,0,0,0,0,4,0.0000,0.00,0.00,0.00
206,8,582961,0.3002,29.52,199.38,1062,1112,0,2,0,3,0,0,0,0,-35.8,0,0,0,0,0,0,3,0.0003,0.00,0.00,0.00
206.25,8,582898,0.3002,29.58,199.42,1130,1068,2,1,0,4,0,0,0,0,-35.8,0,0,0,0,0,0,4,0.0002,7.89,38.08,156.32
206.5,8,582954,0.3002,29.88,199.22,1052,1112,0,4,0,5,0,0,0,0,-35.8,0,0,0,0,0,0,4,0.0002,0.00,0.00,0.00
206.75,8,582976,0.3002,29.82,199.10,1082,1109,0,5,0,5,0,0,0,0,-35.8,0,0,0,0,0,0,4,0.0002,0.00,0.00,0.00
207,8,582962,0.3002,30.01,199.09,1078,1068,1,4,0,5,0,0,0,0,-35.8,0,0,0,0,0,0,4,0.0001,0.00,0.00,0.00
207.25,8,582970,0.3002,29.88,199.01,1123,1134,0,3,0,5,0,0,0,0,-35.8,0,0,0,0,0,0,4,0.0001,0.00,0.00,0.00
207.5,8,583009,0.3002,30.09,199.11,1070,1113,0,4,0,4,0,0,0,0,-35.8,0,0,0,0,0,0,4,0.0001,0.00,0.00,0.00
207.75,8,583046,0.3002,29.95,199.06,1086,1129,1,6,0,5,0,0,0,0,-35.8,0,0,0,0,0,0,4,0.0000,0.00,0.00,0.00
208,8,583016,0.3002,30.39,199.00,1125,1099,2,4,0,3,0,0,0,0,-35.8,0,0,0,0,0,0,3,0.0003,0.00,0.00,0.00
208.25,8,583015,0.3002,29.99,198.15,1083,1091,0,9,0,4,0,0,0,0,-35.8,0,0,0,0,0,0,4,0.0003,6.07,32.07,148.68
208.5,8,583092,0.3001,30.03,198.02,1067,1149,0,5,0,6,0,0,0,0,-35.8,0,0,0,0,0,0,4,0.0002,0.00,0.00,0.00
208.75,8,583080,0.3002,29.50,198.03,1101,1095,0,6,0,5,0,0,0,0,-35.8,0,0,0,0,0,0,4,0.0002,0.00,0.00,0.00
209,8,583047,0.3002,29.32,198.27,1052,1024,3,5,0,5,0,0,0,0,-35.8,0,0,0,0,0,0,4,0.0001,0.00,0.00,0.00
209.25,8,583092,0.3001,28.33,198.53,1021,1070,1,4,0,5,0,0,0,0,-35.8,0,0,0,0,0,0,4,0.0001,0.00,0.00,0.00
209.5,8,583110,0.3001,28.18,198.71,984,1009,1,7,0,5,0,0,0,0,-35.8,0,0,0,0,0,0,4,0.0000,0.00,0.00,0.00
209.75,8,583124,0.3001,27.29,197.48,1011,1030,0,5,0,4,0,0,0,0,-35.8,0,0,0,0,0,0,3,0.0003,0.00,0.00,0.00
210,8,583122,0.3001,27.09,194.89,1014,1017,1,5,1,5,0,0,0,0,-35.8,0,0,0,0,0,0,4,0.0002,0.00,0.00,0.00
210.25,8,583138,0.3001,26.04,195.54,985,1004,0,3,1,5,0,0,0,0,-52.0,0,0,0,0,0,0,4,0.0001,6.45,24.11,157.50
210.5,8,583182,0.3001,25.89,195.16,925,972,0,3,0,5,0,0,0,0,-52.0,0,0,0,0,0,0,4,0.0001,0.00,0.00,0.00
210.75,8,583144,0.3001,25.39,195.88,986,954,1,6,2,5,0,0,0,0,-52.0,0,0,0,0,0,0,4,0.0000,0.00,0.00,0.00
211,8,583123,0.3001,25.47,194.97,980,961,1,2,4,4,0,0,0,0,-52.0,0,0,0,0,0,0,3,0.0003,0.00,0.00,0.00
211.25,8,583115,0.3001,25.16,193.39,1022,1018,2,4,2,5,0,0,0,0,-52.0,0,0,0,0,0,0,4,0.0002,0.00,0.00,0.00
211.5,8,583142,0.3001,25.03,192.26,899,931,1,5,4,4,0,0,0,0,-52.0,0,0,0,0,0,0,4,0.0001,0.00,0.00,0.00
211.75,8,583185,0.3001,24.86,190.83,948,999,2,8,4,7,0,0,0,0,-52.0,0,0,0,0,0,0,4,0.0001,0.00,0.00,0.00
212,8,583200,0.3001,25.17,184.94,934,953,0,4,3,4,0,0,0,0,-52.0,0,0,0,0,0,0,4,0.0000,0.00,0.00,0.00
212.25,8,583225,0.3000,25.22,180.23,974,1005,2,6,4,5,0,0,0,0,-52.0,0,0,0,0,0,0,3,0.0003,8.26,30.74,163.35
212.5,8,583271,0.3000,25.53,177.50,934,985,2,5,4,5,0,0,0,0,-52.0,0,0,0,0,0,0,4,0.0002,0.00,0.00,0.00
212.75,8,583370,0.3000,25.71,173.91,929,1034,2,6,3,4,0,0,0,0,-52.0,0,0,0,0,0,0,4,0.0001,0.00,0.00,0.00
213,8,583331,0.3000,26.12,169.83,1028,994,5,6,2,8,0,0,0,0,-52.0,0,0,0,0,0,0,4,0.0001,0.00,0.00,0.00
213.25,8,583373,0.3000,26.34,166.76,992,1035,1,1,3,4,0,0,0,0,-52.0,0,0,0,0,0,0,4,0.0000,0.00,0.00,0.00
213.5,8,583424,0.2999,26.27,165.84,1018,1079,0,10,1,3,0,0,0,0,-52.0,0,0,0,0,0,0,3,0.0002,0.00,0.00,0.00
213.75,8,583479,0.2999,26.50,163.20,1029,1089,1,5,1,5,0,0,0,0,-52.0,0,0,0,0,0,0,4,0.0002,0.00,0.00,0.00
214,8,583570,0.2998,26.65,162.78,1020,1122,1,11,1,5,0,0,0,0,-52.0,0,0,0,0,0,0,4,0.0001,0.00,0.00,0.00
214.25,8,583574,0.2998,30.16,163.22,1104,1111,40343,3,2,4,0,0,0,0,-52.0,0,0,0,0,0,0,4,0.0001,6.13,36.22,190.25
214.5,8,583192,0.3000,32.89,164.44,1490,1111,1,3,0,5,0,0,0,0,-52.0,0,0,0,0,0,0,4,0.0000,0.00,0.00,0.00
214.75,8,583240,0.3000,35.28,165.90,1281,1335,1,6,0,4,0,0,0,0,-52.0,0,0,0,0,0,0,3,0.0002,0.00,0.00,0.00
215,8,583298,0.3000,37.46,167.97,1404,1466,2,4,0,5,0,0,0,0,-52.0,0,0,0,0,0,0,4,0.0002,0.00,0.00,0.00
215.25,8,583365,0.2999,39.34,170.65,1468,1540,2,5,2,6,0,0,0,0,-52.0,0,0,0,0,0,0,4,0.0001,0.00,0.00,0.00
215.5,8,583362,0.2999,41.07,173.51,1544,1550,0,9,2,5,0,0,0,0,-52.0,0,0,0,0,0,0,4,0.0000,0.00,0.00,0.00
215.75,8,583373,0.2999,42.46,175.31,1589,1603,0,3,2,6,0,0,0,0,-52.0,0,0,0,0,0,0,3,0.0003,0.00,0.00,0.00
216,8,583426,0.2999,43.58,177.23,1547,1603,2,3,1,7,0,0,0,0,-52.0,0,0,0,0,0,0,4,0.0002,0.00,0.00,0.00
216.25,8,583326,0.2999,44.67,178.67,1746,1652,2,6,7,6,0,0,0,0,-52.0,0,0,0,0,0,0,4,0.0001,6.02,33.29,113.34
216.5,8,583097,0.3001,45.60,180.11,1832,1608,1,5,4,4,0,0,0,0,-52.0,0,0,0,0,0,0,4,0.0001,0.00,0.00,0.00
216.75,8,583055,0.3001,46.39,182.45,1700,1661,5,3,6,6,0,0,0,0,-52.0,0,0,0,0,0,0,4,0.0000,0.00,0.00,0.00
217,8,582941,0.3001,47.01,183.90,1781,1676,2,9,4,5,0,0,0,0,-52.0,0,0,0,0,0,0,3,0.0002,0.00,0.00,0.00
217.25,8,582780,0.3002,47.42,185.52,1806,1655,3,10,1,4,0,0,0,0,-52.0,0,0,0,0,0,0,4,0.0002,0.00,0.00,0.00
217.5,8,582692,0.3002,47.82,186.86,1753,1672,4,7,3,6,0,0,0,0,-52.0,0,0,0,0,0,0,4,0.0001,0.00,0.00,0.00
217.75,8,582562,0.3003,47.95,188.51,1782,1657,5,5,1,6,0,0,0,0,-52.0,0,0,0,0,0,0,4,0.0000,0.00,0.00,0.00
218,8,582410,0.3004,47.91,190.14,1765,1621,1,8,2,6,0,0,0,0,-52.0,0,0,0,0,0,0,3,0.0003,0.00,0.00,0.00
218.25,8,582300,0.3004,48.09,191.54,1720,1618,2,8,4,6,0,0,0,0,-52.0,0,0,0,0,0,0,4,0.0002,4.95,32.23,153.21
218.5,8,582220,0.3004,48.08,192.28,1689,1619,3,10,3,5,0,0,0,0,-52.0,0,0,0,0,0,0,4,0.0002,0.00,0.00,0.00
218.75,8,582036,0.3005,48.06,192.90,1748,1577,5,14,4,5,0,0,0,0,-52.0,0,0,0,0,0,0,4,0.0001,0.00,0.00,0.00
219,8,581945,0.3005,47.91,193.27,1640,1565,2,16,4,4,0,0,0,0,-52.0,0,0,0,0,0,0,4,0.0001,0.00,0.00,0.00
219.25,8,581738,0.3006,47.76,193.70,1696,1506,3,18,6,5,0,0,0,0,-52.0,0,0,0,0,0,0,4,0.0000,0.00,0.00,0.00
219.5,8,581561,0.3007,47.17,194.34,1673,1519,1,23,2,5,0,0,0,0,-52.0,0,0,0,0,0,0,4,0.0000,0.00,0.00,0.00
219.75,8,581562,0.3006,46.53,194.96,1515,1530,0,14,5,3,0,0,0,0,-52.0,0,0,0,0,0,0,3,0.0003,0.00,0.00,0.00
220,8,581384,0.3007,45.84,195.59,1595,1431,3,14,4,4,0,0,0,0,-52.0,0,0,0,0,0,0,4,0.0003,0.00,0.00,0.00
220.25,8,581360,0.3007,44.78,196.27,1409,1406,1,21,3,6,0,0,0,0,-24.2,0,0,0,0,0,0,5,0.0000,7.95,37.71,246.82
220.5,8,581260,0.3007,43.94,196.86,1444,1353,9,9,0,5,0,0,0,0,-24.2,0,0,0,0,0,0,4,0.0000,0.00,0.00,0.00
220.75,8,581202,0.3008,43.46,197.33,1402,1351,26048,7,2,5,0,0,0,0,-24.2,0,0,0,0,0,0,4,0.0000,0.00,0.00,0.00
221,8,580833,0.3010,43.26,197.70,1736,1371,5,4,0,5,0,0,0,0,-24.2,0,0,0,0,0,0,4,0.0001,0.00,0.00,0.00
221.25,8,580824,0.3010,44.30,198.04,1529,1533,2,13,2,5,0,0,0,0,-24.2,0,0,0,0,0,0,4,0.0001,0.00,0.00,0.00
221.5,8,580822,0.3009,46.14,198.31,1646,1652,2,8,2,4,0,0,0,0,-24.2,0,0,0,0,0,0,4,0.0001,0.00,0.00,0.00
221.75,8,580734,0.3010,47.75,198.54,1828,1749,3,9,2,5,0,0,0,0,-24.2,0,0,0,0,0,0,4,0.0001,0.00,0.00,0.00
222,9,580616,0.3010,49.23,198.69,1861,1757,2,14,6,9,0,0,0,0,-24.2,1,1,0,0,0,0,4,0.0001,0.00,0.00,0.00
222.25,9,580465,0.3011,50.69,198.73,1913,1773,4,11,3,6,0,0,2,0,-24.2,0,1,0,0,0,0,4,0.0001,6.73,55.62,245.77
222.5,9,580530,0.3010,51.42,198.65,1828,1907,5,14,4,4,0,0,1,0,-24.2,0,1,0,0,0,0,4,0.0002,0.00,0.00,0.00
222.75,9,580487,0.3010,52.12,198.60,1839,1815,3,19,5,5,0,0,0,0,-24.2,0,1,0,0,0,0,4,0.0002,0.00,0.00,0.00
223,9,580247,0.3011,52.51,198.67,2007,1805,4,38,11,7,0,0,0,0,-24.2,0,1,0,0,0,0,4,0.0002,0.00,0.00,0.00
223.25,9,580177,0.3011,54.20,198.63,1939,1897,7,28,4,6,0,0,0,0,-24.2,0,1,0,0,0,0,5,0.0000,0.00,0.00,0.00
223.5,9,580019,0.3011,53.94,198.63,1978,1871,5,51,5,5,0,0,0,0,-24.2,0,1,0,0,0,0,4,0.0001,0.00,0.00,0.00
223.75,9,579879,0.3011,55.02,198.42,2009,1890,6,21,4,5,0,0,0,0,-24.2,0,1,0,0,0,0,4,0.0002,0.00,0.00,0.00
224,9,579737,0.3011,54.52,198.21,1999,1883,5,26,5,7,0,0,0,0,-24.2,0,1,0,0,0,0,5,0.0000,0.00,0.00,0.00
224.25,9,579560,0.3012,55.34,197.97,2032,1883,4,29,2,10,0,0,0,0,-24.2,0,1,0,0,0,0,4,0.0002,11.80,81.70,133.28
224.5,9,579445,0.3012,55.29,198.04,1955,1872,8,32,7,6,0,0,0,0,-24.2,0,1,0,0,0,0,5,0.0000,0.00,0.00,0.00
224.75,9,579350,0.3012,56.03,198.13,1939,1881,5,37,4,4,0,0,0,0,-24.2,0,1,0,0,0,0,4,0.0002,0.00,0.00,0.00
225,9,579330,0.3011,55.54,198.03,1913,1925,4,32,4,5,0,0,0,0,-24.2,0,1,0,0,0,0,5,0.0001,0.00,0.00,0.00
225.25,9,579259,0.3011,55.61,197.92,1890,1856,8,38,1,10,0,0,0,0,-24.2,0,1,0,0,0,0,5,0.0000,0.00,0.00,0.00
225.5,9,579125,0.3011,55.33,197.48,1882,1783,6,35,10,6,0,0,0,0,-24.2,0,1,0,0,0,0,5,0.0000,0.00,0.00,0.00
225.75,9,579092,0.3011,55.95,197.41,1799,1801,9,35,5,6,0,0,0,0,-24.2,0,1,0,0,0,0,4,0.0003,0.00,0.00,0.00
226,9,578947,0.3011,54.83,197.47,1851,1748,5,43,8,5,0,0,0,0,-24.2,0,1,0,0,0,0,5,0.0003,0.00,0.00,0.00
226.25,9,578892,0.3010,54.47,193.38,1759,1740,10,36,13,8,0,0,0,0,-24.2,0,1,0,0,0,0,6,0.0000,10.33,86.79,285.74
226.5,9,578773,0.3010,53.51,191.33,1763,1688,8,44,17,6,0,0,0,0,-24.2,0,1,0,0,0,0,5,0.0001,0.00,0.00,0.00
226.75,9,578716,0.3009,53.45,189.97,1726,1704,14,35,19,5,0,0,0,0,-24.2,0,1,0,0,0,0,5,0.0001,0.00,0.00,0.00
227,9,578592,0.3010,49.46,187.71,1767,1679,61898,37,2,7,0,0,1,0,-24.2,0,1,0,0,0,0,5,0.0002,0.00,0.00,0.00
227.25,9,578094,0.3011,48.54,183.21,2193,1749,11,54,0,8,0,0,1,0,-24.2,0,1,0,0,0,0,6,0.0000,0.00,0.00,0.00
227.5,9,578026,0.3011,47.00,178.03,1878,1883,24,75,0,9,0,0,0,0,-24.2,0,1,0,0,0,0,5,0.0002,0.00,0.00,0.00
227.75,9,578007,0.3010,47.24,170.08,1819,1847,6,47,1,7,0,0,0,0,-24.2,0,1,0,0,0,0,6,0.0001,0.00,0.00,0.00
228,9,578006,0.3009,47.01,152.08,1850,1901,15,53,1,8,0,0,0,0,-24.2,0,1,0,0,0,0,6,0.0000,0.00,0.00,0.00
228.25,9,577926,0.3009,47.70,141.81,1905,1869,6,44,1,7,0,0,0,0,-24.2,0,1,0,0,0,0,5,0.0003,8.42,48.16,272.29
228.5,9,577786,0.3009,47.95,133.80,2011,1908,5,38,0,8,0,0,0,0,-24.2,0,1,0,0,0,0,6,0.0002,0.00,0.00,0.00
228.75,9,577716,0.3009,47.94,128.01,1924,1891,7,37,0,7,0,0,0,0,-24.2,0,1,0,0,0,0,6,0.0002,0.00,0.00,0.00
229,9,577622,0.3009,47.99,129.49,1877,1819,4,36,0,7,0,0,0,0,-24.2,0,1,0,0,0,0,6,0.0002,0.00,0.00,0.00
229.25,9,577608,0.3009,48.30,131.88,1884,1908,3,38,1,9,0,0,0,0,-24.2,0,1,0,0,0,0,6,0.0002,0.00,0.00,0.00
229.5,9,577547,0.3009,47.98,134.21,1930,1896,2,27,0,9,0,0,0,0,-24.2,0,1,0,0,0,0,6,0.0002,0.00,0.00,0.00
229.75,9,577540,0.3008,48.39,136.36,1896,1925,2,36,0,10,0,0,0,0,-24.2,0,1,0,0,0,0,6,0.0002,0.00,0.00,0.00
230,9,577487,0.3008,48.11,138.58,1901,1893,5,46,2,9,0,0,0,0,-24.2,0,1,0,0,0,0,7,0.0000,0.00,0.00,0.00
230.25,9,577397,0.3008,48.50,140.68,1895,1834,3,29,3,12,0,0,0,0,3.3,0,1,0,0,0,0,6,0.0001,6.59,31.44,186.12
230.5,10,577331,0.3008,48.08,142.62,1950,1923,6,39,1,8,0,0,0,0,3.3,1,2,0,0,0,0,6,0.0002,0.00,0.00,0.00
230.75,10,577308,0.3007,47.80,144.35,1889,1902,4,37,2,9,0,0,2,0,3.3,0,2,0,0,0,0,6,0.0003,0.00,0.00,0.00
231,11,577258,0.3007,48.39,145.74,1872,1851,7,29,2,8,0,0,1,0,3.3,1,3,0,0,0,0,7,0.0001,0.00,0.00,0.00
231.25,11,577244,0.3007,44.61,143.02,1882,1899,35328,31,3,7,0,0,1,0,3.3,0,3,0,0,0,0,6,0.0002,0.00,0.00,0.00
231.5,11,577015,0.3007,44.37,145.12,1996,1825,4,58,2,8,0,0,1,0,3.3,0,3,0,0,0,0,7,0.0001,0.00,0.00,0.00
231.75,11,576814,0.3008,39.97,147.41,1906,1747,6,43,6,11,0,0,0,0,3.3,0,3,0,0,0,0,6,0.0003,0.00,0.00,0.00
232,11,576709,0.3008,40.50,149.23,1859,1774,4,21,4,7,0,0,0,0,3.3,0,3,0,0,0,0,7,0.0001,0.00,0.00,0.00
232.25,11,576334,0.3007,37.69,150.69,1978,1771,9,168,7,10,0,0,0,0,3.3,0,3,0,0,0,0,7,0.0001,9.93,29.13,358.32
232.5,11,576219,0.3007,38.81,152.61,1893,1785,2,7,1,11,0,0,0,0,3.3,0,3,0,0,0,0,6,0.0003,0.00,0.00,0.00
232.75,11,576140,0.3008,37.17,158.82,1861,1802,11,20,2,8,0,0,0,0,3.3,0,3,0,0,0,0,7,0.0002,0.00,0.00,0.00
233,11,576055,0.3008,38.71,164.18,1860,1784,1,9,2,8,0,0,0,0,3.3,0,3,0,0,0,0,7,0.0001,0.00,0.00,0.00
233.25,11,576092,0.3008,37.66,168.77,1802,1849,6,10,1,8,0,0,0,0,3.3,0,3,0,0,0,0,7,0.0000,0.00,0.00,0.00
233.5,11,576121,0.3007,39.49,172.86,1829,1878,3,20,3,10,0,0,0,0,3.3,0,3,0,0,0,0,6,0.0003,0.00,0.00,0.00
233.75,11,576155,0.3007,38.18,176.16,1838,1913,3,41,0,9,0,0,0,0,3.3,0,3,0,0,0,0,7,0.0002,0.00,0.00,0.00
234,11,576128,0.3007,39.85,178.90,1909,1892,2,10,2,10,0,0,0,0,3.3,0,3,0,0,0,0,7,0.0001,0.00,0.00,0.00
234.25,11,576166,0.3006,38.99,181.13,1844,1917,4,35,2,11,0,0,0,0,3.3,0,3,0,0,0,0,7,0.0001,5.39,25.32,410.86
234.5,11,576079,0.3006,40.32,183.07,1973,1903,3,17,3,9,0,0,0,0,3.3,0,3,0,0,0,0,7,0.0001,0.00,0.00,0.00
234.75,11,576133,0.3006,40.14,184.61,1918,1986,1,14,1,10,0,0,0,0,3.3,0,3,0,0,0,0,7,0.0000,0.00,0.00,0.00
235,11,576055,0.3006,40.59,185.93,2053,1987,5,12,1,8,0,0,0,0,3.3,0,3,0,0,0,0,6,0.0003,0.00,0.00,0.00
235.25,11,576057,0.3005,40.75,187.08,1930,1991,2,59,2,8,0,0,1,0,3.3,0,3,0,0,0,0,7,0.0003,0.00,0.00,0.00
235.5,11,576093,0.3005,40.60,188.13,2047,2095,6,12,6,10,0,0,1,0,3.3,0,3,0,0,0,0,7,0.0003,0.00,0.00,0.00
235.75,11,576088,0.3005,40.83,188.85,1997,2018,15,26,0,10,0,0,0,0,3.3,0,3,0,0,0,0,7,0.0003,0.00,0.00,0.00
236,11,576105,0.3005,40.84,189.58,2005,2032,5,10,7,9,0,0,0,0,3.3,0,3,0,0,0,0,7,0.0003,0.00,0.00,0.00
236.25,11,576075,0.3005,40.66,189.91,1996,1991,8,25,1,9,0,0,0,1,3.3,0,3,0,0,0,0,7,0.0003,6.27,33.74,236.01
236.5,11,575972,0.3005,41.83,190.45,2114,2029,3,18,1,11,0,0,0,1,3.3,0,3,0,0,0,0,8,0.0000,0.00,0.00,0.00
236.75,11,576006,0.3005,39.69,190.96,1923,1979,10,22,0,8,0,0,1,1,3.3,0,3,0,0,0,0,7,0.0000,0.00,0.00,0.00
237,11,575987,0.3005,41.63,191.38,2009,2007,3,17,3,9,0,0,0,1,3.3,0,3,0,0,0,0,7,0.0001,0.00,0.00,0.00
237.25,11,576033,0.3004,39.72,191.84,1946,2004,7,12,1,14,0,0,0,1,3.3,0,3,0,0,0,0,7,0.0001,0.00,0.00,0.00
237.5,11,576003,0.3004,40.93,192.14,1967,1952,1,15,1,10,0,0,0,1,3.3,0,3,0,0,0,0,7,0.0001,0.00,0.00,0.00
237.75,11,575943,0.3005,38.65,192.53,1980,1931,6,11,2,11,0,0,0,1,3.3,0,3,0,0,0,0,7,0.0001,0.00,0.00,0.00
238,12,575910,0.3005,40.16,192.76,1951,1929,3,11,0,10,0,0,0,1,3.3,1,4,0,0,0,0,7,0.0002,0.00,0.00,0.00
238.25,12,575920,0.3005,39.68,193.02,1907,1934,6,17,2,8,0,0,6,0,3.3,0,4,0,0,0,0,7,0.0002,9.40,34.80,378.01
238.5,12,575846,0.3005,39.36,193.24,1937,1878,4,15,2,9,0,0,1,0,3.3,0,4,0,0,0,0,7,0.0002,0.00,0.00,0.00
238.75,12,575784,0.3005,39.24,193.40,1918,1879,1,23,6,9,0,0,0,0,3.3,0,4,0,0,0,0,7,0.0003,0.00,0.00,0.00
239,12,575718,0.3005,37.68,193.61,1949,1906,6,23,6,9,0,0,0,0,3.3,0,4,0,0,0,0,7,0.0003,0.00,0.00,0.00
239.25,12,575677,0.3005,37.05,193.69,1818,1801,4,24,0,12,0,0,0,0,3.3,0,4,0,0,0,0,8,0.0000,0.00,0.00,0.00
239.5,12,575691,0.3005,37.10,193.77,1739,1770,2,17,3,12,0,0,0,0,3.3,0,4,0,0,0,0,7,0.0000,0.00,0.00,0.00
239.75,12,575688,0.3004,34.87,193.85,1812,1832,4,23,6,10,0,0,0,0,3.3,0,4,0,0,0,0,7,0.0001,0.00,0.00,0.00
240,12,575633,0.3004,35.87,193.72,1757,1723,4,21,1,13,0,0,0,0,3.3,0,4,0,0,0,0,7,0.0001,0.00,0.00,0.00
240.25,12,575532,0.3005,32.68,193.73,1890,1812,8,24,2,12,0,0,0,0,40.5,0,4,0,0,0,0,7,0.0002,7.28,70.50,390.35
240.5,12,575514,0.3005,34.78,193.72,1684,1688,4,23,1,8,0,0,0,0,40.5,0,4,0,0,0,0,7,0.0002,0.00,0.00,0.00
240.75,12,575432,0.3005,32.01,193.66,1774,1722,6,30,5,8,0,0,0,0,40.5,0,4,0,0,0,0,7,0.0003,0.00,0.00,0.00
241,12,575423,0.3004,33.65,193.75,1659,1669,2,19,2,12,0,0,0,0,40.5,0,4,0,0,0,0,8,0.0000,0.00,0.00,0.00
241.25,12,575327,0.3005,30.87,193.39,1736,1665,5,25,2,7,0,0,0,0,40.5,0,4,0,0,0,0,7,0.0001,0.00,0.00,0.00
241.5,12,575396,0.3004,31.86,193.18,1614,1699,4,16,1,10,0,0,0,0,40.5,0,4,0,0,0,0,7,0.0002,0.00,0.00,0.00
241.75,12,575342,0.3004,30.78,188.73,1647,1622,6,29,3,9,0,0,0,0,40.5,0,4,0,0,0,0,7,0.0002,0.00,0.00,0.00
242,12,575456,0.3003,30.57,175.58,1538,1669,1,17,5,10,0,0,0,0,40.5,0,4,0,0,0,0,8,0.0000,0.00,0.00,0.00
242.25,12,575498,0.3003,30.52,178.96,1535,1598,1,21,0,8,0,0,0,0,40.5,0,4,0,0,0,0,7,0.0001,9.85,91.59,407.56
242.5,12,575461,0.3003,30.22,181.34,1572,1554,5,19,1,10,0,0,0,0,40.5,0,4,0,0,0,0,7,0.0002,0.00,0.00,0.00
242.75,12,575437,0.3003,30.80,184.09,1613,1616,1,27,3,8,0,0,0,0,40.5,0,4,0,0,0,0,7,0.0002,0.00,0.00,0.00
243,12,575416,0.3003,30.88,185.46,1614,1613,6,20,3,11,0,0,0,0,40.5,0,4,0,0,0,0,8,0.0000,0.00,0.00,0.00
243.25,12,575405,0.3003,30.75,187.72,1615,1630,6,26,0,12,0,0,0,0,40.5,0,4,0,0,0,0,7,0.0001,0.00,0.00,0.00
243.5,12,575494,0.3002,30.95,189.42,1610,1728,6,29,2,9,0,0,0,0,40.5,0,4,0,0,0,0,7,0.0002,0.00,0.00,0.00
243.75,12,575494,0.3002,30.55,191.00,1687,1707,4,20,1,10,0,0,0,0,40.5,0,4,0,0,0,0,7,0.0003,0.00,0.00,0.00
244,12,575409,0.3002,31.25,192.28,1675,1620,11,30,4,9,0,0,0,0,40.5,0,4,0,0,0,0,8,0.0001,0.00,0.00,0.00
244.25,12,575437,0.3001,30.31,193.43,1690,1746,3,28,2,9,0,0,1,0,40.5,0,4,0,0,0,0,7,0.0002,19.41,96.50,210.46
244.5,12,575481,0.3001,31.77,194.18,1688,1745,4,13,3,8,0,0,0,0,40.5,0,4,0,0,0,0,8,0.0000,0.00,0.00,0.00
244.75,12,575414,0.3001,29.72,192.97,1761,1712,4358,18,1,10,0,0,0,0,40.5,0,4,0,0,0,0,7,0.0001,0.00,0.00,0.00
245,12,575226,0.3002,31.25,190.51,1890,1718,2,16,3,11,0,0,0,0,40.5,0,4,0,0,0,0,7,0.0002,0.00,0.00,0.00
245.25,12,575185,0.3002,29.85,188.81,1808,1778,3,11,0,14,0,0,0,0,40.5,0,4,0,0,0,0,8,0.0000,0.00,0.00,0.00
245.5,12,575157,0.3003,30.62,188.30,1791,1777,10,14,1,10,0,0,0,0,40.5,0,4,0,0,0,0,7,0.0001,0.00,0.00,0.00
245.75,12,575116,0.3003,28.98,188.24,1877,1854,13,19,0,8,0,0,0,0,40.5,0,4,0,0,0,0,7,0.0002,0.00,0.00,0.00
246,12,575038,0.3003,30.16,188.74,1811,1746,46,14,0,13,0,0,0,0,40.5,0,4,0,0,0,0,8,0.0001,0.00,0.00,0.00
246.25,12,574991,0.3003,28.11,189.45,1892,1865,7,21,1,12,0,0,0,0,40.5,0,4,0,0,0,0,7,0.0002,21.89,39.87,389.74
246.5,12,574921,0.3004,29.55,190.41,1823,1771,3,18,0,12,0,0,0,0,40.5,0,4,0,0,0,0,7,0.0003,0.00,0.00,0.00
246.75,12,574921,0.3003,27.97,191.34,1874,1892,6,18,1,9,0,0,0,0,40.5,0,4,0,0,0,0,8,0.0001,0.00,0.00,0.00
247,12,574902,0.3003,29.23,192.30,1817,1816,3,18,1,10,0,0,0,0,40.5,0,4,0,0,0,0,7,0.0002,0.00,0.00,0.00
247.25,12,574836,0.3004,27.97,193.19,1896,1850,6,20,0,12,0,0,0,0,40.5,0,4,0,0,0,0,8,0.0001,0.00,0.00,0.00
247.5,12,574744,0.3004,28.87,194.06,1790,1725,4,27,1,7,0,0,0,0,40.5,0,4,0,0,0,0,7,0.0002,0.00,0.00,0.00
247.75,12,574689,0.3004,28.32,194.82,1851,1820,2,24,0,11,0,0,0,0,40.5,0,4,0,0,0,0,8,0.0001,0.00,0.00,0.00
248,12,574653,0.3004,28.01,195.54,1804,1780,11,14,2,9,0,0,0,0,40.5,0,4,0,0,0,0,7,0.0002,0.00,0.00,0.00
248.25,12,574611,0.3004,28.60,196.11,1815,1796,1,23,1,14,0,0,0,0,40.5,0,4,0,0,0,0,8,0.0001,14.50,46.33,210.58
248.5,12,574521,0.3004,27.43,196.64,1770,1712,6,32,0,12,0,0,0,0,40.5,0,4,0,0,0,0,7,0.0002,0.00,0.00,0.00
248.75,12,574503,0.3004,27.48,197.08,1723,1736,11,31,1,14,0,0,0,0,40.5,0,4,0,0,0,0,8,0.0001,0.00,0.00,0.00
249,13,574462,0.3004,27.91,197.42,1694,1678,9,28,0,13,0,0,0,0,40.5,1,5,0,0,0,0,7,0.0002,0.00,0.00,0.00
249.25,13,574461,0.3004,28.20,197.63,1768,1794,12,29,0,12,0,0,4,0,40.5,0,5,0,0,0,0,8,0.0001,0.00,0.00,0.00
249.5,13,574324,0.3004,27.45,197.95,1794,1685,10,30,0,11,0,0,1,0,40.5,0,5,0,0,0,0,7,0.0002,0.00,0.00,0.00
249.75,13,574242,0.3004,28.32,198.10,1773,1706,14,17,0,10,0,0,0,0,40.5,0,5,0,0,0,0,8,0.0001,0.00,0.00,0.00
250,13,574152,0.3005,27.61,198.33,1828,1757,13,22,2,10,0,0,0,0,40.5,0,5,0,0,0,0,7,0.0002,0.00,0.00,0.00
250.25,13,574157,0.3004,28.62,198.51,1750,1778,8,23,0,14,0,0,2,0,112.6,0,5,0,0,0,0,8,0.0001,9.66,53.57,218.71
250.5,13,574168,0.3004,27.97,198.67,1763,1796,5,22,0,9,0,0,0,0,112.6,0,5,0,0,0,0,7,0.0003,0.00,0.00,0.00
250.75,13,574167,0.3004,28.41,198.82,1788,1809,10,22,0,11,0,0,0,0,112.6,0,5,0,0,0,0,8,0.0001,0.00,0.00,0.00
251,13,574134,0.3004,27.90,198.95,1793,1790,10,30,0,10,0,0,0,0,112.6,0,5,0,0,0,0,7,0.0003,0.00,0.00,0.00
251.25,13,574107,0.3004,28.55,199.01,1725,1717,8,20,1,12,0,0,0,0,112.6,0,5,0,0,0,0,8,0.0001,0.00,0.00,0.00
251.5,13,574100,0.3003,28.06,199.07,1796,1819,4,31,0,10,0,0,0,0,112.6,0,5,0,0,0,0,8,0.0000,0.00,0.00,0.00
251.75,13,574192,0.3003,28.19,199.08,1665,1774,9,17,1,12,0,0,0,0,112.6,0,5,0,0,0,0,7,0.0002,0.00,0.00,0.00
252,13,574202,0.3003,27.94,199.09,1735,1769,2,24,1,9,0,0,0,0,112.6,0,5,0,0,0,0,8,0.0000,0.00,0.00,0.00
252.25,13,574207,0.3002,28.01,199.06,1761,1788,7,22,0,9,0,0,0,0,112.6,0,5,0,0,0,0,7,0.0002,11.01,55.32,204.49
252.5,13,574294,0.3002,27.70,199.11,1695,1799,6,17,0,12,0,0,0,0,112.6,0,5,0,0,0,0,8,0.0000,0.00,0.00,0.00
252.75,13,574323,0.3002,27.80,199.04,1670,1716,10,17,0,13,0,0,0,0,112.6,0,5,0,0,0,0,7,0.0002,0.00,0.00,0.00
253,13,574355,0.3001,27.41,199.01,1665,1717,9,21,0,13,0,0,0,0,112.6,0,5,0,0,0,0,8,0.0001,0.00,0.00,0.00
253.25,13,574378,0.3001,27.28,198.97,1669,1708,6,16,0,11,0,0,0,0,112.6,0,5,0,0,0,0,7,0.0002,0.00,0.00,0.00
253.5,13,574352,0.3001,26.99,198.95,1690,1684,10,20,1,12,0,0,0,0,112.6,0,5,0,0,0,0,8,0.0001,0.00,0.00,0.00
253.75,13,574430,0.3001,26.93,198.90,1577,1670,6,15,2,9,0,0,0,0,112.6,0,5,0,0,0,0,7,0.0003,0.00,0.00,0.00
254,13,574439,0.3001,26.86,198.91,1685,1707,9,13,0,14,0,0,0,0,112.6,0,5,0,0,0,0,8,0.0001,0.00,0.00,0.00
254.25,13,574427,0.3001,26.63,198.79,1639,1649,6,22,3,11,0,0,0,0,112.6,0,5,0,0,0,0,8,0.0000,9.69,57.44,218.19
254.5,13,574478,0.3000,26.51,198.63,1664,1746,8,31,0,12,0,0,0,0,112.6,0,5,0,0,0,0,7,0.0002,0.00,0.00,0.00
254.75,13,574534,0.3000,26.06,198.72,1603,1672,5,14,1,15,0,0,0,0,112.6,0,5,0,0,0,0,8,0.0001,0.00,0.00,0.00
255,13,574606,0.2999,26.02,198.84,1601,1692,7,19,1,11,0,0,0,0,112.6,0,5,0,0,0,0,8,0.0000,0.00,0.00,0.00
255.25,13,574650,0.2999,25.66,198.86,1615,1679,4,20,0,9,0,0,0,0,112.6,0,5,0,0,0,0,7,0.0002,0.00,0.00,0.00
255.5,13,574697,0.2998,25.42,198.85,1598,1663,3,18,0,10,0,0,0,0,112.6,0,5,0,0,0,0,8,0.0001,0.00,0.00,0.00
255.75,13,574762,0.2998,25.13,198.79,1583,1663,5,15,1,12,0,0,0,0,112.6,0,5,0,0,0,0,8,0.0001,0.00,0.00,0.00
256,13,574778,0.2998,25.03,198.85,1625,1651,3,10,0,12,0,0,0,0,112.6,0,5,0,0,0,0,7,0.0003,0.00,0.00,0.00
256.25,13,574793,0.2998,24.43,198.85,1567,1600,6,18,2,11,0,0,0,0,112.6,0,5,0,0,0,0,8,0.0002,9.46,59.88,199.63
256.5,13,574799,0.2998,24.54,198.88,1546,1570,3,19,0,15,0,0,0,0,112.6,0,5,0,0,0,0,8,0.0002,0.00,0.00,0.00
256.75,13,574805,0.2998,24.54,198.82,1516,1541,7,19,0,14,0,0,0,0,112.6,0,5,0,0,0,0,8,0.0001,0.00,0.00,0.00
257,13,574834,0.2998,24.03,198.76,1542,1579,2,8,0,16,0,0,0,0,112.6,0,5,0,0,0,0,8,0.0000,0.00,0.00,0.00
257.25,13,574869,0.2997,24.01,198.64,1538,1592,3,19,1,14,0,0,0,0,112.6,0,5,0,0,0,0,7,0.0003,0.00,0.00,0.00
257.5,13,574979,0.2997,23.78,198.61,1484,1608,4,14,1,14,0,0,0,0,112.6,0,5,0,0,0,0,8,0.0003,0.00,0.00,0.00
257.75,13,574935,0.2997,23.75,198.43,1506,1497,3,35,1,10,0,0,0,0,112.6,0,5,0,0,0,0,8,0.0002,0.00,0.00,0.00
258,13,574895,0.2997,23.65,198.36,1577,1552,5,15,0,11,0,0,0,0,112.6,0,5,0,0,0,0,8,0.0002,0.00,0.00,0.00
258.25,13,574971,0.2996,23.36,198.08,1467,1566,7,23,1,11,0,0,0,0,112.6,0,5,0,0,0,0,8,0.0002,14.36,56.79,191.91
258.5,13,575081,0.2995,23.29,198.04,1437,1567,3,20,0,15,0,0,0,0,112.6,0,5,0,0,0,0,8,0.0002,0.00,0.00,0.00
258.75,13,575153,0.2995,22.99,197.92,1451,1546,7,23,0,11,0,0,0,0,112.6,0,5,0,0,0,0,8,0.0002,0.00,0.00,0.00
259,13,575179,0.2995,23.18,197.78,1473,1515,10,16,1,12,0,0,0,0,112.6,0,5,0,0,0,0,8,0.0002,0.00,0.00,0.00
259.25,13,575252,0.2994,22.73,197.66,1439,1525,12,13,0,13,0,0,0,0,112.6,0,5,0,0,0,0,8,0.0003,0.00,0.00,0.00
259.5,13,575371,0.2994,22.69,197.28,1398,1533,1,16,0,13,0,0,0,0,112.6,0,5,0,0,0,0,8,0.0003,0.00,0.00,0.00
259.75,13,575433,0.2993,22.33,197.26,1433,1519,5,24,0,9,0,0,0,0,112.6,0,5,0,0,0,0,9,0.0000,0.00,0.00,0.00
260,13,575554,0.2993,22.67,197.07,1351,1482,4,10,0,12,0,0,0,0,112.6,0,5,0,0,0,0,8,0.0001,0.00,0.00,0.00
260.25,13,575578,0.2992,22.04,197.05,1430,1480,2,26,0,13,0,0,1,0,135.9,0,5,0,0,0,0,8,0.0001,20.82,57.62,194.45
260.5,13,575606,0.2992,22.44,196.83,1406,1454,0,20,1,11,0,0,0,0,135.9,0,5,0,0,0,0,8,0.0002,0.00,0.00,0.00
260.75,13,575680,0.2992,21.75,196.91,1388,1479,4,17,1,15,0,0,0,0,135.9,0,5,0,0,0,0,8,0.0002,0.00,0.00,0.00
261,13,575751,0.2991,22.50,196.90,1348,1436,2,17,0,12,0,0,0,0,135.9,0,5,0,0,0,0,8,0.0003,0.00,0.00,0.00
261.25,13,575763,0.2991,21.67,196.98,1420,1451,7,19,2,14,0,0,0,0,135.9,0,5,0,0,0,0,9,0.0001,0.00,0.00,0.00
261.5,13,575835,0.2991,22.34,196.43,1365,1452,4,15,1,9,0,0,0,0,135.9,0,5,0,0,0,0,8,0.0001,0.00,0.00,0.00
261.75,13,575852,0.2990,21.78,196.40,1356,1389,4,16,2,13,0,0,0,0,135.9,0,5,0,0,0,0,8,0.0002,0.00,0.00,0.00
262,13,575885,0.2990,22.27,196.23,1392,1435,4,10,1,12,0,0,0,0,135.9,0,5,0,0,0,0,8,0.0003,0.00,0.00,0.00
262.25,12,575881,0.2990,21.20,196.49,1372,1387,3,19,5,12,0,1,0,0,135.9,0,4,0,0,1,0,9,0.0000,30.45,62.58,257.68
262.5,12,575950,0.2990,21.87,196.89,1309,1394,1,16,2,10,0,0,1,0,135.9,0,4,0,0,0,0,8,0.0001,0.00,0.00,0.00
262.75,12,576003,0.2990,20.69,197.15,1319,1390,1,18,4,10,0,0,0,0,135.9,0,4,0,0,0,0,8,0.0002,0.00,0.00,0.00
263,12,575993,0.2990,21.82,197.49,1326,1331,5,15,6,9,0,0,0,0,135.9,0,4,0,0,0,0,8,0.0002,0.00,0.00,0.00
263.25,12,575988,0.2990,21.23,197.81,1321,1338,5,22,3,12,0,0,0,0,135.9,0,4,0,0,0,0,9,0.0000,0.00,0.00,0.00
263.5,12,576039,0.2989,22.20,198.11,1299,1358,0,8,6,9,0,0,0,0,135.9,0,4,0,0,0,0,8,0.0001,0.00,0.00,0.00
263.75,12,576054,0.2989,21.96,198.35,1300,1336,6,21,8,11,0,0,0,0,135.9,0,4,0,0,0,0,8,0.0002,0.00,0.00,0.00
264,12,576177,0.2988,22.53,198.53,1234,1371,3,14,3,12,0,0,0,0,135.9,0,4,0,0,0,0,8,0.0002,0.00,0.00,0.00
264.25,12,576195,0.2988,22.31,198.71,1310,1356,4,28,7,11,0,0,0,0,135.9,0,4,0,0,0,0,9,0.0000,32.44,61.44,278.60
264.5,12,576394,0.2987,22.72,198.88,1218,1430,2,13,6,10,0,0,0,0,135.9,0,4,0,0,0,0,8,0.0001,0.00,0.00,0.00
264.75,12,576449,0.2986,22.62,198.98,1253,1332,7,24,7,12,0,0,0,0,135.9,0,4,0,0,0,0,8,0.0002,0.00,0.00,0.00
265,12,576539,0.2985,22.95,199.09,1293,1401,4,18,6,12,0,0,0,0,135.9,0,4,0,0,0,0,9,0.0000,0.00,0.00,0.00
265.25,12,576532,0.2985,22.80,199.22,1294,1325,12,40,7,13,0,0,0,0,135.9,0,4,0,0,0,0,8,0.0002,0.00,0.00,0.00
265.5,12,576648,0.2984,23.01,199.31,1254,1386,1,16,5,10,0,0,0,0,135.9,0,4,0,0,0,0,8,0.0003,0.00,0.00,0.00
265.75,12,576767,0.2983,22.84,199.36,1176,1319,3,24,6,12,0,0,0,0,135.9,0,4,0,0,0,0,9,0.0001,0.00,0.00,0.00
266,12,576899,0.2982,23.09,199.44,1245,1396,1,19,4,9,0,0,0,0,135.9,0,4,0,0,0,0,8,0.0003,0.00,0.00,0.00
266.25,12,576977,0.2982,22.58,199.49,1217,1318,777,24,5,12,0,0,0,0,135.9,0,4,0,0,0,0,9,0.0001,15.15,60.69,192.29
266.5,12,576999,0.2981,22.81,199.49,1253,1291,5,16,3,10,0,0,0,0,135.9,0,4,0,0,0,0,8,0.0003,0.00,0.00,0.00
266.75,12,577048,0.2981,22.48,199.44,1256,1330,5,25,3,9,0,0,0,0,135.9,0,4,0,0,0,0,9,0.0001,0.00,0.00,0.00
267,12,577117,0.2980,24.87,199.48,1261,1349,31713,19,2,11,0,0,0,0,135.9,0,4,0,0,0,0,8,0.0003,0.00,0.00,0.00
267.25,12,577032,0.2981,25.87,199.50,1596,1535,6,24,1,14,0,0,0,0,135.9,0,4,0,0,0,0,9,0.0002,0.00,0.00,0.00
267.5,12,577060,0.2981,27.60,199.50,1601,1632,1,3,2,15,0,0,0,0,135.9,0,4,0,0,0,0,9,0.0001,0.00,0.00,0.00
267.75,12,577137,0.2980,28.36,199.51,1667,1751,4,7,0,11,0,0,0,0,135.9,0,4,0,0,0,0,8,0.0002,0.00,0.00,0.00
268,12,577241,0.2980,29.43,199.55,1727,1834,4,3,0,13,0,0,0,0,135.9,0,4,0,0,0,0,9,0.0001,0.00,0.00,0.00
268.25,12,577348,0.2980,30.21,199.60,1712,1827,3,8,1,9,0,0,0,0,135.9,0,4,0,0,0,0,8,0.0002,6.19,42.88,279.86
268.5,12,577323,0.2980,30.70,199.62,1873,1852,5,4,0,10,0,0,0,0,135.9,0,4,0,0,0,0,9,0.0001,0.00,0.00,0.00
268.75,12,577291,0.2980,30.69,199.53,1924,1902,5,10,0,11,0,0,0,0,135.9,0,4,0,0,0,0,8,0.0002,0.00,0.00,0.00
269,12,577200,0.2981,31.31,199.19,1950,1864,6,5,1,9,0,0,0,0,135.9,0,4,0,0,0,0,9,0.0001,0.00,0.00,0.00
269.25,12,577058,0.2981,31.61,198.17,1954,1820,10,8,0,10,0,0,0,0,135.9,0,4,0,0,0,0,8,0.0002,0.00,0.00,0.00
269.5,12,576988,0.2982,31.53,197.53,1909,1849,10,11,4,15,0,0,0,0,135.9,0,4,0,0,0,0,9,0.0001,0.00,0.00,0.00
269.75,12,576892,0.2982,31.95,197.10,1935,1848,7,9,3,13,0,0,0,0,135.9,0,4,0,0,0,0,8,0.0002,0.00,0.00,0.00
270,12,576883,0.2982,31.43,196.76,1823,1822,9,8,3,11,0,0,0,0,135.9,0,4,0,0,0,0,9,0.0000,0.00,0.00,0.00
270.25,12,576796,0.2983,31.89,196.76,1855,1779,3,11,3,12,0,0,0,0,131.9,0,4,0,0,0,0,8,0.0002,8.78,44.75,250.05
270.5,12,576785,0.2983,31.00,197.11,1853,1850,4,8,4,11,0,0,0,0,131.9,0,4,0,0,0,0,8,0.0003,0.00,0.00,0.00
270.75,11,576762,0.2983,31.97,197.48,1802,1786,2,7,0,14,0,1,0,0,131.9,0,3,0,0,1,0,9,0.0001,0.00,0.00,0.00
271,11,576768,0.2984,31.45,197.74,1755,1771,7,11,3,13,0,0,0,0,131.9,0,3,0,0,0,0,8,0.0002,0.00,0.00,0.00
271.25,10,576755,0.2985,31.99,197.87,1722,1718,9,10,0,11,0,1,0,0,131.9,0,2,0,0,1,0,9,0.0000,0.00,0.00,0.00
271.5,10,576782,0.2986,29.72,197.55,1739,1771,6,5,0,9,0,0,0,0,131.9,0,2,0,0,0,0,8,0.0002,0.00,0.00,0.00
271.75,10,576853,0.2985,29.59,197.47,1624,1706,3,11,0,11,0,0,0,0,131.9,0,2,0,0,0,0,8,0.0003,0.00,0.00,0.00
272,10,576845,0.2986,29.33,197.37,1720,1716,3,4,0,9,0,0,0,0,131.9,0,2,0,0,0,0,9,0.0001,0.00,0.00,0.00
272.25,10,576908,0.2985,29.09,197.27,1623,1695,4,9,0,10,0,0,0,0,131.9,0,2,0,0,0,0,8,0.0002,9.55,45.00,156.53
272.5,10,576960,0.2985,29.06,197.23,1576,1642,2,14,0,8,0,0,0,0,131.9,0,2,0,0,0,0,8,0.0003,0.00,0.00,0.00
272.75,10,576948,0.2985,28.76,197.06,1667,1666,4,11,0,13,0,0,0,0,131.9,0,2,0,0,0,0,9,0.0001,0.00,0.00,0.00
273,10,576982,0.2985,28.89,197.03,1624,1665,5,7,0,9,0,0,0,0,131.9,0,2,0,0,0,0,8,0.0002,0.00,0.00,0.00
273.25,10,576970,0.2985,28.18,197.03,1612,1615,4,15,1,9,0,0,0,0,131.9,0,2,0,0,0,0,9,0.0000,0.00,0.00,0.00
273.5,10,576971,0.2985,29.13,197.11,1563,1582,5,18,1,12,0,0,0,0,131.9,0,2,0,0,0,0,8,0.0001,0.00,0.00,0.00
273.75,10,577077,0.2985,28.22,197.20,1538,1654,1,10,0,11,0,0,0,0,131.9,0,2,0,0,0,0,8,0.0002,0.00,0.00,0.00
274,10,577072,0.2985,28.79,197.26,1549,1555,5,11,0,11,0,0,0,0,131.9,0,2,0,0,0,0,9,0.0000,0.00,0.00,0.00
274.25,10,577110,0.2985,28.24,197.43,1511,1563,8,15,0,8,0,0,0,1,131.9,0,2,0,0,0,0,8,0.0001,11.21,58.15,145.95
274.5,10,577110,0.2985,28.40,197.45,1558,1571,7,14,0,9,0,0,0,1,131.9,0,2,0,0,0,0,8,0.0002,0.00,0.00,0.00
274.75,10,577112,0.2985,28.02,197.53,1557,1569,6,10,0,16,0,0,0,1,131.9,0,2,0,0,0,0,9,0.0000,0.00,0.00,0.00
275,10,577147,0.2985,28.32,197.35,1500,1544,3,9,0,9,0,0,0,1,131.9,0,2,0,0,0,0,8,0.0001,0.00,0.00,0.00
275.25,10,577169,0.2985,27.77,197.34,1487,1519,1,10,0,10,0,0,0,1,131.9,0,2,0,0,0,0,8,0.0002,0.00,0.00,0.00
275.5,10,577178,0.2985,28.50,197.35,1505,1521,4,7,0,8,0,0,0,1,131.9,0,2,0,0,0,0,8,0.0003,0.00,0.00,0.00
275.75,10,577196,0.2985,27.96,197.23,1473,1501,4,10,0,10,0,0,0,1,131.9,0,2,0,0,0,0,9,0.0001,0.00,0.00,0.00
276,10,577204,0.2985,28.68,197.56,1490,1508,3,10,1,11,0,0,0,1,131.9,0,2,0,0,0,0,8,0.0001,0.00,0.00,0.00
276.25,10,577212,0.2985,28.48,197.93,1487,1506,2,11,1,12,0,0,0,1,131.9,0,2,0,0,0,0,8,0.0002,14.09,52.87,108.05
276.5,10,577229,0.2985,28.85,198.24,1386,1410,4,8,1,10,0,0,0,1,131.9,0,2,0,0,0,0,9,0.0000,0.00,0.00,0.00
276.75,10,577252,0.2985,29.04,198.51,1386,1421,2,12,0,12,0,0,0,1,131.9,0,2,0,0,0,0,8,0.0001,0.00,0.00,0.00
277,10,577290,0.2985,29.26,198.74,1344,1388,1,6,0,12,0,0,0,1,131.9,0,2,0,0,0,0,8,0.0002,0.00,0.00,0.00
277.25,10,577293,0.2985,29.39,198.94,1384,1399,2,12,0,10,0,0,0,1,131.9,0,2,0,0,0,1,9,0.0000,0.00,0.00,0.00
277.5,9,577316,0.2985,29.59,199.11,1369,1398,3,6,0,9,0,0,0,1,131.9,0,2,0,0,0,1,8,0.0001,0.00,0.00,0.00
277.75,9,577299,0.2985,29.78,199.25,1345,1336,2,8,0,10,0,0,0,1,131.9,0,2,0,0,0,0,8,0.0002,0.00,0.00,0.00
278,9,577357,0.2985,29.82,199.37,1324,1388,2,6,0,10,0,0,0,1,131.9,0,2,0,0,0,0,9,0.0000,0.00,0.00,0.00
278.25,8,577374,0.2985,32.81,199.46,1360,1387,1,10,0,11,0,1,0,2,131.9,0,1,0,0,1,0,8,0.0001,10.77,62.50,100.61
278.5,8,577422,0.2984,30.72,186.63,1517,1576,1,11,0,10,0,0,0,2,131.9,0,1,0,0,0,0,8,0.0002,0.00,0.00,0.00
278.75,8,577341,0.2985,28.90,186.44,1492,1417,11,7,0,10,0,0,0,2,131.9,0,1,0,0,0,0,9,0.0000,0.00,0.00,0.00
279,8,577265,0.2985,27.66,184.22,1410,1345,4,11,2,9,0,0,0,2,131.9,0,1,0,0,0,0,8,0.0001,0.00,0.00,0.00
279.25,8,577151,0.2986,26.91,184.48,1324,1231,2,21,1,8,0,0,0,2,131.9,0,1,0,0,0,0,8,0.0002,0.00,0.00,0.00
279.5,8,577087,0.2986,27.47,182.97,1180,1133,6,17,0,11,0,0,0,2,131.9,0,1,0,0,0,0,9,0.0000,0.00,0.00,0.00
279.75,8,577142,0.2986,28.03,180.29,1211,1277,4,11,0,9,0,0,0,2,131.9,0,1,0,0,0,0,8,0.0001,0.00,0.00,0.00
280,8,577267,0.2985,28.57,179.47,1164,1303,3,14,0,9,0,0,0,2,131.9,0,1,0,0,0,0,8,0.0002,0.00,0.00,0.00
280.25,8,577304,0.2985,28.96,177.32,1292,1342,4,13,0,10,0,0,0,2,139.2,0,1,0,0,0,0,9,0.0000,3.85,66.73,116.01
280.5,8,577409,0.2984,29.54,173.17,1243,1364,44,16,0,8,0,0,0,2,139.2,0,1,0,0,0,0,8,0.0001,0.00,0.00,0.00
280.75,8,577481,0.2984,30.00,163.74,1351,1440,4,17,0,8,0,0,0,2,139.2,0,1,0,0,0,0,8,0.0002,0.00,0.00,0.00
281,8,577515,0.2984,30.40,157.62,1355,1401,7,12,0,9,0,0,0,2,139.2,0,1,0,0,0,0,9,0.0001,0.00,0.00,0.00
281.25,8,577618,0.2983,30.60,156.82,1362,1481,5,16,0,8,0,0,0,2,139.2,0,1,0,0,0,0,8,0.0002,0.00,0.00,0.00
281.5,8,577664,0.2983,30.84,158.60,1396,1458,3,16,0,8,0,0,0,2,139.2,0,1,0,0,0,0,8,0.0003,0.00,0.00,0.00
281.75,9,577701,0.2982,31.06,160.98,1433,1484,6,14,0,12,1,0,0,1,139.2,0,1,0,0,0,0,9,0.0001,0.00,0.00,0.00
282,9,577626,0.2983,31.80,162.28,1462,1408,3,21,0,10,0,0,5,1,139.2,0,1,0,0,0,0,8,0.0002,0.00,0.00,0.00
282.25,9,577728,0.2982,32.66,164.86,1388,1505,7,15,0,11,0,0,0,1,139.2,0,1,0,0,0,0,9,0.0000,4.47,31.18,164.50
282.5,9,577669,0.2982,32.22,169.77,1434,1392,5,17,1,9,0,0,0,1,139.2,0,1,0,0,0,0,8,0.0001,0.00,0.00,0.00
282.75,9,577592,0.2983,32.30,173.96,1430,1372,0,19,1,11,0,0,1,1,139.2,0,1,0,0,0,0,8,0.0002,0.00,0.00,0.00
283,9,577616,0.2982,32.07,177.51,1410,1456,0,22,3,11,0,0,0,1,139.2,0,1,0,0,0,0,9,0.0000,0.00,0.00,0.00
283.25,9,577560,0.2982,32.51,180.88,1382,1349,1,23,5,8,0,0,0,1,139.2,0,1,0,0,0,0,8,0.0001,0.00,0.00,0.00
283.5,9,577534,0.2982,31.72,183.56,1321,1311,2,16,7,9,0,0,0,1,139.2,0,1,0,0,0,0,8,0.0002,0.00,0.00,0.00
283.75,9,577528,0.2982,32.93,185.31,1279,1294,1,21,5,10,0,0,0,1,139.2,0,1,0,0,0,0,9,0.0000,0.00,0.00,0.00
284,9,577523,0.2982,31.80,183.52,1271,1283,2,17,10,10,0,0,0,1,139.2,0,1,0,0,0,0,8,0.0001,0.00,0.00,0.00
284.25,9,577484,0.2982,33.21,184.70,1237,1214,2,16,9,9,0,0,0,2,139.2,0,1,0,0,0,0,8,0.0002,5.99,79.45,453.54
284.5,9,577498,0.2982,32.40,185.24,1228,1264,5,22,7,10,0,0,0,2,139.2,0,1,0,0,0,0,8,0.0002,0.00,0.00,0.00
284.75,9,577528,0.2981,33.52,181.97,1170,1216,1,16,7,9,0,0,0,2,139.2,0,1,0,0,0,0,9,0.0000,0.00,0.00,0.00
285,9,577647,0.2981,32.63,184.70,1090,1230,3,21,4,9,0,0,0,2,139.2,0,1,0,0,0,0,8,0.0001,0.00,0.00,0.00
285.25,9,577695,0.2980,34.92,186.94,1055,1118,4,15,4,8,0,0,0,2,139.2,0,1,0,0,0,0,8,0.0001,0.00,0.00,0.00
285.5,9,577671,0.2980,33.28,188.98,1144,1146,1,26,7,8,0,0,0,2,139.2,0,1,0,0,0,0,8,0.0002,0.00,0.00,0.00
285.75,9,577765,0.2979,34.04,190.66,1052,1168,3,22,4,10,0,0,0,2,139.2,0,1,0,0,0,0,8,0.0003,0.00,0.00,0.00
286,9,577779,0.2979,33.26,190.09,1074,1103,0,15,3,10,0,0,0,2,139.2,0,1,0,0,0,1,9,0.0000,0.00,0.00,0.00
286.25,9,577757,0.2979,34.24,185.98,1064,1060,3,18,4,10,0,0,0,2,139.2,0,1,0,0,0,1,8,0.0001,4.95,37.10,436.73
286.5,8,577857,0.2979,33.59,111.71,984,1101,0,17,4,10,0,0,0,2,139.2,0,1,0,0,0,1,8,0.0002,0.00,0.00,0.00
286.75,8,577911,0.2978,34.63,111.70,975,1049,3,21,2,10,0,0,0,2,139.2,0,1,0,0,0,0,8,0.0002,0.00,0.00,0.00
287,8,577981,0.2978,34.18,114.25,996,1085,3,19,3,13,0,0,0,2,139.2,0,1,0,0,0,0,9,0.0000,0.00,0.00,0.00
287.25,8,577964,0.2977,34.72,127.46,1031,1037,2,23,1,9,0,0,0,2,139.2,0,1,0,0,0,0,8,0.0001,0.00,0.00,0.00
287.5,8,578015,0.2977,33.99,138.33,1022,1093,1,20,2,10,0,0,0,2,139.2,0,1,0,0,0,0,8,0.0002,0.00,0.00,0.00
287.75,8,578024,0.2977,34.52,147.85,1005,1037,1,23,2,11,0,0,0,2,139.2,0,1,0,0,0,0,8,0.0003,0.00,0.00,0.00
288,8,578065,0.2976,34.16,154.39,1015,1082,4,27,3,10,0,0,0,2,139.2,0,1,0,0,0,0,9,0.0000,0.00,0.00,0.00
288.25,8,578107,0.2976,34.40,159.66,1018,1092,3,32,2,9,0,0,0,2,139.2,0,1,0,0,0,0,8,0.0001,5.54,39.82,458.43
288.5,8,578146,0.2975,33.38,165.84,1063,1127,1,25,3,9,0,0,0,2,139.2,0,1,0,0,0,0,8,0.0002,0.00,0.00,0.00
288.75,8,578151,0.2975,33.82,170.94,1032,1061,3,24,1,11,0,0,0,2,139.2,0,1,0,0,0,0,9,0.0000,0.00,0.00,0.00
289,8,578154,0.2975,33.46,170.59,1019,1050,1,28,2,9,0,0,0,2,139.2,0,1,0,0,0,0,8,0.0001,0.00,0.00,0.00
289.25,7,578160,0.2974,33.55,172.26,1062,1090,2,22,1,9,0,1,0,2,139.2,0,0,0,0,1,0,8,0.0002,0.00,0.00,0.00
289.5,7,578209,0.2974,32.93,169.35,918,995,0,28,2,10,0,0,0,2,139.2,0,0,0,0,0,0,8,0.0003,0.00,0.00,0.00
289.75,7,578311,0.2973,33.44,165.25,850,976,0,24,0,11,0,0,0,2,139.2,0,0,0,0,0,0,9,0.0001,0.00,0.00,0.00
290,7,578288,0.2973,33.76,162.13,956,960,0,27,1,8,0,0,0,2,139.2,0,0,0,0,0,0,8,0.0002,0.00,0.00,0.00
290.25,7,578335,0.2973,33.31,164.64,856,916,1,13,1,9,0,0,0,2,78.3,0,0,0,0,0,0,8,0.0002,5.80,19.69,191.46
290.5,7,578418,0.2972,33.54,166.99,847,958,2,28,0,10,0,0,0,2,78.3,0,0,0,0,0,0,9,0.0000,0.00,0.00,0.00
290.75,7,578480,0.2972,33.36,171.04,823,906,0,21,2,10,0,0,0,2,78.3,0,0,0,0,0,0,8,0.0001,0.00,0.00,0.00
291,7,578494,0.2971,34.71,174.34,885,925,2,26,0,10,0,0,0,2,78.3,0,0,0,0,0,0,8,0.0002,0.00,0.00,0.00
291.25,7,578557,0.2971,33.09,175.97,854,933,1,16,4,9,0,0,0,2,78.3,0,0,0,0,0,0,8,0.0003,0.00,0.00,0.00
291.5,7,578565,0.2971,33.34,179.68,848,884,1,28,1,10,0,0,0,2,78.3,0,0,0,0,0,0,9,0.0001,0.00,0.00,0.00
291.75,7,578620,0.2970,32.75,182.81,853,924,0,16,1,10,0,0,0,2,78.3,0,0,0,0,0,0,8,0.0001,0.00,0.00,0.00
292,7,578590,0.2970,33.97,183.89,893,893,1,30,1,9,0,0,0,2,78.3,0,0,0,0,0,0,8,0.0002,0.00,0.00,0.00
292.25,7,578665,0.2969,32.85,180.47,915,1010,0,20,1,8,0,0,0,2,78.3,0,0,0,0,0,1,8,0.0003,5.85,23.94,197.76
292.5,6,578649,0.2969,33.80,79.94,889,895,0,22,0,10,0,0,0,2,78.3,0,0,0,0,0,1,9,0.0000,0.00,0.00,0.00
292.75,6,578695,0.2969,33.16,78.73,900,968,0,22,1,8,0,0,0,2,78.3,0,0,0,0,0,0,8,0.0001,0.00,0.00,0.00
293,6,578741,0.2969,34.28,77.16,944,1007,3,17,1,10,0,0,0,2,78.3,0,0,0,0,0,0,8,0.0002,0.00,0.00,0.00
293.25,6,578749,0.2968,33.84,75.96,1005,1033,1,20,1,9,0,0,0,1,78.3,0,0,0,0,0,0,8,0.0002,0.00,0.00,0.00
293.5,6,578793,0.2968,35.04,74.47,1007,1072,0,21,0,8,0,0,0,1,78.3,0,0,0,0,0,0,8,0.0003,0.00,0.00,0.00
293.75,6,578862,0.2968,34.11,73.07,1044,1131,1,18,2,10,0,0,0,1,78.3,0,0,0,0,0,0,9,0.0000,0.00,0.00,0.00
294,6,578878,0.2967,35.55,71.87,1067,1101,24064,18,1,10,0,0,0,0,78.3,0,0,0,0,0,0,8,0.0001,0.00,0.00,0.00
294.25,6,578757,0.2968,35.23,70.62,1209,1091,2,3,2,8,0,0,0,0,78.3,0,0,0,0,0,0,8,0.0001,7.67,37.90,350.57
294.5,6,578728,0.2968,35.79,69.61,1180,1156,1,5,0,9,0,0,0,0,78.3,0,0,0,0,0,0,8,0.0002,0.00,0.00,0.00
294.75,6,578725,0.2968,34.98,68.62,1186,1184,0,1,0,8,0,0,0,0,78.3,0,0,0,0,0,0,8,0.0002,0.00,0.00,0.00
295,6,578756,0.2968,35.87,67.87,1117,1151,0,3,0,9,0,0,0,0,78.3,0,0,0,0,0,0,8,0.0003,0.00,0.00,0.00
295.25,6,578757,0.2969,34.68,67.48,1207,1211,0,3,0,10,0,0,0,0,78.3,0,0,0,0,0,0,8,0.0003,0.00,0.00,0.00
295.5,6,578802,0.2968,35.35,66.94,1162,1210,1,3,0,9,0,0,0,0,78.3,0,0,0,0,0,0,9,0.0000,0.00,0.00,0.00
295.75,6,578861,0.2968,35.06,66.63,1133,1197,0,5,0,9,0,0,0,0,78.3,0,0,0,0,0,0,8,0.0000,0.00,0.00,0.00
296,6,578923,0.2968,35.28,66.66,1169,1238,1,7,0,9,0,0,0,0,78.3,0,0,0,0,0,0,8,0.0001,0.00,0.00,0.00
296.25,6,578877,0.2969,35.33,66.41,1259,1216,0,3,0,10,0,0,0,0,78.3,0,0,0,0,0,0,8,0.0001,3.53,27.71,200.31
296.5,6,578915,0.2969,35.50,68.64,1194,1233,1,1,0,9,0,0,0,0,78.3,0,0,0,0,0,0,8,0.0001,0.00,0.00,0.00
296.75,6,578998,0.2968,35.62,68.54,1200,1289,1,6,1,10,0,0,0,0,78.3,0,0,0,0,0,0,8,0.0001,0.00,0.00,0.00
297,6,579047,0.2968,36.62,66.28,1197,1250,1,4,0,8,0,0,0,0,78.3,0,0,0,0,0,0,8,0.0001,0.00,0.00,0.00
297.25,6,579040,0.2968,35.92,69.40,1271,1265,0,1,2,8,0,0,0,0,78.3,0,0,0,0,0,0,8,0.0001,0.00,0.00,0.00
297.5,6,579075,0.2968,36.62,69.67,1220,1261,0,6,0,9,0,0,0,0,78.3,0,0,0,0,0,0,8,0.0001,0.00,0.00,0.00
297.75,6,579169,0.2968,36.14,72.62,1278,1377,1,5,1,9,0,0,0,0,78.3,0,0,0,0,0,0,8,0.0001,0.00,0.00,0.00
298,6,579156,0.2968,36.99,75.47,1279,1270,1,4,0,9,0,0,0,0,78.3,0,0,0,0,0,0,8,0.0001,0.00,0.00,0.00
298.25,6,579176,0.2968,36.63,81.22,1315,1339,3,4,0,8,0,0,0,1,78.3,0,0,0,0,0,0,8,0.0000,5.57,41.21,218.51
298.5,6,579192,0.2968,37.55,84.13,1309,1331,2,6,0,10,0,0,0,1,78.3,0,0,0,0,0,0,8,0.0000,0.00,0.00,0.00
298.75,6,579267,0.2968,37.00,91.42,1292,1375,1,8,0,8,0,0,0,1,78.3,0,0,0,0,0,0,8,0.0000,0.00,0.00,0.00
299,6,579261,0.2968,37.50,98.26,1366,1367,2,7,0,7,0,0,0,1,78.3,0,0,0,0,0,0,7,0.0003,0.00,0.00,0.00
299.25,6,579281,0.2968,37.14,100.50,1348,1377,6,10,0,8,0,0,0,1,78.3,0,0,0,0,0,0,8,0.0002,0.00,0.00,0.00
299.5,6,579310,0.2968,37.85,104.31,1335,1374,1,10,0,9,0,0,0,1,78.3,0,0,0,0,0,0,8,0.0002,0.00,0.00,0.00
299.75,6,579300,0.2968,37.73,105.78,1400,1403,2,13,0,10,0,0,0,1,78.3,0,0,0,0,0,0,8,0.0002,0.00,0.00,0.00
300,6,579240,0.2968,38.28,113.48,1441,1391,2505,10,0,9,0,0,0,1,78.3,0,0,0,0,0,0,8,0.0002,0.00,0.00,0.00
300.25,6,579193,0.2968,39.28,116.63,1538,1501,4,10,0,9,0,0,0,1,15.7,0,0,0,0,0,0,8,0.0002,5.87,58.86,158.83
300.5,6,579204,0.2968,40.33,122.53,1505,1527,3,11,0,10,0,0,0,1,15.7,0,0,0,0,0,0,8,0.0001,0.00,0.00,0.00
300.75,6,579180,0.2968,40.88,121.96,1546,1528,2,6,0,11,0,0,0,1,15.7,0,0,0,0,0,0,8,0.0001,0.00,0.00,0.00
301,6,579175,0.2968,41.12,129.08,1560,1572,2,17,0,9,0,0,0,1,15.7,0,0,0,0,0,0,8,0.0001,0.00,0.00,0.00
301.25,6,579175,0.2968,42.05,125.25,1565,1580,2,15,0,8,0,0,0,1,15.7,0,0,0,0,0,0,8,0.0001,0.00,0.00,0.00
301.5,6,579105,0.2968,42.31,126.48,1649,1594,3,15,0,8,0,0,0,1,15.7,0,0,0,0,0,0,8,0.0001,0.00,0.00,0.00
301.75,6,579128,0.2968,42.74,127.13,1598,1632,0,11,0,11,0,0,0,1,15.7,0,0,0,0,0,0,8,0.0001,0.00,0.00,0.00
302,6,579122,0.2968,42.75,130.51,1694,1704,4,16,0,10,0,0,0,1,15.7,0,0,0,0,0,0,8,0.0001,0.00,0.00,0.00
302.25,6,579037,0.2969,42.96,135.28,1742,1673,4,16,1,8,0,0,0,1,15.7,0,0,0,0,0,0,8,0.0002,4.67,88.13,269.60
302.5,6,578994,0.2969,42.79,140.61,1723,1699,3,19,0,9,0,0,0,1,15.7,0,0,0,0,0,0,8,0.0002,0.00,0.00,0.00
302.75,6,578936,0.2969,42.54,145.39,1744,1703,2,17,0,12,0,0,0,1,15.7,0,0,0,0,0,0,8,0.0002,0.00,0.00,0.00
303,6,578934,0.2969,42.28,148.81,1726,1740,2,16,0,11,0,0,0,1,15.7,0,0,0,0,0,0,9,0.0000,0.00,0.00,0.00
303.25,6,578865,0.2969,41.32,149.39,1729,1673,0,13,1,9,0,0,0,1,15.7,0,0,0,0,0,0,8,0.0001,0.00,0.00,0.00
303.5,6,578802,0.2969,40.60,143.14,1734,1684,2,13,0,9,0,0,0,1,15.7,0,0,0,0,0,0,8,0.0001,0.00,0.00,0.00
303.75,6,578744,0.2970,38.65,131.10,1660,1622,4,20,2,10,0,0,0,1,15.7,0,0,0,0,0,0,8,0.0002,0.00,0.00,0.00
304,6,578683,0.2970,37.86,118.77,1600,1550,5,11,6,11,0,0,0,1,15.7,0,0,0,0,0,0,8,0.0003,0.00,0.00,0.00
304.25,6,578621,0.2970,36.07,112.40,1561,1513,11,16,4,11,0,0,0,1,15.7,0,0,0,0,0,0,9,0.0000,9.01,69.51,498.84
304.5,6,578547,0.2970,36.49,112.05,1586,1531,12,22,3,8,0,0,0,1,15.7,0,0,0,0,0,0,8,0.0001,0.00,0.00,0.00
304.75,6,578582,0.2970,35.52,117.33,1486,1552,13,31,2,9,0,0,0,1,15.7,0,0,0,0,0,0,8,0.0002,0.00,0.00,0.00
305,6,578613,0.2969,37.31,125.00,1444,1498,5,23,2,11,0,0,0,1,15.7,0,0,0,0,0,0,9,0.0001,0.00,0.00,0.00
305.25,6,578642,0.2969,37.37,134.38,1491,1541,11,22,0,8,0,0,0,1,15.7,0,0,0,0,0,0,8,0.0002,0.00,0.00,0.00
305.5,6,578640,0.2969,38.34,143.91,1459,1477,3,20,2,10,0,0,0,1,15.7,0,0,0,0,0,0,9,0.0000,0.00,0.00,0.00
305.75,6,578669,0.2969,38.35,152.56,1510,1560,3,21,0,9,0,0,0,1,15.7,0,0,0,0,0,0,8,0.0002,0.00,0.00,0.00
306,6,578662,0.2968,38.90,159.94,1464,1475,1,18,1,10,0,0,0,1,15.7,0,0,0,0,0,0,9,0.0001,0.00,0.00,0.00
306.25,6,578656,0.2968,38.40,166.17,1451,1457,2,12,1,9,0,0,0,2,15.7,0,0,0,0,0,0,8,0.0002,7.27,60.78,243.95
306.5,6,578668,0.2968,38.71,171.46,1427,1450,1,11,0,9,0,0,0,2,15.7,0,0,0,0,0,0,9,0.0001,0.00,0.00,0.00
306.75,6,578635,0.2968,38.32,175.93,1450,1429,5,12,1,8,0,0,0,2,15.7,0,0,0,0,0,0,8,0.0003,0.00,0.00,0.00
307,6,578557,0.2969,37.93,179.73,1460,1394,3,12,1,9,0,0,0,2,15.7,0,0,0,0,0,0,9,0.0001,0.00,0.00,0.00
307.25,6,578522,0.2969,37.95,182.83,1517,1493,1,11,1,10,0,0,0,2,15.7,0,0,0,0,0,0,9,0.0000,0.00,0.00,0.00
307.5,6,578445,0.2969,37.20,185.56,1483,1415,5,10,2,9,0,0,0,2,15.7,0,0,0,0,0,0,8,0.0002,0.00,0.00,0.00
307.75,6,578460,0.2969,37.61,187.68,1415,1438,0,8,1,9,0,0,0,2,15.7,0,0,0,0,0,0,9,0.0001,0.00,0.00,0.00
308,6,578464,0.2969,36.40,189.64,1451,1462,1,7,1,8,0,0,0,2,15.7,0,0,0,0,0,0,8,0.0002,0.00,0.00,0.00
308.25,6,578436,0.2969,37.05,191.24,1464,1445,0,9,0,9,0,0,0,2,15.7,0,0,0,0,0,0,9,0.0001,7.27,54.97,166.22
308.5,6,578374,0.2970,35.77,192.63,1471,1431,3,22,1,9,0,0,0,2,15.7,0,0,0,0,0,0,8,0.0003,0.00,0.00,0.00
308.75,6,578364,0.2970,36.71,193.73,1427,1423,1,6,1,11,0,0,0,2,15.7,0,0,0,0,0,0,9,0.0001,0.00,0.00,0.00
309,6,578406,0.2970,35.64,194.73,1406,1455,5,8,2,9,0,0,0,2,15.7,0,0,0,0,0,0,9,0.0000,0.00,0.00,0.00
309.25,6,578436,0.2969,36.67,195.54,1393,1433,0,10,2,9,0,0,0,2,15.7,0,0,0,0,0,0,8,0.0002,0.00,0.00,0.00
309.5,6,578412,0.2969,35.78,196.24,1445,1434,13,14,1,10,0,0,0,2,15.7,0,0,0,0,0,0,9,0.0000,0.00,0.00,0.00
309.75,6,578420,0.2969,36.56,196.82,1392,1411,1,11,2,9,0,0,0,2,15.7,0,0,0,0,0,0,8,0.0002,0.00,0.00,0.00
310,6,578382,0.2969,35.79,197.32,1416,1399,0,21,3,9,0,0,0,2,15.7,0,0,0,0,0,0,9,0.0001,0.00,0.00,0.00
310.25,6,578385,0.2969,36.53,197.72,1397,1409,1,9,2,8,0,0,0,2,56.7,0,0,0,0,0,0,8,0.0003,7.16,58.77,152.54
310.5,6,578387,0.2969,35.49,198.08,1383,1397,0,12,0,12,0,0,0,2,56.7,0,0,0,0,0,0,9,0.0001,0.00,0.00,0.00
310.75,6,578411,0.2969,36.29,198.34,1389,1427,1,14,2,11,0,0,0,2,56.7,0,0,0,0,0,0,9,0.0000,0.00,0.00,0.00
311,6,578328,0.2970,35.43,198.60,1425,1358,1,16,2,9,0,0,0,2,56.7,0,0,0,0,0,0,8,0.0002,0.00,0.00,0.00
311.25,6,578352,0.2969,36.18,198.68,1346,1380,1,10,4,10,0,0,0,2,56.7,0,0,0,0,0,0,9,0.0001,0.00,0.00,0.00
311.5,6,578385,0.2969,35.10,198.87,1376,1419,2,10,1,8,0,0,0,2,56.7,0,0,0,0,0,0,8,0.0002,0.00,0.00,0.00
311.75,6,578364,0.2969,35.78,199.03,1396,1386,0,11,3,10,0,0,0,2,56.7,0,0,0,0,0,0,9,0.0001,0.00,0.00,0.00
312,6,578324,0.2970,34.56,199.10,1419,1391,1,12,2,10,0,0,0,2,56.7,0,0,0,0,0,0,8,0.0003,0.00,0.00,0.00
312.25,6,578278,0.2970,34.96,199.20,1371,1335,1,10,2,12,0,0,0,2,56.7,0,0,0,0,0,0,9,0.0002,8.96,52.21,127.37
312.5,6,578265,0.2970,34.21,199.32,1350,1350,0,13,2,9,0,0,0,2,56.7,0,0,0,0,0,0,9,0.0000,0.00,0.00,0.00
312.75,6,578253,0.2970,34.34,199.28,1320,1317,0,9,2,8,0,0,0,2,56.7,0,0,0,0,0,0,8,0.0002,0.00,0.00,0.00
313,6,578264,0.2970,33.60,199.39,1323,1341,0,7,1,10,0,0,0,2,56.7,0,0,0,0,0,0,9,0.0001,0.00,0.00,0.00
313.25,6,578262,0.2970,33.44,199.31,1310,1316,1,8,4,12,0,0,0,2,56.7,0,0,0,0,0,0,8,0.0002,0.00,0.00,0.00
313.5,6,578254,0.2970,33.08,199.32,1297,1295,0,6,0,11,0,0,0,2,56.7,0,0,0,0,0,0,9,0.0001,0.00,0.00,0.00
313.75,6,578252,0.2970,32.99,199.32,1333,1336,5,5,2,10,0,0,0,2,56.7,0,0,0,0,0,0,8,0.0002,0.00,0.00,0.00
314,6,578194,0.2971,32.64,199.34,1325,1271,3,4,0,9,0,0,0,2,56.7,0,0,0,0,0,0,9,0.0001,0.00,0.00,0.00
314.25,6,578248,0.2970,32.57,199.29,1305,1366,3,7,2,9,0,0,0,2,56.7,0,0,0,0,0,0,8,0.0002,7.93,41.05,154.85
314.5,6,578206,0.2971,32.21,199.35,1285,1248,0,5,4,11,0,0,0,2,56.7,0,0,0,0,0,0,9,0.0001,0.00,0.00,0.00
314.75,6,578228,0.2971,31.86,199.16,1272,1303,3,9,2,8,0,0,0,2,56.7,0,0,0,0,0,0,8,0.0002,0.00,0.00,0.00
315,6,578243,0.2971,31.74,199.28,1217,1243,1,11,1,11,0,0,0,2,56.7,0,0,0,0,0,0,9,0.0000,0.00,0.00,0.00
315.25,6,578305,0.2970,31.31,199.20,1275,1347,2,10,3,10,0,0,0,2,56.7,0,0,0,0,0,0,8,0.0002,0.00,0.00,0.00
315.5,6,578385,0.2970,31.06,199.29,1172,1259,4,7,1,12,0,0,0,2,56.7,0,0,0,0,0,0,9,0.0000,0.00,0.00,0.00
315.75,6,578359,0.2970,31.12,198.77,1239,1221,2,8,1,8,0,0,0,2,56.7,0,0,0,0,0,0,8,0.0001,0.00,0.00,0.00
316,6,578399,0.2970,31.21,198.91,1161,1206,5,5,3,11,0,0,0,2,56.7,0,0,0,0,0,0,8,0.0002,0.00,0.00,0.00
316.25,6,578436,0.2970,31.48,198.64,1147,1199,4,15,1,9,0,0,0,2,56.7,0,0,0,0,0,0,9,0.0001,6.94,30.06,184.63
316.5,6,578480,0.2969,31.23,198.64,1128,1180,3,9,1,9,0,0,0,2,56.7,0,0,0,0,0,0,8,0.0002,0.00,0.00,0.00
316.75,6,578503,0.2969,31.85,198.35,1163,1192,0,6,2,10,0,0,0,2,56.7,0,0,0,0,0,0,8,0.0003,0.00,0.00,0.00
317,6,578528,0.2969,31.30,198.51,1152,1189,1,12,1,9,0,0,0,2,56.7,0,0,0,0,0,0,9,0.0001,0.00,0.00,0.00
317.25,6,578571,0.2969,32.23,198.01,1144,1192,3,5,2,9,0,0,0,2,56.7,0,0,0,0,0,0,8,0.0002,0.00,0.00,0.00
317.5,6,578627,0.2969,31.61,198.23,1126,1193,3,11,0,8,0,0,0,2,56.7,0,0,0,0,0,0,8,0.0003,0.00,0.00,0.00
317.75,6,578650,0.2969,32.81,197.71,1121,1149,2,5,2,9,0,0,0,2,56.7,0,0,0,0,0,0,9,0.0001,0.00,0.00,0.00
318,6,578653,0.2969,32.08,198.01,1143,1155,3,9,1,10,0,0,0,2,56.7,0,0,0,0,0,0,8,0.0002,0.00,0.00,0.00
318.25,6,578647,0.2969,33.48,197.52,1122,1128,1,12,3,8,0,0,0,2,56.7,0,0,0,0,0,0,8,0.0003,6.57,20.55,127.31
318.5,6,578659,0.2969,32.86,197.70,1185,1206,1,9,1,11,0,0,0,2,56.7,0,0,0,0,0,0,9,0.0001,0.00,0.00,0.00
318.75,6,578689,0.2969,34.82,197.50,1140,1179,3,9,2,9,0,0,0,2,56.7,0,0,0,0,0,0,8,0.0002,0.00,0.00,0.00
319,6,578718,0.2968,34.46,196.65,1224,1265,11,13,7,11,0,0,0,2,56.7,0,0,0,0,0,0,8,0.0003,0.00,0.00,0.00
319.25,6,578691,0.2968,36.98,195.71,1151,1144,17,21,5,12,0,0,0,2,56.7,0,0,0,0,0,0,9,0.0001,0.00,0.00,0.00
319.5,6,578698,0.2968,36.74,195.53,1254,1296,10,35,2,11,0,0,0,2,56.7,0,0,0,0,0,0,8,0.0001,0.00,0.00,0.00
319.75,6,578721,0.2967,38.88,191.19,1179,1229,19,30,1,8,0,0,0,2,56.7,0,0,0,0,0,0,8,0.0003,0.00,0.00,0.00
320,6,578662,0.2967,38.42,190.73,1300,1287,9,46,0,10,0,0,0,2,56.7,0,0,0,0,0,0,9,0.0001,0.00,0.00,0.00
320.25,6,578666,0.2967,39.99,174.67,1234,1270,1,32,0,10,0,0,0,2,60.0,0,0,0,0,0,0,8,0.0002,7.44,20.27,116.36
320.5,6,578644,0.2967,38.94,166.89,1308,1309,4,23,0,12,0,0,0,2,60.0,0,0,0,0,0,0,9,0.0001,0.00,0.00,0.00
320.75,6,578563,0.2967,39.61,153.59,1329,1261,4,13,0,10,0,0,0,2,60.0,0,0,0,0,0,0,8,0.0003,0.00,0.00,0.00
321,6,578479,0.2967,38.37,152.63,1322,1259,12,21,0,13,0,0,0,2,60.0,0,0,0,0,0,0,9,0.0001,0.00,0.00,0.00
321.25,6,578454,0.2967,38.59,144.19,1230,1218,3,13,0,11,0,0,0,2,60.0,0,0,0,0,0,0,9,0.0000,0.00,0.00,0.00
321.5,6,578479,0.2967,37.43,148.27,1212,1259,3,22,1,11,0,0,0,2,60.0,0,0,0,0,0,0,8,0.0002,0.00,0.00,0.00
321.75,6,578338,0.2968,37.60,136.58,1234,1115,1,22,5,10,0,0,0,2,60.0,0,0,0,0,0,0,9,0.0001,0.00,0.00,0.00
322,6,578340,0.2968,36.58,140.76,1190,1207,1,15,0,12,0,0,0,2,60.0,0,0,0,0,0,0,9,0.0000,0.00,0.00,0.00
322.25,6,578325,0.2968,36.86,130.16,1150,1146,5,11,1,11,0,0,0,2,60.0,0,0,0,0,0,0,8,0.0002,7.19,18.62,94.99
322.5,7,578288,0.2968,35.58,136.02,1198,1174,1,13,1,16,1,0,0,0,60.0,0,0,0,0,0,0,9,0.0001,0.00,0.00,0.00
322.75,7,578251,0.2968,36.78,125.69,1140,1119,4,16,2,10,0,0,5,0,60.0,0,0,0,0,0,0,9,0.0000,0.00,0.00,0.00
323,7,578256,0.2968,33.40,130.84,1129,1153,1,19,0,12,0,0,0,0,60.0,0,0,0,0,0,0,8,0.0002,0.00,0.00,0.00
323.25,7,578130,0.2968,35.47,120.19,1263,1159,7,22,2,10,0,0,0,0,60.0,0,0,0,0,0,0,9,0.0001,0.00,0.00,0.00
323.5,7,578132,0.2968,35.53,126.49,1164,1180,1,14,1,11,0,0,0,0,60.0,0,0,0,0,0,0,8,0.0003,0.00,0.00,0.00
323.75,7,578117,0.2968,36.62,116.32,1135,1129,3,9,1,11,0,0,0,0,60.0,0,0,0,0,0,0,9,0.0002,0.00,0.00,0.00
324,7,578088,0.2969,34.87,121.81,1156,1145,6,18,1,12,0,0,0,0,60.0,0,0,0,0,0,0,9,0.0001,0.00,0.00,0.00
324.25,7,578065,0.2969,36.94,115.59,1130,1125,5,18,1,10,0,0,0,0,60.0,0,0,0,0,0,0,8,0.0003,7.51,37.50,179.70
324.5,7,578176,0.2968,33.63,122.40,1063,1196,5,22,0,11,0,0,1,0,60.0,0,0,0,0,0,0,9,0.0002,0.00,0.00,0.00
324.75,7,578084,0.2968,36.56,111.87,1321,1251,2,22,2,9,0,0,0,0,60.0,0,0,0,0,0,0,9,0.0001,0.00,0.00,0.00
325,7,578061,0.2968,36.18,114.57,1218,1214,1,19,1,12,0,0,0,0,60.0,0,0,0,0,0,0,8,0.0003,0.00,0.00,0.00
325.25,7,578011,0.2968,37.70,103.51,1229,1202,6,23,3,10,0,0,0,0,60.0,0,0,0,0,0,0,9,0.0002,0.00,0.00,0.00
325.5,7,578089,0.2968,36.33,109.52,1115,1214,2,21,2,9,0,0,0,0,60.0,0,0,0,0,0,0,9,0.0001,0.00,0.00,0.00
325.75,7,578036,0.2968,37.94,102.20,1169,1131,4,15,4,9,0,0,0,0,60.0,0,0,0,0,0,0,8,0.0003,0.00,0.00,0.00
326,7,578006,0.2968,36.25,100.03,1116,1107,0,21,2,10,0,0,0,0,60.0,0,0,0,0,0,0,9,0.0002,0.00,0.00,0.00
326.25,7,577948,0.2968,37.89,98.47,1206,1172,7,24,3,11,0,0,0,0,60.0,0,0,0,0,0,0,9,0.0001,5.27,46.40,238.94
326.5,7,577929,0.2968,37.43,97.68,1142,1150,8,27,2,11,0,0,0,0,60.0,0,0,0,0,0,0,9,0.0000,0.00,0.00,0.00
326.75,7,577952,0.2967,38.37,95.26,1164,1213,9,26,5,8,0,0,0,0,60.0,0,0,0,0,0,0,8,0.0002,0.00,0.00,0.00
327,7,577895,0.2967,38.15,95.72,1169,1139,4,27,1,10,0,0,0,0,60.0,0,0,0,0,0,0,9,0.0001,0.00,0.00,0.00
327.25,7,577938,0.2967,40.15,91.73,1156,1216,726,17,4,9,0,0,0,0,60.0,0,0,0,0,0,0,9,0.0001,0.00,0.00,0.00
327.5,7,577919,0.2967,40.61,101.94,1216,1206,7,10,2,11,0,0,0,0,60.0,0,0,0,0,0,0,9,0.0000,0.00,0.00,0.00
327.75,7,578012,0.2966,42.44,89.90,1202,1310,4,15,6,10,0,0,0,0,60.0,0,0,0,0,0,0,8,0.0002,0.00,0.00,0.00
328,7,578002,0.2966,42.73,101.21,1308,1307,6,10,2,10,0,0,0,0,60.0,0,0,0,0,0,0,9,0.0002,0.00,0.00,0.00
328.25,7,578071,0.2966,43.72,90.42,1229,1315,3,17,3,10,0,0,0,1,60.0,0,0,0,0,0,0,9,0.0001,6.71,45.75,191.85
328.5,7,578091,0.2966,44.13,102.99,1331,1360,2,9,4,12,0,0,0,1,60.0,0,0,0,0,0,0,9,0.0000,0.00,0.00,0.00
328.75,7,578106,0.2965,44.57,100.29,1377,1404,5,12,7,9,0,0,0,1,60.0,0,0,0,0,0,0,8,0.0003,0.00,0.00,0.00
329,7,578141,0.2965,45.34,110.65,1366,1408,3,7,2,10,0,0,0,1,60.0,0,0,0,0,0,0,9,0.0002,0.00,0.00,0.00
329.25,7,578156,0.2965,45.21,97.02,1347,1384,3,22,5,12,0,0,0,1,60.0,0,0,0,0,0,0,9,0.0002,0.00,0.00,0.00
329.5,7,578109,0.2965,45.01,105.35,1467,1436,2,16,1,11,0,0,0,0,60.0,0,0,0,0,0,0,9,0.0001,0.00,0.00,0.00
329.75,7,578128,0.2965,45.16,96.47,1476,1508,4,13,6,16,0,0,0,0,60.0,0,0,0,0,0,0,9,0.0001,0.00,0.00,0.00
330,7,578133,0.2965,45.36,104.67,1360,1376,2,11,0,11,0,0,0,0,60.0,0,0,0,0,0,0,8,0.0003,0.00,0.00,0.00
330.25,7,578215,0.2964,44.53,86.96,1345,1445,6,18,10,9,0,0,0,0,20.4,0,0,0,0,0,0,9,0.0002,5.45,24.20,145.52
330.5,7,578111,0.2965,44.22,93.47,1514,1421,7,11,2,12,0,0,0,0,20.4,0,0,0,0,0,0,9,0.0002,0.00,0.00,0.00
330.75,7,578056,0.2965,43.59,83.90,1401,1370,3,24,4,13,0,0,0,0,20.4,0,0,0,0,0,0,9,0.0001,0.00,0.00,0.00
331,7,578100,0.2965,43.73,83.21,1327,1380,4,9,1,9,0,0,0,0,20.4,0,0,0,0,0,0,9,0.0001,0.00,0.00,0.00
331.25,7,578103,0.2965,42.52,80.87,1363,1374,2,8,6,14,0,0,0,0,20.4,0,0,0,0,0,0,9,0.0000,0.00,0.00,0.00
331.5,7,578095,0.2965,42.91,78.15,1328,1333,13,13,1,10,0,0,0,0,20.4,0,0,0,0,0,0,8,0.0003,0.00,0.00,0.00
331.75,7,578060,0.2965,41.09,78.32,1346,1324,7,14,7,11,0,0,0,0,20.4,0,0,0,0,0,0,9,0.0002,0.00,0.00,0.00
332,7,577974,0.2965,41.59,81.53,1342,1279,6,23,3,10,0,0,0,0,20.4,0,0,0,0,0,0,9,0.0002,0.00,0.00,0.00
332.25,7,577970,0.2965,40.51,77.89,1329,1335,4,10,7,10,0,0,0,1,20.4,0,0,0,0,0,0,9,0.0002,6.60,45.34,202.74
332.5,7,577929,0.2965,39.93,78.98,1267,1237,5,11,3,10,0,0,0,1,20.4,0,0,0,0,0,0,9,0.0001,0.00,0.00,0.00
332.75,7,577937,0.2965,37.88,72.30,1268,1300,3,24,2,13,0,0,0,1,20.4,0,0,0,0,0,0,9,0.0001,0.00,0.00,0.00
333,7,578003,0.2965,37.09,73.93,1165,1240,41201,9,3,10,0,0,0,1,20.4,0,0,0,0,0,0,9,0.0001,0.00,0.00,0.00
333.25,7,577747,0.2966,35.28,68.24,1467,1229,4,18,5,11,0,0,0,1,20.4,0,0,0,0,0,0,9,0.0001,0.00,0.00,0.00
333.5,7,577606,0.2966,34.98,78.19,1353,1222,2,10,6,10,0,0,0,1,20.4,0,0,0,0,0,0,9,0.0000,0.00,0.00,0.00
333.75,7,577530,0.2967,33.54,76.78,1333,1266,10,10,8,12,0,0,0,1,20.4,0,0,0,0,0,0,9,0.0000,0.00,0.00,0.00
334,7,577463,0.2967,33.55,84.50,1330,1280,5,17,7,10,0,0,0,1,20.4,0,0,0,0,0,0,9,0.0000,0.00,0.00,0.00
334.25,7,577481,0.2967,33.19,86.07,1327,1360,9,15,11,10,0,0,0,1,20.4,0,0,0,0,0,0,8,0.0003,8.39,45.83,161.71
334.5,7,577547,0.2966,34.63,96.73,1333,1419,15,20,12,11,0,0,0,1,20.4,0,0,0,0,0,0,9,0.0003,0.00,0.00,0.00
334.75,7,577652,0.2965,34.25,92.56,1340,1481,17,36,11,13,0,0,0,1,20.4,0,0,0,0,0,0,9,0.0003,0.00,0.00,0.00
335,7,577619,0.2964,36.40,84.65,1480,1474,15,28,15,11,0,0,0,1,20.4,0,0,0,0,0,0,9,0.0003,0.00,0.00,0.00
335.25,7,577633,0.2963,37.76,92.12,1520,1591,14,58,8,14,0,0,0,1,20.4,0,0,0,0,0,0,10,0.0000,0.00,0.00,0.00
335.5,7,577648,0.2963,40.73,98.61,1550,1615,15,51,11,14,0,0,0,1,20.4,0,0,0,0,0,0,9,0.0001,0.00,0.00,0.00
335.75,7,577608,0.2962,41.92,104.40,1635,1641,24,48,6,11,0,0,0,1,20.4,0,0,0,0,0,0,9,0.0002,0.00,0.00,0.00
336,7,577616,0.2961,45.21,108.45,1566,1643,10,69,4,12,0,0,0,1,20.4,0,0,0,0,0,0,10,0.0001,0.00,0.00,0.00
336.25,7,577606,0.2960,46.90,111.87,1583,1623,12,51,4,12,0,0,0,2,20.4,0,0,0,0,0,0,9,0.0002,9.91,82.59,393.52
336.5,7,577663,0.2959,50.72,114.18,1531,1644,17,56,2,11,0,0,0,2,20.4,0,0,0,0,0,0,10,0.0001,0.00,0.00,0.00
336.75,7,577686,0.2958,51.23,115.12,1550,1640,10,68,1,13,0,0,0,2,20.4,0,0,0,0,0,0,10,0.0001,0.00,0.00,0.00
337,7,577628,0.2958,55.23,115.47,1567,1566,9,57,0,13,0,0,0,2,20.4,0,0,0,0,0,0,10,0.0000,0.00,0.00,0.00
337.25,7,577669,0.2957,53.51,107.95,1572,1664,30681,51,2,11,0,0,0,2,20.4,0,0,0,0,0,0,10,0.0000,0.00,0.00,0.00
337.5,7,577544,0.2957,53.95,105.47,1773,1696,5,48,1,12,0,0,0,2,20.4,0,0,0,0,0,0,9,0.0003,0.00,0.00,0.00
337.75,7,577588,0.2956,55.09,107.32,1781,1861,4,36,2,15,0,0,0,2,20.4,0,0,0,0,0,0,10,0.0003,0.00,0.00,0.00
338,7,577635,0.2956,56.47,113.11,1814,1897,5835,36,2,11,0,0,0,1,20.4,0,0,0,0,0,0,11,0.0000,0.00,0.00,0.00
338.25,7,577524,0.2956,57.43,124.94,2079,1996,17,29,1,13,0,0,0,1,20.4,0,0,0,0,0,0,10,0.0000,15.80,41.72,227.18
338.5,7,577451,0.2956,58.36,135.71,2015,1969,8,27,5,15,0,0,0,1,20.4,0,0,0,0,0,0,10,0.0000,0.00,0.00,0.00
338.75,7,577336,0.2956,56.95,145.10,2144,2049,8,20,5,15,0,0,0,1,20.4,0,0,0,0,0,0,10,0.0000,0.00,0.00,0.00
339,7,577310,0.2956,56.73,153.27,2078,2076,4,24,0,12,0,0,0,1,20.4,0,0,0,0,0,0,10,0.0000,0.00,0.00,0.00
339.25,7,577237,0.2957,55.65,160.16,2181,2124,3,16,7,15,0,0,0,1,20.4,0,0,0,0,0,0,10,0.0001,0.00,0.00,0.00
339.5,7,577088,0.2957,55.54,164.56,2163,2037,3,23,3,12,0,0,0,1,20.4,0,0,0,0,0,0,10,0.0001,0.00,0.00,0.00
339.75,7,576979,0.2958,53.88,165.25,2234,2137,8,12,4,13,0,0,0,1,20.4,0,0,0,0,0,0,10,0.0001,0.00,0.00,0.00
340,7,576924,0.2958,52.98,163.63,2090,2053,7,18,2,15,0,0,0,1,20.4,0,0,0,0,0,0,10,0.0001,0.00,0.00,0.00
340.25,7,576730,0.2959,52.06,162.96,2192,2020,12,22,4,15,0,0,0,2,14.4,0,0,0,0,0,0,10,0.0001,12.18,53.41,423.41
340.5,7,576623,0.2959,51.18,164.43,2106,2016,15,20,2,10,0,0,0,1,14.4,0,0,0,0,0,0,10,0.0001,0.00,0.00,0.00
340.75,7,576560,0.2960,50.59,167.39,2068,2032,10,27,0,12,0,0,0,1,14.4,0,0,0,0,0,0,10,0.0001,0.00,0.00,0.00
341,7,576481,0.2960,50.34,171.89,2068,2017,12,28,3,11,0,0,0,1,14.4,0,0,0,0,0,0,10,0.0002,0.00,0.00,0.00
341.25,7,576352,0.2960,49.96,176.31,2103,1997,15,24,1,10,0,0,0,1,14.4,0,0,0,0,0,0,10,0.0002,0.00,0.00,0.00
341.5,7,576330,0.2960,50.25,179.40,2065,2067,13,29,1,13,0,0,0,1,14.4,0,0,0,0,0,0,10,0.0002,0.00,0.00,0.00
341.75,7,576144,0.2961,49.61,182.67,2121,1955,11,23,0,12,0,0,0,1,14.4,0,0,0,0,0,0,10,0.0002,0.00,0.00,0.00
342,7,576016,0.2962,50.16,185.38,2144,2036,12,21,0,14,0,0,0,1,14.4,0,0,0,0,0,0,10,0.0003,0.00,0.00,0.00
342.25,7,575896,0.2962,49.47,187.70,2038,1933,8,15,0,14,0,0,0,1,14.4,0,0,0,0,0,0,11,0.0000,7.66,37.54,258.93
342.5,7,575898,0.2962,50.15,189.63,2014,2035,5,19,0,12,0,0,0,1,14.4,0,0,0,0,0,0,10,0.0000,0.00,0.00,0.00
342.75,7,575802,0.2963,49.54,191.26,2071,1990,4,15,0,11,0,0,0,1,14.4,0,0,0,0,0,0,10,0.0000,0.00,0.00,0.00
343,7,575729,0.2963,50.77,192.65,2080,2016,4,9,3,11,0,0,0,1,14.4,0,0,0,0,0,0,10,0.0001,0.00,0.00,0.00
343.25,7,575725,0.2963,49.79,193.77,2022,2034,3,16,0,13,0,0,0,1,14.4,0,0,0,0,0,0,10,0.0001,0.00,0.00,0.00
343.5,7,575712,0.2963,50.74,194.75,2011,2013,2,15,1,11,0,0,0,1,14.4,0,0,0,0,0,0,10,0.0001,0.00,0.00,0.00
343.75,7,575628,0.2963,49.71,195.53,2014,1943,2,13,2,15,0,0,0,1,14.4,0,0,0,0,0,0,10,0.0001,0.00,0.00,0.00
344,7,575568,0.2963,50.11,196.22,2043,2012,8,29,1,10,0,0,0,1,14.4,0,0,0,0,0,0,10,0.0001,0.00,0.00,0.00
344.25,7,575516,0.2964,49.01,196.77,1986,1947,3,13,2,10,0,0,0,1,14.4,0,0,0,0,0,0,10,0.0001,7.90,28.15,198.55
344.5,7,575537,0.2963,49.68,197.22,1884,1927,6,22,7,10,0,0,0,1,14.4,0,0,0,0,0,0,10,0.0001,0.00,0.00,0.00
344.75,7,575501,0.2963,48.71,186.19,1964,1944,698,16,0,12,0,0,0,1,14.4,0,0,0,0,0,0,10,0.0001,0.00,0.00,0.00
345,7,575407,0.2964,49.25,188.15,1983,1908,5,20,0,15,0,0,0,1,14.4,0,0,0,0,0,0,10,0.0002,0.00,0.00,0.00
345.25,7,575394,0.2964,48.56,189.97,1923,1930,1,20,3,11,0,0,0,1,14.4,0,0,0,0,0,0,10,0.0002,0.00,0.00,0.00
345.5,7,575316,0.2964,49.04,191.44,1945,1886,3,19,1,12,0,0,0,1,14.4,0,0,0,0,0,0,10,0.0002,0.00,0.00,0.00
345.75,7,575246,0.2964,48.47,189.44,1965,1915,7,20,6,14,0,0,0,1,14.4,0,0,0,0,0,0,10,0.0003,0.00,0.00,0.00
346,7,575223,0.2964,48.98,189.80,1905,1906,6,24,5,14,0,0,0,1,14.4,0,0,0,0,0,0,10,0.0003,0.00,0.00,0.00
346.25,7,575203,0.2964,48.61,190.62,1917,1912,2,16,8,17,0,0,0,1,14.4,0,0,0,0,0,0,11,0.0000,7.12,32.00,174.00
346.5,7,575232,0.2964,48.82,191.83,1870,1922,9,25,6,13,0,0,0,1,14.4,0,0,0,0,0,0,10,0.0001,0.00,0.00,0.00
346.75,7,575152,0.2964,48.43,190.24,1934,1875,3,21,11,14,0,0,0,1,14.4,0,0,0,0,0,0,10,0.0001,0.00,0.00,0.00
347,7,575142,0.2963,48.58,189.98,1849,1873,2,34,13,15,0,0,0,1,14.4,0,0,0,0,0,0,10,0.0001,0.00,0.00,0.00
347.25,7,575078,0.2963,47.82,187.72,1948,1896,1,12,17,11,0,0,0,1,14.4,0,0,0,0,0,0,10,0.0002,0.00,0.00,0.00
347.5,7,575045,0.2963,47.23,187.26,1884,1873,3,22,15,15,0,0,0,1,14.4,0,0,0,0,0,0,10,0.0002,0.00,0.00,0.00
347.75,7,575015,0.2963,46.13,188.64,1823,1814,1,21,15,16,0,0,0,1,14.4,0,0,0,0,0,0,10,0.0003,0.00,0.00,0.00
348,7,574967,0.2963,45.69,189.28,1822,1797,3,23,15,15,0,0,0,1,14.4,0,0,0,0,0,0,11,0.0000,0.00,0.00,0.00
348.25,7,574985,0.2962,44.79,189.71,1697,1729,1,14,14,11,0,0,0,1,14.4,0,0,0,0,0,0,10,0.0001,7.24,37.05,122.54
348.5,7,574990,0.2962,44.90,190.21,1670,1705,5,30,7,12,0,0,0,1,14.4,0,0,0,0,0,0,10,0.0001,0.00,0.00,0.00
348.75,7,575025,0.2962,44.15,190.51,1635,1678,0,8,8,14,0,0,0,1,14.4,0,0,0,0,0,0,10,0.0001,0.00,0.00,0.00
349,7,574984,0.2962,44.46,190.94,1683,1671,5,29,4,14,0,0,0,1,14.4,0,0,0,0,0,0,10,0.0002,0.00,0.00,0.00
349.25,7,574975,0.2962,43.69,191.51,1582,1583,3,10,5,15,0,0,0,1,14.4,0,0,0,0,0,0,10,0.0002,0.00,0.00,0.00
349.5,7,574973,0.2962,44.65,192.17,1641,1658,3,19,6,14,0,0,0,1,14.4,0,0,0,0,0,0,10,0.0003,0.00,0.00,0.00
349.75,7,574957,0.2962,43.58,193.01,1603,1594,4,7,0,14,0,0,0,1,14.4,0,0,0,0,0,0,10,0.0003,0.00,0.00,0.00
350,7,575005,0.2961,44.61,193.99,1539,1618,6,32,0,12,0,0,0,1,14.4,0,0,0,0,0,0,11,0.0000,0.00,0.00,0.00
350.25,7,574998,0.2961,43.45,194.91,1573,1580,3,14,3,13,0,0,0,1,123.3,0,0,0,0,0,0,10,0.0000,9.06,41.76,140.19
350.5,7,575052,0.2961,44.42,195.70,1534,1604,4,17,2,13,0,0,0,1,123.3,0,0,0,0,0,0,10,0.0001,0.00,0.00,0.00
350.75,7,575016,0.2961,43.05,196.37,1587,1561,2,11,5,11,0,0,0,1,123.3,0,0,0,0,0,0,10,0.0001,0.00,0.00,0.00
351,7,575017,0.2961,43.66,196.92,1546,1582,7,35,3,14,0,0,0,1,123.3,0,0,0,0,0,0,10,0.0001,0.00,0.00,0.00
351.25,7,575075,0.2960,41.25,197.23,1493,1558,1,7,13,14,0,0,0,1,123.3,0,0,0,0,0,0,10,0.0001,0.00,0.00,0.00
351.5,7,575057,0.2960,40.79,197.28,1511,1507,5,15,9,15,0,0,0,1,123.3,0,0,0,0,0,0,10,0.0001,0.00,0.00,0.00
351.75,7,575096,0.2960,38.56,197.31,1385,1434,2,10,15,13,0,0,0,1,123.3,0,0,0,0,0,0,10,0.0002,0.00,0.00,0.00
352,7,575104,0.2960,38.46,197.39,1391,1422,2,23,11,13,0,0,0,1,123.3,0,0,0,0,0,0,10,0.0002,0.00,0.00,0.00
352.25,7,575063,0.2960,36.80,174.14,1388,1354,1,7,7,11,0,0,0,1,123.3,0,0,0,0,0,0,10,0.0002,8.89,37.73,174.16
352.5,7,575104,0.2960,36.90,130.71,1315,1369,4,13,2,11,0,0,0,1,123.3,0,0,0,0,0,0,10,0.0002,0.00,0.00,0.00
352.75,7,575107,0.2960,35.73,87.36,1251,1261,0,7,4,12,0,0,0,1,123.3,0,0,0,0,0,0,10,0.0001,0.00,0.00,0.00
353,8,575016,0.2960,37.12,64.00,1266,1195,11150,20,2,12,1,0,0,0,123.3,0,0,0,0,0,0,10,0.0001,0.00,0.00,0.00
353.25,8,574962,0.2961,38.00,67.69,1297,1247,6,5,0,14,0,0,4,0,123.3,0,0,0,0,0,0,10,0.0001,0.00,0.00,0.00
353.5,8,575046,0.2960,40.25,87.70,1308,1406,7,15,0,12,0,0,0,0,123.3,0,0,0,0,0,0,10,0.0001,0.00,0.00,0.00
353.75,8,575223,0.2960,41.21,102.87,1309,1495,9,9,3,14,0,0,0,0,123.3,0,0,0,0,0,0,10,0.0000,0.00,0.00,0.00
354,8,575306,0.2959,49.56,116.80,1384,1487,41465,22,15,13,0,0,0,0,123.3,0,0,0,0,0,0,10,0.0000,0.00,0.00,0.00
354.25,8,575205,0.2960,48.20,127.45,1883,1790,3,8,1,11,0,0,0,0,123.3,0,0,0,0,0,0,9,0.0003,7.32,30.40,67.06
354.5,8,575298,0.2959,49.20,137.79,1867,1976,1,16,1,10,0,0,0,0,123.3,0,0,0,0,0,0,10,0.0002,0.00,0.00,0.00
354.75,8,575319,0.2959,49.46,145.01,1941,1973,3,11,0,12,0,0,0,0,123.3,0,0,0,0,0,0,10,0.0002,0.00,0.00,0.00
355,8,575327,0.2959,50.83,150.56,2029,2049,1,12,0,12,0,0,0,0,123.3,0,0,0,0,0,0,10,0.0001,0.00,0.00,0.00
355.25,8,575314,0.2959,50.51,154.66,2040,2028,8,4,2,13,0,0,0,0,123.3,0,0,0,0,0,0,10,0.0000,0.00,0.00,0.00
355.5,8,575309,0.2959,52.77,157.03,2070,2079,5,14,0,11,0,0,0,0,123.3,0,0,0,0,0,0,9,0.0003,0.00,0.00,0.00
355.75,8,575275,0.2960,50.98,162.50,2096,2067,8,5,0,11,0,0,0,0,123.3,0,0,0,0,0,0,10,0.0002,0.00,0.00,0.00
356,8,575221,0.2960,52.98,168.41,2074,2036,7,16,0,13,0,0,0,0,123.3,0,0,0,0,0,0,10,0.0001,0.00,0.00,0.00
356.25,8,575181,0.2960,51.53,166.24,2055,2031,6,16,0,12,0,0,0,0,123.3,0,0,0,0,0,0,10,0.0000,9.16,23.14,107.02
356.5,8,575138,0.2960,52.83,160.57,2090,2071,10,24,0,9,0,0,0,0,123.3,0,0,0,0,0,0,9,0.0003,0.00,0.00,0.00
356.75,8,575060,0.2960,51.68,163.60,2115,2063,6,26,0,13,0,0,0,0,123.3,0,0,0,0,0,0,10,0.0002,0.00,0.00,0.00
357,8,574972,0.2961,51.90,166.27,2099,2031,8,21,3,10,0,0,0,0,123.3,0,0,0,0,0,0,10,0.0002,0.00,0.00,0.00
357.25,8,574883,0.2961,51.40,170.96,2152,2080,223,17,0,12,0,0,1,0,123.3,0,0,0,0,0,0,10,0.0002,0.00,0.00,0.00
357.5,8,574887,0.2961,50.34,174.65,2092,2109,1,13,1,10,0,0,0,0,123.3,0,0,0,0,0,0,10,0.0001,0.00,0.00,0.00
357.75,8,574865,0.2961,49.60,178.02,2109,2102,1,15,0,11,0,0,0,0,123.3,0,0,0,0,0,0,10,0.0001,0.00,0.00,0.00
358,8,574794,0.2962,49.03,180.73,2102,2036,3,6,1,11,0,0,0,0,123.3,0,0,0,0,0,0,10,0.0001,0.00,0.00,0.00
358.25,8,574821,0.2962,48.99,183.55,2109,2142,4,6,1,11,0,0,0,0,123.3,0,0,0,0,0,0,10,0.0000,8.38,19.79,104.81
358.5,8,574808,0.2962,48.54,186.02,2053,2048,6,8,0,14,0,0,0,0,123.3,0,0,0,0,0,0,9,0.0003,0.00,0.00,0.00
358.75,8,574817,0.2962,48.98,188.07,2086,2107,6,12,0,10,0,0,0,0,123.3,0,0,0,0,0,0,10,0.0002,0.00,0.00,0.00
359,8,574740,0.2962,48.55,189.87,2129,2059,8,8,1,13,0,0,0,0,123.3,0,0,0,0,0,0,10,0.0001,0.00,0.00,0.00
359.25,8,574792,0.2962,49.26,191.24,2023,2080,2,5,0,13,0,0,0,0,123.3,0,0,0,0,0,0,10,0.0000,0.00,0.00,0.00
359.5,9,574674,0.2963,48.43,192.44,2139,2028,1,7,1,10,0,0,0,0,123.3,1,1,0,0,0,0,9,0.0003,0.00,0.00,0.00
359.75,9,574599,0.2963,48.60,193.43,2130,2062,0,7,1,15,0,0,2,0,123.3,0,1,0,0,0,0,10,0.0002,0.00,0.00,0.00
360,9,574508,0.2964,47.69,194.36,2139,2052,1,4,2,13,0,0,1,0,123.3,0,1,0,0,0,0,10,0.0001,0.00,0.00,0.00
360.25,9,574498,0.2964,48.71,195.08,2119,2115,2,6,0,12,0,0,0,0,145.4,0,1,0,0,0,0,9,0.0002,4.93,14.45,172.44
360.5,9,574417,0.2965,47.12,195.76,2109,2032,1,4,0,10,0,0,0,0,145.4,0,1,0,0,0,0,10,0.0001,0.00,0.00,0.00
360.75,9,574444,0.2965,49.98,196.34,2085,2115,4,3,1,15,0,0,0,0,145.4,0,1,0,0,0,0,9,0.0002,0.00,0.00,0.00
361,9,574304,0.2966,47.38,196.90,2210,2074,3,4,1,15,0,0,0,0,145.4,0,1,0,0,0,0,10,0.0001,0.00,0.00,0.00
361.25,9,574201,0.2967,50.05,197.33,2215,2116,2,4,0,11,0,0,0,0,145.4,0,1,0,0,0,0,9,0.0002,0.00,0.00,0.00
361.5,9,574022,0.2968,47.27,197.65,2262,2084,3,2,1,11,0,0,0,0,145.4,0,1,0,0,0,0,10,0.0001,0.00,0.00,0.00
361.75,9,574022,0.2968,49.66,196.82,2144,2147,2,3,1,13,0,0,0,0,145.4,0,1,0,0,0,0,9,0.0002,0.00,0.00,0.00
362,9,573877,0.2969,46.88,194.97,2214,2073,3,5,2,11,0,0,0,0,145.4,0,1,0,0,0,0,9,0.0003,0.00,0.00,0.00
362.25,9,573704,0.2970,49.27,191.86,2276,2106,3,3,4,17,0,0,0,0,145.4,0,1,0,0,0,0,10,0.0001,6.78,16.46,208.16
362.5,9,573466,0.2971,45.87,189.10,2236,2002,8,5,6,10,0,0,0,0,145.4,0,1,0,0,0,1,9,0.0002,0.00,0.00,0.00
362.75,8,573452,0.2971,47.47,188.08,2012,2002,11,6,8,12,0,0,0,0,145.4,0,1,0,0,0,1,9,0.0003,0.00,0.00,0.00
363,8,573311,0.2972,44.47,187.17,2002,1869,7,9,5,16,0,0,0,0,145.4,0,1,0,0,0,0,10,0.0000,0.00,0.00,0.00
363.25,8,573218,0.2972,46.02,188.37,1988,1904,2,9,4,12,0,0,0,0,145.4,0,1,0,0,0,0,9,0.0001,0.00,0.00,0.00
363.5,8,573144,0.2973,42.61,190.14,1954,1888,7,8,5,10,0,0,0,0,145.4,0,1,0,0,0,0,9,0.0002,0.00,0.00,0.00
363.75,8,573095,0.2973,44.66,191.69,1947,1907,2,9,10,10,0,0,0,0,145.4,0,1,0,0,0,0,9,0.0003,0.00,0.00,0.00
364,8,572924,0.2973,41.65,192.98,1983,1819,5,7,13,11,0,0,0,0,145.4,0,1,0,0,0,0,10,0.0000,0.00,0.00,0.00
364.25,8,572799,0.2974,41.70,194.05,1914,1794,0,5,11,11,0,0,0,0,145.4,0,1,0,0,0,0,9,0.0001,6.77,18.57,352.17
364.5,8,572764,0.2974,39.79,194.91,1832,1806,4,9,10,12,0,0,0,0,145.4,0,1,0,0,0,0,9,0.0002,0.00,0.00,0.00
364.75,8,572734,0.2974,39.03,195.59,1820,1799,3,9,7,10,0,0,0,0,145.4,0,1,0,0,0,0,9,0.0002,0.00,0.00,0.00
365,8,572707,0.2974,37.76,196.16,1784,1762,2,5,9,9,0,0,0,0,145.4,0,1,0,0,0,0,9,0.0003,0.00,0.00,0.00
365.25,8,572681,0.2974,36.32,196.52,1832,1810,0,4,7,10,0,0,0,0,145.4,0,1,0,0,0,0,10,0.0000,0.00,0.00,0.00
365.5,8,572627,0.2975,34.67,196.73,1764,1715,1,5,16,13,0,0,0,0,145.4,0,1,0,0,0,0,9,0.0000,0.00,0.00,0.00
365.75,8,572577,0.2975,33.78,196.84,1803,1757,1,4,12,14,0,0,0,0,145.4,0,1,0,0,0,0,9,0.0001,0.00,0.00,0.00
366,8,572566,0.2975,33.32,196.95,1783,1774,2,2,11,9,0,0,0,0,145.4,0,1,0,0,0,0,9,0.0001,0.00,0.00,0.00
366.25,8,572537,0.2975,32.71,193.57,1843,1816,0,2,14,11,0,0,0,1,145.4,0,1,0,0,0,0,9,0.0001,5.31,27.80,236.39
366.5,8,572416,0.2976,33.19,194.16,1891,1774,4,4,7,11,0,0,0,1,145.4,0,1,0,0,0,0,9,0.0001,0.00,0.00,0.00
366.75,8,572425,0.2976,33.11,194.83,1840,1854,1,5,9,10,0,0,0,1,145.4,0,1,0,0,0,0,9,0.0001,0.00,0.00,0.00
367,8,572356,0.2976,33.68,195.57,1919,1854,1,4,11,9,0,0,0,1,145.4,0,1,0,0,0,0,9,0.0001,0.00,0.00,0.00
367.25,8,572401,0.2976,33.83,196.22,1882,1928,3,1,7,10,0,0,0,1,145.4,0,1,0,0,0,0,9,0.0001,0.00,0.00,0.00
367.5,8,572350,0.2976,33.97,196.72,1920,1875,3,6,9,9,0,0,0,1,145.4,0,1,0,0,0,0,9,0.0001,0.00,0.00,0.00
367.75,8,572250,0.2976,35.26,197.22,1908,1814,6,7,5,12,0,0,0,1,145.4,0,1,0,0,0,0,9,0.0000,0.00,0.00,0.00
368,8,572317,0.2976,35.72,197.62,1852,1931,7,12,7,8,0,0,0,1,145.4,0,1,0,0,0,0,8,0.0003,0.00,0.00,0.00
368.25,8,572275,0.2976,37.23,197.96,1928,1894,4,8,11,11,0,0,0,1,145.4,0,1,0,0,0,0,9,0.0002,6.63,42.57,305.77
368.5,8,572320,0.2976,37.87,198.26,1946,2001,10,12,10,9,0,0,0,1,145.4,0,1,0,0,0,0,9,0.0002,0.00,0.00,0.00
368.75,9,572347,0.2975,39.43,198.52,1879,1922,9,16,8,12,1,0,0,0,145.4,0,1,0,0,0,0,9,0.0002,0.00,0.00,0.00
369,9,572369,0.2975,40.20,198.71,1968,2003,8,13,10,9,0,0,6,0,145.4,0,1,0,0,0,0,9,0.0001,0.00,0.00,0.00
369.25,9,572213,0.2976,41.53,198.88,2097,1957,11,16,12,12,0,0,1,0,145.4,0,1,0,0,0,0,9,0.0001,0.00,0.00,0.00
369.5,9,572214,0.2975,41.56,198.86,2065,2085,5,19,9,11,0,0,0,0,145.4,0,1,0,0,0,0,9,0.0000,0.00,0.00,0.00
369.75,9,572285,0.2975,42.48,198.93,2002,2089,10,17,5,11,0,0,0,0,145.4,0,1,0,0,0,0,9,0.0000,0.00,0.00,0.00
370,9,572203,0.2975,42.18,198.25,2124,2071,8,29,11,9,0,0,0,0,145.4,0,1,0,0,0,0,9,0.0000,0.00,0.00,0.00
370.25,9,572161,0.2975,42.71,198.16,2146,2125,8,21,13,9,0,0,0,1,189.9,0,1,0,0,0,0,8,0.0003,6.70,39.74,126.59
370.5,9,572198,0.2974,42.69,197.86,2110,2175,4,28,9,11,0,0,0,1,189.9,0,1,0,0,0,0,10,0.0000,0.00,0.00,0.00
370.75,9,572169,0.2974,43.10,197.81,2126,2131,8,34,8,9,0,0,0,0,189.9,0,1,0,0,0,0,9,0.0000,0.00,0.00,0.00
371,9,572131,0.2974,42.90,197.43,2102,2089,5,25,9,9,0,0,0,0,189.9,0,1,0,0,0,0,9,0.0000,0.00,0.00,0.00
371.25,9,572162,0.2973,43.02,197.35,2063,2126,8,32,10,12,0,0,0,0,189.9,0,1,0,0,0,0,9,0.0001,0.00,0.00,0.00
371.5,9,572164,0.2972,42.78,197.04,2078,2112,7,32,9,9,0,0,0,0,189.9,0,1,0,0,0,0,9,0.0001,0.00,0.00,0.00
371.75,9,572083,0.2973,42.40,197.07,2131,2075,2,25,5,9,0,0,0,0,189.9,0,1,0,0,0,0,9,0.0001,0.00,0.00,0.00
372,9,572051,0.2972,41.63,197.30,2131,2127,9,28,7,11,0,0,0,0,189.9,0,1,0,0,0,0,9,0.0001,0.00,0.00,0.00
372.25,9,572011,0.2972,40.78,197.67,2061,2045,7,25,5,11,0,0,0,1,189.9,0,1,0,0,0,0,9,0.0001,14.76,53.19,294.69
372.5,9,571928,0.2972,39.34,198.01,2019,1969,12,33,8,11,0,0,0,1,189.9,0,1,0,0,0,0,9,0.0002,0.00,0.00,0.00
372.75,9,571880,0.2972,38.03,198.11,1916,1896,5,28,9,11,0,0,0,1,189.9,0,1,0,0,0,0,9,0.0002,0.00,0.00,0.00
373,9,571787,0.2972,36.51,198.19,1941,1878,2,30,5,9,0,0,0,1,189.9,0,1,0,0,0,0,9,0.0003,0.00,0.00,0.00
373.25,9,571849,0.2971,34.77,198.36,1779,1864,6,23,13,12,0,0,0,1,189.9,0,1,0,0,0,0,10,0.0000,0.00,0.00,0.00
373.5,9,571833,0.2971,34.97,198.47,1776,1786,3,26,14,9,0,0,0,1,189.9,0,1,0,0,0,0,9,0.0000,0.00,0.00,0.00
373.75,9,571750,0.2971,34.08,198.36,1753,1695,6,26,26,11,0,0,0,1,189.9,0,1,0,0,0,0,9,0.0001,0.00,0.00,0.00
374,9,571693,0.2970,35.89,198.50,1641,1608,2,24,25,9,0,0,0,1,189.9,0,1,0,0,0,0,9,0.0001,0.00,0.00,0.00
374.25,9,571707,0.2970,36.36,198.45,1534,1572,4,24,29,10,0,0,0,1,189.9,0,1,0,0,0,0,9,0.0002,16.58,79.80,231.13
374.5,9,571737,0.2969,37.83,198.53,1518,1567,3,19,17,12,0,0,0,1,189.9,0,1,0,0,0,0,9,0.0002,0.00,0.00,0.00
374.75,9,571816,0.2968,39.31,198.56,1413,1517,10,26,21,10,0,0,0,1,189.9,0,1,0,0,0,0,9,0.0003,0.00,0.00,0.00
375,9,571837,0.2967,40.72,198.63,1412,1460,4,27,15,10,0,0,0,1,189.9,0,1,0,0,0,0,10,0.0000,0.00,0.00,0.00
375.25,9,571862,0.2967,42.69,198.71,1424,1480,3,31,22,9,0,0,0,1,189.9,0,1,0,0,0,0,9,0.0001,0.00,0.00,0.00
375.5,10,571840,0.2966,42.12,198.81,1494,1502,41215,32,10,10,1,0,0,0,189.9,0,1,0,0,0,0,9,0.0001,0.00,0.00,0.00
375.75,10,571727,0.2966,40.70,198.86,1552,1461,1,22,10,10,0,0,3,0,189.9,0,1,0,0,0,0,9,0.0002,0.00,0.00,0.00
376,10,571658,0.2967,40.32,198.98,1627,1573,7,15,9,9,0,0,0,0,189.9,0,1,0,0,0,0,9,0.0003,0.00,0.00,0.00
376.25,10,571591,0.2967,39.48,199.02,1601,1549,4,15,5,13,0,0,0,1,189.9,0,1,0,0,0,0,10,0.0000,10.74,42.85,324.58
376.5,10,571580,0.2967,39.67,199.08,1669,1674,4,16,5,11,0,0,0,1,189.9,0,1,0,0,0,0,9,0.0001,0.00,0.00,0.00
376.75,10,571622,0.2966,39.41,199.06,1691,1744,2,11,6,9,0,0,0,1,189.9,0,1,0,0,0,0,9,0.0002,0.00,0.00,0.00
377,10,571675,0.2966,39.17,199.05,1701,1768,2,14,8,10,0,0,0,1,189.9,0,1,0,0,0,0,9,0.0002,0.00,0.00,0.00
377.25,10,571722,0.2966,38.51,199.07,1743,1800,1,10,3,12,0,0,0,1,189.9,0,1,0,0,0,0,10,0.0000,0.00,0.00,0.00
377.5,11,571790,0.2965,38.31,199.12,1760,1838,4,10,7,9,1,0,0,0,189.9,0,1,0,0,0,0,9,0.0001,0.00,0.00,0.00
377.75,11,571785,0.2965,37.96,199.12,1791,1800,3,14,3,10,0,0,5,0,189.9,0,1,0,0,0,0,9,0.0001,0.00,0.00,0.00
378,11,571756,0.2965,38.16,199.14,1817,1801,9,15,4,12,0,0,1,0,189.9,0,1,0,0,0,0,9,0.0002,0.00,0.00,0.00
378.25,11,571774,0.2965,38.01,199.22,1941,1970,7,11,4,9,0,0,0,1,189.9,0,1,0,0,0,0,9,0.0003,13.19,52.75,445.80
378.5,11,571808,0.2965,38.03,199.27,1901,1952,16,20,5,10,0,0,0,1,189.9,0,1,0,0,0,0,10,0.0000,0.00,0.00,0.00
378.75,11,571861,0.2964,36.96,199.31,1984,2049,5154,12,7,10,0,0,0,1,189.9,0,1,0,0,0,0,9,0.0001,0.00,0.00,0.00
379,11,571794,0.2964,37.49,199.10,2013,1959,3,13,5,11,0,0,0,1,189.9,0,1,0,0,0,0,9,0.0002,0.00,0.00,0.00
379.25,11,571807,0.2964,37.73,199.23,1999,2023,3,11,10,12,0,0,0,1,189.9,0,1,0,0,0,0,9,0.0002,0.00,0.00,0.00
379.5,11,571834,0.2964,37.55,199.34,2006,2043,3,10,6,12,0,0,0,1,189.9,0,1,0,0,0,0,10,0.0000,0.00,0.00,0.00
379.75,11,571933,0.2964,38.19,199.30,2042,2149,4,8,7,11,0,0,0,1,189.9,0,1,0,0,0,1,9,0.0001,0.00,0.00,0.00
380,10,571920,0.2964,38.41,199.41,2026,2023,0,10,11,12,0,0,0,1,189.9,0,1,0,0,0,1,9,0.0001,0.00,0.00,0.00
380.25,10,571956,0.2963,38.72,199.50,1982,2027,2,9,8,11,0,0,0,1,111.2,0,1,0,0,0,0,9,0.0002,8.80,41.40,279.89
380.5,10,572002,0.2963,39.17,199.55,1994,2049,0,9,15,9,0,0,0,1,111.2,0,1,0,0,0,0,9,0.0002,0.00,0.00,0.00
380.75,10,572098,0.2962,40.07,199.62,1982,2086,1,8,10,13,0,0,0,1,111.2,0,1,0,0,0,0,9,0.0002,0.00,0.00,0.00
381,10,572179,0.2962,41.01,199.67,1928,2019,0,10,9,10,0,0,0,1,111.2,0,1,0,0,0,0,9,0.0003,0.00,0.00,0.00
381.25,10,572240,0.2962,41.91,199.71,1982,2049,1,6,2,12,0,0,0,1,111.2,0,1,0,0,0,0,10,0.0000,0.00,0.00,0.00
381.5,10,572240,0.2962,42.75,199.75,2034,2040,1,6,6,10,0,0,0,1,111.2,0,1,0,0,0,0,9,0.0000,0.00,0.00,0.00
381.75,10,572277,0.2961,43.59,199.78,2075,2116,1,4,7,10,0,0,0,1,111.2,0,1,0,0,0,0,9,0.0000,0.00,0.00,0.00
382,10,572280,0.2961,44.17,199.79,2025,2036,1,8,5,9,0,0,0,1,111.2,0,1,0,0,0,0,9,0.0000,0.00,0.00,0.00
382.25,10,572306,0.2961,44.83,199.79,2080,2114,2,8,8,10,0,0,0,2,111.2,0,1,0,0,0,0,9,0.0001,9.37,38.18,204.49
382.5,10,572341,0.2961,46.68,199.82,2054,2096,1,7,11,10,0,0,0,2,111.2,0,1,0,0,0,0,9,0.0001,0.00,0.00,0.00
382.75,10,572388,0.2961,48.33,199.76,2103,2154,0,4,5,11,0,0,0,2,111.2,0,1,0,0,0,0,9,0.0000,0.00,0.00,0.00
383,10,572409,0.2961,49.77,199.77,2065,2091,5,5,15,11,0,0,0,2,111.2,0,1,0,0,0,0,9,0.0000,0.00,0.00,0.00
383.25,10,572423,0.2960,50.75,199.76,2111,2136,1,11,11,9,0,0,0,2,111.2,0,1,0,0,0,0,9,0.0000,0.00,0.00,0.00
383.5,10,572390,0.2960,51.47,199.78,2124,2099,4,8,10,9,0,0,0,2,111.2,0,1,0,0,0,0,8,0.0003,0.00,0.00,0.00
383.75,10,572509,0.2960,52.10,199.69,2039,2163,6,6,9,10,0,0,0,2,111.2,0,1,0,0,0,0,9,0.0003,0.00,0.00,0.00
384,10,572427,0.2960,52.50,199.71,2119,2047,5,10,8,10,0,0,0,2,111.2,0,1,0,0,0,0,9,0.0002,0.00,0.00,0.00
384.25,10,572380,0.2960,53.10,199.74,2141,2104,2,10,11,10,0,0,0,2,111.2,0,1,0,0,0,0,9,0.0002,9.76,34.72,214.98
384.5,10,572392,0.2960,53.58,199.75,2141,2161,2,8,11,10,0,0,0,2,111.2,0,1,0,0,0,0,9,0.0002,0.00,0.00,0.00
384.75,10,572381,0.2960,53.91,199.75,2134,2127,3,4,10,11,0,0,0,2,111.2,0,1,0,0,0,0,9,0.0002,0.00,0.00,0.00
385,10,572466,0.2959,54.14,199.78,2075,2166,7,6,10,11,0,0,0,2,111.2,0,1,0,0,0,0,9,0.0001,0.00,0.00,0.00
385.25,10,572391,0.2960,54.52,199.82,2172,2107,5,10,6,11,0,0,0,2,111.2,0,1,0,0,0,0,9,0.0001,0.00,0.00,0.00
385.5,10,572443,0.2959,55.04,199.79,2113,2175,5,10,12,9,0,0,0,1,111.2,0,1,0,0,0,0,9,0.0000,0.00,0.00,0.00
385.75,10,572415,0.2959,55.07,199.81,2166,2152,6,14,10,9,0,0,0,1,111.2,0,1,0,0,0,0,9,0.0000,0.00,0.00,0.00
386,10,572333,0.2959,55.00,199.81,2149,2079,8,13,10,10,0,0,0,1,111.2,0,1,0,0,0,0,8,0.0003,0.00,0.00,0.00
386.25,10,572319,0.2959,59.44,199.76,2114,2109,25538,10,11,11,0,0,0,1,111.2,0,1,0,0,0,0,9,0.0002,8.81,25.24,409.41
386.5,10,572173,0.2960,58.91,199.74,2339,2209,9,16,7,9,0,0,0,1,111.2,0,1,0,0,0,0,9,0.0002,0.00,0.00,0.00
386.75,10,572087,0.2960,59.17,199.65,2356,2281,4,11,7,10,0,0,0,1,111.2,0,1,0,0,0,0,9,0.0001,0.00,0.00,0.00
387,10,572071,0.2960,59.57,199.47,2313,2316,3,19,11,11,0,0,0,1,111.2,0,1,0,0,0,0,9,0.0001,0.00,0.00,0.00
387.25,10,572020,0.2960,60.10,199.15,2319,2281,8,14,10,10,0,0,0,1,111.2,0,1,0,0,0,0,9,0.0000,0.00,0.00,0.00
387.5,10,571938,0.2960,60.70,199.03,2355,2298,6,25,15,12,0,0,0,1,111.2,0,1,0,0,0,0,9,0.0000,0.00,0.00,0.00
387.75,10,571913,0.2959,61.64,198.80,2334,2324,9,15,16,11,0,0,0,1,111.2,0,1,0,0,0,0,8,0.0003,0.00,0.00,0.00
388,10,571838,0.2959,62.20,198.64,2366,2311,7,20,12,12,0,0,0,1,111.2,0,1,0,0,0,0,9,0.0002,0.00,0.00,0.00
388.25,10,571678,0.2960,62.95,198.55,2422,2281,5,19,13,11,0,0,0,1,111.2,0,1,0,0,0,0,9,0.0002,12.02,40.59,490.58
388.5,10,571665,0.2959,63.85,197.73,2398,2410,13,25,17,11,0,0,0,1,111.2,0,1,0,0,0,0,9,0.0002,0.00,0.00,0.00
388.75,10,571588,0.2959,64.30,196.88,2433,2375,7,20,16,11,0,0,0,1,111.2,0,1,0,0,0,0,9,0.0001,0.00,0.00,0.00
389,10,571460,0.2960,64.56,196.49,2452,2356,5,32,17,10,0,0,0,1,111.2,0,1,0,0,0,0,9,0.0001,0.00,0.00,0.00
389.25,10,571355,0.2960,64.91,195.73,2514,2435,21,26,9,10,0,0,0,1,111.2,0,1,0,0,0,0,9,0.0001,0.00,0.00,0.00
389.5,10,571154,0.2960,65.07,194.33,2549,2384,6,36,5,9,0,0,0,1,111.2,0,1,0,0,0,0,9,0.0002,0.00,0.00,0.00
389.75,10,571050,0.2960,64.96,193.12,2440,2386,16,51,3,14,0,0,0,1,111.2,0,1,0,0,0,0,9,0.0002,0.00,0.00,0.00
390,10,570951,0.2960,65.30,193.28,2404,2348,23,45,4,11,0,0,0,1,111.2,0,1,0,0,0,0,9,0.0003,0.00,0.00,0.00
390.25,10,570893,0.2959,65.94,193.41,2330,2317,12,47,5,10,0,0,0,1,129.0,0,1,0,0,0,0,10,0.0001,13.36,56.80,520.98
390.5,10,570743,0.2960,66.81,193.61,2404,2298,21,46,7,12,0,0,0,1,129.0,0,1,0,0,0,0,9,0.0002,0.00,0.00,0.00
390.75,10,570617,0.2959,67.49,193.78,2364,2285,22,48,6,12,0,0,0,1,129.0,0,1,0,0,0,0,10,0.0001,0.00,0.00,0.00
391,10,570483,0.2959,68.16,194.60,2413,2335,13,56,3,10,0,0,0,1,129.0,0,1,0,0,0,0,9,0.0003,0.00,0.00,0.00
391.25,10,570461,0.2959,69.12,195.05,2293,2325,14,54,8,17,0,0,0,1,129.0,0,1,0,0,0,0,10,0.0002,0.00,0.00,0.00
391.5,10,570357,0.2958,70.15,195.57,2449,2402,9,57,8,11,0,0,0,1,129.0,0,1,0,0,0,0,10,0.0002,0.00,0.00,0.00
391.75,10,570255,0.2958,70.69,195.13,2356,2320,11,66,4,11,0,0,0,1,129.0,0,1,0,0,0,0,10,0.0003,0.00,0.00,0.00
392,10,570199,0.2957,71.60,195.07,2294,2297,9,59,7,15,0,0,0,1,129.0,0,1,0,0,0,0,11,0.0000,0.00,0.00,0.00
392.25,10,570102,0.2957,71.99,194.29,2310,2275,8,63,3,12,0,0,0,1,129.0,0,1,0,0,0,0,10,0.0001,16.15,65.79,357.47
392.5,10,569977,0.2957,72.67,192.85,2390,2333,7,68,1,10,0,0,0,1,129.0,0,1,0,0,0,0,10,0.0003,0.00,0.00,0.00
392.75,10,569905,0.2956,73.22,192.34,2283,2271,11222,60,4,11,0,0,0,0,129.0,0,1,0,0,0,0,11,0.0001,0.00,0.00,0.00
393,10,569786,0.2956,73.73,193.44,2346,2278,6,51,7,13,0,0,0,0,129.0,0,1,0,0,0,0,10,0.0003,0.00,0.00,0.00
393.25,10,569757,0.2955,74.14,194.33,2309,2341,6,61,6,13,0,0,0,0,129.0,0,1,0,0,0,0,11,0.0002,0.00,0.00,0.00
393.5,10,569719,0.2955,74.75,193.56,2317,2335,9,56,5,16,0,0,0,0,129.0,0,1,0,0,0,0,11,0.0001,0.00,0.00,0.00
393.75,10,569710,0.2954,75.24,192.24,2269,2314,8,54,3,12,0,0,0,0,129.0,0,1,0,0,0,0,11,0.0001,0.00,0.00,0.00
394,10,569720,0.2953,76.56,193.10,2265,2319,18273,46,2,12,0,0,1,0,129.0,0,1,0,0,0,0,11,0.0000,0.00,0.00,0.00
394.25,10,569516,0.2954,76.10,192.42,2570,2403,5,37,3,12,0,0,0,0,129.0,0,1,0,0,0,0,10,0.0003,10.16,60.20,249.03
394.5,10,569523,0.2953,76.32,193.47,2471,2521,3,43,2,12,0,0,0,0,129.0,0,1,0,0,0,0,11,0.0003,0.00,0.00,0.00
394.75,10,569486,0.2953,73.94,193.72,2530,2531,5,38,0,11,0,0,0,0,129.0,0,1,0,0,0,0,11,0.0003,0.00,0.00,0.00
395,10,569373,0.2953,73.31,194.21,2608,2520,3,25,0,16,0,0,0,0,129.0,0,1,0,0,0,0,11,0.0003,0.00,0.00,0.00
395.25,10,569332,0.2954,68.71,191.76,2585,2566,4,22,0,12,0,0,0,0,129.0,0,1,0,0,0,0,11,0.0003,0.00,0.00,0.00
395.5,10,569239,0.2954,64.98,190.35,2641,2570,8,23,0,16,0,0,0,0,129.0,0,1,0,0,0,0,12,0.0000,0.00,0.00,0.00
395.75,10,569196,0.2954,60.73,186.83,2557,2525,10,14,1,12,0,0,0,0,129.0,0,1,0,0,0,0,11,0.0000,0.00,0.00,0.00
396,10,569147,0.2954,56.84,186.47,2594,2583,8,38,2,11,0,0,0,0,129.0,0,1,0,0,0,0,11,0.0000,0.00,0.00,0.00
396.25,10,569137,0.2954,53.49,183.49,2496,2513,3,27,0,14,0,0,0,1,129.0,0,1,0,0,0,0,11,0.0001,12.26,33.76,268.53
396.5,10,568974,0.2954,50.61,178.62,2563,2430,10,30,0,11,0,0,0,1,129.0,0,1,0,0,0,0,11,0.0002,0.00,0.00,0.00
396.75,10,568975,0.2954,48.51,173.75,2454,2483,4,28,0,12,0,0,0,1,129.0,0,1,0,0,0,0,11,0.0002,0.00,0.00,0.00
397,10,569004,0.2954,47.25,169.27,2412,2474,4,33,0,14,0,0,0,1,129.0,0,1,0,0,0,0,12,0.0000,0.00,0.00,0.00
397.25,10,568919,0.2954,46.77,165.29,2538,2486,3,33,1,14,0,0,0,1,129.0,0,1,0,0,0,0,11,0.0001,0.00,0.00,0.00
397.5,10,568908,0.2954,46.65,164.55,2541,2553,2,23,0,12,0,0,0,1,129.0,0,1,0,0,0,0,11,0.0003,0.00,0.00,0.00
397.75,10,568922,0.2953,47.51,169.43,2521,2552,2,17,1,12,0,0,0,1,129.0,0,1,0,0,0,0,12,0.0001,0.00,0.00,0.00
398,10,568939,0.2953,47.48,173.65,2588,2616,0,11,1,12,0,0,0,1,129.0,0,1,0,0,0,0,11,0.0002,0.00,0.00,0.00
398.25,10,568969,0.2953,47.50,177.41,2594,2632,1,8,0,14,0,0,0,2,129.0,0,1,0,0,0,0,12,0.0001,11.10,32.60,305.37
398.5,10,568993,0.2953,48.26,180.88,2649,2680,1,7,2,14,0,0,0,2,129.0,0,1,0,0,0,0,11,0.0002,0.00,0.00,0.00
398.75,10,569004,0.2954,48.06,183.82,2660,2676,0,5,0,14,0,0,0,2,129.0,0,1,0,0,0,0,11,0.0003,0.00,0.00,0.00
399,10,568949,0.2954,48.26,186.32,2744,2699,0,10,1,14,0,0,0,2,129.0,0,1,0,0,0,0,12,0.0001,0.00,0.00,0.00
399.25,10,568968,0.2954,48.38,188.46,2688,2711,3,4,1,13,0,0,0,2,129.0,0,1,0,0,0,0,11,0.0002,0.00,0.00,0.00
399.5,10,568964,0.2954,48.53,190.26,2673,2677,2,8,0,13,0,0,0,2,129.0,0,1,0,0,0,0,11,0.0003,0.00,0.00,0.00
399.75,9,568939,0.2954,49.22,191.77,2738,2718,3,5,1,12,0,1,0,2,129.0,0,0,0,0,1,0,12,0.0001,0.00,0.00,0.00
400,9,568841,0.2955,49.42,193.02,2704,2610,13,7,4,11,0,0,0,2,129.0,0,0,0,0,0,0,11,0.0001,0.00,0.00,0.00
400.25,9,568848,0.2955,49.82,194.07,2714,2736,4,15,2,16,0,0,0,2,159.3,0,0,0,0,0,0,11,0.0002,13.68,33.93,185.26
400.5,9,568808,0.2955,50.15,195.00,2670,2646,0,16,0,14,0,0,0,2,159.3,0,0,0,0,0,0,12,0.0000,0.00,0.00,0.00
400.75,9,568788,0.2955,50.45,195.62,2655,2645,4,11,0,15,0,0,0,2,159.3,0,0,0,0,0,0,11,0.0001,0.00,0.00,0.00
401,9,568750,0.2956,50.86,196.21,2682,2654,4,11,0,13,0,0,0,2,159.3,0,0,0,0,0,0,11,0.0002,0.00,0.00,0.00
401.25,9,568638,0.2956,51.21,196.64,2681,2580,1,11,3,12,0,0,0,2,159.3,0,0,0,0,0,0,11,0.0003,0.00,0.00,0.00
401.5,9,568550,0.2957,51.62,197.14,2773,2696,1,11,5,15,0,0,0,2,159.3,0,0,0,0,0,0,12,0.0000,0.00,0.00,0.00
401.75,9,568547,0.2957,52.11,197.59,2709,2715,5,9,2,12,0,0,0,2,159.3,0,0,0,0,0,0,11,0.0001,0.00,0.00,0.00
402,9,568544,0.2957,52.60,197.97,2696,2708,5,15,2,11,0,0,0,2,159.3,0,0,0,0,0,0,11,0.0002,0.00,0.00,0.00
402.25,9,568493,0.2957,52.87,198.25,2735,2695,3,11,2,12,0,0,0,2,159.3,0,0,0,0,0,0,11,0.0003,13.25,32.85,156.81
402.5,9,568415,0.2958,53.20,196.21,2748,2684,8,14,4,14,0,0,0,2,159.3,0,0,0,0,0,0,12,0.0001,0.00,0.00,0.00
402.75,9,568401,0.2958,53.47,193.90,2766,2763,6,11,0,13,0,0,0,2,159.3,0,0,0,0,0,0,11,0.0001,0.00,0.00,0.00
403,9,568293,0.2959,53.69,190.95,2843,2750,8,15,1,11,0,0,0,2,159.3,0,0,0,0,0,0,11,0.0002,0.00,0.00,0.00
403.25,9,568208,0.2959,53.83,188.26,2812,2739,48,12,1,12,0,0,0,2,159.3,0,0,0,0,0,0,12,0.0000,0.00,0.00,0.00
403.5,9,568107,0.2959,53.94,185.30,2826,2743,2,18,4,13,0,0,0,2,159.3,0,0,0,0,0,0,11,0.0001,0.00,0.00,0.00
403.75,9,568130,0.2959,55.53,182.22,2793,2829,22679,13,7,11,0,0,0,2,159.3,0,0,0,0,0,0,11,0.0002,0.00,0.00,0.00
404,9,567891,0.2960,55.46,178.85,3012,2782,4,9,7,14,0,0,0,2,159.3,0,0,0,0,0,0,11,0.0002,0.00,0.00,0.00
404.25,9,567792,0.2961,55.70,175.48,2976,2888,0,11,8,12,0,0,0,2,159.3,0,0,0,0,0,0,12,0.0000,11.67,33.14,184.65
404.5,9,567760,0.2961,55.97,172.09,2987,2964,1,9,4,12,0,0,0,2,159.3,0,0,0,0,0,0,11,0.0001,0.00,0.00,0.00
404.75,9,567760,0.2961,56.41,168.71,2908,2915,2,7,3,13,0,0,0,2,159.3,0,0,0,0,0,0,11,0.0002,0.00,0.00,0.00
405,9,567593,0.2962,56.72,165.09,3050,2895,3,12,5,13,0,0,0,2,159.3,0,0,0,0,0,0,11,0.0002,0.00,0.00,0.00
405.25,9,567508,0.2962,57.20,161.67,2999,2924,5,10,5,14,0,0,0,2,159.3,0,0,0,0,0,0,11,0.0003,0.00,0.00,0.00
405.5,10,567385,0.2963,57.37,161.40,3042,2934,3,15,6,14,0,0,0,2,159.3,1,1,0,0,0,0,12,0.0000,0.00,0.00,0.00
405.75,10,567260,0.2964,57.23,161.13,3087,2971,5,9,4,13,0,0,2,2,159.3,0,1,0,0,0,0,11,0.0001,0.00,0.00,0.00
406,10,567206,0.2964,57.21,161.05,3015,2975,6,15,0,14,0,0,1,2,159.3,0,1,0,0,0,0,11,0.0002,0.00,0.00,0.00
406.25,10,567234,0.2964,57.21,160.87,2932,2975,1,15,1,15,0,0,0,2,159.3,0,1,0,0,0,0,11,0.0002,9.79,31.26,210.08
406.5,10,567019,0.2965,57.25,160.60,3157,2956,4,15,1,15,0,0,0,2,159.3,0,1,0,0,0,0,11,0.0003,0.00,0.00,0.00
406.75,10,566841,0.2966,57.22,160.48,3094,2939,7,24,2,12,0,0,0,2,159.3,0,1,0,0,0,0,12,0.0000,0.00,0.00,0.00
407,10,566667,0.2967,57.27,160.45,3106,2953,3,21,0,13,0,0,0,2,159.3,0,1,0,0,0,0,11,0.0001,0.00,0.00,0.00
407.25,10,566462,0.2968,57.24,160.37,3157,2972,4,20,0,17,0,0,0,2,159.3,0,1,0,0,0,0,11,0.0002,0.00,0.00,0.00
407.5,10,566352,0.2968,57.26,160.31,3072,2985,8,23,1,12,0,0,0,2,159.3,0,1,0,0,0,0,11,0.0002,0.00,0.00,0.00
407.75,10,566275,0.2968,56.97,158.89,3078,3030,6,29,1,15,0,0,0,2,159.3,0,1,0,0,0,0,12,0.0000,0.00,0.00,0.00
408,10,566214,0.2968,56.99,159.33,3038,3004,13,27,1,11,0,0,0,2,159.3,0,1,0,0,0,0,11,0.0001,0.00,0.00,0.00
408.25,10,566111,0.2969,56.46,159.59,3106,3023,8,21,1,14,0,0,0,3,159.3,0,1,0,0,0,0,11,0.0002,7.05,36.98,256.12
408.5,10,565893,0.2970,56.32,159.64,3120,2924,6,22,1,12,0,0,0,3,159.3,0,1,0,0,0,0,11,0.0002,0.00,0.00,0.00
408.75,10,565789,0.2970,55.84,159.73,3091,3012,5,25,1,12,0,0,0,3,159.3,0,1,0,0,0,0,12,0.0000,0.00,0.00,0.00
409,10,565580,0.2971,55.88,158.43,3139,2947,10,18,0,14,0,0,0,3,159.3,0,1,0,0,0,0,11,0.0001,0.00,0.00,0.00
409.25,10,565536,0.2971,55.42,157.74,2944,2920,4,20,1,13,0,0,0,3,159.3,0,1,0,0,0,0,11,0.0002,0.00,0.00,0.00
409.5,10,565341,0.2972,56.34,157.37,3065,2886,561,16,1,13,0,0,0,3,159.3,0,1,0,0,0,0,12,0.0000,0.00,0.00,0.00
409.75,10,565189,0.2973,56.99,157.70,3087,2950,11,16,1,13,0,0,0,3,159.3,0,1,0,0,0,0,11,0.0001,0.00,0.00,0.00
410,10,565184,0.2973,57.71,155.81,2977,2989,4,18,3,15,0,0,0,3,159.3,0,1,0,0,0,0,11,0.0002,0.00,0.00,0.00
410.25,10,565153,0.2973,57.31,155.99,3020,3009,11,20,3,12,0,0,0,3,299.6,0,1,0,0,0,0,11,0.0002,3.64,31.67,233.96
410.5,10,565059,0.2973,57.27,156.43,3086,3012,14,20,0,14,0,0,0,3,299.6,0,1,0,0,0,0,12,0.0000,0.00,0.00,0.00
410.75,10,564993,0.2974,62.18,156.23,3099,3040,41038,10,1,13,0,0,0,3,299.6,0,1,0,0,0,0,11,0.0001,0.00,0.00,0.00
411,10,564848,0.2974,61.17,155.67,3395,3263,14,13,1,14,0,0,0,3,299.6,0,1,0,0,0,0,11,0.0002,0.00,0.00,0.00
411.25,10,564770,0.2975,60.28,155.51,3559,3495,12,15,0,11,0,0,0,3,299.6,0,1,0,0,0,0,11,0.0003,0.00,0.00,0.00
411.5,10,564613,0.2976,59.72,155.76,3602,3461,16,16,1,17,0,0,0,3,299.6,0,1,0,0,0,0,12,0.0000,0.00,0.00,0.00
411.75,10,564462,0.2976,59.26,161.36,3647,3514,17,20,0,11,0,0,0,3,299.6,0,1,0,0,0,0,11,0.0001,0.00,0.00,0.00
412,10,564335,0.2977,58.81,167.38,3680,3568,11,15,1,12,0,0,0,3,299.6,0,1,0,0,0,0,11,0.0001,0.00,0.00,0.00
412.25,10,564171,0.2978,58.17,169.78,3682,3529,9,11,1,14,0,0,0,3,299.6,0,1,0,0,0,0,11,0.0001,7.98,43.34,326.47
412.5,10,564113,0.2978,57.59,169.96,3631,3583,8,10,3,12,0,0,0,3,299.6,0,1,0,0,0,0,11,0.0002,0.00,0.00,0.00
412.75,10,564059,0.2979,56.64,168.95,3599,3562,6,17,3,17,0,0,0,3,299.6,0,1,0,0,0,0,11,0.0002,0.00,0.00,0.00
413,10,563912,0.2979,56.20,166.77,3615,3479,5,12,0,14,0,0,0,3,299.6,0,1,0,0,0,0,11,0.0002,0.00,0.00,0.00
413.25,10,563837,0.2980,55.08,157.00,3577,3513,10,12,1,14,0,0,0,3,299.6,0,1,0,0,0,0,11,0.0002,0.00,0.00,0.00
413.5,10,563709,0.2981,54.71,156.63,3519,3400,10,10,1,13,0,0,0,3,299.6,0,1,0,0,0,0,11,0.0002,0.00,0.00,0.00
413.75,10,563621,0.2981,54.39,157.00,3516,3442,6,14,1,16,0,0,0,3,299.6,0,1,0,0,0,0,11,0.0002,0.00,0.00,0.00
414,10,563527,0.2982,54.38,160.68,3481,3396,5,9,4,12,0,0,0,3,299.6,0,1,0,0,0,0,11,0.0002,0.00,0.00,0.00
414.25,10,563397,0.2982,53.95,163.87,3496,3377,6,11,6,13,0,0,0,3,299.6,0,1,0,0,0,0,11,0.0002,11.13,47.08,357.49
414.5,10,563292,0.2983,53.95,166.78,3503,3410,3,12,1,14,0,0,0,3,299.6,0,1,0,0,0,0,11,0.0002,0.00,0.00,0.00
414.75,10,563138,0.2984,53.74,170.38,3545,3394,409,5,2,15,0,0,0,3,299.6,0,1,0,0,0,0,11,0.0001,0.00,0.00,0.00
415,10,563027,0.2984,53.92,175.06,3504,3401,2,8,1,11,0,0,0,3,299.6,0,1,0,0,0,0,11,0.0001,0.00,0.00,0.00
415.25,10,562776,0.2986,54.01,179.02,3539,3294,2,6,0,15,0,0,0,3,299.6,0,1,0,0,0,0,11,0.0001,0.00,0.00,0.00
415.5,10,562730,0.2986,54.21,182.34,3375,3334,2,5,1,12,0,0,0,3,299.6,0,1,0,0,0,0,10,0.0003,0.00,0.00,0.00
415.75,10,562637,0.2987,54.32,185.14,3371,3286,5,8,3,15,0,0,0,3,299.6,0,1,0,0,0,0,11,0.0002,0.00,0.00,0.00
416,10,562511,0.2988,54.71,187.46,3430,3311,5,7,1,13,0,0,0,3,299.6,0,1,0,0,0,0,11,0.0001,0.00,0.00,0.00
416.25,10,562343,0.2989,54.97,189.38,3421,3266,3,13,3,13,0,0,0,3,299.6,0,1,0,0,0,0,11,0.0001,8.34,45.25,134.93
416.5,10,562149,0.2990,55.21,190.96,3473,3290,6,11,3,12,0,0,0,3,299.6,0,1,0,0,0,0,10,0.0003,0.00,0.00,0.00
416.75,10,562023,0.2990,55.29,192.32,3381,3267,8,14,5,12,0,0,0,3,299.6,0,1,0,0,0,0,11,0.0002,0.00,0.00,0.00
417,10,561927,0.2991,55.19,193.51,3479,3400,10,18,3,14,0,0,0,3,299.6,0,1,0,0,0,0,11,0.0001,0.00,0.00,0.00
417.25,10,561744,0.2991,55.27,194.48,3479,3312,11,18,3,12,0,0,0,2,299.6,0,1,0,0,0,0,11,0.0001,0.00,0.00,0.00
417.5,10,561577,0.2992,55.27,195.22,3436,3290,6,21,4,12,0,0,0,2,299.6,0,1,0,0,0,0,10,0.0003,0.00,0.00,0.00
417.75,10,561435,0.2993,54.65,185.89,3498,3375,3,19,4,12,0,0,0,2,299.6,0,1,0,0,0,1,11,0.0002,0.00,0.00,0.00
418,9,561245,0.2993,53.42,160.68,3371,3204,17,23,8,13,0,0,0,1,299.6,0,1,0,0,0,1,11,0.0002,0.00,0.00,0.00
418.25,9,561044,0.2994,51.96,136.46,3337,3152,6,16,4,13,0,0,0,1,299.6,0,1,0,0,0,0,11,0.0001,6.15,56.21,257.78
418.5,9,560798,0.2995,50.50,135.20,3148,2924,12,23,4,13,0,0,0,1,299.6,0,1,0,0,0,0,11,0.0001,0.00,0.00,0.00
418.75,9,560706,0.2996,49.64,134.94,2892,2818,17,19,8,14,0,0,0,1,299.6,0,1,0,0,0,0,11,0.0001,0.00,0.00,0.00
419,9,560566,0.2996,48.80,134.94,2857,2742,14,25,3,13,0,0,0,1,299.6,0,1,0,0,0,0,11,0.0000,0.00,0.00,0.00
419.25,9,560507,0.2997,48.25,133.21,2720,2680,10,19,1,14,0,0,0,1,299.6,0,1,0,0,0,0,11,0.0000,0.00,0.00,0.00
419.5,9,560390,0.2997,47.71,132.43,2722,2627,7,22,6,11,0,0,0,1,299.6,0,1,0,0,0,0,11,0.0000,0.00,0.00,0.00
419.75,9,560324,0.2997,47.38,132.21,2651,2607,12,24,7,13,0,0,0,1,299.6,0,1,0,0,0,0,11,0.0000,0.00,0.00,0.00
420,9,560282,0.2997,46.78,131.75,2609,2587,12,21,5,14,0,0,0,1,299.6,0,1,0,0,0,0,11,0.0000,0.00,0.00,0.00
420.25,9,560371,0.2997,46.53,130.41,2525,2625,6,11,8,14,0,0,0,1,440.9,0,1,0,0,0,0,11,0.0000,7.11,44.44,163.64
420.5,9,560375,0.2996,46.42,130.24,2573,2599,0,22,8,16,0,0,0,1,440.9,0,1,0,0,0,0,11,0.0000,0.00,0.00,0.00
420.75,9,560466,0.2995,53.17,129.10,2483,2580,41035,6,41,14,0,0,0,1,440.9,0,1,0,0,0,0,11,0.0000,0.00,0.00,0.00
421,9,560597,0.2993,49.99,128.84,2602,2751,41018,22,83,13,0,0,0,1,440.9,0,1,0,0,0,0,11,0.0000,0.00,0.00,0.00
421.25,9,560453,0.2991,44.91,126.46,2826,2656,167,15,146,14,0,0,0,1,440.9,0,1,0,0,0,0,11,0.0000,0.00,0.00,0.00
421.5,9,560231,0.2989,43.13,126.20,2634,2503,124,112,83,12,0,0,0,1,440.9,0,1,0,0,0,0,11,0.0001,0.00,0.00,0.00
421.75,9,560202,0.2988,43.88,124.92,2361,2400,22,69,43,14,0,0,0,1,440.9,0,1,0,0,0,0,11,0.0001,0.00,0.00,0.00
422,9,560279,0.2987,45.23,123.73,2310,2405,6,18,16,13,0,0,0,1,440.9,0,1,0,0,0,0,11,0.0002,0.00,0.00,0.00
422.25,9,560374,0.2986,46.67,121.83,2186,2317,6,36,14,12,0,0,0,1,440.9,0,1,0,0,0,0,11,0.0003,8.03,44.70,146.76
422.5,9,560458,0.2985,45.29,121.30,2203,2293,8,6,7,14,0,0,0,1,440.9,0,1,0,0,0,0,12,0.0001,0.00,0.00,0.00
422.75,9,560316,0.2985,45.52,119.10,2466,2369,15,45,30,11,0,0,0,1,440.9,0,1,0,0,0,0,11,0.0002,0.00,0.00,0.00
423,9,560355,0.2984,47.55,118.02,2302,2364,5,23,26,15,0,0,0,1,440.9,0,1,0,0,0,0,11,0.0003,0.00,0.00,0.00
423.25,9,560503,0.2983,49.32,116.12,2207,2370,8,15,12,14,0,0,0,1,440.9,0,1,0,0,0,0,12,0.0001,0.00,0.00,0.00
423.5,9,560644,0.2982,49.27,115.16,2227,2377,7,10,9,14,0,0,0,1,440.9,0,1,0,0,0,0,11,0.0002,0.00,0.00,0.00
423.75,9,560602,0.2982,48.56,114.43,2358,2370,10,54,27,13,0,0,0,1,440.9,0,1,0,0,0,0,12,0.0000,0.00,0.00,0.00
424,9,560622,0.2981,49.48,112.99,2248,2292,5,24,17,13,0,0,0,1,440.9,0,1,0,0,0,0,11,0.0001,0.00,0.00,0.00
424.25,9,560724,0.2980,49.86,111.97,2204,2323,10,18,14,13,0,0,0,1,440.9,0,1,0,0,0,0,11,0.0003,10.13,51.78,410.64
424.5,9,560766,0.2980,48.92,111.27,2213,2279,1,24,14,13,0,0,0,1,440.9,0,1,0,0,0,0,12,0.0001,0.00,0.00,0.00
424.75,9,560788,0.2979,48.90,112.13,2268,2314,9,24,16,11,0,0,0,1,440.9,0,1,0,0,0,0,11,0.0002,0.00,0.00,0.00
425,9,560809,0.2978,49.52,115.04,2221,2261,4,19,29,16,0,0,0,1,440.9,0,1,0,0,0,0,12,0.0001,0.00,0.00,0.00
425.25,9,560857,0.2978,49.88,114.10,2238,2313,6,27,9,11,0,0,0,1,440.9,0,1,0,0,0,0,11,0.0002,0.00,0.00,0.00
425.5,9,560901,0.2977,49.85,117.15,2199,2258,2,15,19,13,0,0,0,1,440.9,0,1,0,0,0,0,12,0.0001,0.00,0.00,0.00
425.75,9,560921,0.2977,49.82,117.42,2223,2267,11,24,10,13,0,0,0,1,440.9,0,1,0,0,0,0,11,0.0002,0.00,0.00,0.00
426,9,561040,0.2976,50.42,120.69,2159,2303,4,25,5,12,0,0,0,1,440.9,0,1,0,0,0,0,12,0.0000,0.00,0.00,0.00
426.25,9,561114,0.2975,50.55,127.97,2154,2257,7,29,9,12,0,0,0,1,440.9,0,1,0,0,0,0,11,0.0001,13.17,53.84,462.12
426.5,9,561142,0.2974,50.74,135.15,2197,2252,7,28,20,15,0,0,0,1,440.9,0,1,0,0,0,0,11,0.0003,0.00,0.00,0.00
426.75,9,561154,0.2974,51.63,141.73,2240,2278,8,26,11,15,0,0,0,1,440.9,0,1,0,0,0,0,12,0.0001,0.00,0.00,0.00
427,9,561157,0.2973,51.75,142.68,2218,2245,8,25,11,11,0,0,0,1,440.9,0,1,0,0,0,0,11,0.0002,0.00,0.00,0.00
427.25,9,561129,0.2973,51.88,137.05,2204,2221,9,45,11,12,0,0,0,1,440.9,0,1,0,0,0,0,12,0.0001,0.00,0.00,0.00
427.5,9,561180,0.2972,52.46,130.15,2172,2256,3,33,14,11,0,0,0,1,440.9,0,1,0,0,0,0,11,0.0002,0.00,0.00,0.00
427.75,9,561229,0.2971,52.48,123.96,2194,2280,3,37,10,14,0,0,0,1,440.9,0,1,0,0,0,0,12,0.0001,0.00,0.00,0.00
428,9,561221,0.2971,53.14,128.15,2192,2207,8,24,20,13,0,0,0,1,440.9,0,1,0,0,0,0,11,0.0002,0.00,0.00,0.00
428.25,9,561241,0.2970,52.79,115.23,2238,2288,25690,30,10,14,0,0,0,1,440.9,0,1,0,0,0,0,12,0.0001,15.69,55.17,456.12
428.5,9,561084,0.2970,52.67,119.05,2310,2178,6,25,21,14,0,0,1,1,440.9,0,1,0,0,0,0,11,0.0002,0.00,0.00,0.00
428.75,9,561034,0.2970,52.95,123.70,2324,2296,8,23,13,13,0,0,0,1,440.9,0,1,0,0,0,0,12,0.0001,0.00,0.00,0.00
429,10,560976,0.2970,53.32,127.68,2370,2346,12,35,27,14,1,0,0,0,440.9,0,1,0,0,0,0,11,0.0002,0.00,0.00,0.00
429.25,10,561008,0.2969,49.17,131.07,2364,2420,25715,27,41,15,0,0,2,0,440.9,0,1,0,0,0,0,12,0.0001,0.00,0.00,0.00
429.5,10,561045,0.2966,55.05,135.59,2362,2487,25683,100,69,13,0,0,0,0,440.9,0,1,0,0,0,0,11,0.0002,0.00,0.00,0.00
429.75,10,561050,0.2964,51.18,139.83,2316,2365,21,44,42,14,0,0,0,0,440.9,0,1,0,0,0,0,12,0.0001,0.00,0.00,0.00
430,10,561025,0.2963,50.74,145.12,2207,2261,14,80,45,15,0,0,0,0,440.9,0,1,0,0,0,0,12,0.0001,0.00,0.00,0.00
430.25,10,561006,0.2961,50.82,150.35,2115,2183,9,87,20,14,0,0,0,1,404.1,0,1,0,0,0,0,12,0.0000,17.55,131.94,900.51
430.5,11,561109,0.2960,51.32,156.71,2159,2308,231,46,24,13,1,0,0,0,404.1,0,1,0,0,0,0,12,0.0000,0.00,0.00,0.00
430.75,11,561167,0.2958,55.90,163.17,2157,2261,10,47,16,14,0,0,10,0,404.1,0,1,0,0,0,0,12,0.0000,0.00,0.00,0.00
431,11,561133,0.2957,54.32,168.43,2296,2339,1641,77,14,13,0,0,0,0,404.1,0,1,0,0,0,0,12,0.0000,0.00,0.00,0.00
431.25,11,560985,0.2958,50.90,172.50,2506,2390,6,32,6,15,0,0,0,0,404.1,0,1,0,0,0,0,12,0.0001,0.00,0.00,0.00
431.5,11,560991,0.2957,52.41,173.09,2384,2430,5,40,17,13,0,0,0,0,404.1,0,1,0,0,0,0,12,0.0001,0.00,0.00,0.00
431.75,11,561116,0.2956,50.56,173.30,2273,2425,12,29,7,16,0,0,0,0,404.1,0,1,0,0,0,0,12,0.0002,0.00,0.00,0.00
432,11,560987,0.2956,50.36,172.03,2500,2415,15,45,29,17,0,0,0,0,404.1,0,1,0,0,0,0,12,0.0002,0.00,0.00,0.00
432.25,11,560900,0.2955,50.11,169.27,2445,2409,11,51,9,15,0,0,0,2,404.1,0,1,0,0,0,0,12,0.0003,17.06,89.36,403.44
432.5,11,560932,0.2954,50.74,169.54,2384,2459,7,43,26,16,0,0,0,2,404.1,0,1,0,0,0,0,13,0.0001,0.00,0.00,0.00
432.75,11,560787,0.2954,47.63,166.55,2413,2314,10,46,9,15,0,0,0,2,404.1,0,1,0,0,0,0,12,0.0002,0.00,0.00,0.00
433,11,560706,0.2953,49.40,160.28,2405,2390,19,68,34,16,0,0,0,2,404.1,0,1,0,0,0,0,12,0.0003,0.00,0.00,0.00
433.25,11,560674,0.2953,47.41,155.06,2333,2355,11,55,11,19,0,0,0,2,404.1,0,1,0,0,0,0,13,0.0001,0.00,0.00,0.00
433.5,11,560665,0.2952,48.34,161.87,2263,2298,9,45,16,13,0,0,0,2,404.1,0,1,0,0,0,0,12,0.0003,0.00,0.00,0.00
433.75,11,560541,0.2952,43.80,167.37,2253,2178,3,49,6,14,0,0,1,2,404.1,0,1,0,0,0,0,13,0.0001,0.00,0.00,0.00
434,11,560498,0.2951,48.29,172.49,2237,2254,11,61,8,14,0,0,0,2,404.1,0,1,0,0,0,0,12,0.0003,0.00,0.00,0.00
434.25,11,560456,0.2950,47.85,176.63,2229,2243,5,56,9,16,0,0,0,2,404.1,0,1,0,0,0,0,13,0.0001,20.12,111.21,571.78
434.5,11,560439,0.2950,50.17,180.27,2201,2228,2,44,13,17,0,0,0,2,404.1,0,1,0,0,0,0,13,0.0000,0.00,0.00,0.00
434.75,11,560459,0.2949,47.08,183.33,2213,2271,5,38,1,17,0,0,0,2,404.1,0,1,0,0,0,0,12,0.0002,0.00,0.00,0.00
435,11,560406,0.2949,50.85,185.84,2164,2163,7,52,12,16,0,0,0,2,404.1,0,1,0,0,0,0,13,0.0001,0.00,0.00,0.00
435.25,11,560389,0.2948,49.69,187.99,2137,2167,4,47,3,16,0,0,0,2,404.1,0,1,0,0,0,0,12,0.0003,0.00,0.00,0.00
435.5,11,560403,0.2948,51.58,189.82,2132,2187,6,41,10,16,0,0,0,2,404.1,0,1,0,0,0,0,13,0.0002,0.00,0.00,0.00
435.75,11,560456,0.2947,50.35,191.36,2074,2149,8,22,0,17,0,0,0,2,404.1,0,1,0,0,0,0,13,0.0001,0.00,0.00,0.00
436,11,560437,0.2946,49.49,192.65,2141,2179,932,58,26,14,0,0,0,2,404.1,0,1,0,0,0,0,12,0.0003,0.00,0.00,0.00
436.25,11,560328,0.2946,46.60,193.81,2145,2087,14,51,2,18,0,0,0,2,404.1,0,1,0,0,0,0,13,0.0002,17.35,95.07,706.26
436.5,11,560353,0.2946,48.31,194.78,2095,2147,3,27,4,16,0,0,0,2,404.1,0,1,0,0,0,0,13,0.0002,0.00,0.00,0.00
436.75,11,560382,0.2945,46.73,195.53,2032,2103,9,43,2,15,0,0,0,2,404.1,0,1,0,0,0,0,13,0.0001,0.00,0.00,0.00
437,11,560425,0.2945,48.50,196.19,2010,2074,11,21,4,16,0,0,0,2,404.1,0,1,0,0,0,0,13,0.0001,0.00,0.00,0.00
437.25,11,560395,0.2944,45.57,196.69,2058,2069,7,41,4,17,0,0,0,2,404.1,0,1,0,0,0,0,13,0.0001,0.00,0.00,0.00
437.5,12,560400,0.2944,44.85,197.19,2044,2074,6,25,3,15,1,0,0,1,404.1,0,1,0,0,0,0,13,0.0000,0.00,0.00,0.00
437.75,12,560412,0.2944,46.37,197.28,1958,1997,14,27,3,15,0,0,9,1,404.1,0,1,0,0,0,0,13,0.0000,0.00,0.00,0.00
438,12,560481,0.2944,45.85,197.65,1987,2071,5,16,4,17,0,0,1,1,404.1,0,1,0,0,0,0,13,0.0000,0.00,0.00,0.00
438.25,12,560434,0.2944,45.82,197.52,2105,2084,15,27,4,18,0,0,0,2,404.1,0,1,0,0,0,0,13,0.0000,19.00,71.76,562.51
438.5,12,560557,0.2943,45.69,195.79,2032,2172,9,17,3,15,0,0,0,2,404.1,0,1,0,0,0,0,13,0.0000,0.00,0.00,0.00
438.75,12,560643,0.2942,45.05,193.54,2046,2151,6,19,7,16,0,0,0,2,404.1,0,1,0,0,0,0,13,0.0000,0.00,0.00,0.00
439,12,560729,0.2942,44.70,193.40,2133,2234,7,15,10,17,0,0,0,2,404.1,0,1,0,0,0,0,13,0.0001,0.00,0.00,0.00
439.25,12,560694,0.2942,45.22,194.18,2160,2144,10,20,7,20,0,0,0,2,404.1,0,1,0,0,0,0,13,0.0001,0.00,0.00,0.00
439.5,12,560699,0.2942,45.02,194.94,2199,2212,11,9,11,16,0,0,0,2,404.1,0,1,0,0,0,0,13,0.0001,0.00,0.00,0.00
439.75,12,560611,0.2941,45.65,195.60,2402,2342,12,28,21,15,0,0,0,2,404.1,0,1,0,0,0,0,13,0.0001,0.00,0.00,0.00
440,12,560651,0.2941,47.52,195.43,2364,2409,9,6,10,17,0,0,0,2,404.1,0,1,0,0,0,0,13,0.0001,0.00,0.00,0.00
440.25,12,560701,0.2940,51.16,195.97,2453,2534,14,31,21,14,0,0,0,2,367.2,0,1,0,0,0,0,13,0.0002,11.23,58.59,900.50
440.5,12,560681,0.2940,49.33,196.19,2544,2538,22834,14,11,15,0,0,0,2,367.2,0,1,0,0,0,0,13,0.0002,0.00,0.00,0.00
440.75,12,560435,0.2941,53.63,196.72,2920,2702,20,29,32,15,0,0,0,2,367.2,0,1,0,0,0,0,13,0.0002,0.00,0.00,0.00
441,12,560456,0.2940,56.91,197.19,2777,2821,6,23,11,14,0,0,0,2,367.2,0,1,0,0,0,0,13,0.0002,0.00,0.00,0.00
441.25,12,560550,0.2940,56.99,197.46,2833,2937,5,10,0,15,0,0,0,2,367.2,0,1,0,0,0,0,13,0.0003,0.00,0.00,0.00
441.5,12,560476,0.2940,59.54,197.71,3031,2996,17,39,15,16,0,0,0,2,367.2,0,1,0,0,0,0,14,0.0000,0.00,0.00,0.00
441.75,12,560468,0.2940,60.55,197.71,2980,2987,4,15,0,14,0,0,0,2,367.2,0,1,0,0,0,0,13,0.0001,0.00,0.00,0.00
442,12,560456,0.2940,63.69,197.55,2958,2965,4,19,6,17,0,0,0,1,367.2,0,1,0,0,0,0,13,0.0001,0.00,0.00,0.00
442.25,12,560394,0.2940,58.82,191.55,3044,2996,1,14,0,19,0,0,0,1,367.2,0,1,0,0,0,0,13,0.0002,11.59,52.48,204.01
442.5,12,560336,0.2940,62.53,192.52,2997,2959,15,21,4,16,0,0,0,1,367.2,0,1,0,0,0,0,13,0.0002,0.00,0.00,0.00
442.75,12,560407,0.2940,61.41,193.43,2946,3046,9,29,1,15,0,0,0,1,367.2,0,1,0,0,0,0,13,0.0003,0.00,0.00,0.00
443,12,560427,0.2939,63.87,194.14,2952,2998,17,27,7,19,0,0,0,1,367.2,0,1,0,0,0,0,14,0.0000,0.00,0.00,0.00
443.25,12,560418,0.2939,59.18,194.65,2915,2923,12,17,0,18,0,0,0,1,367.2,0,1,0,0,0,0,13,0.0001,0.00,0.00,0.00
443.5,12,560448,0.2939,62.13,195.33,2976,3041,25,38,14,14,0,0,0,1,367.2,0,1,0,0,0,0,13,0.0001,0.00,0.00,0.00
443.75,12,560402,0.2939,61.11,195.73,3008,2991,5,29,0,19,0,0,0,1,367.2,0,1,0,0,0,0,13,0.0002,0.00,0.00,0.00
444,12,560386,0.2938,63.52,196.15,2926,2946,11,36,13,15,0,0,0,1,367.2,0,1,0,0,0,0,13,0.0002,0.00,0.00,0.00
444.25,12,560344,0.2938,59.94,196.66,3032,3000,10,11,0,15,0,0,0,1,367.2,0,1,0,0,0,0,13,0.0003,7.44,47.26,147.57
444.5,12,560401,0.2938,62.32,197.12,2903,2990,15,31,3,15,0,0,0,1,367.2,0,1,0,0,0,0,14,0.0000,0.00,0.00,0.00
444.75,12,560451,0.2937,60.67,197.56,3064,3137,13,23,0,16,0,0,0,1,367.2,0,1,0,0,0,0,13,0.0001,0.00,0.00,0.00
445,12,560385,0.2938,61.86,197.93,3036,2995,20,25,13,18,0,0,0,1,367.2,0,1,0,0,0,0,13,0.0002,0.00,0.00,0.00
445.25,12,560407,0.2937,59.61,198.24,2940,2971,2,9,5,14,0,0,0,1,367.2,0,1,0,0,0,0,13,0.0002,0.00,0.00,0.00
445.5,13,560362,0.2937,63.13,198.52,2967,2944,11417,23,16,25,0,0,0,1,367.2,1,2,0,0,0,0,14,0.0000,0.00,0.00,0.00
445.75,12,560390,0.2937,62.63,198.74,3023,3064,5,13,1,16,0,1,3,1,367.2,0,1,0,0,1,0,13,0.0001,0.00,0.00,0.00
446,12,560334,0.2937,62.61,198.82,2965,2936,18,28,8,16,0,0,1,1,367.2,0,1,0,0,0,0,13,0.0001,0.00,0.00,0.00
446.25,12,560246,0.2938,58.79,198.92,2956,2887,2,19,2,20,0,0,0,1,367.2,0,1,0,0,0,0,13,0.0002,7.74,52.28,141.25
446.5,12,560330,0.2937,57.12,199.01,2801,2904,11382,20,6,16,0,0,0,1,367.2,0,1,0,0,0,0,14,0.0000,0.00,0.00,0.00
446.75,12,560243,0.2938,53.65,199.13,2857,2779,5,9,1,13,0,0,0,1,367.2,0,1,0,0,0,0,13,0.0001,0.00,0.00,0.00
447,12,560236,0.2937,54.94,199.20,2676,2701,10,32,7,13,0,0,0,1,367.2,0,1,0,0,0,0,13,0.0002,0.00,0.00,0.00
447.25,12,560201,0.2938,54.31,199.25,2683,2663,3,15,0,17,0,0,0,1,367.2,0,1,0,0,0,0,13,0.0003,0.00,0.00,0.00
447.5,12,560232,0.2937,54.44,199.28,2616,2681,8,34,8,18,0,0,0,1,367.2,0,1,0,0,0,0,14,0.0001,0.00,0.00,0.00
447.75,12,560155,0.2937,54.19,199.33,2659,2604,6,22,3,14,0,0,0,1,367.2,0,1,0,0,0,0,13,0.0001,0.00,0.00,0.00
448,12,560265,0.2936,54.49,199.34,2645,2786,19,34,9,15,0,0,0,1,367.2,0,1,0,0,0,0,13,0.0002,0.00,0.00,0.00
448.25,12,560198,0.2936,52.53,199.37,2678,2632,28,21,4,18,0,0,0,1,367.2,0,1,0,0,0,0,14,0.0001,8.56,63.91,172.69
448.5,12,560277,0.2935,52.78,199.36,2654,2776,15,43,14,17,0,0,0,1,367.2,0,1,0,0,0,0,13,0.0002,0.00,0.00,0.00
448.75,12,560396,0.2935,50.78,199.26,2594,2731,14,19,4,15,0,0,0,1,367.2,0,1,0,0,0,0,14,0.0000,0.00,0.00,0.00
449,12,560482,0.2934,51.58,199.10,2635,2747,13,28,8,15,0,0,0,1,367.2,0,1,0,0,0,0,13,0.0001,0.00,0.00,0.00
449.25,12,560461,0.2934,48.56,198.95,2664,2662,10,21,9,19,0,0,0,1,367.2,0,1,0,0,0,0,13,0.0003,0.00,0.00,0.00
449.5,12,560574,0.2933,49.93,198.83,2637,2772,12,22,1,18,0,0,0,1,367.2,0,1,0,0,0,0,14,0.0001,0.00,0.00,0.00
449.75,12,560575,0.2933,51.01,198.97,2644,2661,25446,16,9,20,0,0,0,0,367.2,0,1,0,0,0,0,13,0.0002,0.00,0.00,0.00
450,12,560474,0.2933,51.57,198.88,2786,2702,21,19,1,14,0,0,0,0,367.2,0,1,0,0,0,0,14,0.0001,0.00,0.00,0.00
450.25,12,560442,0.2933,49.97,198.80,2803,2789,23,20,15,15,0,0,0,0,361.0,0,1,0,0,0,0,13,0.0002,9.19,66.34,419.43
450.5,12,560511,0.2933,53.06,196.31,2654,2753,4,30,1,18,0,0,0,0,361.0,0,1,0,0,0,0,14,0.0000,0.00,0.00,0.00
450.75,12,560556,0.2932,50.07,192.82,2647,2715,6,23,3,18,0,0,0,0,361.0,0,1,0,0,0,0,13,0.0002,0.00,0.00,0.00
451,12,560436,0.2933,50.01,192.34,2771,2664,7,13,2,20,0,0,1,0,361.0,0,1,0,0,0,0,14,0.0000,0.00,0.00,0.00
451.25,12,560390,0.2934,50.13,193.13,2756,2717,1,7,0,16,0,0,0,0,361.0,0,1,0,0,0,0,13,0.0001,0.00,0.00,0.00
451.5,12,560323,0.2934,49.43,193.46,2776,2711,0,2,2,15,0,0,0,0,361.0,0,1,0,0,0,0,13,0.0003,0.00,0.00,0.00
451.75,12,560291,0.2934,51.79,194.11,2834,2810,3,8,4,19,0,0,0,0,361.0,0,1,0,0,0,0,14,0.0001,0.00,0.00,0.00
452,12,560239,0.2935,53.32,194.46,2846,2800,4,6,0,18,0,0,0,0,361.0,0,1,0,0,0,0,13,0.0002,0.00,0.00,0.00
452.25,12,560110,0.2936,55.07,194.55,2962,2841,5,9,12,16,0,0,0,0,361.0,0,1,0,0,0,0,13,0.0002,6.45,62.96,201.51
452.5,12,560073,0.2936,57.77,194.20,2912,2881,5,7,0,17,0,0,0,0,361.0,0,1,0,0,0,0,14,0.0000,0.00,0.00,0.00
452.75,12,560073,0.2936,57.88,194.81,3048,3065,11,19,10,17,0,0,0,0,361.0,0,1,0,0,0,0,13,0.0001,0.00,0.00,0.00
453,12,559932,0.2937,58.54,194.81,3114,2984,5,11,0,17,0,0,0,0,361.0,0,1,0,0,0,0,13,0.0002,0.00,0.00,0.00
453.25,12,559730,0.2937,57.47,195.23,3149,2964,4108,17,20,18,0,0,1,0,361.0,0,1,0,0,0,0,13,0.0002,0.00,0.00,0.00
453.5,12,559699,0.2938,60.54,194.68,3132,3107,8,7,3,14,0,0,0,0,361.0,0,1,0,0,0,0,13,0.0003,0.00,0.00,0.00
453.75,12,559497,0.2939,56.31,194.91,3194,3002,7,10,9,20,0,0,0,0,361.0,0,1,0,0,0,0,14,0.0000,0.00,0.00,0.00
454,12,559485,0.2939,60.56,195.16,3109,3104,9,8,5,15,0,0,0,0,361.0,0,1,0,0,0,0,13,0.0001,0.00,0.00,0.00
454.25,12,559367,0.2940,54.20,195.50,3112,2998,13,6,1,19,0,0,0,0,361.0,0,1,0,0,0,0,13,0.0001,7.67,47.45,179.18
454.5,12,559120,0.2940,58.75,195.88,3203,2974,17,18,22,15,0,0,0,0,361.0,0,1,0,0,0,0,13,0.0001,0.00,0.00,0.00
454.75,12,559048,0.2941,55.08,196.30,2988,2933,29,18,1,16,0,0,0,0,361.0,0,1,0,0,0,0,13,0.0002,0.00,0.00,0.00
455,12,558845,0.2940,56.95,196.67,3167,3004,31,43,51,14,0,0,0,0,361.0,0,1,0,0,0,0,13,0.0002,0.00,0.00,0.00
455.25,12,558878,0.2940,61.38,196.97,2935,2999,29,33,11,16,0,0,0,0,361.0,0,1,0,0,0,0,13,0.0003,0.00,0.00,0.00
455.5,12,558862,0.2939,54.88,197.19,2877,2896,14,36,2,15,0,0,0,0,361.0,0,1,0,0,0,0,14,0.0001,0.00,0.00,0.00
455.75,12,558643,0.2940,58.43,197.37,3072,2894,23,41,23,18,0,0,0,0,361.0,0,1,0,0,0,1,13,0.0002,0.00,0.00,0.00
456,11,558656,0.2939,61.15,197.30,2814,2862,14,36,4,17,0,0,0,0,361.0,0,1,0,0,0,1,13,0.0003,0.00,0.00,0.00
456.25,11,558623,0.2939,55.38,197.39,2812,2807,14,28,1,16,0,0,0,0,361.0,0,1,0,0,0,0,14,0.0001,7.61,54.72,325.00
456.5,11,558530,0.2939,59.64,197.44,2857,2804,17,41,15,13,0,0,0,0,361.0,0,1,0,0,0,0,13,0.0002,0.00,0.00,0.00
456.75,11,558538,0.2939,59.26,197.27,2766,2800,6,27,2,17,0,0,0,0,361.0,0,1,0,0,0,0,14,0.0000,0.00,0.00,0.00
457,11,558357,0.2939,59.21,197.39,2916,2773,25,38,44,17,0,0,0,0,361.0,0,1,0,0,0,0,13,0.0002,0.00,0.00,0.00
457.25,11,558406,0.2938,62.55,197.46,2651,2722,4,22,10,18,0,0,0,0,361.0,0,1,0,0,0,0,13,0.0003,0.00,0.00,0.00
457.5,11,558376,0.2939,54.11,197.35,2747,2738,8,21,0,20,0,0,0,0,361.0,0,1,0,0,0,1,14,0.0001,0.00,0.00,0.00
457.75,10,558299,0.2938,58.42,197.01,2740,2704,18,41,26,14,0,0,0,0,361.0,0,1,0,0,0,1,13,0.0002,0.00,0.00,0.00
458,10,558351,0.2938,61.47,195.50,2610,2674,12,13,3,16,0,0,0,0,361.0,0,1,0,0,0,0,13,0.0003,0.00,0.00,0.00
458.25,10,558207,0.2939,55.64,194.86,2802,2674,9,16,3,18,0,0,0,0,361.0,0,1,0,0,0,0,14,0.0001,7.02,46.78,303.79
458.5,10,558191,0.2938,58.83,193.63,2620,2630,8,26,8,14,0,0,0,0,361.0,0,1,0,0,0,0,13,0.0002,0.00,0.00,0.00
458.75,10,558204,0.2938,51.40,193.11,2583,2615,2,19,0,18,0,0,0,0,361.0,0,1,0,0,0,0,13,0.0002,0.00,0.00,0.00
459,10,558088,0.2938,55.14,191.76,2703,2618,16,31,33,15,0,0,0,0,361.0,0,1,0,0,0,0,14,0.0000,0.00,0.00,0.00
459.25,10,558212,0.2938,57.68,190.16,2459,2595,7,13,2,13,0,0,0,0,361.0,0,1,0,0,0,0,13,0.0001,0.00,0.00,0.00
459.5,10,558246,0.2937,52.00,190.57,2493,2550,10,23,7,19,0,0,0,0,361.0,0,1,0,0,0,0,13,0.0002,0.00,0.00,0.00
459.75,10,558260,0.2937,55.34,189.33,2398,2428,10,18,2,17,0,0,0,0,361.0,0,1,0,0,0,0,13,0.0003,0.00,0.00,0.00
460,10,558315,0.2937,47.46,189.39,2436,2500,5,9,0,21,0,0,0,0,361.0,0,1,0,0,0,0,14,0.0001,0.00,0.00,0.00
460.25,10,558227,0.2937,51.94,189.94,2363,2296,6,21,13,18,0,0,0,0,406.4,0,1,0,0,0,0,13,0.0001,10.39,52.94,326.67
460.5,10,558285,0.2937,45.78,189.50,2341,2410,2,11,1,15,0,0,0,0,406.4,0,1,0,0,0,0,13,0.0002,0.00,0.00,0.00
460.75,10,558193,0.2937,49.14,189.82,2378,2335,18,50,29,21,0,0,0,0,406.4,0,1,0,0,0,0,14,0.0000,0.00,0.00,0.00
461,10,558269,0.2936,45.36,190.03,2245,2336,6,15,0,20,0,0,0,0,406.4,0,1,0,0,0,0,13,0.0001,0.00,0.00,0.00
461.25,10,558309,0.2936,49.38,190.55,2209,2287,1896,38,23,18,0,0,0,0,406.4,0,1,0,0,0,0,13,0.0002,0.00,0.00,0.00
461.5,10,558383,0.2935,43.28,188.46,2219,2306,3,13,1,20,0,0,0,0,406.4,0,1,0,0,0,0,14,0.0000,0.00,0.00,0.00
461.75,10,558354,0.2935,48.26,188.31,2254,2255,12,30,22,16,0,0,0,0,406.4,0,1,0,0,0,0,13,0.0001,0.00,0.00,0.00
462,10,558491,0.2934,42.88,188.12,2199,2345,2,9,3,21,0,0,0,0,406.4,0,1,0,0,0,0,13,0.0002,0.00,0.00,0.00
462.25,10,558383,0.2934,47.96,189.00,2377,2309,8,40,34,18,0,0,0,0,406.4,0,1,0,0,0,0,14,0.0000,9.13,58.44,317.28
462.5,10,558345,0.2934,43.56,189.65,2339,2307,4,6,1,15,0,0,0,0,406.4,0,1,0,0,0,0,13,0.0001,0.00,0.00,0.00
462.75,10,558395,0.2934,48.18,190.80,2329,2402,12,23,21,17,0,0,0,0,406.4,0,1,0,0,0,0,13,0.0002,0.00,0.00,0.00
463,10,558457,0.2933,44.87,191.61,2221,2289,1,6,1,16,0,0,0,0,406.4,0,1,0,0,0,0,13,0.0003,0.00,0.00,0.00
463.25,10,558378,0.2934,48.54,192.54,2377,2325,9,27,10,17,0,0,0,0,406.4,0,1,0,0,0,0,14,0.0001,0.00,0.00,0.00
463.5,10,558378,0.2934,45.71,193.18,2354,2363,5,9,1,15,0,0,0,0,406.4,0,1,0,0,0,0,13,0.0001,0.00,0.00,0.00
463.75,10,558343,0.2934,48.74,194.03,2407,2392,5,20,11,18,0,0,0,0,406.4,0,1,0,0,0,0,13,0.0002,0.00,0.00,0.00
464,10,558342,0.2934,45.97,194.71,2363,2369,2,7,2,17,0,0,0,0,406.4,0,1,0,0,0,0,13,0.0003,0.00,0.00,0.00
464.25,10,558337,0.2934,48.72,195.40,2379,2390,11,17,7,17,0,0,0,0,406.4,0,1,0,0,0,0,14,0.0000,10.57,76.50,346.64
464.5,10,558405,0.2934,46.46,195.96,2316,2392,4,8,2,18,0,0,0,0,406.4,0,1,0,0,0,0,13,0.0001,0.00,0.00,0.00
464.75,10,558334,0.2934,49.01,196.52,2388,2335,4,18,1,18,0,0,0,0,406.4,0,1,0,0,0,0,13,0.0001,0.00,0.00,0.00
465,10,558339,0.2934,46.51,196.98,2378,2404,2,21,2,19,0,0,0,0,406.4,0,1,0,0,0,0,13,0.0001,0.00,0.00,0.00
465.25,10,558393,0.2934,49.34,197.43,2271,2340,3,15,7,13,0,0,0,0,406.4,0,1,0,0,0,0,13,0.0002,0.00,0.00,0.00
465.5,10,558356,0.2934,48.09,197.71,2403,2378,1,12,1,18,0,0,0,0,406.4,0,1,0,0,0,0,13,0.0002,0.00,0.00,0.00
465.75,10,558301,0.2934,50.54,198.06,2399,2363,9,20,5,13,0,0,0,0,406.4,0,1,0,0,0,0,13,0.0002,0.00,0.00,0.00
466,10,558239,0.2934,48.16,198.31,2406,2369,5,25,0,22,0,0,0,0,406.4,0,1,0,0,0,0,13,0.0002,0.00,0.00,0.00
466.25,10,558278,0.2934,50.27,198.53,2330,2387,4,18,1,16,0,0,0,0,406.4,0,1,0,0,0,0,13,0.0002,8.02,73.16,407.10
466.5,10,558229,0.2934,48.04,198.73,2385,2357,5,22,1,20,0,0,0,0,406.4,0,1,0,0,0,0,13,0.0002,0.00,0.00,0.00
466.75,10,558261,0.2934,46.47,198.93,2282,2330,24225,16,2,19,0,0,1,0,406.4,0,1,0,0,0,0,13,0.0001,0.00,0.00,0.00
467,10,558077,0.2935,46.42,199.08,2534,2382,6,32,0,17,0,0,0,0,406.4,0,1,0,0,0,0,13,0.0001,0.00,0.00,0.00
467.25,10,558078,0.2935,46.02,199.23,2500,2517,5,16,0,17,0,0,0,0,406.4,0,1,0,0,0,0,13,0.0000,0.00,0.00,0.00
467.5,10,558009,0.2935,47.04,199.34,2628,2583,4,25,1,18,0,0,0,0,406.4,0,1,0,0,0,0,12,0.0002,0.00,0.00,0.00
467.75,10,558036,0.2935,46.89,199.44,2557,2606,4,22,0,16,0,0,0,0,406.4,0,1,0,0,0,0,13,0.0001,0.00,0.00,0.00
468,10,558008,0.2935,49.80,199.52,2622,2612,10,18,4,16,0,0,0,0,406.4,0,1,0,0,0,0,13,0.0001,0.00,0.00,0.00
468.25,10,558073,0.2935,46.22,199.59,2595,2674,2,14,0,17,0,0,0,0,406.4,0,1,0,0,0,0,12,0.0003,6.17,60.38,134.45
468.5,10,558068,0.2935,48.60,199.64,2703,2707,7,10,1,15,0,0,0,0,406.4,0,1,0,0,0,0,13,0.0002,0.00,0.00,0.00
468.75,10,558043,0.2936,49.50,199.66,2632,2616,5,9,0,25,0,0,0,0,406.4,0,1,0,0,0,0,13,0.0001,0.00,0.00,0.00
469,10,557923,0.2937,52.43,199.54,2780,2669,7,9,2,17,0,0,0,0,406.4,0,1,0,0,0,0,12,0.0003,0.00,0.00,0.00
469.25,10,557955,0.2937,47.66,199.56,2653,2692,7,8,0,18,0,0,0,0,406.4,0,1,0,0,0,0,13,0.0001,0.00,0.00,0.00
469.5,10,557922,0.2937,50.16,199.48,2742,2721,9,12,4,17,0,0,0,0,406.4,0,1,0,0,0,0,13,0.0000,0.00,0.00,0.00
469.75,10,557896,0.2937,45.56,199.49,2663,2646,943,9,0,15,0,0,0,0,406.4,0,1,0,0,0,0,12,0.0002,0.00,0.00,0.00
470,10,557710,0.2938,48.01,199.54,2827,2658,16,19,8,16,0,0,0,0,406.4,0,1,0,0,0,0,13,0.0001,0.00,0.00,0.00
470.25,10,557608,0.2939,47.45,199.47,2781,2694,8,16,0,16,0,0,0,0,417.6,0,1,0,0,0,0,12,0.0003,6.15,61.25,157.40
470.5,10,557582,0.2939,48.07,199.32,2790,2785,18,21,8,14,0,0,0,0,417.6,0,1,0,0,0,0,13,0.0001,0.00,0.00,0.00
470.75,10,557626,0.2939,46.53,198.95,2612,2665,6,9,0,18,0,0,0,0,417.6,0,1,0,0,0,0,13,0.0000,0.00,0.00,0.00
471,10,557573,0.2939,46.77,198.84,2843,2801,15,11,8,18,0,0,0,0,417.6,0,1,0,0,0,0,12,0.0002,0.00,0.00,0.00
471.25,10,557545,0.2939,45.91,198.31,2636,2618,11,11,0,18,0,0,0,0,417.6,0,1,0,0,0,0,13,0.0000,0.00,0.00,0.00
471.5,10,557531,0.2940,45.89,197.60,2721,2715,12,8,7,16,0,0,0,0,417.6,0,1,0,0,0,0,12,0.0002,0.00,0.00,0.00
471.75,10,557489,0.2940,44.60,196.90,2648,2613,3,7,0,16,0,0,0,0,417.6,0,1,0,0,0,0,13,0.0000,0.00,0.00,0.00
472,10,557432,0.2940,44.62,195.94,2635,2590,6,12,4,18,0,0,0,0,417.6,0,1,0,0,0,0,12,0.0002,0.00,0.00,0.00
472.25,10,557347,0.2941,43.40,196.38,2663,2581,4,3,2,17,0,0,0,1,417.6,0,1,0,0,0,0,13,0.0000,8.37,64.52,261.40
472.5,10,557320,0.2941,43.53,196.77,2595,2576,7,8,2,18,0,0,0,1,417.6,0,1,0,0,0,0,12,0.0002,0.00,0.00,0.00
472.75,10,557260,0.2942,42.50,197.12,2587,2535,2,8,1,18,0,0,0,1,417.6,0,1,0,0,0,0,13,0.0000,0.00,0.00,0.00
473,10,557253,0.2942,43.67,197.33,2538,2535,5,4,0,15,0,0,0,1,417.6,0,1,0,0,0,0,12,0.0001,0.00,0.00,0.00
473.25,10,557124,0.2943,42.57,197.48,2694,2577,3,12,3,19,0,0,0,1,417.6,0,1,0,0,0,0,12,0.0002,0.00,0.00,0.00
473.5,10,557188,0.2943,47.08,197.78,2485,2553,2,4,5,16,0,0,0,1,417.6,0,1,0,0,0,0,13,0.0001,0.00,0.00,0.00
473.75,10,557030,0.2944,44.05,197.98,2724,2571,6,6,6,16,0,0,0,1,417.6,0,1,0,0,0,0,12,0.0002,0.00,0.00,0.00
474,10,557012,0.2944,47.53,198.18,2606,2592,5,4,0,18,0,0,0,1,417.6,0,1,0,0,0,0,12,0.0002,0.00,0.00,0.00
474.25,10,556976,0.2944,46.96,198.32,2710,2678,6,4,5,17,0,0,0,1,417.6,0,1,0,0,0,0,13,0.0000,8.91,47.82,143.80
474.5,10,556994,0.2945,51.28,198.54,2616,2641,2,7,0,15,0,0,0,1,417.6,0,1,0,0,0,0,12,0.0001,0.00,0.00,0.00
474.75,10,556914,0.2945,48.06,198.67,2786,2721,1,15,1,17,0,0,0,1,417.6,0,1,0,0,0,0,12,0.0002,0.00,0.00,0.00
475,10,556815,0.2946,52.00,198.84,2705,2614,3,8,2,21,0,0,0,1,417.6,0,1,0,0,0,0,12,0.0003,0.00,0.00,0.00
475.25,10,556819,0.2946,49.79,198.97,2730,2741,2,7,2,18,0,0,0,1,417.6,0,1,0,0,0,0,13,0.0000,0.00,0.00,0.00
475.5,10,556810,0.2946,51.47,199.04,2685,2683,3,7,0,18,0,0,0,1,417.6,0,1,0,0,0,0,12,0.0001,0.00,0.00,0.00
475.75,10,556880,0.2946,52.63,199.12,2656,2733,4,7,3,19,0,0,0,1,417.6,0,1,0,0,0,0,12,0.0001,0.00,0.00,0.00
476,10,556876,0.2946,51.47,199.19,2719,2723,9,9,3,14,0,0,0,1,417.6,0,1,0,0,0,0,12,0.0002,0.00,0.00,0.00
476.25,10,556829,0.2946,52.29,199.22,2731,2696,12,12,9,15,0,0,0,1,417.6,0,1,0,0,0,0,12,0.0002,6.22,46.65,112.39
476.5,10,556819,0.2947,55.63,199.24,2680,2674,7,4,0,17,0,0,0,1,417.6,0,1,0,0,0,0,12,0.0002,0.00,0.00,0.00
476.75,10,556896,0.2946,49.77,199.24,2644,2730,12,9,2,18,0,0,0,1,417.6,0,1,0,0,0,0,12,0.0002,0.00,0.00,0.00
477,10,556840,0.2947,52.26,199.22,2595,2547,8,8,1,16,0,0,0,1,417.6,0,1,0,0,0,0,12,0.0002,0.00,0.00,0.00
477.25,10,556899,0.2947,50.11,199.28,2530,2595,6,7,5,15,0,0,0,1,417.6,0,1,0,0,0,0,12,0.0002,0.00,0.00,0.00
477.5,10,556841,0.2947,47.56,199.28,2558,2512,7,12,2,18,0,0,0,1,417.6,0,1,0,0,0,0,12,0.0002,0.00,0.00,0.00
477.75,10,556799,0.2947,49.80,199.24,2440,2411,13,16,4,15,0,0,0,1,417.6,0,1,0,0,0,0,12,0.0002,0.00,0.00,0.00
478,10,556919,0.2947,45.44,199.25,2372,2499,5,7,0,14,0,0,0,1,417.6,0,1,0,0,0,0,12,0.0002,0.00,0.00,0.00
478.25,10,556820,0.2947,46.99,199.18,2430,2347,24,16,13,17,0,0,0,1,417.6,0,1,0,0,0,0,12,0.0002,11.23,49.39,151.45
478.5,10,556951,0.2947,47.61,199.16,2296,2430,6,3,0,21,0,0,0,1,417.6,0,1,0,0,0,0,12,0.0001,0.00,0.00,0.00
478.75,10,556905,0.2947,45.21,199.11,2452,2430,22,24,11,16,0,0,0,1,417.6,0,1,0,0,0,0,12,0.0001,0.00,0.00,0.00
479,10,556905,0.2947,40.68,199.07,2257,2266,9,9,0,15,0,0,0,1,417.6,0,1,0,0,0,1,12,0.0001,0.00,0.00,0.00
479.25,9,556833,0.2947,40.87,199.04,2196,2162,12,38,9,18,0,0,0,1,417.6,0,1,0,0,0,1,12,0.0000,0.00,0.00,0.00
479.5,9,556914,0.2947,36.82,199.09,2047,2144,8,16,1,16,0,0,0,1,417.6,0,1,0,0,0,0,12,0.0000,0.00,0.00,0.00
479.75,9,556863,0.2946,37.15,199.05,2024,2012,15,41,10,17,0,0,0,1,417.6,0,1,0,0,0,0,12,0.0000,0.00,0.00,0.00
480,9,556911,0.2946,33.22,199.12,1911,1973,6,14,1,14,0,0,0,1,417.6,0,1,0,0,0,0,12,0.0000,0.00,0.00,0.00
480.25,9,557080,0.2945,33.84,199.08,1780,1964,6,15,2,15,0,0,0,2,447.7,0,1,0,0,0,0,12,0.0000,23.29,57.78,222.21
480.5,9,557098,0.2945,30.07,199.10,1767,1794,5,9,0,15,0,0,0,2,447.7,0,1,0,0,0,0,11,0.0003,0.00,0.00,0.00
480.75,9,557244,0.2945,31.20,199.00,1676,1832,5,10,0,15,0,0,0,2,447.7,0,1,0,0,0,0,12,0.0003,0.00,0.00,0.00
481,9,557271,0.2945,27.70,199.03,1810,1851,7,14,2,19,0,0,0,2,447.7,0,1,0,0,0,0,12,0.0002,0.00,0.00,0.00
481.25,9,557408,0.2944,27.79,198.86,1624,1768,4,7,0,16,0,0,0,2,447.7,0,1,0,0,0,0,12,0.0002,0.00,0.00,0.00
481.5,9,557453,0.2944,31.42,198.81,1693,1746,4,9,0,14,0,0,0,2,447.7,0,1,0,0,0,0,12,0.0001,0.00,0.00,0.00
481.75,9,557530,0.2944,27.89,198.49,1721,1801,6,4,0,16,0,0,0,2,447.7,0,1,0,0,0,0,12,0.0001,0.00,0.00,0.00
482,9,557608,0.2943,32.13,198.27,1721,1805,3,6,1,17,0,0,0,2,447.7,0,1,0,0,0,0,12,0.0000,0.00,0.00,0.00
482.25,9,557648,0.2944,35.64,197.84,1847,1889,3,2,1,13,0,0,0,2,447.7,0,1,0,0,0,0,11,0.0003,8.74,50.07,428.72
482.5,9,557761,0.2943,35.88,197.49,1758,1879,3,8,2,13,0,0,0,2,447.7,0,1,0,0,0,0,12,0.0002,0.00,0.00,0.00
482.75,9,557799,0.2943,38.64,197.36,1937,1977,3,2,2,18,0,0,0,2,447.7,0,1,0,0,0,0,12,0.0001,0.00,0.00,0.00
483,9,557816,0.2943,39.90,196.88,1961,1983,5,5,0,15,0,0,0,2,447.7,0,1,0,0,0,0,12,0.0000,0.00,0.00,0.00
483.25,9,557801,0.2944,41.30,196.83,2049,2040,6,6,2,16,0,0,0,2,447.7,0,1,0,0,0,0,11,0.0002,0.00,0.00,0.00
483.5,9,557935,0.2943,43.83,196.46,1862,2000,2,4,1,16,0,0,0,2,447.7,0,1,0,0,0,0,12,0.0001,0.00,0.00,0.00
483.75,9,557971,0.2943,38.25,196.17,1938,1983,5,9,1,17,0,0,0,2,447.7,0,1,0,0,0,0,11,0.0003,0.00,0.00,0.00
484,10,557960,0.2943,42.20,195.84,1945,1949,12,16,6,16,0,0,0,2,447.7,1,2,0,0,0,0,12,0.0002,0.00,0.00,0.00
484.25,10,558007,0.2943,44.70,195.44,1942,1993,5,4,3,17,0,0,2,3,447.7,0,2,0,0,0,0,12,0.0001,14.14,75.54,596.68
484.5,11,558060,0.2943,36.83,195.24,1863,1922,2,6,0,13,1,0,1,2,447.7,0,2,0,0,0,0,11,0.0002,0.00,0.00,0.00
484.75,11,558036,0.2943,38.98,194.92,1881,1870,11,13,14,16,0,0,1,2,447.7,0,2,0,0,0,0,12,0.0001,0.00,0.00,0.00
485,11,557965,0.2943,34.77,194.53,1858,1805,3,18,0,13,0,0,0,1,447.7,0,2,0,0,0,0,11,0.0003,0.00,0.00,0.00
485.25,11,557997,0.2944,34.26,194.12,1799,1835,7,4,0,18,0,0,0,1,447.7,0,2,0,0,0,0,12,0.0001,0.00,0.00,0.00
485.5,11,557947,0.2944,38.07,194.20,1928,1902,19,24,8,19,0,0,0,1,447.7,0,2,0,0,0,0,12,0.0000,0.00,0.00,0.00
485.75,10,557952,0.2944,42.97,194.13,1896,1910,5,9,1,14,0,1,1,1,447.7,0,1,0,0,1,0,11,0.0002,0.00,0.00,0.00
486,10,558038,0.2943,42.33,194.09,1997,2094,3,11,1,15,0,0,0,1,447.7,0,1,0,0,0,0,12,0.0001,0.00,0.00,0.00
486.25,10,558062,0.2943,41.20,194.66,2060,2092,780,8,2,13,0,0,0,1,447.7,0,1,0,0,0,0,11,0.0002,5.32,21.68,194.46
486.5,10,558012,0.2944,40.61,195.32,1956,1916,2,10,2,20,0,0,0,1,447.7,0,1,0,0,0,0,12,0.0001,0.00,0.00,0.00
486.75,10,558073,0.2944,41.22,195.99,2062,2131,7,9,3,15,0,0,0,1,447.7,0,1,0,0,0,0,11,0.0002,0.00,0.00,0.00
487,10,558052,0.2944,41.49,196.58,2040,2021,4,3,1,14,0,0,0,1,447.7,0,1,0,0,0,0,12,0.0000,0.00,0.00,0.00
487.25,10,558046,0.2944,42.13,197.07,2086,2088,3,9,4,14,0,0,0,1,447.7,0,1,0,0,0,0,11,0.0001,0.00,0.00,0.00
487.5,10,558143,0.2944,41.93,197.37,2067,2177,0,13,2,11,0,0,0,1,447.7,0,1,0,0,0,0,11,0.0003,0.00,0.00,0.00
487.75,10,558126,0.2944,42.59,197.70,2148,2138,3,7,3,20,0,0,0,1,447.7,0,1,0,0,0,0,12,0.0001,0.00,0.00,0.00
488,10,558246,0.2943,42.32,197.99,2088,2215,6,7,1,12,0,0,0,1,447.7,0,1,0,0,0,0,11,0.0002,0.00,0.00,0.00
488.25,10,558296,0.2943,42.55,198.27,2135,2192,4,7,1,15,0,0,0,1,447.7,0,1,0,0,0,0,11,0.0003,6.95,27.56,165.26
488.5,10,558293,0.2943,41.98,198.42,2201,2208,6,10,2,18,0,0,0,1,447.7,0,1,0,0,0,0,12,0.0001,0.00,0.00,0.00
488.75,10,558274,0.2944,41.84,198.54,2198,2184,4,5,2,14,0,0,0,1,447.7,0,1,0,0,0,0,11,0.0001,0.00,0.00,0.00
489,10,558328,0.2944,41.15,198.64,2121,2182,5,7,1,14,0,0,0,1,447.7,0,1,0,0,0,0,11,0.0002,0.00,0.00,0.00
489.25,10,558348,0.2944,41.82,198.68,2131,2157,14,6,4,11,0,0,0,1,447.7,0,1,0,0,0,0,11,0.0003,0.00,0.00,0.00
489.5,10,558428,0.2943,41.05,198.65,2073,2162,32,10,5,14,0,0,0,1,447.7,0,1,0,0,0,0,12,0.0000,0.00,0.00,0.00
489.75,10,558383,0.2944,42.20,198.56,2216,2179,7,8,3,13,0,0,0,1,447.7,0,1,0,0,0,0,11,0.0001,0.00,0.00,0.00
490,10,558441,0.2944,41.69,198.57,2197,2262,11,7,3,17,0,0,0,1,447.7,0,1,0,0,0,0,11,0.0001,0.00,0.00,0.00
490.25,10,558451,0.2944,42.65,198.57,2187,2200,4,3,3,15,0,0,0,1,369.3,0,1,0,0,0,0,11,0.0001,8.59,34.42,203.64
490.5,10,558499,0.2943,42.27,198.40,2238,2293,3,7,1,12,0,0,0,1,369.3,0,1,0,0,0,0,11,0.0002,0.00,0.00,0.00
490.75,10,558422,0.2944,42.89,198.35,2280,2207,2,4,4,13,0,0,0,1,369.3,0,1,0,0,0,0,11,0.0002,0.00,0.00,0.00
491,10,558479,0.2944,42.07,198.19,2250,2309,3,2,3,14,0,0,0,1,369.3,0,1,0,0,0,0,11,0.0002,0.00,0.00,0.00
491.25,10,558442,0.2944,43.15,198.06,2300,2268,8,6,4,16,0,0,0,1,369.3,0,1,0,0,0,0,11,0.0002,0.00,0.00,0.00
491.5,10,558433,0.2944,42.54,197.84,2261,2262,12,13,1,16,0,0,0,1,369.3,0,1,0,0,0,0,11,0.0002,0.00,0.00,0.00
491.75,10,558456,0.2944,42.99,197.56,2350,2385,7,12,4,12,0,0,0,1,369.3,0,1,0,0,0,0,11,0.0002,0.00,0.00,0.00
492,10,558538,0.2944,41.72,196.94,2288,2378,9,10,3,14,0,0,0,1,369.3,0,1,0,0,0,0,11,0.0002,0.00,0.00,0.00
492.25,10,558495,0.2944,42.79,196.71,2401,2378,12,21,6,14,0,0,0,1,369.3,0,1,0,0,0,0,11,0.0002,6.91,34.76,190.82
492.5,10,558575,0.2944,41.68,196.25,2303,2397,2,14,5,14,0,0,0,1,369.3,0,1,0,0,0,0,11,0.0002,0.00,0.00,0.00
492.75,10,558494,0.2944,41.67,196.39,2356,2288,3,13,3,17,0,0,0,1,369.3,0,1,0,0,0,0,11,0.0002,0.00,0.00,0.00
493,10,558515,0.2944,39.53,196.46,2328,2354,1,5,9,12,0,0,0,1,369.3,0,1,0,0,0,0,11,0.0001,0.00,0.00,0.00
493.25,10,558576,0.2944,40.74,196.74,2239,2306,0,6,7,15,0,0,0,1,369.3,0,1,0,0,0,0,11,0.0001,0.00,0.00,0.00
493.5,10,558562,0.2944,39.63,196.97,2331,2320,10,5,2,11,0,0,0,1,369.3,0,1,0,0,0,0,11,0.0001,0.00,0.00,0.00
493.75,10,558433,0.2945,40.32,197.40,2358,2235,11,7,3,18,0,0,0,1,369.3,0,1,0,0,0,0,11,0.0001,0.00,0.00,0.00
494,10,558469,0.2945,38.21,197.68,2300,2341,3,5,3,14,0,0,0,1,369.3,0,1,0,0,0,0,11,0.0000,0.00,0.00,0.00
494.25,10,558470,0.2945,39.05,198.02,2283,2294,5,10,9,12,0,0,0,1,369.3,0,1,0,0,0,0,10,0.0003,7.52,44.51,137.67
494.5,10,558619,0.2944,37.80,198.23,2097,2251,7,6,2,16,0,0,0,1,369.3,0,1,0,0,0,0,11,0.0002,0.00,0.00,0.00
494.75,10,558574,0.2944,38.20,198.45,2199,2163,6,9,7,14,0,0,0,1,369.3,0,1,0,0,0,0,11,0.0002,0.00,0.00,0.00
495,10,558606,0.2944,35.84,198.57,2143,2182,5,7,4,12,0,0,0,1,369.3,0,1,0,0,0,0,11,0.0001,0.00,0.00,0.00
495.25,10,558484,0.2945,36.95,198.75,2200,2101,7,23,4,14,0,0,0,1,369.3,0,1,0,0,0,0,11,0.0000,0.00,0.00,0.00
495.5,10,558557,0.2944,36.43,198.83,2031,2116,9,13,7,18,0,0,0,1,369.3,0,1,0,0,0,0,10,0.0003,0.00,0.00,0.00
495.75,10,558530,0.2944,40.15,198.91,2117,2109,36147,23,4,13,0,0,0,1,369.3,0,1,0,0,0,0,11,0.0003,0.00,0.00,0.00
496,10,558142,0.2946,39.25,199.03,2560,2197,10,26,3,16,0,0,0,1,369.3,0,1,0,0,0,0,11,0.0002,0.00,0.00,0.00
496.25,10,558164,0.2946,39.46,199.16,2321,2366,4,23,7,14,0,0,0,1,369.3,0,1,0,0,0,0,11,0.0002,8.58,40.02,153.69
496.5,10,558150,0.2946,40.43,199.29,2338,2339,8,15,4,13,0,0,0,1,369.3,0,1,0,0,0,0,11,0.0002,0.00,0.00,0.00
496.75,10,558236,0.2945,41.84,199.39,2442,2542,5,14,3,14,0,0,0,1,369.3,0,1,0,0,0,0,11,0.0001,0.00,0.00,0.00
497,10,558179,0.2946,43.49,199.48,2603,2556,11,10,5,13,0,0,0,1,369.3,0,1,0,0,0,0,11,0.0001,0.00,0.00,0.00
497.25,11,558289,0.2945,44.75,199.55,2543,2660,52,7,3,12,1,0,0,0,369.3,0,1,0,0,0,0,11,0.0000,0.00,0.00,0.00
497.5,11,558282,0.2946,45.25,199.57,2727,2728,3,8,1,13,0,0,8,0,369.3,0,1,0,0,0,0,10,0.0003,0.00,0.00,0.00
497.75,11,558295,0.2946,46.25,199.59,2756,2771,3,2,0,12,0,0,0,0,369.3,0,1,0,0,0,0,11,0.0002,0.00,0.00,0.00
498,11,558306,0.2946,46.96,199.61,2919,2936,587,6,0,14,0,0,0,0,369.3,0,1,0,0,0,0,11,0.0001,0.00,0.00,0.00
498.25,11,558373,0.2946,48.43,199.62,2888,2955,9,0,0,13,0,0,0,0,369.3,0,1,0,0,0,0,11,0.0000,4.50,32.48,221.99
498.5,11,558384,0.2946,48.54,199.62,3145,3165,7,9,0,13,0,0,0,0,369.3,0,1,0,0,0,0,10,0.0002,0.00,0.00,0.00
498.75,11,558317,0.2946,49.59,199.62,3161,3100,6,6,0,12,0,0,0,0,369.3,0,1,0,0,0,0,11,0.0001,0.00,0.00,0.00
499,11,558083,0.2948,49.40,199.59,3358,3130,10,7,0,14,0,0,0,0,369.3,0,1,0,0,0,0,10,0.0003,0.00,0.00,0.00
499.25,11,557939,0.2949,50.53,199.55,3277,3137,9,4,0,12,0,0,0,0,369.3,0,1,0,0,0,0,11,0.0002,0.00,0.00,0.00
499.5,11,557805,0.2950,49.92,199.53,3323,3195,9,7,0,12,0,0,1,0,369.3,0,1,0,0,0,0,11,0.0000,0.00,0.00,0.00
499.75,11,557694,0.2950,50.23,199.48,3303,3201,12,9,0,11,0,0,0,0,369.3,0,1,0,0,0,0,10,0.0002,0.00,0.00,0.00
500,11,557523,0.2952,49.70,199.42,3391,3230,8,10,0,18,0,0,0,0,369.3,0,1,0,0,0,0,11,0.0000,0.00,0.00,0.00
500.25,11,557339,0.2953,50.06,199.39,3316,3135,12,5,0,15,0,0,0,0,355.9,0,1,0,0,0,0,10,0.0002,4.45,23.86,155.09
500.5,11,557186,0.2954,49.45,199.32,3320,3175,3,8,0,14,0,0,1,0,355.9,0,1,0,0,0,0,11,0.0000,0.00,0.00,0.00
500.75,11,557053,0.2955,49.88,199.31,3248,3121,10,6,0,12,0,0,0,0,355.9,0,1,0,0,0,0,10,0.0002,0.00,0.00,0.00
501,11,556962,0.2955,48.98,199.26,3317,3236,10,10,0,12,0,0,0,0,355.9,0,1,0,0,0,0,10,0.0003,0.00,0.00,0.00
501.25,11,556915,0.2956,48.49,199.16,3239,3202,4,10,0,14,0,0,0,0,355.9,0,1,0,0,0,0,11,0.0001,0.00,0.00,0.00
501.5,11,556830,0.2956,48.22,199.14,3276,3198,6,8,0,12,0,0,0,0,355.9,0,1,0,0,0,0,10,0.0002,0.00,0.00,0.00
501.75,11,556711,0.2957,48.16,199.12,3226,3112,6,5,0,17,0,0,0,0,355.9,0,1,0,0,0,0,11,0.0000,0.00,0.00,0.00
502,11,556646,0.2958,47.57,199.08,3222,3162,7,5,0,14,0,0,0,0,355.9,0,1,0,0,0,0,10,0.0001,0.00,0.00,0.00
502.25,11,556617,0.2958,47.54,199.04,3125,3099,5,3,0,12,0,0,0,0,355.9,0,1,0,0,0,0,10,0.0002,5.72,20.19,158.46
502.5,11,556515,0.2959,47.06,199.01,3213,3117,3,6,0,13,0,0,1,0,355.9,0,1,0,0,0,0,10,0.0003,0.00,0.00,0.00
502.75,11,556397,0.2960,46.98,198.97,3160,3046,4,5,0,15,0,0,0,0,355.9,0,1,0,0,0,0,11,0.0000,0.00,0.00,0.00
503,11,556406,0.2960,46.46,198.98,3095,3105,0,1,0,18,0,0,0,0,355.9,0,1,0,0,0,0,10,0.0001,0.00,0.00,0.00
503.25,11,556343,0.2960,46.21,199.02,3064,3002,4,1,0,12,0,0,0,0,355.9,0,1,0,0,0,0,10,0.0001,0.00,0.00,0.00
503.5,11,556410,0.2960,45.44,199.05,2992,3063,6,4,0,13,0,0,0,0,355.9,0,1,0,0,0,0,10,0.0001,0.00,0.00,0.00
503.75,11,556310,0.2961,44.84,199.08,3037,2942,0,5,0,12,0,0,0,0,355.9,0,1,0,0,0,0,10,0.0002,0.00,0.00,0.00
504,11,556228,0.2962,43.84,199.08,2984,2910,3,8,0,15,0,0,0,0,355.9,0,1,0,0,0,0,10,0.0002,0.00,0.00,0.00
504.25,11,556262,0.2961,43.46,199.07,2843,2887,3,10,0,12,0,0,0,0,355.9,0,1,0,0,0,0,10,0.0002,8.67,20.83,151.49
504.5,11,556252,0.2962,42.65,199.08,2816,2819,5,13,0,15,0,0,0,0,355.9,0,1,0,0,0,0,10,0.0002,0.00,0.00,0.00
504.75,11,556178,0.2962,42.26,199.16,2827,2764,5,11,0,12,0,0,0,0,355.9,0,1,0,0,0,0,10,0.0002,0.00,0.00,0.00
505,11,556212,0.2962,41.65,199.19,2688,2735,8,16,1,11,0,0,0,0,355.9,0,1,0,0,0,0,10,0.0002,0.00,0.00,0.00
505.25,11,556217,0.2962,40.77,199.23,2692,2715,7,18,1,13,0,0,0,0,355.9,0,1,0,0,0,0,10,0.0002,0.00,0.00,0.00
505.5,11,556198,0.2962,41.35,199.28,2672,2670,12,18,1,12,0,0,0,0,355.9,0,1,0,0,0,0,10,0.0003,0.00,0.00,0.00
505.75,11,556092,0.2962,39.76,199.25,2671,2592,10,27,2,14,0,0,0,0,355.9,0,1,0,0,0,0,11,0.0000,0.00,0.00,0.00
506,11,556124,0.2962,39.22,199.20,2538,2597,6,27,0,15,0,0,0,0,355.9,0,1,0,0,0,0,10,0.0001,0.00,0.00,0.00
506.25,11,556111,0.2962,40.38,199.20,2506,2521,4,28,3,13,0,0,0,0,355.9,0,1,0,0,0,0,10,0.0001,9.88,31.19,214.47
506.5,11,556087,0.2962,39.13,199.07,2616,2604,8,12,1,13,0,0,0,0,355.9,0,1,0,0,0,0,10,0.0002,0.00,0.00,0.00
506.75,11,556135,0.2961,38.59,199.20,2519,2579,2,12,0,12,0,0,0,0,355.9,0,1,0,0,0,0,10,0.0002,0.00,0.00,0.00
507,11,556150,0.2961,39.45,199.29,2493,2517,3,9,3,13,0,0,0,0,355.9,0,1,0,0,0,0,10,0.0002,0.00,0.00,0.00
507.25,11,556197,0.2961,38.58,199.40,2480,2535,4,8,0,13,0,0,0,0,355.9,0,1,0,0,0,0,10,0.0003,0.00,0.00,0.00
507.5,11,556206,0.2961,39.05,199.46,2485,2500,4,6,1,13,0,0,0,0,355.9,0,1,0,0,0,0,11,0.0000,0.00,0.00,0.00
507.75,11,556186,0.2962,39.35,199.52,2505,2492,5,7,0,16,0,0,0,0,355.9,0,1,0,0,0,0,10,0.0001,0.00,0.00,0.00
508,11,556276,0.2961,39.53,199.57,2399,2496,6,8,1,13,0,0,0,0,355.9,0,1,0,0,0,0,10,0.0001,0.00,0.00,0.00
508.25,11,556239,0.2962,39.55,199.61,2509,2477,8,6,0,15,0,0,0,0,355.9,0,1,0,0,0,0,10,0.0001,10.05,38.54,135.98
508.5,11,556276,0.2962,40.28,199.64,2408,2453,7,8,0,14,0,0,0,0,355.9,0,1,0,0,0,0,10,0.0001,0.00,0.00,0.00
508.75,11,556205,0.2962,40.03,199.63,2532,2480,7,19,0,12,0,0,0,0,355.9,0,1,0,0,0,0,10,0.0001,0.00,0.00,0.00
509,11,556192,0.2962,41.19,199.59,2401,2406,10,18,0,12,0,0,0,0,355.9,0,1,0,0,0,0,10,0.0002,0.00,0.00,0.00
509.25,11,556275,0.2961,40.92,199.58,2410,2506,14,13,0,13,0,0,0,0,355.9,0,1,0,0,0,0,10,0.0002,0.00,0.00,0.00
509.5,11,556276,0.2961,41.23,199.50,2464,2481,20,18,1,15,0,0,0,0,355.9,0,1,0,0,0,0,10,0.0002,0.00,0.00,0.00
509.75,11,556283,0.2961,41.28,199.33,2423,2453,10,23,0,14,0,0,0,0,355.9,0,1,0,0,0,0,10,0.0002,0.00,0.00,0.00
510,11,556264,0.2961,41.82,199.20,2454,2457,7,23,1,12,0,0,0,0,355.9,0,1,0,0,0,0,10,0.0002,0.00,0.00,0.00
510.25,11,556287,0.2961,41.17,198.90,2437,2475,6,15,0,12,0,0,0,0,372.5,0,1,0,0,0,0,10,0.0002,9.78,36.87,202.70
510.5,11,556316,0.2961,41.10,198.58,2396,2444,9,19,1,15,0,0,0,0,372.5,0,1,0,0,0,0,10,0.0003,0.00,0.00,0.00
510.75,11,556283,0.2961,41.76,197.96,2494,2478,7,18,1,15,0,0,0,0,372.5,0,1,0,0,0,0,11,0.0000,0.00,0.00,0.00
511,11,556285,0.2961,42.29,197.25,2433,2458,8,23,1,14,0,0,0,0,372.5,0,1,0,0,0,0,10,0.0001,0.00,0.00,0.00
511.25,11,556460,0.2960,41.40,196.37,2388,2581,5,18,0,13,0,0,0,0,372.5,0,1,0,0,0,0,10,0.0001,0.00,0.00,0.00
511.5,11,556462,0.2960,41.31,195.22,2516,2534,8,17,0,13,0,0,0,0,372.5,0,1,0,0,0,0,10,0.0001,0.00,0.00,0.00
511.75,11,556409,0.2960,41.61,193.48,2559,2527,31,21,0,13,0,0,1,0,372.5,0,1,0,0,0,0,10,0.0002,0.00,0.00,0.00
512,11,556438,0.2959,41.85,189.60,2427,2479,7,23,0,14,0,0,0,0,372.5,0,1,0,0,0,0,10,0.0002,0.00,0.00,0.00
512.25,11,556513,0.2959,41.03,187.54,2448,2542,4,19,0,15,0,0,0,0,372.5,0,1,0,0,0,0,10,0.0003,9.34,40.16,101.16
512.5,11,556444,0.2959,41.17,184.96,2563,2516,10,23,0,12,0,0,0,0,372.5,0,1,0,0,0,0,11,0.0000,0.00,0.00,0.00
512.75,11,556387,0.2959,40.77,183.25,2556,2516,8,17,0,12,0,0,0,0,372.5,0,1,0,0,0,0,10,0.0001,0.00,0.00,0.00
513,11,556460,0.2959,41.18,182.10,2396,2492,1,23,0,11,0,0,0,0,372.5,0,1,0,0,0,0,10,0.0001,0.00,0.00,0.00
513.25,11,556475,0.2959,39.73,181.71,2459,2493,6,19,0,14,0,0,0,0,372.5,0,1,0,0,0,0,10,0.0002,0.00,0.00,0.00
513.5,11,556487,0.2959,39.23,181.78,2448,2470,4,10,0,11,0,0,0,0,372.5,0,1,0,0,0,0,10,0.0002,0.00,0.00,0.00
513.75,11,556546,0.2958,38.88,182.24,2329,2401,4,13,2,11,0,0,0,0,372.5,0,1,0,0,0,0,10,0.0002,0.00,0.00,0.00
514,11,556572,0.2958,39.44,183.38,2352,2394,3,16,2,13,0,0,0,0,372.5,0,1,0,0,0,0,10,0.0003,0.00,0.00,0.00
514.25,11,556692,0.2958,38.15,184.17,2268,2400,5,12,1,13,0,0,0,0,372.5,0,1,0,0,0,0,10,0.0003,9.40,40.02,104.83
514.5,11,556717,0.2957,37.74,184.72,2292,2327,6,10,3,13,0,0,0,0,372.5,0,1,0,0,0,0,11,0.0000,0.00,0.00,0.00
514.75,11,556834,0.2957,38.50,185.04,2191,2323,3,15,1,12,0,0,0,0,372.5,0,1,0,0,0,0,10,0.0000,0.00,0.00,0.00
515,11,556907,0.2957,37.55,186.66,2193,2280,15379,14,0,15,0,0,0,0,372.5,0,1,0,0,0,0,10,0.0000,0.00,0.00,0.00
515.25,11,556818,0.2957,36.82,188.54,2286,2202,5,5,1,10,0,0,0,0,372.5,0,1,0,0,0,0,10,0.0001,0.00,0.00,0.00
515.5,11,557004,0.2956,36.50,190.17,2107,2302,0,9,0,12,0,0,0,0,372.5,0,1,0,0,0,0,10,0.0001,0.00,0.00,0.00
515.75,11,557001,0.2956,36.59,191.44,2162,2162,4,3,0,11,0,0,0,0,372.5,0,1,0,0,0,0,10,0.0001,0.00,0.00,0.00
516,11,557086,0.2956,37.27,192.50,2114,2204,1,5,0,12,0,0,0,0,372.5,0,1,0,0,0,0,10,0.0000,0.00,0.00,0.00
516.25,11,557116,0.2956,36.90,193.46,2174,2208,5,4,0,15,0,0,0,0,372.5,0,1,0,0,0,0,10,0.0000,8.22,35.45,125.29
516.5,11,557168,0.2956,36.88,194.33,2135,2191,1,4,0,12,0,0,0,0,372.5,0,1,0,0,0,0,10,0.0000,0.00,0.00,0.00
516.75,11,557241,0.2956,37.29,195.17,2035,2111,2,4,0,12,0,0,0,0,372.5,0,1,0,0,0,0,9,0.0003,0.00,0.00,0.00
517,11,557326,0.2956,38.23,195.88,2064,2156,2,7,0,12,0,0,0,0,372.5,0,1,0,0,0,0,10,0.0002,0.00,0.00,0.00
517.25,11,557421,0.2955,38.57,196.48,2054,2151,6,3,0,12,0,0,0,0,372.5,0,1,0,0,0,0,10,0.0002,0.00,0.00,0.00
517.5,11,557449,0.2955,39.30,196.95,2076,2109,2,5,0,14,0,0,0,0,372.5,0,1,0,0,0,0,10,0.0002,0.00,0.00,0.00
517.75,11,557533,0.2955,39.23,197.36,2093,2187,6,10,0,13,0,0,0,0,372.5,0,1,0,0,0,0,10,0.0001,0.00,0.00,0.00
518,11,557556,0.2955,39.53,197.72,2020,2052,2,9,0,13,0,0,0,0,372.5,0,1,0,0,0,0,10,0.0001,0.00,0.00,0.00
518.25,11,557688,0.2954,39.55,198.02,2021,2162,5,10,1,14,0,0,0,0,372.5,0,1,0,0,0,0,10,0.0000,9.69,39.32,129.78
518.5,11,557734,0.2954,40.45,198.30,2030,2083,1,7,0,10,0,0,0,0,372.5,0,1,0,0,0,0,9,0.0002,0.00,0.00,0.00
518.75,11,557735,0.2954,39.69,198.53,2144,2154,2,9,0,12,0,0,0,0,372.5,0,1,0,0,0,0,10,0.0002,0.00,0.00,0.00
519,11,557767,0.2954,39.32,198.71,2005,2044,2,7,0,12,0,0,0,0,372.5,0,1,0,0,0,0,10,0.0001,0.00,0.00,0.00
519.25,11,557804,0.2954,39.55,198.70,2078,2123,1,8,0,12,0,0,0,0,372.5,0,1,0,0,0,0,10,0.0001,0.00,0.00,0.00
519.5,11,557774,0.2954,39.58,198.76,2063,2039,2,6,1,13,0,0,0,0,372.5,0,1,0,0,0,0,9,0.0003,0.00,0.00,0.00
519.75,11,557869,0.2954,40.21,198.45,1985,2090,4,10,1,11,0,0,0,0,372.5,0,1,0,0,0,0,10,0.0002,0.00,0.00,0.00
520,11,557977,0.2953,39.50,198.55,2007,2120,6,5,0,11,0,0,0,0,372.5,0,1,0,0,0,0,10,0.0001,0.00,0.00,0.00
520.25,11,557974,0.2954,39.15,198.77,2006,2012,4,9,1,12,0,0,0,0,327.5,0,1,0,0,0,0,10,0.0001,9.73,37.06,151.24
520.5,11,558097,0.2953,39.49,198.82,1944,2073,1,6,0,11,0,0,0,0,327.5,0,1,0,0,0,0,9,0.0003,0.00,0.00,0.00
520.75,11,558121,0.2953,39.39,198.46,1961,1989,1,4,0,13,0,0,0,0,327.5,0,1,0,0,0,0,10,0.0002,0.00,0.00,0.00
521,12,558253,0.2953,40.21,191.26,1892,2028,4,4,1,13,0,0,0,0,327.5,1,2,0,0,0,0,10,0.0001,0.00,0.00,0.00
521.25,12,558305,0.2952,39.68,189.96,1983,2047,6,12,0,10,0,0,1,0,327.5,0,2,0,0,0,0,9,0.0003,0.00,0.00,0.00
521.5,12,558321,0.2952,39.66,190.59,1934,1955,4,5,0,11,0,0,1,0,327.5,0,2,0,0,0,0,10,0.0002,0.00,0.00,0.00
521.75,12,558451,0.2952,39.51,191.06,1907,2040,0,3,0,12,0,0,0,0,327.5,0,2,0,0,0,0,10,0.0001,0.00,0.00,0.00
522,12,558498,0.2952,40.31,191.61,1854,1903,4,2,0,13,0,0,0,0,327.5,0,2,0,0,0,0,9,0.0003,0.00,0.00,0.00
522.25,12,558554,0.2952,39.67,192.10,1925,1988,4,9,0,12,0,0,0,0,327.5,0,2,0,0,0,0,10,0.0002,11.34,44.71,258.77
522.5,12,558653,0.2951,39.47,191.71,1793,1898,10,6,0,10,0,0,0,0,327.5,0,2,0,0,0,0,10,0.0001,0.00,0.00,0.00
522.75,12,558742,0.2951,39.37,191.51,1790,1889,4,10,0,11,0,0,0,0,327.5,0,2,0,0,0,0,9,0.0002,0.00,0.00,0.00
523,12,558787,0.2951,39.34,191.89,1778,1828,5,5,0,11,0,0,0,0,327.5,0,2,0,0,0,0,10,0.0001,0.00,0.00,0.00
523.25,12,558888,0.2950,39.28,191.22,1716,1824,3,7,0,11,0,0,0,0,327.5,0,2,0,0,0,0,10,0.0000,0.00,0.00,0.00
523.5,12,558998,0.2950,39.33,191.72,1699,1814,4,5,1,11,0,0,0,0,327.5,0,2,0,0,0,0,9,0.0002,0.00,0.00,0.00
523.75,12,559065,0.2950,38.96,191.69,1733,1807,2,7,2,11,0,0,0,0,327.5,0,2,0,0,0,0,10,0.0000,0.00,0.00,0.00
524,12,559119,0.2950,38.84,192.21,1666,1727,2,7,0,11,0,0,0,0,327.5,0,2,0,0,0,0,9,0.0002,0.00,0.00,0.00
524.25,11,559172,0.2949,38.58,192.15,1674,1734,7,8,1,10,0,1,0,0,327.5,0,1,0,0,1,0,10,0.0001,11.06,41.54,162.51
524.5,11,559333,0.2949,39.13,192.24,1559,1726,2,6,0,15,0,0,0,0,327.5,0,1,0,0,0,0,9,0.0002,0.00,0.00,0.00
524.75,11,559422,0.2949,39.06,192.46,1631,1725,1,5,0,14,0,0,0,0,327.5,0,1,0,0,0,0,10,0.0001,0.00,0.00,0.00
525,11,559602,0.2948,39.53,176.49,1615,1799,5,4,0,10,0,0,0,0,327.5,0,1,0,0,0,0,9,0.0002,0.00,0.00,0.00
525.25,11,559602,0.2948,39.21,177.09,1673,1682,2,9,0,12,0,0,0,0,327.5,0,1,0,0,0,0,10,0.0000,0.00,0.00,0.00
525.5,11,559688,0.2948,39.66,177.20,1644,1740,4,10,0,13,0,0,0,0,327.5,0,1,0,0,0,0,9,0.0002,0.00,0.00,0.00
525.75,11,559801,0.2947,39.38,177.59,1583,1699,0,3,0,14,0,0,0,0,327.5,0,1,0,0,0,0,9,0.0003,0.00,0.00,0.00
526,11,559860,0.2947,39.79,178.00,1636,1701,5,6,1,10,0,0,0,0,327.5,0,1,0,0,0,0,10,0.0001,0.00,0.00,0.00
526.25,11,559897,0.2947,39.41,178.41,1660,1705,2,8,0,12,0,0,0,0,327.5,0,1,0,0,0,0,9,0.0002,10.26,39.06,137.67
526.5,11,560019,0.2946,39.73,178.27,1583,1713,1,8,0,10,0,0,0,0,327.5,0,1,0,0,0,0,10,0.0000,0.00,0.00,0.00
526.75,11,560036,0.2946,39.28,178.43,1623,1645,0,5,0,10,0,0,0,0,327.5,0,1,0,0,0,0,9,0.0001,0.00,0.00,0.00
527,11,560143,0.2946,39.71,178.70,1585,1700,5,8,0,12,0,0,0,0,327.5,0,1,0,0,0,0,9,0.0002,0.00,0.00,0.00
527.25,11,560151,0.2946,39.08,178.91,1656,1670,3,6,0,11,0,0,0,0,327.5,0,1,0,0,0,0,10,0.0000,0.00,0.00,0.00
527.5,11,560221,0.2946,39.25,179.02,1586,1660,1,4,0,12,0,0,0,0,327.5,0,1,0,0,0,0,9,0.0001,0.00,0.00,0.00
527.75,11,560304,0.2945,38.72,179.13,1573,1660,1,4,0,9,0,0,0,0,327.5,0,1,0,0,0,0,9,0.0002,0.00,0.00,0.00
528,11,560417,0.2945,39.27,179.21,1555,1675,0,7,0,11,0,0,0,0,327.5,0,1,0,0,0,0,10,0.0000,0.00,0.00,0.00
528.25,11,560512,0.2945,38.45,179.39,1576,1678,2,7,0,12,0,0,0,0,327.5,0,1,0,0,0,0,9,0.0001,9.48,37.52,136.02
528.5,11,560558,0.2944,39.41,179.50,1577,1627,0,4,0,10,0,0,0,0,327.5,0,1,0,0,0,0,9,0.0002,0.00,0.00,0.00
528.75,11,560573,0.2944,38.72,179.86,1625,1647,1,7,0,11,0,0,0,0,327.5,0,1,0,0,0,0,9,0.0002,0.00,0.00,0.00
529,11,560580,0.2945,39.30,180.33,1539,1550,1,4,0,12,0,0,0,0,327.5,0,1,0,0,0,0,10,0.0000,0.00,0.00,0.00
529.25,11,560595,0.2945,39.00,178.02,1629,1652,3,8,0,10,0,0,0,0,327.5,0,1,0,0,0,0,9,0.0001,0.00,0.00,0.00
529.5,11,560630,0.2945,39.51,162.63,1598,1637,7,4,0,11,0,0,0,0,327.5,0,1,0,0,0,0,9,0.0001,0.00,0.00,0.00
529.75,11,560601,0.2945,39.52,164.08,1609,1591,3,11,0,9,0,0,0,0,327.5,0,1,0,0,0,0,9,0.0002,0.00,0.00,0.00
530,11,560704,0.2944,39.90,164.62,1581,1691,1,7,0,11,0,0,0,0,327.5,0,1,0,0,0,0,9,0.0002,0.00,0.00,0.00
530.25,11,560740,0.2944,39.55,165.47,1596,1640,4,8,0,11,0,0,0,0,279.7,0,1,0,0,0,0,10,0.0000,9.90,33.94,126.38
530.5,11,560789,0.2944,39.84,166.62,1619,1674,10,6,0,10,0,0,0,0,279.7,0,1,0,0,0,0,9,0.0001,0.00,0.00,0.00
530.75,11,560876,0.2944,39.44,168.06,1564,1667,7,17,0,12,0,0,0,0,279.7,0,1,0,0,0,0,9,0.0001,0.00,0.00,0.00
531,11,560864,0.2944,39.71,169.29,1605,1603,7,11,0,10,0,0,0,0,279.7,0,1,0,0,0,0,9,0.0002,0.00,0.00,0.00
531.25,11,560953,0.2943,39.41,170.67,1509,1615,3,17,0,11,0,0,0,0,279.7,0,1,0,0,0,0,9,0.0003,0.00,0.00,0.00
531.5,11,560940,0.2943,40.09,171.70,1628,1631,6,16,0,11,0,0,0,0,279.7,0,1,0,0,0,0,10,0.0000,0.00,0.00,0.00
531.75,11,560921,0.2943,39.52,172.14,1577,1566,4,8,0,10,0,0,0,0,279.7,0,1,0,0,0,0,9,0.0001,0.00,0.00,0.00
532,11,560963,0.2943,39.85,173.08,1597,1652,1,13,0,14,0,0,0,0,279.7,0,1,0,0,0,0,9,0.0002,0.00,0.00,0.00
532.25,11,561018,0.2943,39.57,174.08,1577,1642,3,10,0,9,0,0,0,0,279.7,0,1,0,0,0,0,9,0.0003,9.24,33.99,161.11
532.5,11,561077,0.2943,40.24,175.04,1554,1627,2,14,0,11,0,0,0,0,279.7,0,1,0,0,0,0,10,0.0000,0.00,0.00,0.00
532.75,11,561054,0.2943,39.95,176.02,1662,1652,2,13,0,13,0,0,0,0,279.7,0,1,0,0,0,0,9,0.0001,0.00,0.00,0.00
533,11,561085,0.2943,40.26,176.83,1597,1639,13,11,0,12,0,0,0,0,279.7,0,1,0,0,0,0,9,0.0001,0.00,0.00,0.00
533.25,11,561082,0.2943,40.04,177.34,1617,1624,2,10,0,10,0,0,0,0,279.7,0,1,0,0,0,0,9,0.0002,0.00,0.00,0.00
533.5,11,561171,0.2942,40.58,178.10,1611,1713,2,13,0,11,0,0,0,0,279.7,0,1,0,0,0,0,9,0.0002,0.00,0.00,0.00
533.75,11,561252,0.2942,40.56,179.57,1586,1675,2,8,0,10,0,0,0,0,279.7,0,1,0,0,0,0,9,0.0003,0.00,0.00,0.00
534,11,561232,0.2942,41.16,180.32,1652,1639,6,7,0,11,0,0,0,0,279.7,0,1,0,0,0,0,10,0.0000,0.00,0.00,0.00
534.25,11,561245,0.2942,40.75,181.57,1671,1693,5,9,0,13,0,0,0,0,279.7,0,1,0,0,0,0,9,0.0000,9.22,34.38,174.30
534.5,11,561275,0.2942,41.00,183.22,1619,1657,5,8,0,11,0,0,0,0,279.7,0,1,0,0,0,0,9,0.0001,0.00,0.00,0.00
534.75,11,561372,0.2942,41.28,184.82,1579,1683,4,7,0,9,0,0,0,0,279.7,0,1,0,0,0,0,9,0.0001,0.00,0.00,0.00
535,11,561429,0.2941,41.40,186.17,1617,1686,2,12,0,12,0,0,0,0,279.7,0,1,0,0,0,0,9,0.0001,0.00,0.00,0.00
535.25,11,561446,0.2941,41.37,188.09,1632,1656,5,8,0,10,0,0,0,0,279.7,0,1,0,0,0,0,9,0.0001,0.00,0.00,0.00
535.5,11,561436,0.2941,41.31,189.84,1677,1675,24,8,0,11,0,0,1,0,279.7,0,1,0,0,0,0,9,0.0001,0.00,0.00,0.00
535.75,11,561487,0.2941,41.15,190.92,1619,1676,4,6,0,9,0,0,0,0,279.7,0,1,0,0,0,0,9,0.0002,0.00,0.00,0.00
536,11,561412,0.2942,41.63,190.83,1667,1603,6,11,0,14,0,0,0,0,279.7,0,1,0,0,0,0,9,0.0002,0.00,0.00,0.00
536.25,11,561478,0.2941,41.10,188.99,1617,1690,1,7,1,11,0,0,0,0,279.7,0,1,0,0,0,0,9,0.0002,10.47,36.54,301.77
536.5,11,561523,0.2941,41.80,185.00,1599,1650,5,6,1,12,0,0,0,0,279.7,0,1,0,0,0,0,9,0.0002,0.00,0.00,0.00
536.75,11,561565,0.2941,41.56,181.93,1595,1648,2,11,2,10,0,0,0,0,279.7,0,1,0,0,0,0,9,0.0002,0.00,0.00,0.00
537,11,561585,0.2941,42.44,179.38,1629,1664,2,15,1,13,0,0,0,0,279.7,0,1,0,0,0,0,9,0.0002,0.00,0.00,0.00
537.25,11,561660,0.2941,41.63,177.34,1585,1664,2,4,1,9,0,0,0,0,279.7,0,1,0,0,0,0,9,0.0003,0.00,0.00,0.00
537.5,11,561645,0.2941,42.45,175.87,1597,1589,4,7,1,11,0,0,0,0,279.7,0,1,0,0,0,0,9,0.0003,0.00,0.00,0.00
537.75,11,561682,0.2941,41.68,175.63,1564,1608,1,7,0,12,0,0,0,0,279.7,0,1,0,0,0,0,9,0.0003,0.00,0.00,0.00
538,12,561756,0.2941,42.56,175.66,1540,1622,4,8,0,12,0,0,0,0,279.7,1,2,0,0,0,0,9,0.0003,0.00,0.00,0.00
538.25,12,561753,0.2941,41.92,175.89,1550,1554,1,7,2,12,0,0,1,0,279.7,0,2,0,0,0,0,9,0.0003,12.02,39.89,318.45
538.5,12,561752,0.2941,42.11,176.42,1586,1591,3,6,2,11,0,0,1,0,279.7,0,2,0,0,0,0,9,0.0003,0.00,0.00,0.00
538.75,12,561717,0.2941,41.26,177.45,1536,1512,2,11,5,12,0,0,0,0,279.7,0,2,0,0,0,0,9,0.0003,0.00,0.00,0.00
539,12,561695,0.2941,41.01,178.70,1576,1570,2,16,0,12,0,0,0,0,279.7,0,2,0,0,0,0,9,0.0003,0.00,0.00,0.00
539.25,12,561706,0.2941,41.27,180.25,1475,1494,3,8,2,10,0,0,0,0,279.7,0,2,0,0,0,0,9,0.0003,0.00,0.00,0.00
539.5,12,561682,0.2941,40.72,181.96,1555,1542,2,11,2,10,0,0,0,0,279.7,0,2,0,0,0,0,9,0.0002,0.00,0.00,0.00
539.75,12,561768,0.2941,39.64,183.41,1479,1569,1,4,0,11,0,0,0,0,279.7,0,2,0,0,0,0,9,0.0002,0.00,0.00,0.00
540,12,561782,0.2941,39.77,184.78,1461,1478,1,3,1,12,0,0,0,0,279.7,0,2,0,0,0,0,9,0.0002,0.00,0.00,0.00
540.25,12,561901,0.2940,39.07,186.22,1400,1527,4,8,0,11,0,0,0,0,228.6,0,2,0,0,0,0,9,0.0002,13.99,54.11,414.15
540.5,12,561962,0.2940,39.40,187.75,1431,1501,4,10,3,13,0,0,0,0,228.6,0,2,0,0,0,0,9,0.0002,0.00,0.00,0.00
540.75,12,561965,0.2940,39.19,189.53,1453,1464,4,8,1,14,0,0,0,0,228.6,0,2,0,0,0,0,9,0.0001,0.00,0.00,0.00
541,12,561968,0.2940,39.33,190.99,1511,1520,5,6,1,11,0,0,0,0,228.6,0,2,0,0,0,0,9,0.0001,0.00,0.00,0.00
541.25,12,562117,0.2940,38.36,192.29,1403,1563,0,11,2,12,0,0,0,0,228.6,0,2,0,0,0,0,9,0.0001,0.00,0.00,0.00
541.5,12,562139,0.2940,38.69,192.96,1485,1514,3,7,0,12,0,0,0,0,228.6,0,2,0,0,0,0,9,0.0001,0.00,0.00,0.00
541.75,12,562174,0.2939,37.52,192.55,1449,1493,1,9,3,9,0,0,0,0,228.6,0,2,0,0,0,0,9,0.0000,0.00,0.00,0.00
542,12,562212,0.2939,37.99,191.16,1445,1488,0,5,2,12,0,0,0,0,228.6,0,2,0,0,0,0,9,0.0000,0.00,0.00,0.00
542.25,12,562318,0.2939,37.77,190.21,1440,1552,2,6,2,11,0,0,0,0,228.6,0,2,0,0,0,0,8,0.0003,14.52,56.87,406.74
542.5,12,562316,0.2939,38.39,189.36,1472,1478,2,8,1,13,0,0,0,0,228.6,0,2,0,0,0,0,9,0.0003,0.00,0.00,0.00
542.75,12,562420,0.2938,37.57,188.73,1429,1539,4,6,0,10,0,0,0,0,228.6,0,2,0,0,0,0,9,0.0002,0.00,0.00,0.00
543,12,562435,0.2938,38.03,188.36,1470,1495,2,10,4,14,0,0,0,0,228.6,0,2,0,0,0,0,9,0.0002,0.00,0.00,0.00
543.25,12,562496,0.2938,37.72,188.53,1406,1473,1,6,1,9,0,0,0,0,228.6,0,2,0,0,0,0,9,0.0002,0.00,0.00,0.00
543.5,12,562542,0.2938,38.42,189.24,1474,1526,3,6,2,15,0,0,0,0,228.6,0,2,0,0,0,0,9,0.0001,0.00,0.00,0.00
543.75,12,562601,0.2938,37.51,190.23,1443,1509,2,7,1,15,0,0,0,0,228.6,0,2,0,0,0,0,9,0.0001,0.00,0.00,0.00
544,12,562627,0.2938,38.01,191.02,1509,1541,0,6,0,11,0,0,0,0,228.6,0,2,0,0,0,0,9,0.0001,0.00,0.00,0.00
544.25,12,562681,0.2938,37.61,191.47,1440,1502,2,8,3,13,0,0,0,0,228.6,0,2,0,0,0,0,9,0.0000,11.15,57.76,296.04
544.5,12,562735,0.2937,38.29,192.59,1453,1514,6,7,1,10,0,0,0,0,228.6,0,2,0,0,0,0,8,0.0003,0.00,0.00,0.00
544.75,12,562805,0.2937,37.98,193.55,1450,1527,4,8,1,12,0,0,0,0,228.6,0,2,0,0,0,0,9,0.0002,0.00,0.00,0.00
545,12,562904,0.2937,38.24,194.50,1440,1546,2,7,1,11,0,0,0,0,228.6,0,2,0,0,0,0,9,0.0002,0.00,0.00,0.00
545.25,12,562992,0.2936,37.63,195.32,1441,1535,2,6,3,15,0,0,0,0,228.6,0,2,0,0,0,0,9,0.0001,0.00,0.00,0.00
545.5,12,563002,0.2936,37.59,196.04,1480,1506,1,16,0,14,0,0,0,0,228.6,0,2,0,0,0,0,9,0.0001,0.00,0.00,0.00
545.75,12,563037,0.2936,37.40,196.66,1518,1559,2,6,4,10,0,0,0,0,228.6,0,2,0,0,0,0,9,0.0000,0.00,0.00,0.00
546,12,563023,0.2936,37.06,197.14,1525,1518,2,7,0,12,0,0,0,0,228.6,0,2,0,0,0,1,8,0.0003,0.00,0.00,0.00
546.25,11,563073,0.2936,36.85,197.57,1452,1512,0,10,1,11,0,0,0,0,228.6,0,2,0,0,0,1,9,0.0002,9.74,54.38,315.71
546.5,11,563119,0.2936,36.22,197.88,1396,1447,1,5,2,12,0,0,0,0,228.6,0,2,0,0,0,0,9,0.0002,0.00,0.00,0.00
546.75,11,563201,0.2936,36.31,197.75,1375,1463,2,6,3,13,0,0,0,0,228.6,0,2,0,0,0,0,9,0.0001,0.00,0.00,0.00
547,11,563205,0.2936,35.63,197.77,1428,1439,3,7,5,11,0,0,0,0,228.6,0,2,0,0,0,0,9,0.0001,0.00,0.00,0.00
547.25,11,563313,0.2935,35.74,197.93,1367,1482,2,7,3,11,0,0,0,0,228.6,0,2,0,0,0,0,8,0.0003,0.00,0.00,0.00
547.5,11,563350,0.2935,35.31,197.85,1376,1416,1,3,2,11,0,0,0,0,228.6,0,2,0,0,0,0,9,0.0002,0.00,0.00,0.00
547.75,11,563488,0.2934,35.30,197.74,1329,1474,1,7,1,10,0,0,0,0,228.6,0,2,0,0,0,0,9,0.0001,0.00,0.00,0.00
548,11,563441,0.2935,34.82,197.47,1434,1396,2,9,6,14,0,0,0,0,228.6,0,2,0,0,0,0,9,0.0001,0.00,0.00,0.00
548.25,11,563450,0.2934,34.61,197.24,1392,1410,3,9,4,10,0,0,0,1,228.6,0,2,0,0,0,0,8,0.0003,10.95,58.33,471.00
548.5,11,563519,0.2934,34.36,196.20,1390,1466,6,9,5,11,0,0,0,1,228.6,0,2,0,0,0,0,9,0.0002,0.00,0.00,0.00
548.75,11,563518,0.2934,33.85,195.25,1414,1422,5,9,3,10,0,0,0,1,228.6,0,2,0,0,0,0,9,0.0001,0.00,0.00,0.00
549,11,563549,0.2934,33.41,193.44,1320,1367,4,16,2,10,0,0,0,1,228.6,0,2,0,0,0,0,9,0.0001,0.00,0.00,0.00
549.25,12,563596,0.2933,33.08,193.49,1320,1377,5,10,5,11,1,0,0,0,228.6,0,2,0,0,0,0,8,0.0003,0.00,0.00,0.00
549.5,12,563662,0.2933,33.59,194.40,1278,1356,9,12,2,10,0,0,7,0,228.6,0,2,0,0,0,0,9,0.0002,0.00,0.00,0.00
549.75,12,563660,0.2933,32.90,194.59,1323,1332,6,11,2,11,0,0,0,0,228.6,0,2,0,0,0,0,9,0.0001,0.00,0.00,0.00
550,12,563625,0.2933,33.13,194.92,1371,1344,6,9,2,15,0,0,0,0,228.6,0,2,0,0,0,0,9,0.0000,0.00,0.00,0.00
550.25,12,563633,0.2933,33.18,195.28,1408,1429,6,14,1,9,0,0,0,1,134.5,0,2,0,0,0,0,8,0.0003,10.72,60.84,572.03
550.5,12,563597,0.2933,33.48,195.59,1451,1427,8,12,4,10,0,0,0,1,134.5,0,2,0,0,0,0,9,0.0002,0.00,0.00,0.00
550.75,12,563651,0.2933,33.40,195.24,1445,1517,4,18,3,11,0,0,0,0,134.5,0,2,0,0,0,0,9,0.0001,0.00,0.00,0.00
551,12,563670,0.2933,34.22,195.27,1433,1462,9,10,5,15,0,0,0,0,134.5,0,2,0,0,0,0,9,0.0001,0.00,0.00,0.00
551.25,12,563705,0.2932,33.99,195.48,1455,1506,1,16,2,10,0,0,0,0,134.5,0,2,0,0,0,0,8,0.0003,0.00,0.00,0.00
551.5,12,563738,0.2932,34.38,194.72,1498,1542,5,12,3,9,0,0,0,0,134.5,0,2,0,0,0,0,9,0.0002,0.00,0.00,0.00
551.75,12,563777,0.2932,34.17,194.67,1479,1533,5,15,2,11,0,0,0,0,134.5,0,2,0,0,0,1,9,0.0002,0.00,0.00,0.00
552,11,563714,0.2932,34.83,194.49,1479,1439,3,23,3,13,0,0,0,0,134.5,0,2,0,0,0,1,9,0.0001,0.00,0.00,0.00
552.25,11,563747,0.2932,35.12,194.54,1535,1582,3,14,1,10,0,0,0,0,134.5,0,2,0,0,0,0,9,0.0001,10.27,60.96,672.26
552.5,11,563804,0.2931,35.84,193.64,1434,1510,5,19,1,10,0,0,0,0,134.5,0,2,0,0,0,0,9,0.0000,0.00,0.00,0.00
552.75,11,563769,0.2931,35.81,191.24,1548,1530,8,17,2,8,0,0,0,0,134.5,0,2,0,0,0,1,8,0.0003,0.00,0.00,0.00
553,10,563746,0.2931,35.95,181.82,1530,1528,4,21,0,10,0,0,0,0,134.5,0,2,0,0,0,1,9,0.0003,0.00,0.00,0.00
553.25,10,563849,0.2931,35.86,184.68,1449,1576,8,24,1,10,0,0,0,0,134.5,0,2,0,0,0,0,9,0.0002,0.00,0.00,0.00
553.5,10,563832,0.2930,36.06,187.03,1481,1487,8,23,2,11,0,0,0,0,134.5,0,2,0,0,0,0,9,0.0002,0.00,0.00,0.00
553.75,10,563833,0.2930,36.09,188.99,1465,1483,2,17,0,11,0,0,0,0,134.5,0,2,0,0,0,0,9,0.0001,0.00,0.00,0.00
554,10,563885,0.2930,35.97,190.70,1417,1490,9,21,2,10,0,0,0,0,134.5,0,2,0,0,0,0,9,0.0001,0.00,0.00,0.00
554.25,10,563834,0.2930,35.84,192.02,1529,1499,7,21,0,9,0,0,0,1,134.5,0,2,0,0,0,0,9,0.0001,9.68,52.05,493.11
554.5,10,563901,0.2930,35.79,193.26,1447,1538,2,24,1,13,0,0,0,1,134.5,0,2,0,0,0,0,9,0.0000,0.00,0.00,0.00
554.75,10,563890,0.2929,35.63,194.29,1457,1468,3,22,0,9,0,0,0,1,134.5,0,2,0,0,0,0,8,0.0003,0.00,0.00,0.00
555,10,563923,0.2929,35.88,195.18,1448,1507,4,26,3,9,0,0,0,1,134.5,0,2,0,0,0,0,9,0.0002,0.00,0.00,0.00
555.25,10,563926,0.2929,35.81,195.51,1472,1492,4,17,2,11,0,0,0,1,134.5,0,2,0,0,0,0,9,0.0001,0.00,0.00,0.00
555.5,10,563879,0.2929,36.15,196.05,1523,1499,3,23,0,10,0,0,0,1,134.5,0,2,0,0,0,0,9,0.0001,0.00,0.00,0.00
555.75,10,563912,0.2929,36.19,196.11,1489,1537,3,15,1,11,0,0,0,1,134.5,0,2,0,0,0,0,8,0.0003,0.00,0.00,0.00
556,10,563879,0.2929,36.66,196.54,1512,1499,1,20,2,10,0,0,0,1,134.5,0,2,0,0,0,0,9,0.0002,0.00,0.00,0.00
556.25,10,563910,0.2928,36.92,196.94,1552,1598,3,15,2,11,0,0,0,1,134.5,0,2,0,0,0,0,9,0.0001,8.91,44.33,330.96
556.5,10,563956,0.2928,37.23,197.33,1533,1593,5,14,1,14,0,0,0,1,134.5,0,2,0,0,0,0,8,0.0003,0.00,0.00,0.00
556.75,10,563977,0.2928,37.83,197.50,1559,1599,5,20,3,12,0,0,0,1,134.5,0,2,0,0,0,0,9,0.0002,0.00,0.00,0.00
557,10,564018,0.2927,37.73,197.87,1550,1611,6,20,1,9,0,0,0,1,134.5,0,2,0,0,0,0,9,0.0001,0.00,0.00,0.00
557.25,10,563978,0.2927,37.96,198.16,1591,1570,2,19,2,8,0,0,0,1,134.5,0,2,0,0,0,0,8,0.0003,0.00,0.00,0.00
557.5,10,564003,0.2927,38.13,198.34,1612,1651,5,14,5,10,0,0,0,1,134.5,0,2,0,0,0,0,9,0.0001,0.00,0.00,0.00
557.75,10,564111,0.2926,38.46,198.40,1570,1696,2,18,4,10,0,0,0,1,134.5,0,2,0,0,0,0,9,0.0000,0.00,0.00,0.00
558,10,564172,0.2926,38.71,198.45,1609,1694,290,24,1,12,0,0,0,1,134.5,0,2,0,0,0,0,8,0.0002,0.00,0.00,0.00
558.25,10,564164,0.2926,39.04,198.67,1668,1674,8,14,7,10,0,0,0,1,134.5,0,2,0,0,0,0,9,0.0000,13.37,55.40,235.63
558.5,10,564211,0.2926,39.82,198.85,1628,1692,4,17,2,12,0,0,0,1,134.5,0,2,0,0,0,0,8,0.0002,0.00,0.00,0.00
558.75,10,564215,0.2925,40.59,199.00,1695,1716,6,17,5,10,0,0,0,1,134.5,0,2,0,0,0,0,9,0.0001,0.00,0.00,0.00
559,10,564252,0.2925,41.58,198.79,1669,1725,8,19,2,9,0,0,0,1,134.5,0,2,0,0,0,0,8,0.0002,0.00,0.00,0.00
559.25,10,564335,0.2924,42.39,198.77,1693,1798,3,22,3,9,0,0,0,1,134.5,0,2,0,0,0,0,9,0.0001,0.00,0.00,0.00
559.5,10,564308,0.2924,43.27,198.87,1733,1735,7,29,2,10,0,0,0,1,134.5,0,2,0,0,0,0,8,0.0002,0.00,0.00,0.00
559.75,10,564300,0.2924,44.30,199.01,1779,1791,31,20,5,11,0,0,0,1,134.5,0,2,0,0,0,0,9,0.0001,0.00,0.00,0.00
560,10,564431,0.2923,45.41,199.12,1715,1863,4,17,1,8,0,0,0,1,134.5,0,2,0,0,0,0,8,0.0002,0.00,0.00,0.00
560.25,10,564415,0.2923,46.21,198.80,1847,1855,5,24,1,12,0,0,0,1,16.0,0,2,0,0,0,0,9,0.0001,11.77,56.99,168.70
560.5,10,564497,0.2922,47.17,198.66,1854,1953,7,17,0,11,0,0,0,1,16.0,0,2,0,0,0,0,9,0.0000,0.00,0.00,0.00
560.75,10,564547,0.2922,47.35,198.85,1854,1917,11,14,1,10,0,0,0,1,16.0,0,2,0,0,0,0,8,0.0002,0.00,0.00,0.00
561,10,564573,0.2922,47.85,199.00,1857,1908,5,25,2,13,0,0,0,1,16.0,0,2,0,0,0,0,9,0.0001,0.00,0.00,0.00
561.25,9,564568,0.2922,47.88,198.77,1924,1942,12,24,0,9,0,1,0,1,16.0,0,1,0,0,1,0,8,0.0003,0.00,0.00,0.00
561.5,9,564513,0.2922,47.70,196.25,1940,1916,8,31,1,12,0,0,0,1,16.0,0,1,0,0,0,0,9,0.0002,0.00,0.00,0.00
561.75,9,564519,0.2921,47.24,196.78,1879,1906,5,21,0,11,0,0,0,1,16.0,0,1,0,0,0,0,9,0.0001,0.00,0.00,0.00
562,9,564433,0.2921,46.41,195.42,1898,1842,10,31,1,11,0,0,0,1,16.0,0,1,0,0,0,0,9,0.0001,0.00,0.00,0.00
562.25,9,564439,0.2921,45.88,189.47,1889,1926,7,31,1,10,0,0,0,1,16.0,0,1,0,0,0,0,9,0.0001,14.60,71.97,185.57
562.5,9,564444,0.2921,44.99,185.35,1820,1859,4,34,0,10,0,0,0,1,16.0,0,1,0,0,0,0,9,0.0001,0.00,0.00,0.00
562.75,9,564417,0.2920,44.39,182.52,1752,1756,13,31,1,13,0,0,0,1,16.0,0,1,0,0,0,0,9,0.0001,0.00,0.00,0.00
563,9,564360,0.2920,44.20,178.26,1807,1785,8,35,3,9,0,0,0,1,16.0,0,1,0,0,0,0,9,0.0001,0.00,0.00,0.00
563.25,9,564297,0.2920,44.15,174.63,1775,1750,11,38,1,11,0,0,0,1,16.0,0,1,0,0,0,0,9,0.0001,0.00,0.00,0.00
563.5,9,564253,0.2920,44.18,169.64,1772,1769,10,41,0,11,0,0,0,1,16.0,0,1,0,0,0,0,9,0.0002,0.00,0.00,0.00
563.75,9,564274,0.2919,44.50,166.32,1726,1796,8,49,3,12,0,0,0,1,16.0,0,1,0,0,0,0,10,0.0000,0.00,0.00,0.00
564,9,564210,0.2919,44.95,170.21,1780,1760,12,44,2,13,0,0,0,1,16.0,0,1,0,0,0,0,9,0.0001,0.00,0.00,0.00
564.25,9,564166,0.2919,45.18,172.86,1808,1800,11,37,4,11,0,0,0,1,16.0,0,1,0,0,0,0,9,0.0003,14.73,83.92,216.11
564.5,9,564238,0.2918,45.31,174.36,1665,1778,8,41,1,13,0,0,0,1,16.0,0,1,0,0,0,0,10,0.0002,0.00,0.00,0.00
564.75,9,564259,0.2917,46.24,175.62,1718,1776,23051,37,0,11,0,0,0,0,16.0,0,1,0,0,0,0,10,0.0001,0.00,0.00,0.00
565,9,564112,0.2918,53.26,176.98,1929,1816,36295,34,0,14,0,0,0,0,16.0,0,1,0,0,0,0,9,0.0003,0.00,0.00,0.00
565.25,9,564049,0.2918,52.42,179.64,2139,2102,8543,26,0,13,0,0,0,0,16.0,0,1,0,0,0,0,10,0.0002,0.00,0.00,0.00
565.5,9,563969,0.2918,51.89,182.19,2232,2177,8,25,0,11,0,0,0,0,16.0,0,1,0,0,0,0,10,0.0001,0.00,0.00,0.00
565.75,9,563887,0.2918,51.14,176.40,2292,2234,5,24,0,12,0,0,0,0,16.0,0,1,0,0,0,0,10,0.0001,0.00,0.00,0.00
566,9,563750,0.2919,50.05,167.06,2284,2167,8537,20,0,12,0,0,0,0,16.0,0,1,0,0,0,0,9,0.0003,0.00,0.00,0.00
566.25,9,563658,0.2919,48.14,155.45,2283,2209,2,18,0,13,0,0,0,0,16.0,0,1,0,0,0,0,10,0.0002,7.77,50.88,314.03
566.5,9,563554,0.2920,47.01,143.93,2104,2023,1,23,1,14,0,0,0,0,16.0,0,1,0,0,0,0,10,0.0001,0.00,0.00,0.00
566.75,9,563555,0.2919,44.58,132.97,2009,2027,5,17,0,13,0,0,0,0,16.0,0,1,0,0,0,0,10,0.0000,0.00,0.00,0.00
567,9,563530,0.2919,43.85,125.56,1952,1945,3,19,0,11,0,0,0,0,16.0,0,1,0,0,0,0,9,0.0002,0.00,0.00,0.00
567.25,9,563585,0.2919,41.55,131.49,1893,1963,1,15,0,13,0,0,0,0,16.0,0,1,0,0,0,0,10,0.0002,0.00,0.00,0.00
567.5,9,563649,0.2919,40.95,138.64,1821,1898,4,14,0,11,0,0,0,0,16.0,0,1,0,0,0,0,10,0.0001,0.00,0.00,0.00
567.75,9,563733,0.2918,39.11,142.98,1738,1838,3,16,0,11,0,0,0,0,16.0,0,1,0,0,0,0,9,0.0003,0.00,0.00,0.00
568,9,563738,0.2918,38.61,147.94,1787,1809,1,17,0,14,0,0,0,0,16.0,0,1,0,0,0,0,10,0.0002,0.00,0.00,0.00
568.25,9,563781,0.2918,37.12,155.88,1779,1831,7,9,0,17,0,0,0,0,16.0,0,1,0,0,0,0,10,0.0001,13.47,61.35,177.99
568.5,9,563836,0.2918,36.99,162.79,1684,1759,9,20,0,14,0,0,0,0,16.0,0,1,0,0,0,0,10,0.0000,0.00,0.00,0.00
568.75,9,563844,0.2918,35.67,168.24,1638,1663,4,17,0,12,0,0,0,0,16.0,0,1,0,0,0,0,9,0.0003,0.00,0.00,0.00
569,9,563905,0.2917,35.48,173.18,1654,1736,11,22,0,11,0,0,0,0,16.0,0,1,0,0,0,0,10,0.0002,0.00,0.00,0.00
569.25,9,563963,0.2917,34.58,177.44,1603,1684,11,24,0,15,0,0,0,0,16.0,0,1,0,0,0,0,10,0.0001,0.00,0.00,0.00
569.5,9,563989,0.2916,34.33,180.81,1625,1679,4,28,0,15,0,0,0,0,16.0,0,1,0,0,0,0,10,0.0001,0.00,0.00,0.00
569.75,9,564029,0.2916,34.00,183.75,1633,1689,6,16,0,12,0,0,0,0,16.0,0,1,0,0,0,0,10,0.0000,0.00,0.00,0.00
570,9,564062,0.2916,33.92,186.18,1632,1686,9,22,0,17,0,0,0,0,16.0,0,1,0,0,0,0,9,0.0002,0.00,0.00,0.00
570.25,9,564173,0.2915,34.11,188.16,1614,1746,7,21,0,11,0,0,0,1,22.3,0,1,0,0,0,0,10,0.0002,11.34,56.08,168.43
570.5,9,564167,0.2915,34.10,189.77,1681,1697,14,23,0,15,0,0,0,1,22.3,0,1,0,0,0,0,10,0.0001,0.00,0.00,0.00
570.75,9,564148,0.2915,34.56,191.19,1684,1701,7,36,0,13,0,0,0,1,22.3,0,1,0,0,0,0,10,0.0001,0.00,0.00,0.00
571,9,564205,0.2914,34.56,192.54,1669,1755,12,29,0,12,0,0,0,1,22.3,0,1,0,0,0,0,10,0.0001,0.00,0.00,0.00
571.25,9,564197,0.2914,35.31,193.23,1746,1772,12,34,0,14,0,0,0,1,22.3,0,1,0,0,0,0,10,0.0001,0.00,0.00,0.00
571.5,9,564218,0.2913,35.66,194.04,1685,1740,12,34,0,11,0,0,0,1,22.3,0,1,0,0,0,0,10,0.0001,0.00,0.00,0.00
571.75,9,564208,0.2913,36.78,194.67,1749,1764,9,25,0,12,0,0,0,1,22.3,0,1,0,0,0,0,10,0.0001,0.00,0.00,0.00
572,9,564178,0.2913,37.37,195.38,1809,1809,10,30,0,12,0,0,0,1,22.3,0,1,0,0,0,0,10,0.0001,0.00,0.00,0.00
572.25,9,564193,0.2913,38.04,195.63,1812,1851,7,24,0,13,0,0,0,1,22.3,0,1,0,0,0,0,10,0.0002,9.57,62.94,177.58
572.5,9,564188,0.2913,38.48,196.06,1848,1868,6,25,0,11,0,0,0,1,22.3,0,1,0,0,0,0,10,0.0002,0.00,0.00,0.00
572.75,9,564165,0.2913,39.64,196.16,1863,1861,5,21,0,13,0,0,0,1,22.3,0,1,0,0,0,0,10,0.0002,0.00,0.00,0.00
573,9,564228,0.2912,39.61,196.17,1888,1974,3,23,0,17,0,0,0,1,22.3,0,1,0,0,0,0,10,0.0002,0.00,0.00,0.00
573.25,9,564248,0.2912,40.95,196.11,1951,1983,8,12,0,14,0,0,0,1,22.3,0,1,0,0,0,0,10,0.0001,0.00,0.00,0.00
573.5,9,564229,0.2912,41.53,196.48,1958,1953,27,14,0,10,0,0,0,1,22.3,0,1,0,0,0,0,10,0.0001,0.00,0.00,0.00
573.75,9,564277,0.2912,42.92,196.76,1991,2056,3,17,0,14,0,0,0,1,22.3,0,1,0,0,0,0,10,0.0001,0.00,0.00,0.00
574,9,564250,0.2912,42.99,196.96,2106,2092,10,13,0,15,0,0,0,1,22.3,0,1,0,0,0,0,10,0.0000,0.00,0.00,0.00
574.25,9,564229,0.2912,43.84,193.93,2083,2079,3,17,0,17,0,0,0,1,22.3,0,1,0,0,0,0,9,0.0003,10.48,61.74,181.65
574.5,9,564169,0.2913,43.77,194.60,2099,2048,8,9,0,13,0,0,0,1,22.3,0,1,0,0,0,0,10,0.0002,0.00,0.00,0.00
574.75,9,564181,0.2912,44.36,194.09,2047,2086,5,27,0,12,0,0,0,1,22.3,0,1,0,0,0,0,10,0.0002,0.00,0.00,0.00
575,9,564185,0.2912,44.27,193.64,2142,2164,5,18,0,14,0,0,0,1,22.3,0,1,0,0,0,0,10,0.0002,0.00,0.00,0.00
575.25,9,564134,0.2913,44.99,191.95,2159,2127,4,19,0,15,0,0,0,1,22.3,0,1,0,0,0,0,10,0.0001,0.00,0.00,0.00
575.5,9,564176,0.2912,45.50,191.62,2022,2088,9,24,0,19,0,0,0,1,22.3,0,1,0,0,0,0,10,0.0001,0.00,0.00,0.00
575.75,10,564101,0.2912,45.13,192.17,2146,2094,8,23,0,12,1,0,0,0,22.3,0,1,0,0,0,0,10,0.0001,0.00,0.00,0.00
576,10,564065,0.2913,46.02,192.91,2059,2048,6,25,0,16,0,0,8,0,22.3,0,1,0,0,0,0,10,0.0000,0.00,0.00,0.00
576.25,10,563864,0.2913,46.75,193.67,2237,2073,9,37,2,13,0,0,0,0,22.3,0,1,0,0,0,0,10,0.0000,7.27,50.17,182.94
576.5,10,563913,0.2913,47.17,194.30,2134,2205,5,23,0,11,0,0,0,0,22.3,0,1,0,0,0,0,9,0.0003,0.00,0.00,0.00
576.75,10,563847,0.2913,48.06,193.28,2211,2164,482,19,0,12,0,0,0,0,22.3,0,1,0,0,0,0,10,0.0003,0.00,0.00,0.00
577,10,563865,0.2913,48.13,193.01,2204,2238,2,16,0,15,0,0,0,0,22.3,0,1,0,0,0,0,10,0.0002,0.00,0.00,0.00
577.25,10,563964,0.2912,47.15,189.27,2173,2284,8,12,1,10,0,0,0,0,22.3,0,1,0,0,0,0,10,0.0002,0.00,0.00,0.00
577.5,10,563854,0.2913,47.67,185.04,2389,2291,8,14,0,19,0,0,0,0,22.3,0,1,0,0,0,0,10,0.0002,0.00,0.00,0.00
577.75,10,563892,0.2913,46.89,182.98,2261,2318,3,19,1,15,0,0,0,0,22.3,0,1,0,0,0,0,10,0.0001,0.00,0.00,0.00
578,10,563862,0.2913,46.69,185.61,2348,2329,3,11,0,15,0,0,0,0,22.3,0,1,0,0,0,0,10,0.0001,0.00,0.00,0.00
578.25,9,563844,0.2913,46.31,185.91,2348,2346,10,16,0,13,0,1,0,0,22.3,0,0,0,0,1,0,10,0.0000,12.01,48.31,187.93
578.5,9,563755,0.2914,46.16,185.83,2349,2278,3,18,0,13,0,0,0,0,22.3,0,0,0,0,0,0,9,0.0003,0.00,0.00,0.00
578.75,9,563741,0.2914,45.44,188.04,2390,2388,4,12,1,11,0,0,0,0,22.3,0,0,0,0,0,0,10,0.0002,0.00,0.00,0.00
579,9,563694,0.2914,45.85,189.94,2397,2358,1,8,0,11,0,0,0,0,22.3,0,0,0,0,0,0,10,0.0002,0.00,0.00,0.00
579.25,9,563662,0.2914,45.42,191.53,2330,2308,4,10,0,14,0,0,0,0,22.3,0,0,0,0,0,0,10,0.0001,0.00,0.00,0.00
579.5,9,563727,0.2914,45.90,192.87,2380,2453,2,8,1,13,0,0,0,0,22.3,0,0,0,0,0,0,10,0.0000,0.00,0.00,0.00
579.75,9,563670,0.2915,45.70,193.99,2396,2345,9,7,0,12,0,0,0,0,22.3,0,0,0,0,0,0,9,0.0002,0.00,0.00,0.00
580,9,563661,0.2915,45.11,194.20,2371,2370,9,10,1,13,0,0,0,0,22.3,0,0,0,0,0,0,10,0.0001,0.00,0.00,0.00
580.25,9,563607,0.2915,45.25,195.12,2383,2342,8,13,0,17,0,0,0,1,42.9,0,0,0,0,0,0,10,0.0000,14.66,60.63,194.61
580.5,9,563492,0.2916,44.36,195.89,2426,2325,11,16,0,9,0,0,0,1,42.9,0,0,0,0,0,0,9,0.0002,0.00,0.00,0.00
580.75,10,563458,0.2916,44.18,200.20,2404,2387,3,17,2,15,1,0,0,0,42.9,0,0,0,0,0,0,10,0.0001,0.00,0.00,0.00
581,10,563265,0.2917,43.56,189.46,2436,2257,10,17,1,14,0,0,7,0,42.9,0,0,0,0,0,0,10,0.0001,0.00,0.00,0.00
581.25,10,563190,0.2917,43.88,190.33,2294,2239,9,20,7,12,0,0,0,0,42.9,0,0,0,0,0,0,9,0.0003,0.00,0.00,0.00
581.5,10,563087,0.2918,44.94,190.96,2301,2213,6,15,16,13,0,0,0,0,42.9,0,0,0,0,0,0,10,0.0002,0.00,0.00,0.00
581.75,10,562995,0.2918,46.46,191.37,2278,2201,3,15,24,12,0,0,0,0,42.9,0,0,0,0,0,0,10,0.0002,0.00,0.00,0.00
582,10,563007,0.2917,47.14,191.43,2262,2284,32,10,30,13,0,0,0,0,42.9,0,0,0,0,0,0,10,0.0001,0.00,0.00,0.00
582.25,10,562887,0.2917,47.87,190.89,2339,2225,12,8,34,13,0,0,0,0,42.9,0,0,0,0,0,0,10,0.0000,20.51,65.64,661.42
582.5,10,562812,0.2917,47.63,189.88,2338,2278,8,15,40,13,0,0,0,0,42.9,0,0,0,0,0,0,9,0.0003,0.00,0.00,0.00
582.75,10,562777,0.2917,48.44,188.75,2344,2321,7,12,28,16,0,0,0,0,42.9,0,0,0,0,0,0,10,0.0002,0.00,0.00,0.00
583,10,562745,0.2916,48.44,188.40,2374,2356,4,14,45,12,0,0,0,0,42.9,0,0,0,0,0,0,10,0.0001,0.00,0.00,0.00
583.25,10,562673,0.2916,49.58,190.23,2386,2332,12,18,39,14,0,0,0,0,42.9,0,0,0,0,0,0,10,0.0001,0.00,0.00,0.00
583.5,10,562565,0.2916,49.66,184.97,2447,2354,14,16,35,11,0,0,0,0,42.9,0,0,0,0,0,0,10,0.0000,0.00,0.00,0.00
583.75,10,562522,0.2915,50.72,186.72,2447,2425,20,22,21,10,0,0,0,0,42.9,0,0,0,0,0,0,9,0.0002,0.00,0.00,0.00
584,10,562440,0.2915,50.86,187.70,2355,2319,8,46,10,10,0,0,0,0,42.9,0,0,0,0,0,0,10,0.0002,0.00,0.00,0.00
584.25,10,562425,0.2915,52.02,188.46,2308,2327,15,34,4,13,0,0,0,0,42.9,0,0,0,0,0,0,10,0.0002,13.33,50.19,634.03
584.5,10,562312,0.2915,52.15,189.22,2415,2333,9,32,7,13,0,0,0,0,42.9,0,0,0,0,0,0,10,0.0001,0.00,0.00,0.00
584.75,10,562215,0.2915,52.96,189.71,2369,2293,10,21,2,11,0,0,0,0,42.9,0,0,0,0,0,0,10,0.0001,0.00,0.00,0.00
585,10,562154,0.2915,52.19,190.07,2326,2296,11,31,3,17,0,0,0,0,42.9,0,0,0,0,0,0,10,0.0001,0.00,0.00,0.00
585.25,10,561951,0.2916,52.19,190.44,2418,2247,4,32,2,14,0,0,0,0,42.9,0,0,0,0,0,0,10,0.0000,0.00,0.00,0.00
585.5,10,561965,0.2916,51.29,191.28,2260,2302,10,28,1,15,0,0,0,0,42.9,0,0,0,0,0,0,10,0.0000,0.00,0.00,0.00
585.75,10,561967,0.2915,52.70,192.44,2309,2312,23222,21,56,12,0,0,0,0,42.9,0,0,0,0,0,0,10,0.0000,0.00,0.00,0.00
586,10,561839,0.2914,55.96,190.39,2295,2187,23183,39,78,12,0,0,0,0,42.9,0,0,0,0,0,0,10,0.0000,0.00,0.00,0.00
586.25,10,561995,0.2912,51.21,190.32,2122,2326,22949,50,16,12,0,0,0,1,42.9,0,0,0,0,0,0,10,0.0001,11.70,39.79,257.69
586.5,10,562082,0.2912,50.80,190.41,2162,2273,15,26,3,13,0,0,0,1,42.9,0,0,0,0,0,0,10,0.0001,0.00,0.00,0.00
586.75,10,562088,0.2911,50.49,190.53,2219,2251,10,27,3,13,0,0,0,1,42.9,0,0,0,0,0,0,10,0.0001,0.00,0.00,0.00
587,10,562125,0.2911,49.50,190.58,2165,2231,7,29,3,14,0,0,0,1,42.9,0,0,0,0,0,0,10,0.0002,0.00,0.00,0.00
587.25,10,562008,0.2911,49.58,190.36,2308,2216,8,25,1,14,0,0,0,1,42.9,0,0,0,0,0,0,10,0.0003,0.00,0.00,0.00
587.5,10,562097,0.2911,49.15,190.20,2159,2261,8,13,6,13,0,0,0,1,42.9,0,0,0,0,0,0,11,0.0000,0.00,0.00,0.00
587.75,10,562227,0.2910,49.69,189.97,2077,2229,8,22,2,14,0,0,0,1,42.9,0,0,0,0,0,0,10,0.0001,0.00,0.00,0.00
588,10,562165,0.2910,49.25,190.30,2153,2123,3,32,4,13,0,0,0,1,42.9,0,0,0,0,0,0,10,0.0002,0.00,0.00,0.00
588.25,10,562289,0.2909,49.75,190.45,2095,2240,4,21,4,15,0,0,0,1,42.9,0,0,0,0,0,0,10,0.0002,16.26,50.74,201.51
588.5,10,562270,0.2909,48.60,190.62,2169,2167,2,17,7,16,0,0,0,1,42.9,0,0,0,0,0,0,11,0.0000,0.00,0.00,0.00
588.75,10,562303,0.2909,48.26,190.83,2134,2192,5,25,5,14,0,0,0,1,42.9,0,0,0,0,0,0,10,0.0001,0.00,0.00,0.00
589,10,562365,0.2908,47.42,190.84,2129,2210,3,19,5,12,0,0,0,1,42.9,0,0,0,0,0,0,10,0.0002,0.00,0.00,0.00
589.25,10,562322,0.2908,47.60,191.00,2126,2107,3,24,9,14,0,0,0,1,42.9,0,0,0,0,0,0,11,0.0000,0.00,0.00,0.00
589.5,10,562385,0.2908,47.54,191.20,2047,2127,267,18,6,11,0,0,0,1,42.9,0,0,0,0,0,0,10,0.0001,0.00,0.00,0.00
589.75,10,562390,0.2908,48.21,191.44,2033,2058,7,20,4,17,0,0,0,1,42.9,0,0,0,0,0,0,10,0.0002,0.00,0.00,0.00
590,10,562476,0.2907,47.09,191.77,1957,2060,8,18,1,11,0,0,0,1,42.9,0,0,0,0,0,0,11,0.0001,0.00,0.00,0.00
590.25,10,562435,0.2907,48.23,192.54,2103,2093,8,31,1,14,0,0,0,1,87.3,0,0,0,0,0,0,10,0.0002,18.61,53.01,363.83
590.5,10,562434,0.2907,48.47,193.44,2031,2048,4,18,1,16,0,0,0,1,87.3,0,0,0,0,0,0,10,0.0003,0.00,0.00,0.00
590.75,10,562502,0.2907,48.27,194.15,1970,2060,9,22,0,15,0,0,0,1,87.3,0,0,0,0,0,0,11,0.0001,0.00,0.00,0.00
591,10,562562,0.2907,47.70,194.33,2015,2087,6,12,0,14,0,0,0,1,87.3,0,0,0,0,0,0,10,0.0002,0.00,0.00,0.00
591.25,10,562551,0.2907,47.18,192.91,2046,2047,7,12,2,14,0,0,0,1,87.3,0,0,0,0,0,0,11,0.0000,0.00,0.00,0.00
591.5,10,562600,0.2906,46.95,192.57,2047,2111,4,15,0,15,0,0,0,1,87.3,0,0,0,0,0,0,10,0.0001,0.00,0.00,0.00
591.75,10,562583,0.2907,46.56,192.92,2075,2062,249,4,1,11,0,0,0,1,87.3,0,0,0,0,0,0,10,0.0002,0.00,0.00,0.00
592,10,562554,0.2907,45.41,193.80,2144,2123,9,9,2,14,0,0,0,0,87.3,0,0,0,0,0,0,11,0.0000,0.00,0.00,0.00
592.25,10,562484,0.2907,45.71,194.56,2192,2133,4,11,0,12,0,0,0,0,87.3,0,0,0,0,0,0,10,0.0001,14.21,52.19,270.92
592.5,10,562507,0.2907,44.19,195.29,2092,2125,9,10,1,12,0,0,0,0,87.3,0,0,0,0,0,0,10,0.0002,0.00,0.00,0.00
592.75,10,562408,0.2908,44.10,195.95,2169,2084,11,14,1,14,0,0,0,0,87.3,0,0,0,0,0,0,11,0.0000,0.00,0.00,0.00
593,10,562340,0.2908,41.99,196.55,2079,2021,13057,11,3,11,0,0,0,0,87.3,0,0,0,0,0,0,10,0.0001,0.00,0.00,0.00
593.25,10,562175,0.2909,40.95,197.05,2187,2032,4,10,0,15,0,0,0,0,87.3,0,0,0,0,0,0,10,0.0002,0.00,0.00,0.00
593.5,10,562124,0.2910,40.47,197.39,2097,2053,14,7,0,14,0,0,0,0,87.3,0,0,0,0,0,0,10,0.0003,0.00,0.00,0.00
593.75,10,562158,0.2910,40.79,197.60,2108,2153,11,11,0,15,0,0,0,0,87.3,0,0,0,0,0,0,11,0.0001,0.00,0.00,0.00
594,10,562128,0.2910,40.89,197.62,2108,2094,8,16,0,13,0,0,0,0,87.3,0,0,0,0,0,0,10,0.0001,0.00,0.00,0.00
594.25,10,562074,0.2910,42.01,197.29,2120,2079,12,13,0,11,0,0,0,0,87.3,0,0,0,0,0,0,10,0.0002,15.64,49.59,170.51
594.5,10,562071,0.2910,42.92,196.85,2144,2160,17,20,0,15,0,0,0,0,87.3,0,0,0,0,0,0,11,0.0000,0.00,0.00,0.00
594.75,10,562120,0.2910,44.81,196.64,2167,2248,15,32,0,14,0,0,0,0,87.3,0,0,0,0,0,0,10,0.0001,0.00,0.00,0.00
595,10,562149,0.2909,47.23,196.63,2215,2271,14,28,1,12,0,0,0,0,87.3,0,0,0,0,0,0,10,0.0003,0.00,0.00,0.00
595.25,10,562170,0.2908,50.16,196.72,2248,2316,109,48,0,13,0,0,0,0,87.3,0,0,0,0,0,0,11,0.0001,0.00,0.00,0.00
595.5,10,562255,0.2908,53.88,196.89,2335,2454,11,34,1,14,0,0,0,0,87.3,0,0,0,0,0,0,11,0.0000,0.00,0.00,0.00
595.75,10,562344,0.2907,57.57,197.11,2323,2452,45,40,0,13,0,0,0,0,87.3,0,0,0,0,0,0,10,0.0002,0.00,0.00,0.00
596,10,562270,0.2907,61.04,197.21,2478,2444,14,42,0,13,0,0,0,0,87.3,0,0,0,0,0,0,11,0.0001,0.00,0.00,0.00
596.25,10,562312,0.2906,62.91,197.13,2468,2538,7,28,0,13,0,0,0,1,87.3,0,0,0,0,0,0,11,0.0001,11.58,51.05,214.91
596.5,10,562270,0.2906,65.06,197.42,2632,2610,5,20,0,13,0,0,0,1,87.3,0,0,0,0,0,0,10,0.0003,0.00,0.00,0.00
596.75,10,562287,0.2906,65.49,197.58,2613,2642,8,12,0,11,0,0,0,1,87.3,0,0,0,0,0,0,11,0.0002,0.00,0.00,0.00
597,10,562246,0.2907,63.98,197.83,2646,2618,5,13,0,13,0,0,0,1,87.3,0,0,0,0,0,0,11,0.0002,0.00,0.00,0.00
597.25,10,562179,0.2907,63.24,198.08,2653,2597,6,11,0,16,0,0,1,1,87.3,0,0,0,0,0,0,11,0.0001,0.00,0.00,0.00
597.5,10,562223,0.2907,61.36,198.07,2585,2639,6,10,0,14,0,0,0,1,87.3,0,0,0,0,0,0,11,0.0000,0.00,0.00,0.00
597.75,10,562138,0.2907,60.31,198.19,2580,2514,11,19,0,13,0,0,0,1,87.3,0,0,0,0,0,0,10,0.0002,0.00,0.00,0.00
598,10,562178,0.2907,59.10,198.24,2498,2558,9,20,0,13,0,0,0,1,87.3,0,0,0,0,0,0,11,0.0002,0.00,0.00,0.00
598.25,10,562273,0.2906,58.63,198.40,2434,2554,11,26,0,11,0,0,0,1,87.3,0,0,0,0,0,0,11,0.0001,11.60,51.37,124.43
598.5,10,562290,0.2906,57.72,198.35,2502,2535,7,16,0,14,0,0,0,1,87.3,0,0,0,0,0,0,11,0.0000,0.00,0.00,0.00
598.75,10,562204,0.2907,56.76,198.45,2522,2458,7,22,0,14,0,0,0,1,87.3,0,0,0,0,0,0,10,0.0002,0.00,0.00,0.00
599,10,562185,0.2907,56.33,198.56,2495,2489,5,13,0,14,0,0,0,1,87.3,0,0,0,0,0,0,11,0.0001,0.00,0.00,0.00
599.25,10,562163,0.2907,55.84,189.66,2496,2488,7,14,3,12,0,0,0,1,87.3,0,0,0,0,0,0,11,0.0001,0.00,0.00,0.00
599.5,10,562152,0.2907,55.33,190.43,2446,2445,6,10,4,12,0,0,0,1,87.3,0,0,0,0,0,0,10,0.0003,0.00,0.00,0.00
599.75,10,562099,0.2907,54.51,190.50,2469,2429,7,14,6,13,0,0,0,1,87.3,0,0,0,0,0,0,11,0.0002,0.00,0.00,0.00
600,10,562076,0.2907,53.68,190.97,2456,2448,10,15,9,12,0,0,0,1,87.3,0,0,0,0,0,0,11,0.0001,0.00,0.00,0.00
600.25,10,562080,0.2907,52.35,192.14,2384,2408,12,20,7,12,0,0,0,1,143.9,0,0,0,0,0,0,11,0.0000,14.72,75.13,265.23
600.5,10,562049,0.2907,50.86,190.04,2376,2361,18,17,4,14,0,0,0,1,143.9,0,0,0,0,0,0,10,0.0002,0.00,0.00,0.00
600.75,10,562004,0.2907,49.31,188.27,2321,2297,8,21,12,12,0,0,0,1,143.9,0,0,0,0,0,0,11,0.0001,0.00,0.00,0.00
601,10,561937,0.2907,46.98,187.19,2281,2239,17,26,2,15,0,0,0,1,143.9,0,0,0,0,0,0,11,0.0000,0.00,0.00,0.00
601.25,11,561890,0.2907,44.96,188.24,2162,2143,19,29,4,16,1,0,0,0,143.9,0,0,0,0,0,0,10,0.0003,0.00,0.00,0.00
601.5,11,561938,0.2907,42.88,188.97,2045,2120,21,28,3,12,0,0,6,0,143.9,0,0,0,0,0,0,11,0.0002,0.00,0.00,0.00
601.75,11,561863,0.2906,39.26,190.30,2085,2063,29,55,2,16,0,0,1,0,143.9,0,0,0,0,0,0,11,0.0002,0.00,0.00,0.00
602,11,561701,0.2907,37.13,191.49,1975,1851,98,38,0,17,0,0,0,0,143.9,0,0,0,0,0,0,11,0.0002,0.00,0.00,0.00
602.25,11,561679,0.2907,35.36,192.39,1843,1871,11,50,0,12,0,0,1,0,143.9,0,0,0,0,0,0,11,0.0002,11.81,69.47,451.69
602.5,11,561620,0.2906,34.76,193.28,1775,1753,10,37,2,13,0,0,0,0,143.9,0,0,0,0,0,0,11,0.0002,0.00,0.00,0.00
602.75,11,561779,0.2905,33.95,194.04,1682,1864,14,23,1,14,0,0,0,0,143.9,0,0,0,0,0,0,11,0.0003,0.00,0.00,0.00
603,11,561859,0.2905,33.85,194.53,1674,1780,7,26,0,14,0,0,0,0,143.9,0,0,0,0,0,0,12,0.0000,0.00,0.00,0.00
603.25,11,561943,0.2904,34.84,194.98,1649,1755,2,22,0,16,0,0,0,0,143.9,0,0,0,0,0,0,11,0.0001,0.00,0.00,0.00
603.5,11,562047,0.2904,34.77,195.38,1717,1836,3,15,3,13,0,0,0,0,143.9,0,0,0,0,0,0,11,0.0001,0.00,0.00,0.00
603.75,11,562183,0.2903,36.47,195.54,1692,1840,5,12,1,13,0,0,0,0,143.9,0,0,0,0,0,0,11,0.0002,0.00,0.00,0.00
604,11,562249,0.2903,36.14,195.71,1855,1941,6,20,0,16,0,0,0,0,143.9,0,0,0,0,0,0,11,0.0003,0.00,0.00,0.00
604.25,11,562266,0.2903,37.25,195.89,1861,1893,2,15,1,16,0,0,0,0,143.9,0,0,0,0,0,0,12,0.0000,11.27,67.06,206.07
604.5,11,562254,0.2903,37.65,196.09,1941,1941,5,12,1,13,0,0,0,0,143.9,0,0,0,0,0,0,11,0.0001,0.00,0.00,0.00
604.75,11,562312,0.2903,37.51,196.26,1956,2023,4,9,0,15,0,0,0,0,143.9,0,0,0,0,0,0,11,0.0001,0.00,0.00,0.00
605,11,562338,0.2903,37.86,196.46,1947,1985,8,12,2,11,0,0,0,0,143.9,0,0,0,0,0,0,11,0.0002,0.00,0.00,0.00
605.25,11,562329,0.2903,37.72,196.68,2008,2018,6,19,1,16,0,0,0,0,143.9,0,0,0,0,0,0,11,0.0002,0.00,0.00,0.00
605.5,11,562330,0.2903,37.17,196.88,1984,1998,470,13,1,14,0,0,0,0,143.9,0,0,0,0,0,0,11,0.0003,0.00,0.00,0.00
605.75,11,562312,0.2903,36.27,197.09,2024,2018,2,12,1,13,0,0,0,0,143.9,0,0,0,0,0,0,12,0.0000,0.00,0.00,0.00
606,11,562295,0.2903,34.90,197.15,1880,1877,2,14,2,12,0,0,0,0,143.9,0,0,0,0,0,0,11,0.0001,0.00,0.00,0.00
606.25,11,562233,0.2903,33.81,197.25,1901,1849,1,10,1,13,0,0,0,0,143.9,0,0,0,0,0,0,11,0.0001,11.16,49.77,256.91
606.5,11,562307,0.2903,31.78,197.40,1761,1843,4,8,2,12,0,0,0,0,143.9,0,0,0,0,0,0,11,0.0001,0.00,0.00,0.00
606.75,11,562117,0.2904,31.96,197.29,1769,1587,4,8,0,11,0,0,0,0,143.9,0,0,0,0,0,0,11,0.0001,0.00,0.00,0.00
607,11,562085,0.2904,31.35,196.89,1622,1597,5,7,0,13,0,0,0,0,143.9,0,0,0,0,0,0,11,0.0001,0.00,0.00,0.00
607.25,11,562180,0.2904,31.60,196.49,1457,1554,2,2,0,13,0,0,0,0,143.9,0,0,0,0,0,0,11,0.0001,0.00,0.00,0.00
607.5,11,562278,0.2903,29.77,196.56,1481,1585,4,6,2,12,0,0,0,0,143.9,0,0,0,0,0,0,11,0.0001,0.00,0.00,0.00
607.75,11,562317,0.2903,30.21,196.66,1519,1565,3,7,3,15,0,0,0,0,143.9,0,0,0,0,0,0,11,0.0001,0.00,0.00,0.00
608,11,562397,0.2903,30.09,197.10,1547,1632,4,5,3,12,0,0,0,0,143.9,0,0,0,0,0,0,11,0.0001,0.00,0.00,0.00
608.25,11,562429,0.2903,31.02,197.46,1547,1583,5,4,2,12,0,0,0,0,143.9,0,0,0,0,0,0,11,0.0001,11.12,40.21,199.59
608.5,11,562446,0.2903,30.61,197.72,1618,1638,10,6,1,11,0,0,0,0,143.9,0,0,0,0,0,0,11,0.0001,0.00,0.00,0.00
608.75,11,562476,0.2903,31.98,197.99,1596,1638,10,13,0,12,0,0,0,0,143.9,0,0,0,0,0,0,11,0.0000,0.00,0.00,0.00
609,11,562531,0.2903,31.74,196.28,1589,1659,3,15,0,13,0,0,0,0,143.9,0,0,0,0,0,0,11,0.0000,0.00,0.00,0.00
609.25,11,562584,0.2903,32.97,195.93,1637,1700,8,12,0,12,0,0,0,0,143.9,0,0,0,0,0,0,10,0.0003,0.00,0.00,0.00
609.5,11,562669,0.2902,34.26,193.37,1644,1736,3762,7,0,12,0,0,0,0,143.9,0,0,0,0,0,0,11,0.0002,0.00,0.00,0.00
609.75,11,562723,0.2902,35.17,190.47,1850,1911,3,7,0,15,0,0,0,0,143.9,0,0,0,0,0,0,11,0.0002,0.00,0.00,0.00
610,11,562722,0.2902,35.96,188.44,1898,1907,4,10,0,13,0,0,0,0,143.9,0,0,0,0,0,0,11,0.0001,0.00,0.00,0.00
610.25,11,562814,0.2902,36.18,187.34,1909,2009,1,8,0,14,0,0,0,0,111.1,0,0,0,0,0,0,11,0.0001,8.55,60.63,200.14
610.5,11,562898,0.2902,36.19,186.99,1895,1990,2,11,0,13,0,0,0,0,111.1,0,0,0,0,0,0,11,0.0000,0.00,0.00,0.00
610.75,11,562917,0.2902,36.39,188.56,1943,1969,4,7,2,14,0,0,0,0,111.1,0,0,0,0,0,0,10,0.0003,0.00,0.00,0.00
611,11,562923,0.2902,36.22,188.27,2030,2042,5,7,4,12,0,0,0,0,111.1,0,0,0,0,0,0,11,0.0002,0.00,0.00,0.00
611.25,11,562897,0.2902,37.06,188.79,2026,2008,44,8,5,12,0,0,0,0,111.1,0,0,0,0,0,0,11,0.0002,0.00,0.00,0.00
611.5,11,563028,0.2901,38.12,188.49,1904,2039,3,4,5,13,0,0,0,0,111.1,0,0,0,0,0,0,11,0.0001,0.00,0.00,0.00
611.75,11,563047,0.2901,39.44,188.38,1945,1979,10,15,5,13,0,0,0,0,111.1,0,0,0,0,0,0,11,0.0000,0.00,0.00,0.00
612,11,562985,0.2902,41.14,189.89,2012,1963,9,13,4,12,0,0,0,0,111.1,0,0,0,0,0,0,10,0.0003,0.00,0.00,0.00
612.25,11,563117,0.2901,43.13,191.11,1932,2079,9,15,4,11,0,0,0,0,111.1,0,0,0,0,0,0,11,0.0002,8.79,44.54,322.79
612.5,11,563225,0.2900,44.63,190.21,1965,2083,5,10,3,14,0,0,0,0,111.1,0,0,0,0,0,0,11,0.0001,0.00,0.00,0.00
612.75,11,563228,0.2900,45.31,191.63,2084,2098,3,11,2,14,0,0,0,0,111.1,0,0,0,0,0,0,11,0.0001,0.00,0.00,0.00
613,11,563190,0.2901,45.81,192.39,2201,2175,8,12,1,13,0,0,0,0,111.1,0,0,0,0,0,0,11,0.0000,0.00,0.00,0.00
613.25,11,563209,0.2901,46.41,193.01,2110,2141,6,12,0,10,0,0,0,0,111.1,0,0,0,0,0,0,10,0.0002,0.00,0.00,0.00
613.5,11,563216,0.2901,46.90,193.32,2166,2180,9,10,0,15,0,0,0,0,111.1,0,0,0,0,0,0,11,0.0002,0.00,0.00,0.00
613.75,11,563233,0.2901,47.35,193.87,2226,2254,4,11,0,13,0,0,0,0,111.1,0,0,0,0,0,0,11,0.0001,0.00,0.00,0.00
614,11,563259,0.2901,47.08,194.39,2182,2220,5,12,0,14,0,0,0,0,111.1,0,0,0,0,0,0,11,0.0000,0.00,0.00,0.00
614.25,11,563345,0.2900,47.05,192.99,2091,2190,8,14,0,12,0,0,0,2,111.1,0,0,0,0,0,0,10,0.0003,10.87,55.53,162.43
614.5,11,563337,0.2901,46.97,190.40,2184,2186,8,10,0,13,0,0,0,2,111.1,0,0,0,0,0,0,11,0.0002,0.00,0.00,0.00
614.75,11,563288,0.2901,46.26,189.50,2199,2175,5,25,0,13,0,0,0,2,111.1,0,0,0,0,0,0,11,0.0001,0.00,0.00,0.00
615,11,563372,0.2900,45.73,187.43,2110,2213,12,20,0,13,0,0,0,2,111.1,0,0,0,0,0,0,11,0.0001,0.00,0.00,0.00
615.25,11,563291,0.2900,45.09,184.65,2216,2157,11,23,0,12,0,0,0,2,111.1,0,0,0,0,0,0,11,0.0001,0.00,0.00,0.00
615.5,11,563181,0.2901,44.36,181.38,2173,2093,7,30,0,15,0,0,0,2,111.1,0,0,0,0,0,0,11,0.0000,0.00,0.00,0.00
615.75,11,563238,0.2900,43.55,178.81,2098,2176,9,21,0,12,0,0,0,2,111.1,0,0,0,0,0,0,11,0.0000,0.00,0.00,0.00
616,11,563232,0.2900,42.79,181.34,2071,2089,5,24,0,14,0,0,0,2,111.1,0,0,0,0,0,0,11,0.0000,0.00,0.00,0.00
616.25,11,563186,0.2900,42.43,183.43,2067,2047,7,26,1,13,0,0,0,2,111.1,0,0,0,0,0,0,11,0.0000,12.78,59.84,233.65
616.5,11,563121,0.2900,42.28,184.97,2111,2065,6,19,0,12,0,0,0,2,111.1,0,0,0,0,0,0,11,0.0001,0.00,0.00,0.00
616.75,11,563182,0.2900,42.18,186.40,1967,2051,10,23,0,15,0,0,0,2,111.1,0,0,0,0,0,0,11,0.0001,0.00,0.00,0.00
617,11,563179,0.2900,44.68,187.29,2029,2040,23172,14,4,12,0,0,0,2,111.1,0,0,0,0,0,1,11,0.0001,0.00,0.00,0.00
617.25,10,563060,0.2900,43.91,188.34,2238,2132,12,14,0,13,0,0,0,1,111.1,0,0,0,0,0,1,11,0.0001,0.00,0.00,0.00
617.5,10,563085,0.2900,43.69,189.23,2155,2201,8,21,1,12,0,0,0,1,111.1,0,0,0,0,0,0,11,0.0001,0.00,0.00,0.00
617.75,10,563067,0.2900,44.09,189.76,2227,2227,14,19,0,11,0,0,0,1,111.1,0,0,0,0,0,0,11,0.0002,0.00,0.00,0.00
618,10,563127,0.2900,44.64,190.32,2226,2307,10,21,0,14,0,0,0,1,111.1,0,0,0,0,0,0,11,0.0002,0.00,0.00,0.00
618.25,10,563177,0.2899,45.28,190.65,2296,2370,7,24,0,12,0,0,0,1,111.1,0,0,0,0,0,0,11,0.0002,11.31,52.38,190.51
618.5,10,563206,0.2899,45.88,191.09,2310,2361,9,22,0,12,0,0,0,1,111.1,0,0,0,0,0,0,11,0.0002,0.00,0.00,0.00
618.75,10,563169,0.2899,46.14,191.44,2369,2358,18,26,1,17,0,0,0,1,111.1,0,0,0,0,0,0,11,0.0002,0.00,0.00,0.00
619,10,563244,0.2899,46.91,191.71,2325,2419,17,19,0,12,0,0,0,1,111.1,0,0,0,0,0,0,11,0.0002,0.00,0.00,0.00
619.25,10,563281,0.2898,47.31,191.82,2360,2419,6,22,0,14,0,0,0,1,111.1,0,0,0,0,0,0,11,0.0002,0.00,0.00,0.00
619.5,10,563233,0.2899,47.78,192.10,2479,2447,10842,16,0,11,0,0,0,1,111.1,0,0,0,0,0,0,11,0.0001,0.00,0.00,0.00
619.75,10,563177,0.2899,48.29,191.88,2549,2503,10,10,0,14,0,0,0,1,111.1,0,0,0,0,0,0,11,0.0001,0.00,0.00,0.00
620,10,563187,0.2899,48.92,191.50,2566,2585,11,13,0,15,0,0,0,1,111.1,0,0,0,0,0,0,11,0.0001,0.00,0.00,0.00
620.25,10,563201,0.2899,49.22,190.22,2632,2661,10,15,0,14,0,0,0,1,144.0,0,0,0,0,0,0,11,0.0001,12.23,67.69,389.04
620.5,10,563187,0.2899,49.67,188.56,2692,2694,9,17,0,17,0,0,0,1,144.0,0,0,0,0,0,0,11,0.0001,0.00,0.00,0.00
620.75,10,563177,0.2899,50.03,185.58,2730,2741,17,23,0,13,0,0,0,1,144.0,0,0,0,0,0,0,11,0.0001,0.00,0.00,0.00
621,10,563036,0.2899,50.31,183.67,2815,2694,24,26,0,14,0,0,0,1,144.0,0,0,0,0,0,0,11,0.0001,0.00,0.00,0.00
621.25,10,562952,0.2900,50.40,181.45,2817,2768,14,37,1,17,0,0,0,1,144.0,0,0,0,0,0,0,11,0.0001,0.00,0.00,0.00
621.5,10,562919,0.2899,50.06,178.46,2766,2766,8,33,0,14,0,0,0,1,144.0,0,0,0,0,0,0,11,0.0002,0.00,0.00,0.00
621.75,10,562759,0.2900,49.26,175.94,2809,2676,16,28,0,11,0,0,0,1,144.0,0,0,0,0,0,0,11,0.0002,0.00,0.00,0.00
622,10,562636,0.2900,48.02,173.74,2740,2647,20,31,0,12,0,0,0,1,144.0,0,0,0,0,0,0,11,0.0003,0.00,0.00,0.00
622.25,10,562542,0.2901,46.53,173.06,2647,2579,13,26,3,13,0,0,0,2,144.0,0,0,0,0,0,0,12,0.0001,13.98,72.86,523.41
622.5,11,562435,0.2901,45.30,172.09,2544,2470,17,33,8,13,1,0,0,1,144.0,0,0,0,0,0,0,11,0.0002,0.00,0.00,0.00
622.75,11,562358,0.2901,44.60,172.04,2337,2292,8,32,12,12,0,0,9,1,144.0,0,0,0,0,0,0,11,0.0003,0.00,0.00,0.00
623,11,562295,0.2900,44.84,171.87,2229,2194,11,28,14,15,0,0,0,1,144.0,0,0,0,0,0,0,12,0.0001,0.00,0.00,0.00
623.25,11,562218,0.2901,46.37,172.00,2200,2145,64548,22,15,13,0,0,0,0,144.0,0,0,0,0,0,0,11,0.0003,0.00,0.00,0.00
623.5,11,561629,0.2903,47.20,172.57,2716,2146,3,19,11,16,0,0,0,0,144.0,0,0,0,0,0,0,12,0.0001,0.00,0.00,0.00
623.75,11,561611,0.2903,47.35,168.65,2362,2357,4,13,7,12,0,0,0,0,144.0,0,0,0,0,0,0,11,0.0003,0.00,0.00,0.00
624,11,561640,0.2903,46.34,165.95,2413,2458,8,16,11,17,0,0,0,0,144.0,0,0,0,0,0,0,12,0.0001,0.00,0.00,0.00
624.25,11,561676,0.2903,46.09,164.19,2381,2430,6,14,6,14,0,0,0,0,144.0,0,0,0,0,0,0,11,0.0002,10.11,47.32,165.25
624.5,11,561658,0.2903,45.33,163.37,2429,2431,2,20,3,16,0,0,0,0,144.0,0,0,0,0,0,0,12,0.0001,0.00,0.00,0.00
624.75,11,561778,0.2902,44.98,160.86,2368,2513,3,25,8,14,0,0,0,0,144.0,0,0,0,0,0,0,11,0.0002,0.00,0.00,0.00
625,11,561813,0.2902,44.40,160.63,2386,2441,6,20,3,16,0,0,0,0,144.0,0,0,0,0,0,0,12,0.0001,0.00,0.00,0.00
625.25,11,561884,0.2901,44.02,159.67,2363,2468,4,34,1,16,0,0,0,0,144.0,0,0,0,0,0,0,11,0.0003,0.00,0.00,0.00
625.5,11,561877,0.2901,43.05,160.00,2400,2422,9,29,0,15,0,0,0,0,144.0,0,0,0,0,0,0,12,0.0001,0.00,0.00,0.00
625.75,11,561873,0.2901,43.00,159.55,2370,2402,12,36,1,15,0,0,0,0,144.0,0,0,0,0,0,0,12,0.0000,0.00,0.00,0.00
626,11,561896,0.2900,42.98,159.70,2436,2494,10,35,0,17,0,0,0,0,144.0,0,0,0,0,0,0,11,0.0003,0.00,0.00,0.00
626.25,12,561888,0.2900,43.37,158.90,2364,2389,12,33,0,16,0,0,0,0,144.0,1,1,0,0,0,0,12,0.0002,12.03,53.26,274.22
626.5,12,561930,0.2899,42.64,159.20,2321,2400,8,38,0,16,0,0,3,0,144.0,0,1,0,0,0,0,12,0.0001,0.00,0.00,0.00
626.75,12,561873,0.2899,42.75,163.83,2495,2463,5,25,0,14,0,0,1,0,144.0,0,1,0,0,0,0,12,0.0001,0.00,0.00,0.00
627,12,561886,0.2899,42.54,167.21,2390,2432,7,29,0,15,0,0,0,0,144.0,0,1,0,0,0,0,12,0.0000,0.00,0.00,0.00
627.25,12,561880,0.2899,45.92,170.43,2428,2438,23151,25,19,14,0,0,0,0,144.0,0,1,0,0,0,0,11,0.0003,0.00,0.00,0.00
627.5,12,561917,0.2897,43.24,167.73,2515,2597,23104,50,35,16,0,0,0,0,144.0,0,1,0,0,0,0,12,0.0003,0.00,0.00,0.00
627.75,12,561668,0.2896,37.46,166.53,2688,2486,87,58,130,13,0,0,0,0,144.0,0,1,0,0,0,0,12,0.0003,0.00,0.00,0.00
628,12,561658,0.2894,38.39,166.41,2458,2504,22769,57,43,14,0,0,0,0,144.0,0,1,0,0,0,0,12,0.0003,0.00,0.00,0.00
628.25,12,561706,0.2894,39.42,171.26,2339,2410,14,24,0,15,0,0,0,0,144.0,0,1,0,0,0,0,12,0.0003,15.26,45.84,352.95
628.5,12,561592,0.2894,39.54,170.41,2459,2372,6,27,0,14,0,0,0,0,144.0,0,1,0,0,0,0,12,0.0003,0.00,0.00,0.00
628.75,12,561684,0.2894,39.85,174.16,2342,2453,8,19,0,15,0,0,0,0,144.0,0,1,0,0,0,0,13,0.0000,0.00,0.00,0.00
629,12,561675,0.2894,39.50,173.94,2366,2381,16,24,0,14,0,0,0,0,144.0,0,1,0,0,0,0,12,0.0000,0.00,0.00,0.00
629.25,12,561725,0.2893,39.79,177.55,2296,2384,11,38,0,14,0,0,0,0,144.0,0,1,0,0,0,0,12,0.0000,0.00,0.00,0.00
629.5,12,561835,0.2892,40.04,176.51,2312,2445,13,23,0,13,0,0,0,0,144.0,0,1,0,0,0,0,12,0.0001,0.00,0.00,0.00
629.75,12,561881,0.2892,40.97,179.33,2259,2343,8,39,0,15,0,0,0,0,144.0,0,1,0,0,0,0,12,0.0001,0.00,0.00,0.00
630,12,561964,0.2891,41.31,177.96,2256,2380,6,41,0,15,0,0,0,0,144.0,0,1,0,0,0,0,12,0.0001,0.00,0.00,0.00
630.25,12,561996,0.2890,41.76,180.26,2311,2368,4,25,0,12,0,0,0,1,189.7,0,1,0,0,0,0,12,0.0001,16.05,62.56,474.11
630.5,13,562090,0.2890,41.67,179.51,2217,2338,5,27,0,17,1,0,0,0,189.7,0,1,0,0,0,0,12,0.0001,0.00,0.00,0.00
630.75,13,562088,0.2890,42.64,182.65,2205,2228,8,26,0,13,0,0,9,0,189.7,0,1,0,0,0,0,12,0.0002,0.00,0.00,0.00
631,13,562103,0.2890,43.22,184.87,2324,2363,2,24,0,17,0,0,0,0,189.7,0,1,0,0,0,0,12,0.0002,0.00,0.00,0.00
631.25,13,562089,0.2890,43.63,186.85,2453,2461,7,22,0,17,0,0,0,0,189.7,0,1,0,0,0,0,12,0.0002,0.00,0.00,0.00
631.5,13,562125,0.2889,43.24,188.60,2401,2461,0,24,0,15,0,0,0,0,189.7,0,1,0,0,0,0,12,0.0002,0.00,0.00,0.00
631.75,13,562201,0.2889,42.32,190.27,2276,2364,3,12,0,14,0,0,0,0,189.7,0,1,0,0,0,0,12,0.0002,0.00,0.00,0.00
632,13,562216,0.2889,41.10,191.67,2324,2364,3,25,0,16,0,0,0,0,189.7,0,1,0,0,0,0,12,0.0002,0.00,0.00,0.00
632.25,13,562276,0.2888,40.07,192.80,2263,2339,5,16,0,13,0,0,0,1,189.7,0,1,0,0,0,0,12,0.0002,16.07,62.12,244.19
632.5,13,562281,0.2889,39.23,193.77,2292,2314,7,17,0,17,0,0,0,1,189.7,0,1,0,0,0,0,12,0.0002,0.00,0.00,0.00
632.75,13,562237,0.2889,38.53,194.39,2225,2203,6,22,0,15,0,0,1,0,189.7,0,1,0,0,0,0,12,0.0002,0.00,0.00,0.00
633,13,562294,0.2889,37.77,194.86,2197,2268,2,14,0,13,0,0,0,0,189.7,0,1,0,0,0,0,12,0.0001,0.00,0.00,0.00
633.25,13,562315,0.2889,37.16,195.30,2159,2195,7,15,1,15,0,0,0,0,189.7,0,1,0,0,0,0,12,0.0001,0.00,0.00,0.00
633.5,13,562404,0.2888,36.92,195.84,2065,2171,4,18,2,14,0,0,0,0,189.7,0,1,0,0,0,0,12,0.0000,0.00,0.00,0.00
633.75,13,562465,0.2888,37.19,196.37,2068,2146,1,17,0,14,0,0,0,0,189.7,0,1,0,0,0,0,12,0.0000,0.00,0.00,0.00
634,13,562566,0.2887,37.75,196.81,2075,2186,5,10,2,16,0,0,0,0,189.7,0,1,0,0,0,0,11,0.0003,0.00,0.00,0.00
634.25,13,562659,0.2887,38.45,197.17,2095,2197,7,9,0,15,0,0,0,0,189.7,0,1,0,0,0,0,12,0.0002,14.47,57.89,303.78
634.5,13,562797,0.2886,41.32,197.46,2135,2293,23589,20,0,15,0,0,0,0,189.7,0,1,0,0,0,0,12,0.0001,0.00,0.00,0.00
634.75,13,562621,0.2887,42.78,197.78,2428,2266,2,14,0,14,0,0,0,0,189.7,0,1,0,0,0,0,12,0.0001,0.00,0.00,0.00
635,13,562800,0.2886,44.30,198.08,2323,2514,2,12,0,16,0,0,0,0,189.7,0,1,0,0,0,0,11,0.0003,0.00,0.00,0.00
635.25,13,562782,0.2887,45.83,198.30,2478,2468,3,8,0,16,0,0,0,0,189.7,0,1,0,0,0,0,12,0.0002,0.00,0.00,0.00
635.5,13,562974,0.2886,46.93,198.45,2442,2648,4,14,0,16,0,0,0,0,189.7,0,1,0,0,0,0,12,0.0001,0.00,0.00,0.00
635.75,13,562964,0.2886,48.16,198.56,2581,2581,2,10,0,16,0,0,0,0,189.7,0,1,0,0,0,0,12,0.0000,0.00,0.00,0.00
636,13,563138,0.2885,49.02,198.53,2583,2765,8,8,0,14,0,0,0,0,189.7,0,1,0,0,0,0,11,0.0002,0.00,0.00,0.00
636.25,13,563211,0.2885,50.24,198.31,2770,2850,7,8,0,16,0,0,0,0,189.7,0,1,0,0,0,0,12,0.0001,16.28,61.89,375.51
636.5,13,563223,0.2885,51.09,198.34,2809,2834,1,13,1,15,0,0,0,0,189.7,0,1,0,0,0,0,11,0.0003,0.00,0.00,0.00
636.75,13,563228,0.2885,52.13,198.00,2922,2940,3,14,0,14,0,0,0,0,189.7,0,1,0,0,0,0,12,0.0001,0.00,0.00,0.00
637,13,563203,0.2885,52.78,197.38,3025,3008,4,8,0,15,0,0,0,0,189.7,0,1,0,0,0,0,12,0.0000,0.00,0.00,0.00
637.25,13,563154,0.2885,53.53,197.19,3050,3015,4,14,0,15,0,0,0,0,189.7,0,1,0,0,0,0,11,0.0002,0.00,0.00,0.00
637.5,13,563032,0.2886,53.74,196.76,3213,3100,5,9,0,15,0,0,0,0,189.7,0,1,0,0,0,0,12,0.0001,0.00,0.00,0.00
637.75,13,562973,0.2887,53.87,196.38,3125,3079,6,13,1,14,0,0,0,0,189.7,0,1,0,0,0,0,11,0.0002,0.00,0.00,0.00
638,13,562808,0.2887,53.89,196.23,3268,3116,7,14,0,13,0,0,0,0,189.7,0,1,0,0,0,0,12,0.0001,0.00,0.00,0.00
638.25,13,562750,0.2888,54.32,196.26,3243,3211,194,26,0,15,0,0,0,0,189.7,0,1,0,0,0,0,11,0.0003,16.99,60.76,427.81
638.5,13,562598,0.2888,54.69,196.15,3359,3232,7,25,0,13,0,0,0,0,189.7,0,1,0,0,0,0,12,0.0002,0.00,0.00,0.00
638.75,13,562507,0.2889,54.88,195.87,3289,3212,9,14,1,15,0,0,0,0,189.7,0,1,0,0,0,0,12,0.0000,0.00,0.00,0.00
639,13,562460,0.2889,54.58,195.44,3322,3287,3,12,0,14,0,0,0,0,189.7,0,1,0,0,0,0,11,0.0002,0.00,0.00,0.00
639.25,13,562375,0.2890,53.95,195.14,3333,3264,11,16,0,16,0,0,0,0,189.7,0,1,0,0,0,0,12,0.0001,0.00,0.00,0.00
639.5,13,562225,0.2890,53.11,195.25,3305,3176,13,21,0,13,0,0,0,0,189.7,0,1,0,0,0,0,11,0.0002,0.00,0.00,0.00
639.75,13,562087,0.2891,53.44,195.62,3316,3204,2401,27,0,16,0,0,0,0,189.7,0,1,0,0,0,0,12,0.0001,0.00,0.00,0.00
640,13,561983,0.2891,54.49,195.90,3400,3313,12,19,0,14,0,0,0,0,189.7,0,1,0,0,0,0,11,0.0003,0.00,0.00,0.00
640.25,13,561849,0.2892,55.41,196.26,3457,3357,6,34,0,14,0,0,0,0,232.8,0,1,0,0,0,0,12,0.0002,15.20,51.87,410.97
640.5,13,561612,0.2893,56.34,196.59,3644,3438,16,31,0,13,0,0,0,0,232.8,0,1,0,0,0,0,12,0.0001,0.00,0.00,0.00
640.75,13,561411,0.2894,57.29,196.79,3711,3528,853,20,0,17,0,0,0,0,232.8,0,1,0,0,0,0,11,0.0003,0.00,0.00,0.00
641,13,561037,0.2895,58.07,197.13,3875,3522,6,21,0,15,0,0,0,0,232.8,0,1,0,0,0,0,12,0.0001,0.00,0.00,0.00
641.25,13,560870,0.2896,58.61,197.34,3743,3612,7,36,0,13,0,0,0,0,232.8,0,1,0,0,0,0,12,0.0000,0.00,0.00,0.00
641.5,13,560593,0.2897,58.75,197.48,3898,3647,6,26,0,15,0,0,0,0,232.8,0,1,0,0,0,0,11,0.0002,0.00,0.00,0.00
641.75,13,560417,0.2898,58.60,197.68,3832,3683,5,27,1,13,0,0,0,0,232.8,0,1,0,0,0,0,12,0.0001,0.00,0.00,0.00
642,13,560138,0.2899,58.46,197.83,3823,3572,5,28,3,15,0,0,0,0,232.8,0,1,0,0,0,0,11,0.0003,0.00,0.00,0.00
642.25,13,559989,0.2899,58.20,197.69,3808,3696,11,37,3,19,0,0,0,0,232.8,0,1,0,0,0,0,12,0.0002,12.61,53.27,341.20
642.5,13,559850,0.2899,58.06,197.79,3754,3663,8,49,0,12,0,0,0,0,232.8,0,1,0,0,0,0,12,0.0001,0.00,0.00,0.00
642.75,13,559741,0.2899,57.82,197.86,3761,3705,10,53,0,12,0,0,0,0,232.8,0,1,0,0,0,0,11,0.0003,0.00,0.00,0.00
643,13,559551,0.2900,57.89,197.22,3841,3687,7,36,0,20,0,0,0,0,232.8,0,1,0,0,0,0,12,0.0002,0.00,0.00,0.00
643.25,13,559418,0.2901,57.62,196.84,3772,3670,8,32,0,19,0,0,0,0,232.8,0,1,0,0,0,0,12,0.0001,0.00,0.00,0.00
643.5,13,559324,0.2901,58.09,196.12,3647,3592,7,39,0,18,0,0,0,0,232.8,0,1,0,0,0,0,12,0.0001,0.00,0.00,0.00
643.75,13,559188,0.2902,57.93,196.54,3671,3562,10,27,0,13,0,0,0,0,232.8,0,1,0,0,0,0,11,0.0003,0.00,0.00,0.00
644,13,559070,0.2902,58.20,196.94,3575,3490,73,34,2,16,0,0,0,0,232.8,0,1,0,0,0,0,12,0.0002,0.00,0.00,0.00
644.25,13,558952,0.2902,58.39,197.20,3599,3506,1600,25,0,15,0,0,0,0,232.8,0,1,0,0,0,0,12,0.0002,13.66,53.14,345.46
644.5,13,558819,0.2903,58.33,197.39,3599,3513,15,48,1,15,0,0,0,0,232.8,0,1,0,0,0,0,12,0.0001,0.00,0.00,0.00
644.75,13,558632,0.2903,58.05,197.68,3668,3528,5,47,2,15,0,0,0,0,232.8,0,1,0,0,0,0,12,0.0001,0.00,0.00,0.00
645,13,558655,0.2902,57.90,197.86,3450,3522,6,49,2,17,0,0,0,0,232.8,0,1,0,0,0,0,12,0.0001,0.00,0.00,0.00
645.25,13,558600,0.2902,57.67,197.79,3522,3510,10,44,2,15,0,0,0,0,232.8,0,1,0,0,0,0,12,0.0000,0.00,0.00,0.00
645.5,14,558544,0.2902,57.50,198.03,3425,3421,11,52,2,16,0,0,0,0,232.8,1,2,0,0,0,0,12,0.0000,0.00,0.00,0.00
645.75,14,558452,0.2901,57.23,198.25,3454,3415,4,53,4,14,0,0,3,0,232.8,0,2,0,0,0,0,11,0.0003,0.00,0.00,0.00
646,14,558372,0.2901,57.16,198.28,3336,3314,7,58,2,15,0,0,2,0,232.8,0,2,0,0,0,1,12,0.0003,0.00,0.00,0.00
646.25,13,558294,0.2901,56.94,198.42,3319,3294,12,53,2,13,0,0,0,0,232.8,0,2,0,0,0,1,12,0.0002,11.67,47.41,384.28
646.5,13,558201,0.2900,56.87,197.91,3272,3239,11,61,3,17,0,0,0,0,232.8,0,2,0,0,0,0,12,0.0002,0.00,0.00,0.00
646.75,13,558123,0.2900,57.01,198.03,3314,3273,9,37,2,15,0,0,0,0,232.8,0,2,0,0,0,0,12,0.0002,0.00,0.00,0.00
647,13,558117,0.2900,57.08,198.26,3206,3248,8,48,6,13,0,0,1,0,232.8,0,2,0,0,0,0,12,0.0001,0.00,0.00,0.00
647.25,13,557976,0.2900,56.96,198.45,3352,3244,15,34,3,12,0,0,0,0,232.8,0,2,0,0,0,0,12,0.0000,0.00,0.00,0.00
647.5,13,557942,0.2900,56.50,198.54,3127,3133,8,40,5,12,0,0,0,0,232.8,0,2,0,0,0,0,11,0.0002,0.00,0.00,0.00
647.75,13,557996,0.2899,55.95,198.61,3175,3265,10,36,2,15,0,0,0,0,232.8,0,2,0,0,0,0,12,0.0002,0.00,0.00,0.00
648,13,557842,0.2900,55.19,198.54,3208,3083,6,29,6,17,0,0,0,0,232.8,0,2,0,0,0,0,12,0.0000,0.00,0.00,0.00
648.25,13,557846,0.2899,54.51,198.21,3062,3086,12,24,7,15,0,0,0,0,232.8,0,2,0,0,0,0,11,0.0002,14.91,56.09,349.61
648.5,13,557821,0.2899,54.55,197.35,3078,3079,13,27,4,13,0,0,0,0,232.8,0,2,0,0,0,0,12,0.0001,0.00,0.00,0.00
648.75,13,557731,0.2899,54.88,194.21,3055,2987,5,22,2,15,0,0,0,0,232.8,0,2,0,0,0,0,11,0.0003,0.00,0.00,0.00
649,13,557765,0.2899,55.33,190.88,2990,3050,22604,26,1,14,0,0,0,0,232.8,0,2,0,0,0,0,12,0.0002,0.00,0.00,0.00
649.25,13,557585,0.2900,56.27,191.03,3212,3048,4,16,0,19,0,0,0,0,232.8,0,2,0,0,0,0,12,0.0000,0.00,0.00,0.00
649.5,13,557676,0.2900,56.95,190.22,3137,3239,3,11,0,14,0,0,0,0,232.8,0,2,0,0,0,0,11,0.0002,0.00,0.00,0.00
649.75,13,557595,0.2900,58.10,190.16,3243,3178,6,16,0,15,0,0,0,0,232.8,0,2,0,0,0,0,12,0.0001,0.00,0.00,0.00
650,13,557519,0.2901,58.75,189.78,3287,3220,6,9,0,18,0,0,0,0,232.8,0,2,0,0,0,0,11,0.0002,0.00,0.00,0.00
650.25,13,557474,0.2901,59.52,189.24,3333,3300,2,12,0,16,0,0,0,1,397.6,0,2,0,0,0,0,12,0.0001,12.11,50.72,325.69
650.5,13,557467,0.2901,60.14,188.74,3297,3295,4,5,0,15,0,0,0,1,397.6,0,2,0,0,0,0,11,0.0002,0.00,0.00,0.00
650.75,13,557381,0.2902,60.87,188.31,3341,3265,3,10,0,14,0,0,0,1,397.6,0,2,0,0,0,0,12,0.0001,0.00,0.00,0.00
651,14,557347,0.2902,61.22,187.95,3358,3331,2,7,0,15,1,0,0,0,397.6,0,2,0,0,0,0,11,0.0002,0.00,0.00,0.00
651.25,14,557166,0.2903,62.08,187.54,3354,3179,6,6,0,15,0,0,8,0,397.6,0,2,0,0,0,0,12,0.0001,0.00,0.00,0.00
651.5,14,557100,0.2904,62.18,186.63,3310,3249,1,5,1,14,0,0,1,0,397.6,0,2,0,0,0,0,11,0.0002,0.00,0.00,0.00
651.75,14,556993,0.2904,62.47,185.88,3382,3280,10,5,3,12,0,0,0,0,397.6,0,2,0,0,0,0,11,0.0003,0.00,0.00,0.00
652,14,556883,0.2905,62.93,185.46,3335,3230,5,6,8,15,0,0,0,0,397.6,0,2,0,0,0,0,12,0.0001,0.00,0.00,0.00
652.25,14,556946,0.2905,63.38,187.48,3236,3306,5,7,13,17,0,0,0,0,397.6,0,2,0,0,0,0,11,0.0002,13.87,43.63,145.03
652.5,14,556876,0.2905,63.88,189.17,3319,3255,5,8,10,18,0,0,0,0,397.6,0,2,0,0,0,0,11,0.0003,0.00,0.00,0.00
652.75,14,556830,0.2905,63.42,190.73,3293,3252,8,6,8,14,0,0,0,0,397.6,0,2,0,0,0,0,12,0.0001,0.00,0.00,0.00
653,14,556689,0.2906,63.95,192.07,3264,3126,12,5,9,12,0,0,0,0,397.6,0,2,0,0,0,0,11,0.0001,0.00,0.00,0.00
653.25,14,556634,0.2906,64.34,193.27,3203,3156,12,9,8,15,0,0,0,0,397.6,0,2,0,0,0,0,11,0.0002,0.00,0.00,0.00
653.5,14,556667,0.2906,64.50,194.32,3169,3216,12,16,4,14,0,0,0,0,397.6,0,2,0,0,0,0,11,0.0003,0.00,0.00,0.00
653.75,14,556586,0.2907,64.37,195.21,3205,3135,14,15,8,15,0,0,1,0,397.6,0,2,0,0,0,0,12,0.0000,0.00,0.00,0.00
654,14,556636,0.2906,64.90,195.92,3116,3190,22,26,8,14,0,0,0,0,397.6,0,2,0,0,0,0,11,0.0001,0.00,0.00,0.00
654.25,14,556618,0.2905,65.07,196.41,3185,3199,24,34,11,13,0,0,0,1,397.6,0,2,0,0,0,0,11,0.0001,13.74,34.35,223.65
654.5,14,556539,0.2905,65.89,196.73,3189,3150,22,42,15,11,0,0,1,1,397.6,0,2,0,0,0,0,11,0.0002,0.00,0.00,0.00
654.75,14,556559,0.2904,66.50,196.94,3054,3113,23,40,13,18,0,0,0,1,397.6,0,2,0,0,0,0,12,0.0000,0.00,0.00,0.00
655,14,556533,0.2904,67.48,197.04,3097,3114,16,44,14,16,0,0,0,1,397.6,0,2,0,0,0,0,11,0.0002,0.00,0.00,0.00
655.25,14,556395,0.2903,67.62,196.97,3119,3042,17,62,11,15,0,0,0,0,397.6,0,2,0,0,0,0,12,0.0000,0.00,0.00,0.00
655.5,14,556282,0.2903,68.19,196.60,3084,3031,24,64,4,17,0,0,0,0,397.6,0,2,0,0,0,0,11,0.0002,0.00,0.00,0.00
655.75,14,556180,0.2903,68.64,194.09,3049,3007,24,61,5,20,0,0,0,0,397.6,0,2,0,0,0,0,12,0.0001,0.00,0.00,0.00
656,14,556100,0.2902,69.10,190.80,3037,3022,19,67,1,14,0,0,0,0,397.6,0,2,0,0,0,0,12,0.0001,0.00,0.00,0.00
656.25,14,556110,0.2902,69.23,190.62,2935,2995,16,52,1,17,0,0,0,0,397.6,0,2,0,0,0,0,12,0.0000,17.69,42.94,354.54
656.5,14,556146,0.2901,69.50,191.84,2859,2928,13,34,3,16,0,0,0,0,397.6,0,2,0,0,0,0,12,0.0000,0.00,0.00,0.00
656.75,14,556186,0.2900,68.65,192.16,2921,3007,11,46,0,15,0,0,0,0,397.6,0,2,0,0,0,0,12,0.0001,0.00,0.00,0.00
657,14,556116,0.2901,65.29,193.37,2936,2893,247,28,0,18,0,0,0,0,397.6,0,2,0,0,0,0,12,0.0001,0.00,0.00,0.00
657.25,14,556165,0.2900,65.53,192.97,2723,2795,10,23,0,16,0,0,0,0,397.6,0,2,0,0,0,0,12,0.0001,0.00,0.00,0.00
657.5,14,556195,0.2900,63.14,193.61,2852,2911,14,29,1,13,0,0,0,0,397.6,0,2,0,0,0,0,12,0.0002,0.00,0.00,0.00
657.75,14,556281,0.2899,63.86,189.33,2696,2811,5,29,0,16,0,0,0,0,397.6,0,2,0,0,0,0,12,0.0002,0.00,0.00,0.00
658,14,556236,0.2899,61.55,187.55,2797,2773,14,21,0,15,0,0,0,0,397.6,0,2,0,0,0,0,12,0.0003,0.00,0.00,0.00
658.25,14,556199,0.2899,62.26,188.31,2717,2709,8,29,0,14,0,0,0,0,397.6,0,2,0,0,0,0,12,0.0003,9.48,33.30,396.87
658.5,14,556227,0.2899,59.82,188.76,2768,2814,9,18,0,17,0,0,0,0,397.6,0,2,0,0,0,0,13,0.0000,0.00,0.00,0.00
658.75,14,556203,0.2899,60.94,189.23,2725,2723,12,23,0,17,0,0,0,0,397.6,0,2,0,0,0,0,12,0.0001,0.00,0.00,0.00
659,14,556173,0.2899,58.75,188.97,2754,2739,12,15,0,17,0,0,0,0,397.6,0,2,0,0,0,0,12,0.0001,0.00,0.00,0.00
659.25,14,556192,0.2899,58.07,188.64,2706,2745,12,20,0,14,0,0,0,0,397.6,0,2,0,0,0,0,12,0.0001,0.00,0.00,0.00
659.5,14,556073,0.2900,57.84,188.10,2816,2715,14,19,0,19,0,0,0,0,397.6,0,2,0,0,0,0,12,0.0001,0.00,0.00,0.00
659.75,14,556034,0.2900,56.81,187.33,2764,2748,11,23,1,17,0,0,0,0,397.6,0,2,0,0,0,0,12,0.0002,0.00,0.00,0.00
660,14,555958,0.2900,57.62,187.11,2758,2709,14,28,0,19,0,0,0,0,397.6,0,2,0,0,0,0,12,0.0002,0.00,0.00,0.00
660.25,14,555883,0.2900,56.24,186.39,2762,2719,50,32,0,15,0,0,0,0,444.0,0,2,0,0,0,0,12,0.0002,10.97,34.54,212.72
660.5,14,555864,0.2900,56.94,185.68,2730,2730,10,20,0,13,0,0,0,0,444.0,0,2,0,0,0,0,12,0.0003,0.00,0.00,0.00
660.75,14,555888,0.2900,55.91,184.63,2693,2746,9,29,0,16,0,0,0,0,444.0,0,2,0,0,0,0,13,0.0000,0.00,0.00,0.00
661,14,555885,0.2900,58.25,183.46,2699,2727,12,31,0,14,0,0,0,0,444.0,0,2,0,0,0,0,12,0.0001,0.00,0.00,0.00
661.25,14,555915,0.2900,57.46,181.52,2662,2710,14,19,0,14,0,0,0,0,444.0,0,2,0,0,0,0,12,0.0001,0.00,0.00,0.00
661.5,14,555817,0.2900,59.84,178.96,2814,2747,14,32,0,18,0,0,0,0,444.0,0,2,0,0,0,0,12,0.0002,0.00,0.00,0.00
661.75,14,555951,0.2899,59.13,174.40,2640,2795,11,21,0,15,0,0,0,0,444.0,0,2,0,0,0,0,12,0.0003,0.00,0.00,0.00
662,14,555876,0.2899,55.77,168.32,2780,2719,21894,27,6,16,0,0,0,0,444.0,0,2,0,0,0,0,13,0.0001,0.00,0.00,0.00
662.25,14,555790,0.2899,51.73,167.36,2730,2678,21918,34,13,15,0,0,0,0,444.0,0,2,0,0,0,0,12,0.0001,17.00,113.47,762.77
662.5,14,555649,0.2898,48.11,171.41,2812,2671,165,29,64,15,0,0,0,0,444.0,0,2,0,0,0,0,12,0.0002,0.00,0.00,0.00
662.75,14,555370,0.2896,46.02,175.43,2600,2489,72,181,48,13,0,0,0,0,444.0,0,2,0,0,0,0,13,0.0002,0.00,0.00,0.00
663,14,555233,0.2895,46.31,179.26,2382,2329,33,86,18,21,0,0,0,0,444.0,0,2,0,0,0,0,13,0.0001,0.00,0.00,0.00
663.25,14,555263,0.2894,44.17,182.46,2178,2254,30,48,9,14,0,0,0,0,444.0,0,2,0,0,0,0,13,0.0001,0.00,0.00,0.00
663.5,14,555424,0.2893,46.53,185.06,2037,2254,19,57,5,16,0,0,0,0,444.0,0,2,0,0,0,0,13,0.0002,0.00,0.00,0.00
663.75,14,555554,0.2892,45.70,186.77,2035,2204,6,39,6,17,0,0,0,0,444.0,0,2,0,0,0,0,13,0.0002,0.00,0.00,0.00
664,14,555667,0.2891,45.99,188.79,2086,2247,12,48,2,16,0,0,0,0,444.0,0,2,0,0,0,0,13,0.0002,0.00,0.00,0.00
664.25,14,555684,0.2890,46.35,189.97,2127,2178,8,35,3,14,0,0,0,0,444.0,0,2,0,0,0,0,13,0.0003,14.57,43.75,162.94
664.5,14,555821,0.2889,46.34,190.95,2059,2243,5,47,3,17,0,0,0,0,444.0,0,2,0,0,0,0,14,0.0000,0.00,0.00,0.00
664.75,14,555977,0.2888,46.48,191.66,2031,2219,8,32,8,17,0,0,0,0,444.0,0,2,0,0,0,0,13,0.0001,0.00,0.00,0.00
665,14,555997,0.2887,46.21,192.87,2212,2272,11,41,4,15,0,0,0,0,444.0,0,2,0,0,0,0,13,0.0001,0.00,0.00,0.00
665.25,14,556087,0.2886,46.22,193.85,2072,2204,8,42,6,17,0,0,0,0,444.0,0,2,0,0,0,0,13,0.0002,0.00,0.00,0.00
665.5,14,556157,0.2885,45.72,193.78,2093,2209,9,47,3,17,0,0,0,0,444.0,0,2,0,0,0,0,13,0.0002,0.00,0.00,0.00
665.75,14,556234,0.2884,45.86,194.40,2073,2191,9,41,2,16,0,0,0,0,444.0,0,2,0,0,0,0,13,0.0003,0.00,0.00,0.00
666,14,556340,0.2883,45.12,193.22,2032,2196,17,59,2,16,0,0,0,0,444.0,0,2,0,0,0,0,14,0.0001,0.00,0.00,0.00
666.25,14,556381,0.2882,45.24,192.75,2058,2139,10,40,4,15,0,0,0,0,444.0,0,2,0,0,0,0,13,0.0001,8.66,42.74,218.68
666.5,13,556445,0.2881,44.20,193.36,2037,2157,14,56,0,17,0,1,0,0,444.0,0,1,0,0,1,0,13,0.0002,0.00,0.00,0.00
666.75,13,556510,0.2881,45.56,193.97,2037,2136,4,34,5,16,0,0,0,0,444.0,0,1,0,0,0,0,13,0.0003,0.00,0.00,0.00
667,13,556601,0.2880,45.02,194.28,1988,2120,12,42,4,16,0,0,0,0,444.0,0,1,0,0,0,0,14,0.0001,0.00,0.00,0.00
667.25,13,556679,0.2879,46.88,194.57,2000,2114,4,36,6,19,0,0,0,0,444.0,0,1,0,0,0,0,13,0.0002,0.00,0.00,0.00
667.5,13,556775,0.2878,45.55,195.37,2008,2154,7,50,7,16,0,0,0,0,444.0,0,1,0,0,0,0,14,0.0000,0.00,0.00,0.00
667.75,13,556847,0.2877,46.32,196.04,1930,2023,3,21,2,14,0,0,0,0,444.0,0,1,0,0,0,0,13,0.0002,0.00,0.00,0.00
668,13,556878,0.2876,45.77,195.92,1966,2054,13,57,1,20,0,0,0,0,444.0,0,1,0,0,0,0,14,0.0001,0.00,0.00,0.00
668.25,13,556962,0.2876,47.12,195.93,1843,1956,11,29,0,20,0,0,0,0,444.0,0,1,0,0,0,0,13,0.0002,6.60,32.37,243.62
668.5,13,557049,0.2875,46.92,196.13,1829,1958,12,43,3,19,0,0,0,0,444.0,0,1,0,0,0,0,14,0.0001,0.00,0.00,0.00
668.75,13,557188,0.2874,47.84,196.46,1740,1902,6,23,1,18,0,0,0,0,444.0,0,1,0,0,0,0,14,0.0000,0.00,0.00,0.00
669,13,557147,0.2874,47.86,195.10,1860,1888,11,69,1,19,0,0,0,0,444.0,0,1,0,0,0,0,13,0.0003,0.00,0.00,0.00
669.25,13,557256,0.2873,49.99,194.72,1722,1848,4,17,1,20,0,0,0,0,444.0,0,1,0,0,0,0,14,0.0002,0.00,0.00,0.00
669.5,13,557294,0.2872,49.49,194.35,1755,1832,14,39,5,16,0,0,0,0,444.0,0,1,0,0,0,0,14,0.0002,0.00,0.00,0.00
669.75,13,557489,0.2871,49.70,194.95,1519,1729,2,15,0,17,0,0,0,0,444.0,0,1,0,0,0,0,14,0.0001,0.00,0.00,0.00
670,13,557389,0.2871,49.66,195.23,1854,1795,7,41,4,14,0,0,0,0,444.0,0,1,0,0,0,0,14,0.0001,0.00,0.00,0.00
670.25,13,557544,0.2871,49.88,195.43,1621,1791,5,15,1,16,0,0,0,0,386.3,0,1,0,0,0,0,14,0.0001,11.00,30.10,294.58
670.5,13,557608,0.2870,49.07,195.58,1717,1811,5,30,5,19,0,0,0,0,386.3,0,1,0,0,0,0,14,0.0001,0.00,0.00,0.00
670.75,13,557640,0.2870,48.93,194.09,1726,1767,4,9,0,15,0,0,0,0,386.3,0,1,0,0,0,0,14,0.0001,0.00,0.00,0.00
671,13,557649,0.2870,49.95,192.85,1777,1808,20847,22,2,15,0,0,0,0,386.3,0,1,0,0,0,0,14,0.0000,0.00,0.00,0.00
671.25,13,557565,0.2870,50.49,192.94,2180,2109,12,13,0,17,0,0,0,0,386.3,0,1,0,0,0,0,14,0.0000,0.00,0.00,0.00
671.5,13,557660,0.2870,50.89,192.38,2150,2254,13,9,1,15,0,0,0,0,386.3,0,1,0,0,0,0,13,0.0003,0.00,0.00,0.00
671.75,13,557747,0.2870,51.63,188.78,2212,2315,203,18,3,16,0,0,0,0,386.3,0,1,0,0,0,0,14,0.0002,0.00,0.00,0.00
672,13,557877,0.2869,52.28,185.76,2246,2393,16,19,1,15,0,0,0,0,386.3,0,1,0,0,0,0,14,0.0002,0.00,0.00,0.00
672.25,13,557959,0.2868,53.23,184.07,2237,2335,8,16,0,15,0,0,0,1,386.3,0,1,0,0,0,0,14,0.0002,7.12,40.13,443.38
672.5,13,557960,0.2868,54.12,181.59,2346,2369,7,23,0,15,0,0,0,1,386.3,0,1,0,0,0,0,14,0.0001,0.00,0.00,0.00
672.75,13,558030,0.2868,54.77,179.24,2348,2442,2,24,0,20,0,0,0,1,386.3,0,1,0,0,0,0,14,0.0001,0.00,0.00,0.00
673,13,557966,0.2868,55.15,177.37,2517,2466,5,13,0,16,0,0,0,1,386.3,0,1,0,0,0,0,14,0.0001,0.00,0.00,0.00
673.25,13,557941,0.2868,55.53,178.27,2511,2514,6,28,0,18,0,0,0,1,386.3,0,1,0,0,0,0,14,0.0000,0.00,0.00,0.00
673.5,13,558019,0.2868,55.92,177.82,2478,2574,2,18,0,17,0,0,0,1,386.3,0,1,0,0,0,0,13,0.0003,0.00,0.00,0.00
673.75,13,557900,0.2869,55.86,181.09,2621,2518,5,16,0,19,0,0,0,1,386.3,0,1,0,0,0,0,14,0.0002,0.00,0.00,0.00
674,13,557951,0.2868,55.87,184.04,2587,2655,7,17,0,19,0,0,0,1,386.3,0,1,0,0,0,0,14,0.0002,0.00,0.00,0.00
674.25,13,557998,0.2868,55.84,186.53,2509,2571,9,15,0,19,0,0,0,1,386.3,0,1,0,0,0,0,14,0.0001,6.46,61.11,539.18
674.5,13,557964,0.2868,55.62,188.57,2656,2642,12,22,0,16,0,0,0,1,386.3,0,1,0,0,0,0,14,0.0001,0.00,0.00,0.00
674.75,13,557946,0.2868,55.11,190.35,2602,2605,2315,21,0,17,0,0,0,0,386.3,0,1,0,0,0,0,14,0.0000,0.00,0.00,0.00
675,13,557895,0.2869,54.43,191.82,2680,2649,3,20,1,18,0,0,1,0,386.3,0,1,0,0,0,0,13,0.0003,0.00,0.00,0.00
675.25,13,557791,0.2869,53.95,193.05,2736,2642,6,10,1,14,0,0,0,0,386.3,0,1,0,0,0,0,14,0.0002,0.00,0.00,0.00
675.5,13,557834,0.2869,53.61,194.11,2683,2730,10,5,0,18,0,0,0,0,386.3,0,1,0,0,0,1,14,0.0002,0.00,0.00,0.00
675.75,12,557899,0.2869,53.46,194.98,2631,2707,2,11,0,17,0,0,0,0,386.3,0,1,0,0,0,1,14,0.0001,0.00,0.00,0.00
676,12,557924,0.2869,53.47,195.71,2595,2627,2,7,0,17,0,0,0,0,386.3,0,1,0,0,0,0,14,0.0000,0.00,0.00,0.00
676.25,12,558024,0.2869,53.57,196.36,2596,2701,3,5,1,15,0,0,0,0,386.3,0,1,0,0,0,0,13,0.0002,5.67,20.27,92.46
676.5,12,557962,0.2869,53.68,196.86,2740,2682,6,5,0,17,0,0,0,0,386.3,0,1,0,0,0,0,14,0.0002,0.00,0.00,0.00
676.75,12,557983,0.2869,53.77,197.29,2704,2730,7,5,0,20,0,0,0,0,386.3,0,1,0,0,0,0,14,0.0000,0.00,0.00,0.00
677,12,557953,0.2870,53.74,197.70,2762,2739,13,7,0,17,0,0,0,0,386.3,0,1,0,0,0,0,13,0.0002,0.00,0.00,0.00
677.25,12,557841,0.2870,53.63,198.05,2867,2761,9,9,1,17,0,0,0,0,386.3,0,1,0,0,0,0,14,0.0001,0.00,0.00,0.00
677.5,12,557782,0.2871,53.29,198.34,2807,2751,14,6,0,16,0,0,0,0,386.3,0,1,0,0,0,0,13,0.0003,0.00,0.00,0.00
677.75,12,557810,0.2871,52.85,198.60,2786,2828,8,14,0,16,0,0,0,0,386.3,0,1,0,0,0,0,14,0.0001,0.00,0.00,0.00
678,12,557847,0.2871,52.48,198.79,2732,2783,8,14,0,15,0,0,0,0,386.3,0,1,0,0,0,0,13,0.0003,0.00,0.00,0.00
678.25,12,557794,0.2871,51.97,198.96,2795,2757,5,15,0,22,0,0,0,0,386.3,0,1,0,0,0,0,14,0.0001,5.66,21.50,101.51
678.5,12,557699,0.2872,51.60,199.03,2761,2678,8,12,0,17,0,0,0,0,386.3,0,1,0,0,0,0,13,0.0003,0.00,0.00,0.00
678.75,12,557626,0.2872,51.30,199.17,2855,2795,6,13,0,15,0,0,0,0,386.3,0,1,0,0,0,0,14,0.0001,0.00,0.00,0.00
679,12,557656,0.2872,50.98,199.28,2768,2809,13,12,0,16,0,0,0,0,386.3,0,1,0,0,0,0,13,0.0002,0.00,0.00,0.00
679.25,12,557593,0.2873,50.88,199.24,2825,2773,14,11,0,16,0,0,0,0,386.3,0,1,0,0,0,0,14,0.0000,0.00,0.00,0.00
679.5,12,557486,0.2873,50.84,199.34,2896,2795,17,9,0,16,0,0,0,0,386.3,0,1,0,0,0,0,13,0.0001,0.00,0.00,0.00
679.75,12,557445,0.2874,50.71,199.35,2877,2843,10,7,0,18,0,0,0,0,386.3,0,1,0,0,0,1,13,0.0002,0.00,0.00,0.00
680,12,557447,0.2874,50.52,199.44,2838,2846,6,6,0,17,0,0,0,0,386.3,0,1,0,0,0,1,14,0.0000,0.00,0.00,0.00
680.25,11,557408,0.2874,50.32,199.51,2807,2774,8,6,0,14,0,0,0,0,401.0,0,1,0,0,0,1,13,0.0001,7.85,23.73,111.14
680.5,11,557476,0.2874,50.19,199.54,2752,2832,6,12,0,16,0,0,0,0,401.0,0,1,0,0,0,0,13,0.0002,0.00,0.00,0.00
680.75,11,557396,0.2875,49.86,196.52,2829,2753,3,4,0,13,0,0,0,0,401.0,0,1,0,0,0,0,13,0.0002,0.00,0.00,0.00
681,11,557345,0.2875,49.51,195.47,2805,2756,9,3,0,17,0,0,0,0,401.0,0,1,0,0,0,0,13,0.0003,0.00,0.00,0.00
681.25,11,557327,0.2876,49.10,193.78,2720,2711,8,9,0,16,0,0,0,0,401.0,0,1,0,0,0,0,14,0.0000,0.00,0.00,0.00
681.5,11,557278,0.2876,48.62,192.30,2800,2759,5,8,0,16,0,0,0,0,401.0,0,1,0,0,0,0,13,0.0000,0.00,0.00,0.00
681.75,11,557163,0.2877,48.12,189.21,2751,2640,12,9,0,19,0,0,0,0,401.0,0,1,0,0,0,0,13,0.0001,0.00,0.00,0.00
682,11,557077,0.2878,47.94,186.62,2756,2675,10,8,0,17,0,0,0,0,401.0,0,1,0,0,0,0,13,0.0001,0.00,0.00,0.00
682.25,11,557011,0.2878,47.67,183.61,2769,2710,8,8,0,17,0,0,0,0,401.0,0,1,0,0,0,0,13,0.0001,7.10,23.99,104.13
682.5,11,556981,0.2879,47.52,180.90,2709,2681,11,2,0,16,0,0,0,0,401.0,0,1,0,0,0,0,13,0.0001,0.00,0.00,0.00
682.75,11,556951,0.2879,47.34,179.81,2812,2785,10,4,0,15,0,0,0,0,401.0,0,1,0,0,0,0,13,0.0001,0.00,0.00,0.00
683,11,556942,0.2879,47.37,178.50,2778,2776,5,7,0,17,0,0,0,0,401.0,0,1,0,0,0,0,13,0.0001,0.00,0.00,0.00
683.25,11,556848,0.2880,47.61,177.31,2782,2698,4,11,0,18,0,0,1,0,401.0,0,1,0,0,0,0,13,0.0000,0.00,0.00,0.00
683.5,11,556737,0.2881,49.21,180.17,2799,2691,11048,3,0,15,0,0,0,0,401.0,0,1,0,0,0,0,13,0.0000,0.00,0.00,0.00
683.75,11,556650,0.2881,49.51,182.72,2862,2779,12,6,0,14,0,0,0,0,401.0,0,1,0,0,0,0,12,0.0002,0.00,0.00,0.00
684,11,556634,0.2880,49.39,185.06,2877,2866,11062,9,69,17,0,0,0,0,401.0,0,1,0,0,0,0,13,0.0002,0.00,0.00,0.00
684.25,11,556439,0.2880,48.05,182.93,2883,2710,10951,24,76,14,0,0,0,0,401.0,0,1,0,0,0,0,13,0.0001,5.38,21.19,260.96
684.5,11,556342,0.2881,47.56,185.64,2790,2697,11,5,3,17,0,0,0,0,401.0,0,1,0,0,0,0,13,0.0001,0.00,0.00,0.00
684.75,11,556245,0.2881,46.69,187.90,2745,2654,10,6,1,15,0,0,0,0,401.0,0,1,0,0,0,0,12,0.0003,0.00,0.00,0.00
685,11,556148,0.2882,46.01,189.80,2663,2572,10,6,1,13,0,0,0,0,401.0,0,1,0,0,0,0,13,0.0002,0.00,0.00,0.00
685.25,11,556107,0.2883,45.66,191.40,2487,2454,8,9,0,17,0,0,0,0,401.0,0,1,0,0,0,0,13,0.0001,0.00,0.00,0.00
685.5,11,556086,0.2883,45.46,192.73,2443,2434,4,12,0,17,0,0,0,0,401.0,0,1,0,0,0,0,13,0.0000,0.00,0.00,0.00
685.75,10,556040,0.2883,45.34,193.85,2472,2430,18,7,0,16,0,1,0,0,401.0,0,0,0,0,1,0,12,0.0002,0.00,0.00,0.00
686,10,556036,0.2883,44.67,194.77,2314,2323,8,13,0,15,0,0,0,0,401.0,0,0,0,0,0,0,13,0.0001,0.00,0.00,0.00
686.25,10,556055,0.2883,43.64,195.56,2282,2315,17,15,1,14,0,0,0,0,401.0,0,0,0,0,0,0,12,0.0003,7.58,29.29,364.44
686.5,10,556138,0.2883,43.05,196.24,2253,2359,11,23,0,15,0,0,0,0,401.0,0,0,0,0,0,0,13,0.0002,0.00,0.00,0.00
686.75,10,556173,0.2883,42.64,196.81,2245,2295,15,16,0,14,0,0,0,0,401.0,0,0,0,0,0,0,13,0.0001,0.00,0.00,0.00
687,10,556123,0.2883,43.05,197.30,2282,2252,16,20,0,12,0,0,0,0,401.0,0,0,0,0,0,0,12,0.0003,0.00,0.00,0.00
687.25,10,556053,0.2884,42.59,197.70,2370,2313,10,13,0,17,0,0,0,0,401.0,0,0,0,0,0,0,13,0.0001,0.00,0.00,0.00
687.5,10,556089,0.2884,42.82,198.03,2244,2294,11,14,0,16,0,0,0,0,401.0,0,0,0,0,0,0,13,0.0000,0.00,0.00,0.00
687.75,10,556005,0.2884,43.64,198.28,2370,2300,12,15,0,12,0,0,0,0,401.0,0,0,0,0,0,0,12,0.0002,0.00,0.00,0.00
688,10,556162,0.2884,42.86,198.46,2189,2364,9,18,0,16,0,0,0,0,401.0,0,0,0,0,0,0,13,0.0001,0.00,0.00,0.00
688.25,10,556156,0.2884,43.52,198.65,2300,2308,7,14,0,13,0,0,0,0,401.0,0,0,0,0,0,0,12,0.0002,3.94,19.60,160.38
688.5,10,556167,0.2884,42.48,198.70,2262,2291,8,19,0,14,0,0,0,0,401.0,0,0,0,0,0,0,13,0.0001,0.00,0.00,0.00
688.75,10,556142,0.2884,42.09,198.69,2236,2225,10,14,0,13,0,0,0,0,401.0,0,0,0,0,0,0,12,0.0002,0.00,0.00,0.00
689,10,556183,0.2884,42.91,198.64,2215,2264,4,10,0,14,0,0,0,0,401.0,0,0,0,0,0,0,13,0.0001,0.00,0.00,0.00
689.25,10,556212,0.2884,42.51,198.47,2243,2285,8,14,0,14,0,0,0,0,401.0,0,0,0,0,0,0,12,0.0002,0.00,0.00,0.00
689.5,10,556262,0.2884,43.80,196.72,2212,2271,5,9,0,15,0,0,0,0,401.0,0,0,0,0,0,0,13,0.0000,0.00,0.00,0.00
689.75,10,556297,0.2884,44.20,193.82,2228,2274,7,11,0,14,0,0,0,0,401.0,0,0,0,0,0,0,12,0.0001,0.00,0.00,0.00
690,10,556392,0.2883,45.33,190.20,2230,2337,9,13,0,13,0,0,0,0,401.0,0,0,0,0,0,0,12,0.0002,0.00,0.00,0.00
690.25,10,556340,0.2884,44.90,189.19,2336,2292,9,8,0,13,0,0,0,0,397.8,0,0,0,0,0,0,13,0.0001,3.67,11.47,62.69
690.5,10,556374,0.2883,45.67,190.85,2289,2335,3,12,0,13,0,0,0,0,397.8,0,0,0,0,0,0,12,0.0002,0.00,0.00,0.00
690.75,10,556375,0.2884,45.25,192.04,2352,2361,4,8,0,14,0,0,0,0,397.8,0,0,0,0,0,0,12,0.0003,0.00,0.00,0.00
691,10,556313,0.2884,46.12,192.74,2347,2290,14,9,0,17,0,0,0,0,397.8,0,0,0,0,0,0,13,0.0001,0.00,0.00,0.00
691.25,10,556309,0.2884,45.33,193.07,2338,2342,13,8,0,15,0,0,0,0,397.8,0,0,0,0,0,0,12,0.0001,0.00,0.00,0.00
691.5,10,556261,0.2885,45.97,193.60,2279,2243,7,12,1,15,0,0,0,0,397.8,0,0,0,0,0,0,12,0.0002,0.00,0.00,0.00
691.75,10,556276,0.2885,45.20,194.18,2265,2292,9,13,0,17,0,0,0,0,397.8,0,0,0,0,0,0,13,0.0000,0.00,0.00,0.00
692,10,556317,0.2885,45.95,194.51,2269,2315,5,5,0,16,0,0,0,0,397.8,0,0,0,0,0,0,12,0.0001,0.00,0.00,0.00
692.25,10,556324,0.2885,44.95,195.28,2270,2285,8,8,0,16,0,0,1,0,397.8,0,0,0,0,0,0,12,0.0001,4.86,13.31,90.23
692.5,10,556340,0.2885,44.94,195.97,2206,2235,3,13,0,12,0,0,0,0,397.8,0,0,0,0,0,0,12,0.0002,0.00,0.00,0.00
692.75,10,556327,0.2885,44.63,196.61,2252,2245,10,6,0,13,0,0,0,0,397.8,0,0,0,0,0,0,12,0.0002,0.00,0.00,0.00
693,10,556380,0.2885,44.96,197.14,2248,2305,11,6,0,16,0,0,0,0,397.8,0,0,0,0,0,0,12,0.0003,0.00,0.00,0.00
693.25,10,556290,0.2886,43.33,197.55,2248,2160,9,2,0,18,0,0,0,0,397.8,0,0,0,0,0,0,12,0.0003,0.00,0.00,0.00
693.5,10,556277,0.2886,44.11,197.71,2213,2203,10,6,0,15,0,0,0,0,397.8,0,0,0,0,0,0,13,0.0000,0.00,0.00,0.00
693.75,10,556285,0.2886,43.21,197.49,2245,2258,8,6,0,16,0,0,0,0,397.8,0,0,0,0,0,0,12,0.0000,0.00,0.00,0.00
694,10,556259,0.2887,44.00,196.57,2229,2208,7,5,0,14,0,0,0,0,397.8,0,0,0,0,0,0,12,0.0000,0.00,0.00,0.00
694.25,10,556285,0.2887,43.17,197.02,2174,2209,3,9,0,16,0,0,0,0,397.8,0,0,0,0,0,0,12,0.0000,4.94,22.25,85.73
694.5,10,556229,0.2887,43.83,196.31,2225,2175,11,6,0,17,0,0,0,0,397.8,0,0,0,0,0,0,12,0.0000,0.00,0.00,0.00
694.75,10,556205,0.2887,42.93,196.84,2226,2209,10,7,0,14,0,0,0,0,397.8,0,0,0,0,0,0,11,0.0003,0.00,0.00,0.00
695,10,556258,0.2887,43.52,197.33,2147,2205,7,6,0,14,0,0,0,0,397.8,0,0,0,0,0,0,12,0.0003,0.00,0.00,0.00
695.25,10,556264,0.2887,42.51,197.73,2180,2191,9,5,0,13,0,0,0,0,397.8,0,0,0,0,0,0,12,0.0002,0.00,0.00,0.00
695.5,10,556242,0.2888,42.94,196.94,2205,2188,3,6,0,14,0,0,0,0,397.8,0,0,0,0,0,0,12,0.0002,0.00,0.00,0.00
695.75,10,556239,0.2888,41.85,197.16,2174,2176,2,5,3,16,0,0,0,0,397.8,0,0,0,0,0,0,12,0.0001,0.00,0.00,0.00
696,10,556126,0.2889,41.76,197.54,2187,2084,3,10,3,15,0,0,0,0,397.8,0,0,0,0,0,0,12,0.0001,0.00,0.00,0.00
696.25,10,556156,0.2889,40.97,197.70,2157,2191,7,5,0,15,0,0,0,0,397.8,0,0,0,0,0,0,12,0.0000,2.97,32.07,65.69
696.5,10,556123,0.2889,41.57,197.86,2154,2129,9,8,0,12,0,0,0,0,397.8,0,0,0,0,0,0,11,0.0003,0.00,0.00,0.00
696.75,10,556124,0.2889,40.80,198.16,2146,2154,3,7,0,16,0,0,0,0,397.8,0,0,0,0,0,0,12,0.0002,0.00,0.00,0.00
697,10,556196,0.2889,40.58,198.45,2098,2177,2,7,0,15,0,0,0,0,397.8,0,0,0,0,0,0,12,0.0001,0.00,0.00,0.00
697.25,10,556208,0.2889,40.76,198.65,2165,2179,5,2,0,16,0,0,0,0,397.8,0,0,0,0,0,0,12,0.0000,0.00,0.00,0.00
697.5,10,556204,0.2889,40.89,198.79,2180,2180,2,4,0,15,0,0,0,0,397.8,0,0,0,0,0,0,11,0.0002,0.00,0.00,0.00
697.75,10,556183,0.2890,40.97,198.92,2158,2141,2,4,0,12,0,0,0,0,397.8,0,0,0,0,0,0,12,0.0001,0.00,0.00,0.00
698,10,556152,0.2890,41.25,199.06,2204,2176,1,3,0,13,0,0,0,0,397.8,0,0,0,0,0,0,11,0.0003,0.00,0.00,0.00
698.25,10,556135,0.2890,41.19,199.15,2195,2183,2,5,0,16,0,0,0,0,397.8,0,0,0,0,0,0,12,0.0001,3.15,11.48,93.75
698.5,10,556201,0.2890,41.62,199.20,2093,2163,4,5,0,15,0,0,0,0,397.8,0,0,0,0,0,0,11,0.0003,0.00,0.00,0.00
698.75,10,556203,0.2891,41.42,199.30,2213,2219,2,4,0,16,0,0,0,0,397.8,0,0,0,0,0,0,12,0.0001,0.00,0.00,0.00
699,10,556151,0.2891,41.67,199.23,2161,2114,0,5,0,13,0,0,0,0,397.8,0,0,0,0,0,0,11,0.0003,0.00,0.00,0.00
699.25,10,556163,0.2891,41.51,199.30,2153,2168,0,3,0,15,0,0,0,0,397.8,0,0,0,0,0,0,12,0.0001,0.00,0.00,0.00
699.5,10,556108,0.2892,41.78,199.39,2178,2124,0,1,0,13,0,0,0,0,397.8,0,0,0,0,0,0,11,0.0002,0.00,0.00,0.00
699.75,10,556056,0.2892,41.54,199.17,2191,2141,2,2,0,12,0,0,0,0,397.8,0,0,0,0,0,0,11,0.0003,0.00,0.00,0.00
700,10,556094,0.2892,41.65,199.11,2130,2169,55,1,0,15,0,0,0,0,397.8,0,0,0,0,0,0,12,0.0001,0.00,0.00,0.00
700.25,10,556157,0.2892,41.46,198.66,2076,2141,0,2,0,13,0,0,0,0,374.1,0,0,0,0,0,0,11,0.0001,2.65,8.31,103.63
700.5,10,556112,0.2893,41.13,198.84,2183,2139,2,1,0,13,0,0,0,0,374.1,0,0,0,0,0,0,11,0.0002,0.00,0.00,0.00
700.75,10,556154,0.2893,40.75,198.97,2117,2160,1,1,0,14,0,0,0,0,374.1,0,0,0,0,0,0,11,0.0003,0.00,0.00,0.00
701,10,556126,0.2893,40.23,199.07,2083,2056,0,1,0,15,0,0,0,0,374.1,0,0,0,0,0,0,12,0.0000,0.00,0.00,0.00
701.25,10,556175,0.2893,40.46,199.15,2025,2076,2,2,0,12,0,0,0,0,374.1,0,0,0,0,0,0,11,0.0000,0.00,0.00,0.00
701.5,10,556237,0.2893,39.32,199.19,1992,2060,1,6,0,13,0,0,0,0,374.1,0,0,0,0,0,0,11,0.0001,0.00,0.00,0.00
701.75,10,556202,0.2894,39.35,199.20,2005,1974,5,4,0,11,0,0,0,0,374.1,0,0,0,0,0,0,11,0.0001,0.00,0.00,0.00
702,10,556277,0.2893,38.46,199.18,1955,2031,6,1,0,12,0,0,0,0,374.1,0,0,0,0,0,0,11,0.0001,0.00,0.00,0.00
702.25,10,556367,0.2893,39.21,199.17,1931,2022,5,2,0,11,0,0,0,0,374.1,0,0,0,0,0,0,11,0.0001,3.26,11.89,564.08
702.5,10,556369,0.2893,38.60,199.15,1977,1981,7,2,0,12,0,0,0,0,374.1,0,0,0,0,0,0,11,0.0001,0.00,0.00,0.00
702.75,10,556289,0.2894,39.21,199.06,2027,1957,3,10,0,15,0,0,0,0,374.1,0,0,0,0,0,0,11,0.0001,0.00,0.00,0.00
703,10,556309,0.2894,38.67,199.04,2013,2044,7,11,0,12,0,0,0,0,374.1,0,0,0,0,0,0,11,0.0001,0.00,0.00,0.00
703.25,10,556298,0.2894,38.89,198.92,2034,2030,8,7,0,12,0,0,0,0,374.1,0,0,0,0,0,0,11,0.0001,0.00,0.00,0.00
703.5,10,556302,0.2894,38.21,198.84,2050,2066,11,13,0,14,0,0,0,0,374.1,0,0,0,0,0,0,11,0.0001,0.00,0.00,0.00
703.75,10,556322,0.2894,38.43,198.67,1960,1998,7,18,0,17,0,0,0,0,374.1,0,0,0,0,0,0,11,0.0001,0.00,0.00,0.00
704,10,556301,0.2894,36.13,198.63,2024,2010,12978,7,0,13,0,0,0,0,374.1,0,0,0,0,0,0,11,0.0001,0.00,0.00,0.00
704.25,10,556399,0.2894,35.12,198.61,2118,2220,0,4,0,11,0,0,0,0,374.1,0,0,0,0,0,0,11,0.0001,2.70,14.86,75.29
704.5,10,556330,0.2894,32.60,198.56,2250,2185,6,4,0,14,0,0,0,0,374.1,0,0,0,0,0,0,11,0.0001,0.00,0.00,0.00
704.75,10,556312,0.2895,31.08,198.45,2119,2107,4,6,0,11,0,0,0,0,374.1,0,0,0,0,0,0,11,0.0000,0.00,0.00,0.00
705,10,556192,0.2895,32.52,198.41,2140,2029,3,10,2,15,0,0,0,0,374.1,0,0,0,0,0,0,11,0.0000,0.00,0.00,0.00
705.25,10,556222,0.2895,32.82,198.40,1982,2019,2,7,0,14,0,0,0,0,374.1,0,0,0,0,0,0,10,0.0003,0.00,0.00,0.00
705.5,10,556217,0.2896,33.08,198.17,2067,2067,3,5,0,13,0,0,0,0,374.1,0,0,0,0,0,0,11,0.0002,0.00,0.00,0.00
705.75,10,556194,0.2896,33.33,198.09,2082,2065,3,6,0,14,0,0,0,0,374.1,0,0,0,0,0,0,11,0.0002,0.00,0.00,0.00
706,10,556151,0.2896,33.64,197.99,2081,2046,0,8,0,15,0,0,0,0,374.1,0,0,0,0,0,0,11,0.0001,0.00,0.00,0.00
706.25,10,556202,0.2896,33.94,197.83,2069,2125,2,5,0,12,0,0,0,0,374.1,0,0,0,0,0,0,11,0.0000,3.69,20.73,103.21
706.5,10,556244,0.2896,34.47,197.74,2101,2145,0,2,0,11,0,0,0,0,374.1,0,0,0,0,0,0,10,0.0002,0.00,0.00,0.00
706.75,10,556295,0.2896,34.64,197.62,2121,2174,0,2,0,13,0,0,0,0,374.1,0,0,0,0,0,0,11,0.0001,0.00,0.00,0.00
707,10,556347,0.2896,35.10,197.49,2109,2162,2,1,0,12,0,0,0,0,374.1,0,0,0,0,0,0,10,0.0003,0.00,0.00,0.00
707.25,10,556424,0.2896,35.27,197.25,2107,2185,0,1,1,13,0,0,0,0,374.1,0,0,0,0,0,0,11,0.0001,0.00,0.00,0.00
707.5,10,556464,0.2896,35.71,196.93,2080,2121,1,1,1,14,0,0,0,0,374.1,0,0,0,0,0,0,11,0.0000,0.00,0.00,0.00
707.75,10,556474,0.2896,35.81,196.52,2162,2172,2,0,0,12,0,0,0,0,374.1,0,0,0,0,0,0,10,0.0001,0.00,0.00,0.00
708,10,556530,0.2896,36.15,196.53,2187,2243,1,0,2,16,0,0,0,0,374.1,0,0,0,0,0,0,10,0.0003,0.00,0.00,0.00
708.25,10,556523,0.2896,36.14,196.98,2175,2168,2,0,2,15,0,0,0,0,374.1,0,0,0,0,0,0,11,0.0001,2.88,20.09,43.37
708.5,10,556627,0.2896,36.26,197.37,2083,2187,1,0,1,13,0,0,0,0,374.1,0,0,0,0,0,0,10,0.0002,0.00,0.00,0.00
708.75,10,556590,0.2897,36.10,197.63,2236,2199,0,0,1,11,0,0,0,0,374.1,0,0,0,0,0,0,11,0.0000,0.00,0.00,0.00
709,10,556627,0.2897,36.09,197.92,2189,2226,1,0,0,12,0,0,0,0,374.1,0,0,0,0,0,0,10,0.0001,0.00,0.00,0.00
709.25,10,556733,0.2896,35.83,198.20,2098,2204,1,0,0,11,0,0,0,0,374.1,0,0,0,0,0,0,10,0.0002,0.00,0.00,0.00
709.5,10,556782,0.2896,35.79,198.47,2169,2219,5,1,0,15,0,0,0,0,374.1,0,0,0,0,0,0,11,0.0000,0.00,0.00,0.00
709.75,10,556844,0.2896,35.55,198.70,2173,2237,4,3,0,11,0,0,0,0,374.1,0,0,0,0,0,0,10,0.0001,0.00,0.00,0.00
710,10,556874,0.2896,35.51,198.83,2156,2186,1,0,1,12,0,0,0,0,374.1,0,0,0,0,0,0,10,0.0001,0.00,0.00,0.00
710.25,10,556925,0.2896,35.27,198.99,2119,2170,9,0,0,11,0,0,0,0,325.6,0,0,0,0,0,0,10,0.0002,3.42,14.70,77.28
710.5,10,557033,0.2896,35.30,199.05,2029,2142,3,5,0,11,0,0,0,0,325.6,0,0,0,0,0,0,10,0.0002,0.00,0.00,0.00
710.75,10,557181,0.2895,35.03,199.17,2020,2172,5,5,0,11,0,0,0,0,325.6,0,0,0,0,0,0,10,0.0003,0.00,0.00,0.00
711,10,557224,0.2895,34.79,198.57,2106,2154,4,5,0,13,0,0,0,0,325.6,0,0,0,0,0,0,11,0.0000,0.00,0.00,0.00
711.25,10,557185,0.2896,34.31,197.47,2117,2080,3,2,0,12,0,0,0,0,325.6,0,0,0,0,0,0,10,0.0000,0.00,0.00,0.00
711.5,10,557257,0.2896,34.10,196.48,2065,2142,4,5,0,12,0,0,0,0,325.6,0,0,0,0,0,0,10,0.0001,0.00,0.00,0.00
711.75,10,557227,0.2896,33.77,196.09,2068,2043,0,5,0,11,0,0,0,0,325.6,0,0,0,0,0,0,10,0.0001,0.00,0.00,0.00
712,10,557220,0.2896,33.61,196.14,2074,2071,2,4,0,12,0,0,0,0,325.6,0,0,0,0,0,0,10,0.0000,0.00,0.00,0.00
712.25,10,557189,0.2896,33.41,196.30,2032,2004,5,3,0,11,0,0,0,0,325.6,0,0,0,0,0,0,10,0.0000,3.66,12.67,38.43
712.5,10,557234,0.2896,33.33,196.43,2025,2072,3,2,0,9,0,0,0,0,325.6,0,0,0,0,0,0,9,0.0003,0.00,0.00,0.00
712.75,10,557232,0.2897,33.11,196.70,2011,2011,2,2,0,11,0,0,0,0,325.6,0,0,0,0,0,0,10,0.0002,0.00,0.00,0.00
713,10,557256,0.2897,32.99,197.16,1985,2011,2,2,0,10,0,0,0,0,325.6,0,0,0,0,0,0,10,0.0002,0.00,0.00,0.00
713.25,10,557362,0.2896,32.79,197.60,1958,2065,1,1,0,12,0,0,0,0,325.6,0,0,0,0,0,0,10,0.0001,0.00,0.00,0.00
713.5,10,557406,0.2896,32.74,197.92,1955,2004,1,5,0,12,0,0,0,0,325.6,0,0,0,0,0,0,10,0.0001,0.00,0.00,0.00
713.75,10,557461,0.2896,32.56,198.22,1917,1973,2,1,0,10,0,0,0,0,325.6,0,0,0,0,0,0,9,0.0003,0.00,0.00,0.00
714,10,557422,0.2897,32.37,198.43,1980,1944,2,3,1,10,0,0,0,0,325.6,0,0,0,0,0,0,10,0.0002,0.00,0.00,0.00
714.25,10,557435,0.2897,32.15,198.38,1961,1975,5,1,0,11,0,0,0,0,325.6,0,0,0,0,0,0,10,0.0001,4.13,12.15,49.85
714.5,10,557483,0.2897,32.01,198.39,1973,2022,0,1,0,9,0,0,0,0,325.6,0,0,0,0,0,0,9,0.0003,0.00,0.00,0.00
714.75,10,557469,0.2897,31.84,198.51,1921,1908,5,2,0,11,0,0,0,0,325.6,0,0,0,0,0,0,10,0.0002,0.00,0.00,0.00
715,10,557516,0.2897,31.77,198.58,1875,1925,1,3,0,13,0,0,0,0,325.6,0,0,0,0,0,0,10,0.0000,0.00,0.00,0.00
715.25,10,557565,0.2897,31.61,198.70,1838,1890,1,3,0,9,0,0,0,0,325.6,0,0,0,0,0,0,9,0.0002,0.00,0.00,0.00
715.5,10,557537,0.2897,31.41,198.80,1894,1867,0,1,0,11,0,0,0,0,325.6,0,0,0,0,0,0,10,0.0001,0.00,0.00,0.00
715.75,10,557550,0.2897,31.21,198.95,1831,1847,0,3,0,9,0,0,0,0,325.6,0,0,0,0,0,0,9,0.0002,0.00,0.00,0.00
716,10,557599,0.2897,31.08,199.06,1794,1845,1,2,0,11,0,0,0,0,325.6,0,0,0,0,0,0,10,0.0001,0.00,0.00,0.00
716.25,10,557709,0.2896,31.07,199.17,1719,1834,0,5,0,10,0,0,0,0,325.6,0,0,0,0,0,0,9,0.0002,4.45,14.95,66.55
716.5,10,557783,0.2896,31.08,199.26,1711,1788,1,3,0,14,0,0,0,0,325.6,0,0,0,0,0,0,10,0.0000,0.00,0.00,0.00
716.75,10,557772,0.2896,31.13,199.32,1773,1767,0,5,0,10,0,0,0,0,325.6,0,0,0,0,0,0,9,0.0001,0.00,0.00,0.00
717,10,557831,0.2896,31.21,199.40,1684,1748,0,5,0,10,0,0,0,0,325.6,0,0,0,0,0,0,9,0.0002,0.00,0.00,0.00
717.25,10,557904,0.2896,31.25,199.47,1676,1753,1,4,0,12,0,0,0,0,325.6,0,0,0,0,0,0,10,0.0000,0.00,0.00,0.00
717.5,10,557966,0.2896,31.24,199.55,1670,1733,0,1,0,9,0,0,0,0,325.6,0,0,0,0,0,1,9,0.0001,0.00,0.00,0.00
717.75,9,558037,0.2896,31.27,199.60,1664,1737,0,2,1,9,0,0,0,0,325.6,0,0,0,0,0,1,9,0.0002,0.00,0.00,0.00
718,9,558061,0.2896,31.36,199.66,1664,1690,0,2,1,9,0,0,0,0,325.6,0,0,0,0,0,0,9,0.0003,0.00,0.00,0.00
718.25,9,558127,0.2895,31.50,199.70,1640,1710,0,4,1,11,0,0,0,0,325.6,0,0,0,0,0,0,10,0.0000,4.17,13.42,54.63
718.5,9,558182,0.2895,31.65,199.74,1641,1699,0,3,1,10,0,0,0,0,325.6,0,0,0,0,0,0,9,0.0001,0.00,0.00,0.00
718.75,9,558234,0.2895,31.85,199.78,1653,1710,1,5,1,10,0,0,0,0,325.6,0,0,0,0,0,0,9,0.0001,0.00,0.00,0.00
719,9,558253,0.2895,32.07,199.81,1666,1686,2,1,1,11,0,0,0,0,325.6,0,0,0,0,0,0,9,0.0001,0.00,0.00,0.00
719.25,9,558247,0.2895,32.30,199.83,1652,1647,0,1,0,12,0,0,0,0,325.6,0,0,0,0,0,0,9,0.0002,0.00,0.00,0.00
719.5,9,558264,0.2895,32.48,199.85,1672,1689,0,0,0,10,0,0,0,0,325.6,0,0,0,0,0,0,9,0.0002,0.00,0.00,0.00
719.75,9,558254,0.2896,32.63,199.87,1656,1646,0,0,1,9,0,0,0,0,325.6,0,0,0,0,0,0,9,0.0002,0.00,0.00,0.00
720,9,558290,0.2896,32.75,199.88,1631,1667,0,0,0,10,0,0,0,0,325.6,0,0,0,0,0,0,9,0.0002,0.00,0.00,0.00
720.25,9,558309,0.2896,32.79,199.86,1636,1655,0,0,0,9,0,0,0,0,241.8,0,0,0,0,0,0,9,0.0002,3.66,11.27,34.12
720.5,9,558386,0.2896,32.87,199.88,1586,1663,0,0,0,10,0,0,0,0,241.8,0,0,0,0,0,0,9,0.0002,0.00,0.00,0.00
720.75,9,558371,0.2896,32.87,199.87,1622,1607,0,0,1,10,0,0,0,0,241.8,0,0,0,0,0,0,9,0.0001,0.00,0.00,0.00
721,9,558494,0.2895,32.91,199.87,1564,1687,1,0,0,11,0,0,0,0,241.8,0,0,0,0,0,0,9,0.0001,0.00,0.00,0.00
721.25,9,558479,0.2896,32.94,199.86,1630,1615,0,0,0,10,0,0,0,0,241.8,0,0,0,0,0,0,9,0.0001,0.00,0.00,0.00
721.5,9,558535,0.2896,33.00,199.85,1617,1673,1,0,0,10,0,0,0,0,241.8,0,0,0,0,0,0,9,0.0000,0.00,0.00,0.00
721.75,9,558557,0.2896,33.04,199.87,1597,1619,0,0,0,10,0,0,0,0,241.8,0,0,0,0,0,0,8,0.0003,0.00,0.00,0.00
722,9,558608,0.2896,33.12,199.77,1596,1647,0,0,0,9,0,0,0,0,241.8,0,0,0,0,0,0,9,0.0002,0.00,0.00,0.00
722.25,9,558603,0.2896,33.26,199.72,1604,1600,0,1,0,10,0,0,0,0,241.8,0,0,0,0,0,0,9,0.0001,3.45,11.07,30.72
722.5,9,558709,0.2895,33.42,199.71,1556,1663,0,1,0,9,0,0,0,0,241.8,0,0,0,0,0,0,9,0.0001,0.00,0.00,0.00
722.75,9,558788,0.2895,33.63,199.64,1551,1631,1,1,0,9,0,0,0,0,241.8,0,0,0,0,0,0,8,0.0003,0.00,0.00,0.00
723,9,558852,0.2895,33.85,199.63,1592,1656,2,0,0,9,0,0,0,0,241.8,0,0,0,0,0,0,9,0.0002,0.00,0.00,0.00
723.25,9,558886,0.2895,34.03,199.58,1606,1640,0,0,0,9,0,0,0,0,241.8,0,0,0,0,0,0,9,0.0001,0.00,0.00,0.00
723.5,9,558942,0.2895,34.26,199.52,1580,1636,1,0,0,9,0,0,0,0,241.8,0,0,0,0,0,0,9,0.0000,0.00,0.00,0.00
723.75,9,558952,0.2895,34.45,199.51,1608,1619,0,1,0,9,0,0,0,0,241.8,0,0,0,0,0,0,8,0.0002,0.00,0.00,0.00
724,9,558998,0.2895,34.62,199.50,1583,1629,1,0,0,9,0,0,0,0,241.8,0,0,0,0,0,0,9,0.0001,0.00,0.00,0.00
724.25,9,559044,0.2895,34.73,199.46,1571,1617,0,0,0,9,0,0,0,0,241.8,0,0,0,0,0,0,8,0.0003,3.05,11.79,24.06
724.5,9,559146,0.2895,34.86,199.03,1524,1626,0,0,0,10,0,0,0,0,241.8,0,0,0,0,0,0,9,0.0001,0.00,0.00,0.00
724.75,9,559135,0.2895,34.92,199.04,1639,1628,1,0,0,9,0,0,0,0,241.8,0,0,0,0,0,0,9,0.0000,0.00,0.00,0.00
725,9,559221,0.2895,35.02,198.75,1585,1672,0,1,0,8,0,0,0,0,241.8,0,0,0,0,0,0,8,0.0002,0.00,0.00,0.00
725.25,9,559274,0.2894,35.16,198.75,1581,1634,1,0,0,9,0,0,0,0,241.8,0,0,0,0,0,0,9,0.0000,0.00,0.00,0.00
725.5,9,559205,0.2895,35.26,198.63,1692,1624,0,1,0,8,0,0,0,0,241.8,0,0,0,0,0,0,8,0.0002,0.00,0.00,0.00
725.75,9,559287,0.2895,35.33,198.10,1571,1653,0,0,0,9,0,0,0,0,241.8,0,0,0,0,0,0,9,0.0000,0.00,0.00,0.00
726,9,559326,0.2895,35.38,198.06,1590,1630,0,1,0,10,0,0,0,0,241.8,0,0,0,0,0,0,8,0.0001,0.00,0.00,0.00
726.25,9,559259,0.2895,35.37,198.10,1663,1596,0,0,0,8,0,0,0,0,241.8,0,0,0,0,0,0,8,0.0003,2.94,10.50,26.79
726.5,9,559343,0.2895,35.33,197.75,1579,1663,0,0,0,10,0,0,0,0,241.8,0,0,0,0,0,0,9,0.0001,0.00,0.00,0.00
726.75,9,559398,0.2895,35.29,197.84,1610,1665,0,0,0,9,0,0,0,0,241.8,0,0,0,0,0,0,8,0.0002,0.00,0.00,0.00
727,9,559346,0.2895,35.21,197.96,1640,1588,0,0,0,9,0,0,0,0,241.8,0,0,0,0,0,0,8,0.0003,0.00,0.00,0.00
727.25,9,559338,0.2895,35.13,198.04,1611,1603,1,0,0,9,0,0,0,0,241.8,0,0,0,0,0,0,9,0.0001,0.00,0.00,0.00
727.5,9,559338,0.2896,35.05,198.10,1602,1602,1,0,0,9,0,0,0,0,241.8,0,0,0,0,0,0,8,0.0002,0.00,0.00,0.00
727.75,9,559374,0.2896,35.04,198.19,1556,1593,0,1,0,8,0,0,0,0,241.8,0,0,0,0,0,0,8,0.0003,0.00,0.00,0.00
728,9,559347,0.2896,35.08,197.46,1619,1592,1,0,0,11,0,0,0,0,241.8,0,0,0,0,0,0,9,0.0000,0.00,0.00,0.00
728.25,9,559371,0.2896,35.02,196.38,1564,1588,0,0,0,8,0,0,0,0,241.8,0,0,0,0,0,0,8,0.0001,3.14,9.59,37.49
728.5,9,559357,0.2896,34.89,192.96,1591,1577,0,0,0,9,0,0,0,0,241.8,0,0,0,0,0,0,8,0.0002,0.00,0.00,0.00
728.75,9,559341,0.2897,34.80,188.55,1566,1550,0,0,0,8,0,0,0,0,241.8,0,0,0,0,0,0,8,0.0002,0.00,0.00,0.00
729,9,559296,0.2897,34.61,187.12,1564,1519,2,0,1,8,0,0,0,0,241.8,0,0,0,0,0,0,8,0.0003,0.00,0.00,0.00
729.25,9,559289,0.2897,34.03,187.52,1541,1534,1,0,3,9,0,0,0,0,241.8,0,0,0,0,0,1,9,0.0000,0.00,0.00,0.00
729.5,8,559337,0.2897,33.12,176.47,1463,1511,1,0,0,9,0,0,0,0,241.8,0,0,0,0,0,1,8,0.0000,0.00,0.00,0.00
729.75,8,559303,0.2897,32.00,172.58,1468,1432,7,2,0,8,0,0,0,0,241.8,0,0,0,0,0,0,8,0.0001,0.00,0.00,0.00
730,8,559275,0.2898,30.90,168.12,1384,1361,5,5,2,8,0,0,0,0,241.8,0,0,0,0,0,0,8,0.0001,0.00,0.00,0.00
730.25,8,559264,0.2898,30.34,166.39,1341,1334,12,5,2,9,0,0,0,0,182.6,0,0,0,0,0,0,8,0.0001,2.81,11.87,116.61
730.5,8,559185,0.2898,30.32,169.10,1372,1313,8,20,2,8,0,0,0,0,182.6,0,0,0,0,0,0,8,0.0001,0.00,0.00,0.00
730.75,8,559163,0.2898,30.91,171.10,1353,1350,26,20,5,8,0,0,0,0,182.6,0,0,0,0,0,0,8,0.0002,0.00,0.00,0.00
731,8,559117,0.2898,31.44,172.00,1385,1353,6,14,1,9,0,0,0,0,182.6,0,0,0,0,0,0,8,0.0002,0.00,0.00,0.00
731.25,8,559169,0.2897,31.76,170.20,1341,1409,5,16,3,8,0,0,0,0,182.6,0,0,0,0,0,0,8,0.0002,0.00,0.00,0.00
731.5,8,559147,0.2897,31.81,162.37,1434,1422,3,10,0,8,0,0,0,0,182.6,0,0,0,0,0,0,8,0.0003,0.00,0.00,0.00
731.75,8,559115,0.2898,31.76,159.22,1466,1441,6,9,0,9,0,0,0,0,182.6,0,0,0,0,0,0,9,0.0000,0.00,0.00,0.00
732,8,559095,0.2898,31.55,158.22,1461,1445,6,5,0,8,0,0,0,0,182.6,0,0,0,0,0,0,8,0.0001,0.00,0.00,0.00
732.25,8,559065,0.2898,31.17,154.36,1482,1455,3,3,0,8,0,0,0,0,182.6,0,0,0,0,0,0,8,0.0001,3.68,10.66,49.20
732.5,8,559099,0.2898,30.75,153.70,1424,1458,8,1,0,8,0,0,0,0,182.6,0,0,0,0,0,0,8,0.0001,0.00,0.00,0.00
732.75,8,559047,0.2898,30.24,152.14,1447,1401,2,6,0,9,0,0,0,0,182.6,0,0,0,0,0,0,8,0.0002,0.00,0.00,0.00
733,8,558974,0.2899,29.70,147.25,1452,1382,6,3,0,10,0,0,0,0,182.6,0,0,0,0,0,0,8,0.0002,0.00,0.00,0.00
733.25,8,558996,0.2899,29.22,140.60,1371,1393,8,1,0,9,0,0,0,0,182.6,0,0,0,0,0,0,8,0.0002,0.00,0.00,0.00
733.5,8,558934,0.2899,28.77,139.00,1377,1316,8,2,0,10,0,0,0,0,182.6,0,0,0,0,0,0,8,0.0002,0.00,0.00,0.00
733.75,8,558930,0.2900,28.45,144.65,1304,1301,3,1,0,9,0,0,0,0,182.6,0,0,0,0,0,0,8,0.0002,0.00,0.00,0.00
734,8,558898,0.2900,28.13,149.59,1279,1246,6,1,0,8,0,0,0,0,182.6,0,0,0,0,0,0,8,0.0002,0.00,0.00,0.00
734.25,8,558903,0.2900,27.83,153.80,1235,1242,4,2,0,9,0,0,0,1,182.6,0,0,0,0,0,0,8,0.0002,4.06,11.61,64.08
734.5,8,558950,0.2900,27.57,156.88,1186,1237,5,5,0,8,0,0,0,1,182.6,0,0,0,0,0,0,8,0.0002,0.00,0.00,0.00
734.75,8,558966,0.2900,27.22,159.90,1183,1205,6,6,0,8,0,0,0,1,182.6,0,0,0,0,0,0,8,0.0002,0.00,0.00,0.00
735,8,558971,0.2900,26.87,161.04,1189,1198,1,4,0,9,0,0,0,1,182.6,0,0,0,0,0,0,8,0.0002,0.00,0.00,0.00
735.25,8,558968,0.2900,26.67,162.57,1172,1172,150,3,0,9,0,0,0,1,182.6,0,0,0,0,0,0,8,0.0002,0.00,0.00,0.00
735.5,8,558952,0.2900,26.54,164.36,1152,1138,1,2,0,8,0,0,0,1,182.6,0,0,0,0,0,0,8,0.0001,0.00,0.00,0.00
735.75,8,558987,0.2900,26.48,165.68,1140,1179,1,4,0,9,0,0,0,1,182.6,0,0,0,0,0,0,8,0.0001,0.00,0.00,0.00
736,8,559034,0.2900,28.88,166.94,1096,1147,21790,4,0,8,0,0,0,1,182.6,0,0,0,0,0,0,8,0.0001,0.00,0.00,0.00
736.25,8,558932,0.2901,29.41,168.02,1365,1264,5,2,0,8,0,0,0,1,182.6,0,0,0,0,0,0,8,0.0001,6.18,19.05,66.55
736.5,8,558969,0.2901,30.00,169.07,1276,1315,5,3,0,8,0,0,0,1,182.6,0,0,0,0,0,0,8,0.0000,0.00,0.00,0.00
736.75,8,558957,0.2901,30.48,169.90,1272,1264,3,4,0,9,0,0,0,1,182.6,0,0,0,0,0,0,7,0.0003,0.00,0.00,0.00
737,8,558979,0.2901,30.85,169.98,1255,1281,5,4,0,9,0,0,0,1,182.6,0,0,0,0,0,0,8,0.0002,0.00,0.00,0.00
737.25,8,558999,0.2901,31.01,170.71,1212,1239,11,7,0,9,0,0,0,1,182.6,0,0,0,0,0,0,8,0.0002,0.00,0.00,0.00
737.5,8,559000,0.2901,31.35,171.24,1220,1228,4,7,0,9,0,0,0,1,182.6,0,0,0,0,0,0,8,0.0002,0.00,0.00,0.00
737.75,8,558997,0.2901,31.54,171.73,1255,1256,5,5,0,8,0,0,0,1,182.6,0,0,0,0,0,0,8,0.0001,0.00,0.00,0.00
738,8,558980,0.2901,31.70,171.12,1222,1209,4,4,1,9,0,0,0,1,182.6,0,0,0,0,0,0,8,0.0001,0.00,0.00,0.00
738.25,8,559030,0.2901,31.82,171.00,1211,1265,2,4,0,10,0,0,0,1,182.6,0,0,0,0,0,0,7,0.0003,3.73,18.45,51.60
738.5,8,559015,0.2901,31.90,170.66,1215,1203,5,3,0,9,0,0,0,1,182.6,0,0,0,0,0,0,8,0.0002,0.00,0.00,0.00
738.75,8,559068,0.2901,31.94,170.36,1165,1226,2,8,0,11,0,0,0,1,182.6,0,0,0,0,0,0,8,0.0002,0.00,0.00,0.00
739,8,559145,0.2901,32.13,170.22,1162,1242,2,3,0,10,0,0,0,1,182.6,0,0,0,0,0,0,8,0.0001,0.00,0.00,0.00
739.25,8,559165,0.2901,32.44,169.91,1227,1249,3,3,0,8,0,0,0,1,182.6,0,0,0,0,0,0,8,0.0000,0.00,0.00,0.00
739.5,8,559194,0.2901,32.62,167.95,1209,1244,3,6,0,8,0,0,0,1,182.6,0,0,0,0,0,0,7,0.0003,0.00,0.00,0.00
739.75,8,559255,0.2901,32.88,164.86,1166,1232,1,5,0,12,0,0,0,1,182.6,0,0,0,0,0,0,8,0.0002,0.00,0.00,0.00
740,8,559278,0.2901,33.06,159.69,1231,1256,2,2,0,10,0,0,0,1,182.6,0,0,0,0,0,0,8,0.0001,0.00,0.00,0.00
740.25,8,559339,0.2900,33.23,156.35,1235,1303,0,7,0,11,0,0,0,1,90.1,0,0,0,0,0,0,8,0.0000,4.35,21.97,31.93
740.5,8,559381,0.2900,33.28,152.03,1274,1318,3,2,0,7,0,0,0,1,90.1,0,0,0,0,0,0,7,0.0002,0.00,0.00,0.00
740.75,8,559432,0.2900,33.07,148.20,1253,1307,4,3,0,9,0,0,0,1,90.1,0,0,0,0,0,0,8,0.0001,0.00,0.00,0.00
741,8,559496,0.2900,32.66,145.33,1242,1312,1,6,0,8,0,0,0,1,90.1,0,0,0,0,0,0,8,0.0000,0.00,0.00,0.00
741.25,8,559516,0.2900,32.13,142.41,1242,1264,2,2,0,9,0,0,0,1,90.1,0,0,0,0,0,0,7,0.0002,0.00,0.00,0.00
741.5,8,559585,0.2900,31.43,140.62,1191,1261,2,1,0,9,0,0,0,1,90.1,0,0,0,0,0,0,8,0.0001,0.00,0.00,0.00
741.75,8,559612,0.2900,30.42,139.99,1244,1275,1,4,0,8,0,0,0,1,90.1,0,0,0,0,0,0,8,0.0000,0.00,0.00,0.00
742,8,559590,0.2900,29.21,138.75,1188,1166,0,0,0,10,0,0,0,1,90.1,0,0,0,0,0,0,7,0.0002,0.00,0.00,0.00
742.25,8,559616,0.2900,27.96,138.23,1106,1133,2,1,2,11,0,0,0,1,90.1,0,0,0,0,0,0,8,0.0001,4.53,17.57,91.27
742.5,8,559611,0.2900,26.98,138.11,1007,1003,0,1,0,8,0,0,0,1,90.1,0,0,0,0,0,0,8,0.0000,0.00,0.00,0.00
742.75,8,559693,0.2900,26.17,140.97,929,1012,0,1,0,8,0,0,0,1,90.1,0,0,0,0,0,0,7,0.0002,0.00,0.00,0.00
743,8,559693,0.2900,26.00,144.04,871,873,1,2,0,9,0,0,0,1,90.1,0,0,0,0,0,0,8,0.0000,0.00,0.00,0.00
743.25,8,559787,0.2900,26.45,147.41,785,879,0,0,0,8,0,0,0,1,90.1,0,0,0,0,0,0,7,0.0002,0.00,0.00,0.00
743.5,8,559846,0.2899,27.04,150.32,870,930,0,1,0,8,0,0,0,1,90.1,0,0,0,0,0,0,8,0.0001,0.00,0.00,0.00
743.75,8,559926,0.2899,27.16,152.54,919,1000,0,1,0,7,0,0,0,1,90.1,0,0,0,0,0,0,7,0.0002,0.00,0.00,0.00
744,8,559980,0.2899,27.84,155.03,860,916,1,2,0,9,0,0,0,1,90.1,0,0,0,0,0,0,8,0.0001,0.00,0.00,0.00
744.25,8,560045,0.2899,28.29,155.57,915,981,0,1,0,9,0,0,0,1,90.1,0,0,0,0,0,0,7,0.0002,4.33,13.86,59.56
744.5,8,560105,0.2899,28.69,157.15,949,1010,1,1,0,8,0,0,0,1,90.1,0,0,0,0,0,0,8,0.0001,0.00,0.00,0.00
744.75,8,560182,0.2898,29.16,158.73,929,1006,1,0,0,8,0,0,0,1,90.1,0,0,0,0,0,0,7,0.0002,0.00,0.00,0.00
745,8,560189,0.2898,29.55,159.97,998,1005,0,0,1,10,0,0,0,1,90.1,0,0,0,0,0,0,8,0.0001,0.00,0.00,0.00
745.25,8,560254,0.2898,29.97,160.85,952,1018,1,1,0,9,0,0,0,1,90.1,0,0,0,0,0,0,7,0.0002,0.00,0.00,0.00
745.5,8,560339,0.2898,30.33,161.81,1000,1087,2,2,0,11,0,0,0,1,90.1,0,0,0,0,0,0,8,0.0000,0.00,0.00,0.00
745.75,8,560456,0.2898,30.72,163.18,948,1066,1,1,0,9,0,0,0,1,90.1,0,0,0,0,0,0,7,0.0001,0.00,0.00,0.00
746,8,560496,0.2897,31.01,164.37,1014,1056,2,2,0,7,0,0,0,1,90.1,0,0,0,0,0,0,7,0.0002,0.00,0.00,0.00
746.25,8,560555,0.2897,31.28,165.61,989,1050,3,2,0,10,0,0,0,1,90.1,0,0,0,0,0,0,8,0.0001,3.88,14.44,59.43
746.5,9,560628,0.2897,31.52,167.54,1003,1078,2,2,0,8,1,0,0,0,90.1,0,0,0,0,0,0,7,0.0002,0.00,0.00,0.00
746.75,9,560630,0.2897,32.00,168.75,1054,1056,3,0,0,11,0,0,5,0,90.1,0,0,0,0,0,0,7,0.0003,0.00,0.00,0.00
747,9,560616,0.2898,34.12,168.36,1064,1051,3,1,0,8,0,0,0,0,90.1,0,0,0,0,0,0,8,0.0001,0.00,0.00,0.00
747.25,9,560605,0.2898,34.30,165.39,1116,1110,3,5,0,8,0,0,0,0,90.1,0,0,0,0,0,0,7,0.0002,0.00,0.00,0.00
747.5,9,560650,0.2897,34.92,158.86,1116,1167,3,6,0,10,0,0,0,0,90.1,0,0,0,0,0,0,7,0.0002,0.00,0.00,0.00
747.75,9,560709,0.2897,35.87,151.31,1080,1143,2,4,0,11,0,0,0,0,90.1,0,0,0,0,0,0,8,0.0000,0.00,0.00,0.00
748,9,560754,0.2897,36.54,141.69,1109,1157,5,3,0,10,0,0,0,0,90.1,0,0,0,0,0,0,7,0.0001,0.00,0.00,0.00
748.25,9,560814,0.2897,36.81,140.38,1145,1206,2,1,0,9,0,0,0,0,90.1,0,0,0,0,0,0,7,0.0002,5.07,15.81,65.11
748.5,9,560810,0.2897,36.77,141.73,1214,1211,6,1,0,8,0,0,0,0,90.1,0,0,0,0,0,0,7,0.0003,0.00,0.00,0.00
748.75,9,560837,0.2897,36.87,141.36,1194,1225,4,4,0,13,0,0,0,0,90.1,0,0,0,0,0,0,8,0.0000,0.00,0.00,0.00
749,9,560902,0.2897,36.68,142.71,1187,1257,2,5,0,7,0,0,0,0,90.1,0,0,0,0,0,0,7,0.0001,0.00,0.00,0.00
749.25,9,560932,0.2897,36.69,141.96,1195,1226,5,1,0,11,0,0,0,0,90.1,0,0,0,0,0,0,7,0.0002,0.00,0.00,0.00
749.5,9,561059,0.2896,36.54,142.46,1155,1283,1,1,0,9,0,0,0,0,90.1,0,0,0,0,0,0,7,0.0002,0.00,0.00,0.00
749.75,9,561039,0.2897,36.31,143.05,1234,1215,3,1,0,8,0,0,0,0,90.1,0,0,0,0,0,0,7,0.0003,0.00,0.00,0.00
750,9,561120,0.2896,36.06,143.53,1191,1273,1,1,0,11,0,0,0,0,90.1,0,0,0,0,0,0,8,0.0000,0.00,0.00,0.00
750.25,9,561126,0.2897,35.68,143.04,1228,1234,7,2,2,12,0,0,0,1,-0.2,0,0,0,0,0,0,7,0.0001,6.32,28.14,98.97
750.5,9,561204,0.2896,35.21,143.40,1165,1250,2,7,0,10,0,0,0,1,-0.2,0,0,0,0,0,0,7,0.0001,0.00,0.00,0.00
750.75,9,561236,0.2896,34.65,144.84,1205,1247,8,10,1,9,0,0,0,1,-0.2,0,0,0,0,0,0,7,0.0002,0.00,0.00,0.00
751,9,561256,0.2896,33.93,144.33,1178,1204,3,6,0,9,0,0,0,1,-0.2,0,0,0,0,0,0,7,0.0002,0.00,0.00,0.00
751.25,9,561267,0.2896,33.00,145.86,1144,1164,4,9,0,8,0,0,0,1,-0.2,0,0,0,0,0,0,7,0.0002,0.00,0.00,0.00
751.5,9,561280,0.2896,32.23,145.21,1134,1152,2,5,0,8,0,0,0,1,-0.2,0,0,0,0,0,0,7,0.0003,0.00,0.00,0.00
751.75,9,561351,0.2896,31.23,147.10,1088,1166,7,8,0,10,0,0,0,1,-0.2,0,0,0,0,0,0,8,0.0000,0.00,0.00,0.00
752,9,561448,0.2895,30.48,147.35,1035,1145,5,13,0,9,0,0,0,1,-0.2,0,0,0,0,0,0,7,0.0001,0.00,0.00,0.00
752.25,9,561442,0.2895,29.65,146.44,1079,1089,5,16,0,9,0,0,0,1,-0.2,0,0,0,0,0,0,7,0.0001,7.61,34.30,214.23
752.5,9,561512,0.2895,28.97,147.56,1018,1101,5,14,0,11,0,0,0,1,-0.2,0,0,0,0,0,0,7,0.0002,0.00,0.00,0.00
752.75,9,561595,0.2894,28.21,145.68,996,1092,4,14,0,8,0,0,0,1,-0.2,0,0,0,0,0,0,7,0.0003,0.00,0.00,0.00
753,9,561696,0.2894,27.60,147.50,955,1070,4,14,1,10,0,0,0,1,-0.2,0,0,0,0,0,0,8,0.0001,0.00,0.00,0.00
753.25,9,561757,0.2893,26.98,147.07,939,1013,8,13,1,8,0,0,0,1,-0.2,0,0,0,0,0,0,7,0.0001,0.00,0.00,0.00
753.5,9,561774,0.2893,26.44,148.02,969,1003,7,17,1,9,0,0,0,1,-0.2,0,0,0,0,0,0,7,0.0002,0.00,0.00,0.00
753.75,9,561837,0.2893,26.29,147.05,934,1008,131,11,1,11,0,0,0,1,-0.2,0,0,0,0,0,0,8,0.0000,0.00,0.00,0.00
754,9,561909,0.2892,26.20,149.17,884,966,2,10,1,9,0,0,0,1,-0.2,0,0,0,0,0,0,7,0.0001,0.00,0.00,0.00
754.25,9,562043,0.2891,25.93,149.49,874,1022,4,14,1,7,0,0,0,1,-0.2,0,0,0,0,0,0,7,0.0002,8.00,33.82,310.37
754.5,9,562034,0.2891,25.31,151.20,914,913,2281,8,0,11,0,0,0,1,-0.2,0,0,0,0,0,0,7,0.0003,0.00,0.00,0.00
754.75,9,562049,0.2891,25.49,148.70,934,958,2,9,0,10,0,0,0,1,-0.2,0,0,0,0,0,0,8,0.0000,0.00,0.00,0.00
755,9,562077,0.2891,25.77,149.67,967,1003,0,8,0,11,0,0,0,1,-0.2,0,0,0,0,0,0,7,0.0001,0.00,0.00,0.00
755.25,9,562192,0.2891,26.37,149.25,977,1100,2,9,0,8,0,0,0,1,-0.2,0,0,0,0,0,0,7,0.0002,0.00,0.00,0.00
755.5,9,562256,0.2890,27.01,151.16,1027,1099,0,8,0,9,0,0,0,1,-0.2,0,0,0,0,0,0,7,0.0002,0.00,0.00,0.00
755.75,9,562350,0.2890,27.41,148.25,1123,1225,1,8,0,9,0,0,0,1,-0.2,0,0,0,0,0,0,8,0.0000,0.00,0.00,0.00
756,9,562409,0.2890,27.75,150.25,1083,1152,0,10,0,8,0,0,0,1,-0.2,0,0,0,0,0,0,7,0.0001,0.00,0.00,0.00
756.25,9,562529,0.2889,28.07,148.07,1165,1293,1,8,0,8,0,0,0,1,-0.2,0,0,0,0,0,0,7,0.0001,7.22,20.18,227.30
756.5,9,562570,0.2889,28.84,147.96,1207,1256,2,8,0,8,0,0,0,1,-0.2,0,0,0,0,0,0,7,0.0002,0.00,0.00,0.00
756.75,9,562646,0.2889,29.30,147.02,1213,1293,6,5,0,9,0,0,0,1,-0.2,0,0,0,0,0,0,7,0.0002,0.00,0.00,0.00
757,9,562730,0.2888,29.69,147.31,1206,1296,5,6,0,9,0,0,0,1,-0.2,0,0,0,0,0,0,7,0.0002,0.00,0.00,0.00
757.25,9,562810,0.2888,30.13,146.48,1241,1331,9,10,0,9,0,0,0,1,-0.2,0,0,0,0,0,0,7,0.0003,0.00,0.00,0.00
757.5,9,562866,0.2887,30.32,147.12,1237,1308,6,15,1,8,0,0,0,1,-0.2,0,0,0,0,0,0,8,0.0000,0.00,0.00,0.00
757.75,9,562873,0.2887,30.67,146.65,1295,1315,2,13,0,8,0,0,0,1,-0.2,0,0,0,0,0,0,7,0.0000,0.00,0.00,0.00
758,9,562891,0.2887,30.56,147.01,1270,1302,2,14,4,9,0,0,0,1,-0.2,0,0,0,0,0,0,7,0.0001,0.00,0.00,0.00
758.25,9,562927,0.2887,30.57,146.85,1242,1286,6,8,1,7,0,0,0,1,-0.2,0,0,0,0,0,0,7,0.0001,6.17,18.49,142.25
758.5,9,562972,0.2886,30.65,146.23,1167,1231,5,19,0,10,0,0,0,1,-0.2,0,0,0,0,0,0,7,0.0001,0.00,0.00,0.00
758.75,9,563026,0.2886,30.84,146.16,1210,1278,2,14,0,9,0,0,0,1,-0.2,0,0,0,0,0,0,7,0.0002,0.00,0.00,0.00
759,9,563078,0.2886,30.91,145.72,1165,1226,2,9,0,7,0,0,0,1,-0.2,0,0,0,0,0,0,7,0.0002,0.00,0.00,0.00
759.25,9,563091,0.2886,31.25,145.47,1218,1246,1,15,0,10,0,0,0,1,-0.2,0,0,0,0,0,0,7,0.0002,0.00,0.00,0.00
759.5,9,563146,0.2885,31.17,145.24,1181,1249,1,13,0,7,0,0,0,1,-0.2,0,0,0,0,0,0,7,0.0002,0.00,0.00,0.00
759.75,9,563205,0.2885,31.13,144.71,1173,1242,1,10,0,7,0,0,0,1,-0.2,0,0,0,0,0,0,7,0.0002,0.00,0.00,0.00
760,9,563280,0.2884,31.08,145.48,1140,1229,1,14,0,10,0,0,0,1,-0.2,0,0,0,0,0,0,7,0.0003,0.00,0.00,0.00
760.25,9,563353,0.2884,31.14,144.65,1153,1236,1,10,0,8,0,0,0,1,-38.4,0,0,0,0,0,0,7,0.0003,5.79,18.33,120.24
760.5,9,563357,0.2884,31.43,144.34,1175,1186,5,7,0,9,0,0,0,1,-38.4,0,0,0,0,0,0,8,0.0000,0.00,0.00,0.00
760.75,9,563393,0.2884,31.41,144.03,1165,1213,4,12,0,11,0,0,0,1,-38.4,0,0,0,0,0,0,7,0.0000,0.00,0.00,0.00
761,9,563461,0.2883,31.61,144.14,1145,1230,2,17,0,8,0,0,0,1,-38.4,0,0,0,0,0,0,7,0.0000,0.00,0.00,0.00
761.25,9,563499,0.2883,31.56,141.19,1116,1172,3,18,0,7,0,0,0,1,-38.4,0,0,0,0,0,0,7,0.0001,0.00,0.00,0.00
761.5,9,563595,0.2882,31.65,142.80,1092,1202,3,14,0,8,0,0,0,1,-38.4,0,0,0,0,0,0,7,0.0001,0.00,0.00,0.00
761.75,9,563611,0.2882,31.57,140.62,1104,1133,0,13,0,9,0,0,0,1,-38.4,0,0,0,0,0,0,7,0.0001,0.00,0.00,0.00
762,9,563664,0.2882,31.69,142.34,1100,1162,3,9,0,9,0,0,0,1,-38.4,0,0,0,0,0,0,7,0.0002,0.00,0.00,0.00
762.25,9,563747,0.2882,31.61,140.52,1055,1148,1,10,0,9,0,0,0,1,-38.4,0,0,0,0,0,0,7,0.0002,4.38,15.58,95.26
762.5,9,563790,0.2881,31.82,139.23,1106,1159,1,10,0,8,0,0,0,1,-38.4,0,0,0,0,0,0,7,0.0002,0.00,0.00,0.00
762.75,9,563829,0.2881,32.18,141.52,1073,1123,1,11,0,10,0,0,0,1,-38.4,0,0,0,0,0,0,7,0.0003,0.00,0.00,0.00
763,9,563872,0.2881,32.53,139.21,1106,1157,19,8,0,9,0,0,0,1,-38.4,0,0,0,0,0,0,7,0.0003,0.00,0.00,0.00
763.25,9,563921,0.2881,32.85,137.83,1049,1108,1,10,0,9,0,0,0,1,-38.4,0,0,0,0,0,0,8,0.0000,0.00,0.00,0.00
763.5,9,563952,0.2881,33.28,140.03,1078,1118,0,9,0,10,0,0,0,1,-38.4,0,0,0,0,0,0,7,0.0001,0.00,0.00,0.00
763.75,9,564014,0.2880,33.52,137.05,1041,1109,0,6,0,8,0,0,0,1,-38.4,0,0,0,0,0,0,7,0.0001,0.00,0.00,0.00
764,9,564069,0.2880,33.68,135.41,1064,1127,0,8,0,12,0,0,0,1,-38.4,0,0,0,0,0,0,7,0.0001,0.00,0.00,0.00
764.25,9,564110,0.2880,33.98,137.30,1093,1140,1,6,0,9,0,0,0,1,-38.4,0,0,0,0,0,0,7,0.0001,4.28,11.23,67.43
764.5,9,564113,0.2880,34.24,134.30,1089,1099,1,7,0,10,0,0,0,1,-38.4,0,0,0,0,0,0,7,0.0002,0.00,0.00,0.00
764.75,9,564147,0.2880,34.43,132.59,1077,1116,2,5,0,9,0,0,0,1,-38.4,0,0,0,0,0,0,7,0.0002,0.00,0.00,0.00
765,9,564175,0.2880,34.68,131.74,1066,1101,1,7,0,7,0,0,0,1,-38.4,0,0,0,0,0,0,7,0.0002,0.00,0.00,0.00
765.25,9,564268,0.2880,34.86,129.96,1088,1185,0,4,0,10,0,0,0,1,-38.4,0,0,0,0,0,0,7,0.0002,0.00,0.00,0.00
765.5,9,564290,0.2880,35.02,129.71,1087,1111,1,2,0,10,0,0,0,1,-38.4,0,0,0,0,0,0,7,0.0002,0.00,0.00,0.00
765.75,9,564328,0.2879,35.06,130.00,1086,1129,0,5,0,8,0,0,0,1,-38.4,0,0,0,0,0,0,7,0.0002,0.00,0.00,0.00
766,9,564336,0.2880,35.08,131.79,1082,1091,0,1,0,8,0,0,0,1,-38.4,0,0,0,0,0,0,7,0.0002,0.00,0.00,0.00
766.25,9,564431,0.2879,34.71,133.88,1039,1135,903,1,0,10,0,0,0,1,-38.4,0,0,0,0,0,0,7,0.0002,5.37,17.14,27.64
766.5,9,564419,0.2879,34.45,135.61,1152,1140,0,0,0,10,0,0,0,1,-38.4,0,0,0,0,0,0,7,0.0001,0.00,0.00,0.00
766.75,9,564459,0.2879,34.15,137.34,1086,1126,0,0,0,10,0,0,0,1,-38.4,0,0,0,0,0,0,7,0.0001,0.00,0.00,0.00
767,9,564551,0.2879,33.68,139.01,1068,1160,1,0,0,9,0,0,0,1,-38.4,0,0,0,0,0,0,7,0.0001,0.00,0.00,0.00
767.25,9,564544,0.2879,33.11,140.23,1086,1080,3,1,0,8,0,0,0,1,-38.4,0,0,0,0,0,0,7,0.0001,0.00,0.00,0.00
767.5,9,564638,0.2879,32.51,141.85,1047,1143,1,2,0,7,0,0,0,1,-38.4,0,0,0,0,0,0,7,0.0000,0.00,0.00,0.00
767.75,9,564649,0.2879,31.77,143.29,1114,1127,0,2,0,10,0,0,0,1,-38.4,0,0,0,0,0,0,6,0.0003,0.00,0.00,0.00
768,9,564701,0.2879,31.25,144.42,1051,1106,3,3,0,9,0,0,0,1,-38.4,0,0,0,0,0,0,7,0.0002,0.00,0.00,0.00
768.25,9,564716,0.2879,30.85,145.50,1088,1108,3,5,0,8,0,0,0,1,-38.4,0,0,0,0,0,0,7,0.0002,5.48,28.87,128.83
768.5,9,564770,0.2879,30.74,146.72,1008,1069,6,7,0,8,0,0,0,1,-38.4,0,0,0,0,0,0,7,0.0001,0.00,0.00,0.00
768.75,9,564735,0.2879,30.44,147.84,1062,1030,1,3,0,7,0,0,0,1,-38.4,0,0,0,0,0,0,7,0.0001,0.00,0.00,0.00
769,9,564814,0.2879,30.41,149.05,1003,1084,0,2,0,8,0,0,0,1,-38.4,0,0,0,0,0,0,7,0.0000,0.00,0.00,0.00
769.25,9,564834,0.2878,30.50,150.37,1020,1044,0,4,0,7,0,0,0,1,-38.4,0,0,0,0,0,0,7,0.0000,0.00,0.00,0.00
769.5,9,564878,0.2878,30.66,151.72,1033,1079,1,2,0,8,0,0,0,1,-38.4,0,0,0,0,0,0,6,0.0002,0.00,0.00,0.00
769.75,9,564900,0.2878,30.83,153.30,1101,1123,1,0,0,7,0,0,0,1,-38.4,0,0,0,0,0,0,7,0.0002,0.00,0.00,0.00
770,9,564953,0.2878,31.07,154.15,1036,1090,0,1,0,10,0,0,0,1,-38.4,0,0,0,0,0,0,7,0.0001,0.00,0.00,0.00
770.25,9,565021,0.2878,31.36,155.28,1039,1108,0,1,0,8,0,0,0,1,-90.5,0,0,0,0,0,0,7,0.0001,4.26,26.53,55.99
770.5,9,565005,0.2878,31.68,156.41,1114,1098,0,0,0,7,0,0,0,1,-90.5,0,0,0,0,0,0,6,0.0003,0.00,0.00,0.00
770.75,9,565056,0.2878,32.01,157.00,1093,1144,0,0,0,10,0,0,0,1,-90.5,0,0,0,0,0,0,7,0.0002,0.00,0.00,0.00
771,9,565083,0.2878,32.23,157.67,1128,1156,1,1,0,8,0,0,0,1,-90.5,0,0,0,0,0,0,7,0.0001,0.00,0.00,0.00
771.25,9,565132,0.2878,32.45,158.29,1090,1139,2,0,0,10,0,0,0,1,-90.5,0,0,0,0,0,0,7,0.0000,0.00,0.00,0.00
771.5,9,565184,0.2878,32.66,158.41,1122,1175,1,1,0,6,0,0,0,1,-90.5,0,0,0,0,0,0,6,0.0003,0.00,0.00,0.00
771.75,9,565201,0.2878,32.82,159.10,1135,1154,0,2,0,10,0,0,0,1,-90.5,0,0,0,0,0,0,7,0.0002,0.00,0.00,0.00
772,9,565198,0.2878,33.05,159.54,1125,1122,2,0,0,8,0,0,0,1,-90.5,0,0,0,0,0,0,7,0.0001,0.00,0.00,0.00
772.25,9,565215,0.2878,33.15,159.84,1113,1132,0,2,0,6,0,0,0,1,-90.5,0,0,0,0,0,0,6,0.0003,4.94,30.69,146.02
772.5,9,565316,0.2878,33.27,159.72,1127,1230,0,2,0,10,0,0,0,1,-90.5,0,0,0,0,0,0,7,0.0002,0.00,0.00,0.00
772.75,9,565321,0.2878,33.41,159.34,1133,1139,4,1,0,9,0,0,0,1,-90.5,0,0,0,0,0,0,7,0.0001,0.00,0.00,0.00
773,9,565376,0.2878,33.47,159.02,1140,1198,0,3,0,7,0,0,0,1,-90.5,0,0,0,0,0,0,6,0.0002,0.00,0.00,0.00
773.25,9,565388,0.2878,33.43,158.45,1155,1168,4,1,0,8,0,0,0,1,-90.5,0,0,0,0,0,0,7,0.0001,0.00,0.00,0.00
773.5,9,565378,0.2878,33.32,157.47,1157,1153,3,6,0,8,0,0,0,1,-90.5,0,0,0,0,0,0,7,0.0000,0.00,0.00,0.00
773.75,9,565389,0.2878,33.20,156.68,1145,1161,4,6,0,9,0,0,0,1,-90.5,0,0,0,0,0,0,6,0.0002,0.00,0.00,0.00
774,9,565401,0.2878,33.09,155.82,1143,1160,6,5,1,8,0,0,0,1,-90.5,0,0,0,0,0,0,7,0.0001,0.00,0.00,0.00
774.25,9,565424,0.2878,33.09,154.77,1164,1191,4,4,0,7,0,0,0,1,-90.5,0,0,0,0,0,0,6,0.0003,6.03,16.35,107.10
774.5,9,565478,0.2878,33.14,153.11,1044,1103,1,5,0,9,0,0,0,1,-90.5,0,0,0,0,0,0,7,0.0002,0.00,0.00,0.00
774.75,9,565562,0.2877,33.18,151.97,1102,1189,2,3,0,10,0,0,0,1,-90.5,0,0,0,0,0,0,7,0.0001,0.00,0.00,0.00
775,9,565544,0.2878,33.35,150.98,1139,1123,2,2,0,9,0,0,0,1,-90.5,0,0,0,0,0,0,6,0.0003,0.00,0.00,0.00
775.25,9,565645,0.2877,33.52,149.62,1083,1189,2,5,0,7,0,0,0,1,-90.5,0,0,0,0,0,0,7,0.0001,0.00,0.00,0.00
775.5,9,565646,0.2877,33.68,148.57,1117,1123,4,6,0,9,0,0,0,1,-90.5,0,0,0,0,0,0,7,0.0000,0.00,0.00,0.00
775.75,9,565709,0.2877,33.88,147.27,1120,1184,3,1,1,8,0,0,0,1,-90.5,0,0,0,0,0,0,6,0.0002,0.00,0.00,0.00
776,9,565746,0.2877,34.05,145.77,1093,1137,2,7,0,7,0,0,0,1,-90.5,0,0,0,0,0,0,7,0.0001,0.00,0.00,0.00
776.25,9,565759,0.2877,34.28,144.08,1116,1134,2,5,0,6,0,0,0,1,-90.5,0,0,0,0,0,0,6,0.0003,5.32,17.58,105.56
776.5,9,565762,0.2877,34.52,145.90,1180,1188,6,5,0,8,0,0,0,1,-90.5,0,0,0,0,0,0,7,0.0002,0.00,0.00,0.00
776.75,9,565755,0.2877,34.78,147.98,1166,1165,3,7,1,10,0,0,0,1,-90.5,0,0,0,0,0,0,7,0.0000,0.00,0.00,0.00
777,9,565772,0.2877,34.98,150.06,1163,1182,4,2,1,7,0,0,0,1,-90.5,0,0,0,0,0,0,6,0.0002,0.00,0.00,0.00
777.25,9,565802,0.2877,35.17,152.23,1133,1170,4,7,0,7,0,0,0,1,-90.5,0,0,0,0,0,0,7,0.0001,0.00,0.00,0.00
777.5,9,565868,0.2876,35.36,152.65,1145,1222,5,11,0,8,0,0,0,1,-90.5,0,0,0,0,0,0,7,0.0000,0.00,0.00,0.00
777.75,9,565833,0.2877,35.43,153.35,1208,1177,1,4,0,6,0,0,0,1,-90.5,0,0,0,0,0,0,6,0.0002,0.00,0.00,0.00
778,9,565883,0.2876,35.56,153.68,1156,1208,5,2,1,9,0,0,0,1,-90.5,0,0,0,0,0,0,7,0.0001,0.00,0.00,0.00
778.25,9,565881,0.2876,35.52,155.25,1134,1138,4,6,0,9,0,0,0,1,-90.5,0,0,0,0,0,0,6,0.0003,5.19,19.44,84.83
778.5,9,565947,0.2876,35.29,150.73,1132,1209,2,11,0,7,0,0,0,1,-90.5,0,0,0,0,0,0,7,0.0002,0.00,0.00,0.00
778.75,9,565914,0.2876,34.90,142.63,1185,1160,4,8,0,7,0,0,0,1,-90.5,0,0,0,0,0,0,7,0.0001,0.00,0.00,0.00
779,9,565915,0.2876,34.51,135.30,1165,1177,3,11,0,10,0,0,0,1,-90.5,0,0,0,0,0,0,7,0.0000,0.00,0.00,0.00
779.25,9,565949,0.2876,34.19,128.99,1109,1148,4,5,1,8,0,0,0,1,-90.5,0,0,0,0,0,0,6,0.0002,0.00,0.00,0.00
779.5,9,565945,0.2876,34.00,129.74,1112,1115,5,7,0,9,0,0,0,1,-90.5,0,0,0,0,0,0,7,0.0001,0.00,0.00,0.00
779.75,9,565949,0.2876,33.73,130.72,1133,1144,1,7,1,7,0,0,0,1,-90.5,0,0,0,0,0,0,7,0.0000,0.00,0.00,0.00
780,9,565975,0.2876,33.62,131.62,1061,1095,0,8,1,7,0,0,0,1,-90.5,0,0,0,0,0,0,6,0.0003,0.00,0.00,0.00
780.25,9,566001,0.2876,33.58,132.49,1067,1100,3,7,1,9,0,0,0,1,-110.0,0,0,0,0,0,0,7,0.0002,6.06,20.52,79.83
780.5,9,566005,0.2876,33.52,133.40,1105,1115,1,6,0,7,0,0,0,1,-110.0,0,0,0,0,0,0,7,0.0001,0.00,0.00,0.00
780.75,9,566097,0.2875,33.51,134.26,1042,1139,2,5,0,9,0,0,0,1,-110.0,0,0,0,0,0,0,6,0.0003,0.00,0.00,0.00
781,9,566084,0.2876,33.51,135.06,1085,1077,4,5,0,8,0,0,0,1,-110.0,0,0,0,0,0,0,7,0.0002,0.00,0.00,0.00
781.25,9,566153,0.2875,33.40,136.13,1057,1135,0,9,1,9,0,0,0,1,-110.0,0,0,0,0,0,0,7,0.0001,0.00,0.00,0.00
781.5,9,566186,0.2875,33.39,136.85,1077,1115,2,5,2,11,0,0,0,1,-110.0,0,0,0,0,0,0,7,0.0000,0.00,0.00,0.00
781.75,9,566221,0.2875,33.29,137.63,1058,1098,0,5,3,10,0,0,0,1,-110.0,0,0,0,0,0,0,6,0.0002,0.00,0.00,0.00
782,9,566254,0.2875,33.32,138.63,1090,1127,2,4,0,9,0,0,0,1,-110.0,0,0,0,0,0,0,7,0.0001,0.00,0.00,0.00
782.25,9,566290,0.2875,33.31,139.42,1087,1129,2,6,2,13,0,0,0,2,-110.0,0,0,0,0,0,0,7,0.0000,7.15,32.09,133.29
782.5,10,566301,0.2875,33.28,140.41,1079,1098,1,8,1,8,1,0,0,1,-110.0,0,0,0,0,0,0,6,0.0002,0.00,0.00,0.00
782.75,10,566421,0.2874,33.57,141.49,992,1115,6,3,2,9,0,0,7,1,-110.0,0,0,0,0,0,0,7,0.0001,0.00,0.00,0.00
783,10,566399,0.2874,33.95,142.73,1171,1158,5,9,1,10,0,0,0,1,-110.0,0,0,0,0,0,0,7,0.0000,0.00,0.00,0.00
783.25,10,566308,0.2875,34.23,144.00,1228,1145,7,8,4,7,0,0,0,1,-110.0,0,0,0,0,0,0,6,0.0002,0.00,0.00,0.00
783.5,10,566213,0.2875,34.94,145.37,1279,1195,4,11,4,8,0,0,0,1,-110.0,0,0,0,0,0,0,7,0.0001,0.00,0.00,0.00
783.75,10,566156,0.2875,35.54,146.83,1274,1225,29,8,1,10,0,0,0,1,-110.0,0,0,0,0,0,0,7,0.0001,0.00,0.00,0.00
784,10,566239,0.2875,36.35,148.39,1203,1294,4,8,2,8,0,0,0,1,-110.0,0,0,0,0,0,0,6,0.0003,0.00,0.00,0.00
784.25,10,566259,0.2875,36.75,150.01,1299,1329,2,10,2,8,0,0,0,1,-110.0,0,0,0,0,0,0,7,0.0002,6.38,37.59,98.80
784.5,10,566270,0.2875,37.31,151.98,1318,1340,4,11,2,8,0,0,0,1,-110.0,0,0,0,0,0,0,7,0.0001,0.00,0.00,0.00
784.75,10,566324,0.2874,37.56,154.11,1332,1397,2,11,2,8,0,0,0,1,-110.0,0,0,0,0,0,0,7,0.0001,0.00,0.00,0.00
785,10,566332,0.2874,38.34,156.36,1458,1470,12,7,3,9,0,0,0,1,-110.0,0,0,0,0,0,0,7,0.0000,0.00,0.00,0.00
785.25,10,566336,0.2874,38.88,158.81,1467,1481,3,10,1,8,0,0,0,1,-110.0,0,0,0,0,0,0,6,0.0002,0.00,0.00,0.00
785.5,10,566473,0.2873,40.06,161.57,1457,1605,8,12,1,7,0,0,0,1,-110.0,0,0,0,0,0,0,7,0.0002,0.00,0.00,0.00
785.75,10,566491,0.2873,40.53,164.14,1528,1562,5,16,1,7,0,0,0,1,-110.0,0,0,0,0,0,0,7,0.0001,0.00,0.00,0.00
786,10,566484,0.2873,41.72,166.04,1621,1629,11,15,3,10,0,0,0,1,-110.0,0,0,0,0,0,0,7,0.0001,0.00,0.00,0.00
786.25,10,566578,0.2872,42.16,168.06,1606,1716,9,18,2,8,0,0,0,1,-110.0,0,0,0,0,0,0,7,0.0001,4.27,31.82,79.88
786.5,10,566548,0.2873,43.16,168.39,1681,1663,8,12,1,9,0,0,0,1,-110.0,0,0,0,0,0,0,7,0.0001,0.00,0.00,0.00
786.75,11,566508,0.2873,43.26,168.86,1769,1742,8,13,1,8,1,0,0,0,-110.0,0,0,0,0,0,0,7,0.0001,0.00,0.00,0.00
787,11,566513,0.2873,47.83,167.55,1733,1751,3,13,3,9,0,0,6,0,-110.0,0,0,0,0,0,0,7,0.0001,0.00,0.00,0.00
787.25,11,566148,0.2873,43.40,169.48,1994,1733,2,104,2,7,0,0,0,0,-110.0,0,0,0,0,0,0,7,0.0001,0.00,0.00,0.00
787.5,11,566136,0.2873,48.03,174.26,1844,1838,5,6,1,8,0,0,0,0,-110.0,0,0,0,0,0,0,7,0.0001,0.00,0.00,0.00
787.75,11,566004,0.2873,46.21,178.31,2008,1886,3,10,1,7,0,0,0,0,-110.0,0,0,0,0,0,0,7,0.0001,0.00,0.00,0.00
788,11,566094,0.2873,48.22,181.47,1946,2042,2,6,2,7,0,0,0,0,-110.0,0,0,0,0,0,0,7,0.0001,0.00,0.00,0.00
788.25,11,566071,0.2873,48.14,183.06,1985,1967,3,5,0,7,0,0,0,1,-110.0,0,0,0,0,0,0,7,0.0001,4.75,97.70,186.40
788.5,11,565950,0.2874,47.69,185.55,2131,2014,6,5,1,7,0,0,0,1,-110.0,0,0,0,0,0,0,7,0.0001,0.00,0.00,0.00
788.75,11,565911,0.2874,48.82,187.76,2059,2033,14,13,1,9,0,0,0,1,-110.0,0,0,0,0,0,0,7,0.0001,0.00,0.00,0.00
789,11,565839,0.2874,47.34,189.65,2169,2109,28,19,1,7,0,0,0,1,-110.0,0,0,0,0,0,0,7,0.0001,0.00,0.00,0.00
789.25,11,565791,0.2874,48.67,191.25,2023,2019,21,44,3,8,0,0,0,1,-110.0,0,0,0,0,0,0,7,0.0001,0.00,0.00,0.00
789.5,11,565690,0.2873,47.08,191.72,2139,2088,17,51,3,7,0,0,0,1,-110.0,0,0,0,0,0,0,7,0.0002,0.00,0.00,0.00
789.75,11,565538,0.2873,48.99,192.79,2097,1993,22,54,2,9,0,0,0,1,-110.0,0,0,0,0,0,0,8,0.0001,0.00,0.00,0.00
790,11,565357,0.2873,48.17,193.48,2247,2139,21,73,0,7,0,0,0,1,-110.0,0,0,0,0,0,0,7,0.0002,0.00,0.00,0.00
790.25,11,565241,0.2872,48.70,193.41,2083,2040,19,75,0,9,0,0,0,1,-137.4,0,0,0,0,0,0,8,0.0002,12.13,124.71,815.20
790.5,11,565260,0.2871,49.99,194.39,2096,2183,23,69,1,8,0,0,0,1,-137.4,0,0,0,0,0,0,8,0.0001,0.00,0.00,0.00
790.75,11,565186,0.2871,50.06,193.45,2083,2074,18,65,2,9,0,0,0,1,-137.4,0,0,0,0,0,0,8,0.0001,0.00,0.00,0.00
791,11,565051,0.2870,52.17,191.60,2178,2128,12,85,1,11,0,0,0,1,-137.4,0,0,0,0,0,0,8,0.0001,0.00,0.00,0.00
791.25,11,564983,0.2869,51.02,187.68,2106,2105,10,67,1,8,0,0,0,1,-137.4,0,0,0,0,0,0,8,0.0002,0.00,0.00,0.00
791.5,11,564884,0.2869,53.39,184.47,2120,2095,11,74,0,9,0,0,0,1,-137.4,0,0,0,0,0,0,8,0.0002,0.00,0.00,0.00
791.75,11,564835,0.2868,52.07,181.05,2079,2103,14,73,0,9,0,0,0,1,-137.4,0,0,0,0,0,0,9,0.0001,0.00,0.00,0.00
792,11,564751,0.2867,54.17,177.18,2088,2074,10,70,0,10,0,0,0,1,-137.4,0,0,0,0,0,0,8,0.0002,0.00,0.00,0.00
792.25,11,564758,0.2866,52.82,172.02,2005,2113,13,101,0,9,0,0,0,2,-137.4,0,0,0,0,0,0,9,0.0001,24.84,158.90,498.28
792.5,11,564755,0.2864,54.49,166.07,2047,2122,9,78,0,9,0,0,0,1,-137.4,0,0,0,0,0,0,8,0.0003,0.00,0.00,0.00
792.75,11,564651,0.2864,53.36,159.66,2079,2051,14,76,0,9,0,0,0,1,-137.4,0,0,0,0,0,0,9,0.0002,0.00,0.00,0.00
793,11,564499,0.2864,54.42,151.58,2101,2010,8,62,0,10,0,0,0,1,-137.4,0,0,0,0,0,0,9,0.0002,0.00,0.00,0.00
793.25,11,564388,0.2863,53.11,153.09,2048,2025,14,88,0,11,0,0,0,1,-137.4,0,0,0,0,0,0,9,0.0002,0.00,0.00,0.00
793.5,11,564257,0.2862,53.87,154.81,2017,1951,10,65,1,9,0,0,0,1,-137.4,0,0,0,0,0,0,9,0.0002,0.00,0.00,0.00
793.75,11,564253,0.2862,51.76,154.99,1894,1953,6,63,5,11,0,0,0,1,-137.4,0,0,0,0,0,0,9,0.0002,0.00,0.00,0.00
794,11,564272,0.2861,51.99,153.65,1796,1860,3,45,5,9,0,0,0,1,-137.4,0,0,0,0,0,0,9,0.0003,0.00,0.00,0.00
794.25,11,564183,0.2860,49.47,157.53,1854,1819,4,54,4,10,0,0,0,2,-137.4,0,0,0,0,0,0,10,0.0001,22.65,153.37,464.04
794.5,11,564166,0.2860,50.02,162.82,1787,1785,5,15,1,9,0,0,0,2,-137.4,0,0,0,0,0,0,9,0.0002,0.00,0.00,0.00
794.75,11,564149,0.2860,47.31,167.40,1594,1621,4,45,4,10,0,0,0,2,-137.4,0,0,0,0,0,0,9,0.0003,0.00,0.00,0.00
795,11,564149,0.2860,49.05,171.52,1675,1691,2,16,0,13,0,0,0,2,-137.4,0,0,0,0,0,0,10,0.0001,0.00,0.00,0.00
795.25,11,564142,0.2859,43.39,174.74,1584,1608,5,31,0,11,0,0,0,2,-137.4,0,0,0,0,0,0,9,0.0003,0.00,0.00,0.00
795.5,11,564212,0.2859,45.77,177.75,1560,1645,4,15,0,10,0,0,0,2,-137.4,0,0,0,0,0,0,10,0.0001,0.00,0.00,0.00
795.75,11,564250,0.2858,40.46,180.54,1522,1594,90,35,1,9,0,0,0,2,-137.4,0,0,0,0,0,0,9,0.0003,0.00,0.00,0.00
796,11,564283,0.2858,42.69,182.90,1568,1617,5,16,1,10,0,0,0,2,-137.4,0,0,0,0,0,0,10,0.0002,0.00,0.00,0.00
796.25,11,564353,0.2857,39.07,184.65,1465,1553,12,19,0,11,0,0,0,2,-137.4,0,0,0,0,0,0,10,0.0001,15.79,116.41,590.95
796.5,11,564320,0.2857,42.07,185.88,1546,1531,5,18,1,10,0,0,0,2,-137.4,0,0,0,0,0,0,9,0.0002,0.00,0.00,0.00
796.75,11,564394,0.2857,37.10,187.00,1454,1551,33,23,1,11,0,0,0,2,-137.4,0,0,0,0,0,0,10,0.0001,0.00,0.00,0.00
797,11,564435,0.2857,39.98,187.86,1506,1565,4,18,1,11,0,0,0,2,-137.4,0,0,0,0,0,0,10,0.0001,0.00,0.00,0.00
797.25,11,564459,0.2856,35.50,188.52,1451,1485,6,10,0,9,0,0,0,2,-137.4,0,0,0,0,0,0,9,0.0003,0.00,0.00,0.00
797.5,11,564557,0.2856,37.63,188.75,1385,1499,2,16,1,11,0,0,0,2,-137.4,0,0,0,0,0,0,10,0.0002,0.00,0.00,0.00
797.75,11,564630,0.2855,33.80,189.08,1366,1454,7,15,2,12,0,0,0,2,-137.4,0,0,0,0,0,0,10,0.0001,0.00,0.00,0.00
798,11,564609,0.2855,36.38,189.23,1459,1448,7,10,2,10,0,0,0,2,-137.4,0,0,0,0,0,0,10,0.0000,0.00,0.00,0.00
798.25,11,564710,0.2855,33.07,189.35,1306,1421,1,14,6,10,0,0,0,2,-137.4,0,0,0,0,0,0,9,0.0002,14.71,63.96,241.16
798.5,11,564765,0.2854,36.38,189.48,1323,1387,4,9,8,10,0,0,0,2,-137.4,0,0,0,0,0,0,10,0.0001,0.00,0.00,0.00
798.75,11,564788,0.2854,33.09,189.79,1333,1365,4,9,5,10,0,0,0,2,-137.4,0,0,0,0,0,0,10,0.0000,0.00,0.00,0.00
799,11,564804,0.2854,36.74,190.01,1383,1415,3,16,13,9,0,0,0,2,-137.4,0,0,0,0,0,0,9,0.0003,0.00,0.00,0.00
799.25,11,564817,0.2853,33.21,190.41,1341,1364,7,10,15,13,0,0,1,2,-137.4,0,0,0,0,0,0,10,0.0002,0.00,0.00,0.00
799.5,11,564829,0.2853,37.33,190.70,1315,1340,8,13,11,10,0,0,0,2,-137.4,0,0,0,0,0,0,10,0.0001,0.00,0.00,0.00
799.75,11,564862,0.2853,33.52,191.18,1299,1356,6,25,13,9,0,0,0,2,-137.4,0,0,0,0,0,0,9,0.0003,0.00,0.00,0.00
800,11,564824,0.2852,37.39,190.06,1312,1290,1,16,12,11,0,0,0,2,-137.4,0,0,0,0,0,0,10,0.0002,0.00,0.00,0.00
800.25,11,564890,0.2852,33.58,188.46,1248,1334,13,23,13,11,0,0,0,2,-101.0,0,0,0,0,0,0,10,0.0001,11.63,90.38,454.46
800.5,11,564902,0.2851,36.84,184.54,1249,1290,6,30,3,11,0,0,0,2,-101.0,0,0,0,0,0,0,10,0.0000,0.00,0.00,0.00
800.75,11,564915,0.2851,34.30,178.37,1230,1266,11,23,9,10,0,0,0,2,-101.0,0,0,0,0,0,0,9,0.0002,0.00,0.00,0.00
801,11,564985,0.2850,38.56,173.82,1198,1292,8,24,2,13,0,0,1,2,-101.0,0,0,0,0,0,0,10,0.0001,0.00,0.00,0.00
801.25,11,565051,0.2850,36.13,146.17,1211,1303,10802,26,0,11,0,0,0,2,-101.0,0,0,0,0,0,0,10,0.0001,0.00,0.00,0.00
801.5,11,565028,0.2849,40.83,139.93,1330,1328,8,22,9,13,0,0,0,2,-101.0,0,0,0,0,0,0,10,0.0000,0.00,0.00,0.00
801.75,11,565116,0.2848,35.69,139.41,1242,1354,8,25,16,11,0,0,0,2,-101.0,0,0,0,0,0,0,9,0.0002,0.00,0.00,0.00
802,11,565087,0.2848,39.96,138.80,1335,1332,19,28,14,11,0,0,0,2,-101.0,0,0,0,0,0,0,10,0.0002,0.00,0.00,0.00
802.25,11,565103,0.2847,36.28,138.37,1340,1392,20514,38,9,15,0,0,0,1,-101.0,0,0,0,0,0,0,10,0.0001,11.79,58.73,148.65
802.5,11,564893,0.2848,36.31,137.01,1457,1274,3,27,9,11,0,0,0,1,-101.0,0,0,0,0,0,0,10,0.0001,0.00,0.00,0.00
802.75,11,564838,0.2848,34.58,135.52,1372,1343,2,26,2,11,0,0,0,1,-101.0,0,0,0,0,0,0,10,0.0001,0.00,0.00,0.00
803,11,564843,0.2848,37.71,133.33,1274,1296,4,17,0,11,0,0,0,1,-101.0,0,0,0,0,0,0,10,0.0001,0.00,0.00,0.00
803.25,11,564912,0.2847,35.62,132.32,1324,1416,2,23,0,10,0,0,0,1,-101.0,0,0,0,0,0,0,10,0.0001,0.00,0.00,0.00
803.5,11,564957,0.2847,38.40,129.02,1350,1407,4,12,2,12,0,0,0,1,-101.0,0,0,0,0,0,0,10,0.0001,0.00,0.00,0.00
803.75,11,564918,0.2847,35.51,128.02,1443,1422,5,18,1,12,0,0,0,1,-101.0,0,0,0,0,0,0,10,0.0001,0.00,0.00,0.00
804,11,564991,0.2847,34.84,129.71,1415,1494,2,6,2,13,0,0,0,1,-101.0,0,0,0,0,0,0,10,0.0001,0.00,0.00,0.00
804.25,11,565058,0.2846,35.74,140.66,1411,1496,3,18,1,12,0,0,0,1,-101.0,0,0,0,0,0,0,10,0.0001,11.09,65.14,272.65
804.5,11,565070,0.2846,33.70,149.59,1554,1572,1,6,0,10,0,0,0,1,-101.0,0,0,0,0,0,0,10,0.0001,0.00,0.00,0.00
804.75,11,565126,0.2846,33.40,157.53,1496,1562,4,10,0,12,0,0,0,1,-101.0,0,0,0,0,0,0,10,0.0000,0.00,0.00,0.00
805,11,565105,0.2846,34.94,164.10,1624,1613,6,10,0,10,0,0,0,0,-101.0,0,0,0,0,0,0,10,0.0000,0.00,0.00,0.00
805.25,11,565124,0.2846,33.04,169.52,1623,1646,0,4,0,11,0,0,0,0,-101.0,0,0,0,0,0,0,9,0.0003,0.00,0.00,0.00
805.5,11,565169,0.2846,33.08,174.34,1602,1654,4,7,0,12,0,0,0,0,-101.0,0,0,0,0,0,0,10,0.0002,0.00,0.00,0.00
805.75,11,565188,0.2846,34.00,178.38,1660,1681,3,2,0,10,0,0,0,0,-101.0,0,0,0,0,0,0,10,0.0002,0.00,0.00,0.00
806,11,565143,0.2847,32.81,181.52,1738,1708,6,15,0,16,0,0,0,0,-101.0,0,0,0,0,0,0,10,0.0001,0.00,0.00,0.00
806.25,11,565126,0.2847,32.97,184.44,1711,1697,1,3,0,13,0,0,0,1,-101.0,0,0,0,0,0,0,10,0.0001,9.69,39.12,137.44
806.5,11,565152,0.2847,34.34,186.89,1725,1760,10,10,0,10,0,0,0,1,-101.0,0,0,0,0,0,0,9,0.0003,0.00,0.00,0.00
806.75,11,565115,0.2847,33.48,188.73,1748,1723,9,12,1,11,0,0,0,1,-101.0,0,0,0,0,0,0,10,0.0002,0.00,0.00,0.00
807,11,565115,0.2847,33.39,190.50,1769,1780,10,12,0,17,0,0,0,1,-101.0,0,0,0,0,0,0,10,0.0002,0.00,0.00,0.00
807.25,11,565089,0.2847,33.20,192.00,1741,1731,9,17,0,12,0,0,0,1,-101.0,0,0,0,0,0,0,10,0.0001,0.00,0.00,0.00
807.5,11,565117,0.2847,35.42,193.18,1706,1745,4,11,0,17,0,0,0,1,-101.0,0,0,0,0,0,0,10,0.0000,0.00,0.00,0.00
807.75,11,565132,0.2847,34.48,194.13,1744,1779,3,21,1,12,0,0,0,1,-101.0,0,0,0,0,0,0,9,0.0002,0.00,0.00,0.00
808,11,565070,0.2847,34.08,194.99,1787,1745,14,22,0,10,0,0,0,1,-101.0,0,0,0,0,0,0,10,0.0002,0.00,0.00,0.00
808.25,11,565071,0.2847,33.58,195.78,1719,1741,7,21,0,11,0,0,0,3,-101.0,0,0,0,0,0,0,10,0.0001,11.49,42.86,153.94
808.5,11,565048,0.2847,35.82,196.42,1676,1675,4,22,0,10,0,0,0,3,-101.0,0,0,0,0,0,0,10,0.0001,0.00,0.00,0.00
808.75,11,565001,0.2847,34.09,196.94,1667,1646,10,26,0,11,0,0,0,3,-101.0,0,0,0,0,0,0,10,0.0001,0.00,0.00,0.00
809,11,564993,0.2847,35.58,197.34,1643,1659,9,24,0,13,0,0,0,3,-101.0,0,0,0,0,0,0,10,0.0000,0.00,0.00,0.00
809.25,11,564967,0.2847,34.68,197.72,1617,1611,12,21,0,13,0,0,0,3,-101.0,0,0,0,0,0,0,10,0.0000,0.00,0.00,0.00
809.5,11,564911,0.2847,35.84,198.08,1618,1597,6,35,0,13,0,0,0,3,-101.0,0,0,0,0,0,0,10,0.0000,0.00,0.00,0.00
809.75,11,564909,0.2846,34.71,198.38,1529,1562,6,35,0,15,0,0,0,3,-101.0,0,0,0,0,0,0,10,0.0000,0.00,0.00,0.00
810,11,564925,0.2846,36.00,198.62,1466,1518,4,36,1,10,0,0,0,2,-101.0,0,0,0,0,0,0,10,0.0000,0.00,0.00,0.00
810.25,11,564956,0.2845,34.72,198.82,1496,1553,7,27,3,11,0,0,0,3,-103.5,0,0,0,0,0,0,10,0.0000,13.17,43.77,133.22
810.5,11,564960,0.2845,36.05,198.90,1461,1497,3,32,0,11,0,0,0,3,-103.5,0,0,0,0,0,0,10,0.0001,0.00,0.00,0.00
810.75,11,564965,0.2845,34.83,199.02,1493,1529,7,32,4,13,0,0,0,3,-103.5,0,0,0,0,0,0,10,0.0001,0.00,0.00,0.00
811,11,565014,0.2844,35.73,199.00,1456,1539,10,34,1,11,0,0,0,3,-103.5,0,0,0,0,0,0,10,0.0002,0.00,0.00,0.00
811.25,11,565044,0.2844,35.07,198.92,1509,1564,11,26,4,14,0,0,0,3,-103.5,0,0,0,0,0,0,10,0.0002,0.00,0.00,0.00
811.5,11,565058,0.2843,37.40,198.72,1447,1492,5,31,2,12,0,0,0,3,-103.5,0,0,0,0,0,0,11,0.0000,0.00,0.00,0.00
811.75,11,565115,0.2842,36.80,198.54,1519,1606,11,32,2,10,0,0,0,3,-103.5,0,0,0,0,0,0,10,0.0001,0.00,0.00,0.00
812,11,565100,0.2842,38.95,198.51,1559,1581,7,37,2,12,0,0,0,3,-103.5,0,0,0,0,0,0,10,0.0002,0.00,0.00,0.00
812.25,11,565147,0.2842,41.25,185.24,1558,1620,36689,15,2,15,0,0,0,3,-103.5,0,0,0,0,0,0,11,0.0000,10.17,53.01,136.50
812.5,11,564980,0.2843,42.26,186.74,1912,1757,5,12,2,11,0,0,0,3,-103.5,0,0,0,0,0,0,10,0.0001,0.00,0.00,0.00
812.75,11,565025,0.2842,41.12,187.99,1834,1893,6,14,2,12,0,0,0,3,-103.5,0,0,0,0,0,0,10,0.0002,0.00,0.00,0.00
813,11,564943,0.2843,41.99,188.93,1865,1816,7,33,2,12,0,0,0,2,-103.5,0,0,0,0,0,0,11,0.0000,0.00,0.00,0.00
813.25,11,565028,0.2842,40.73,189.12,1757,1863,7,21,2,11,0,0,0,2,-103.5,0,0,0,0,0,0,10,0.0002,0.00,0.00,0.00
813.5,11,564965,0.2842,42.38,189.57,1823,1789,6,31,0,14,0,0,0,2,-103.5,0,0,0,0,0,0,11,0.0000,0.00,0.00,0.00
813.75,11,565061,0.2841,41.88,189.93,1726,1848,4,26,1,10,0,0,0,2,-103.5,0,0,0,0,0,0,10,0.0002,0.00,0.00,0.00
814,11,565004,0.2841,43.27,190.02,1778,1738,2,17,3,12,0,0,0,2,-103.5,0,0,0,0,0,0,11,0.0001,0.00,0.00,0.00
814.25,11,565070,0.2841,42.16,189.73,1757,1836,5,13,1,15,0,0,0,3,-103.5,0,0,0,0,0,0,10,0.0002,16.31,63.30,270.82
814.5,11,565128,0.2841,41.67,189.55,1704,1773,4,11,1,12,0,0,0,2,-103.5,0,0,0,0,0,0,11,0.0001,0.00,0.00,0.00
814.75,11,565215,0.2840,41.16,189.30,1600,1698,2,11,1,12,0,0,0,2,-103.5,0,0,0,0,0,0,11,0.0000,0.00,0.00,0.00
815,11,565250,0.2840,41.41,189.03,1738,1792,3,19,1,14,0,0,0,2,-103.5,0,0,0,0,0,0,10,0.0002,0.00,0.00,0.00
815.25,11,565237,0.2840,41.53,188.21,1687,1686,7,12,1,11,0,0,0,2,-103.5,0,0,0,0,0,0,11,0.0001,0.00,0.00,0.00
815.5,11,565303,0.2840,42.57,187.14,1690,1770,3,14,3,14,0,0,0,2,-103.5,0,0,0,0,0,0,10,0.0002,0.00,0.00,0.00
815.75,11,565323,0.2840,42.37,187.30,1714,1747,3,13,2,11,0,0,0,2,-103.5,0,0,0,0,0,0,11,0.0001,0.00,0.00,0.00
816,11,565406,0.2839,43.10,187.69,1729,1827,4,15,1,14,0,0,0,2,-103.5,0,0,0,0,0,0,11,0.0000,0.00,0.00,0.00
816.25,11,565413,0.2839,43.57,187.89,1702,1717,4,8,0,11,0,0,0,3,-103.5,0,0,0,0,0,0,10,0.0002,11.95,64.01,299.44
816.5,11,565366,0.2840,43.52,188.29,1746,1713,6,14,2,17,0,0,0,2,-103.5,0,0,0,0,0,0,11,0.0001,0.00,0.00,0.00
816.75,11,565500,0.2839,42.53,188.66,1583,1726,2,9,0,11,0,0,0,2,-103.5,0,0,0,0,0,0,10,0.0003,0.00,0.00,0.00
817,11,565487,0.2839,42.83,189.08,1668,1664,1,9,1,12,0,0,0,2,-103.5,0,0,0,0,0,0,11,0.0001,0.00,0.00,0.00
817.25,11,565500,0.2839,42.14,189.30,1704,1725,3,8,0,11,0,0,0,2,-103.5,0,0,0,0,0,0,11,0.0000,0.00,0.00,0.00
817.5,11,565482,0.2839,40.00,189.61,1641,1633,7,10,4,10,0,0,0,2,-103.5,0,0,0,0,0,0,10,0.0002,0.00,0.00,0.00
817.75,11,565526,0.2839,38.85,190.15,1560,1624,6,20,11,14,0,0,0,2,-103.5,0,0,0,0,0,0,11,0.0001,0.00,0.00,0.00
818,11,565509,0.2839,38.89,189.20,1666,1664,8,15,7,12,0,0,0,2,-103.5,0,0,0,0,0,0,10,0.0003,0.00,0.00,0.00
818.25,11,565481,0.2839,36.51,190.43,1651,1637,14,17,3,14,0,0,0,2,-103.5,0,0,0,0,0,0,11,0.0002,12.79,46.91,105.44
818.5,11,565489,0.2839,35.48,191.37,1563,1601,10,31,0,11,0,0,0,2,-103.5,0,0,0,0,0,0,11,0.0001,0.00,0.00,0.00
818.75,11,565466,0.2838,34.67,192.56,1511,1524,6,36,3,11,0,0,0,2,-103.5,0,0,0,0,0,0,10,0.0003,0.00,0.00,0.00
819,11,565581,0.2838,33.76,193.54,1445,1578,11,18,1,16,0,0,0,2,-103.5,0,0,0,0,0,0,11,0.0002,0.00,0.00,0.00
819.25,11,565556,0.2838,34.93,193.82,1428,1435,13,32,1,14,0,0,0,2,-103.5,0,0,0,0,0,0,11,0.0001,0.00,0.00,0.00
819.5,11,565517,0.2838,35.11,193.31,1427,1425,15,40,2,15,0,0,0,2,-103.5,0,0,0,0,0,0,11,0.0001,0.00,0.00,0.00
819.75,11,565537,0.2837,35.12,192.96,1311,1357,8,27,0,14,0,0,0,2,-103.5,0,0,0,0,0,0,11,0.0001,0.00,0.00,0.00
820,11,565673,0.2836,35.11,192.69,1216,1378,6,26,1,12,0,0,0,2,-103.5,0,0,0,0,0,0,11,0.0001,0.00,0.00,0.00
820.25,11,565679,0.2836,35.05,192.67,1272,1304,5,26,0,12,0,0,0,2,-83.6,0,0,0,0,0,0,11,0.0001,13.02,45.95,159.54
820.5,11,565673,0.2836,35.64,192.95,1289,1305,1,22,0,11,0,0,0,2,-83.6,0,0,0,0,0,0,11,0.0001,0.00,0.00,0.00
820.75,11,565743,0.2835,34.96,193.54,1176,1277,2,31,1,14,0,0,0,2,-83.6,0,0,0,0,0,0,11,0.0001,0.00,0.00,0.00
821,11,565860,0.2835,36.31,194.23,1085,1224,1,22,0,15,0,0,0,2,-83.6,0,0,0,0,0,0,11,0.0002,0.00,0.00,0.00
821.25,11,565924,0.2834,35.61,194.74,1217,1300,1,19,0,12,0,0,0,2,-83.6,0,0,0,0,0,0,11,0.0002,0.00,0.00,0.00
821.5,11,565942,0.2834,36.07,195.44,1181,1216,1,17,0,13,0,0,0,2,-83.6,0,0,0,0,0,0,11,0.0003,0.00,0.00,0.00
821.75,11,565995,0.2834,35.25,196.16,1164,1229,1,12,1,14,0,0,0,2,-83.6,0,0,0,0,0,0,12,0.0000,0.00,0.00,0.00
822,11,566047,0.2834,35.24,196.63,1163,1226,0,11,0,12,0,0,0,2,-83.6,0,0,0,0,0,0,11,0.0001,0.00,0.00,0.00
822.25,11,566126,0.2834,36.65,197.11,1147,1238,24030,12,0,13,0,0,0,2,-83.6,0,0,0,0,0,0,11,0.0002,8.61,42.44,147.63
822.5,11,566015,0.2834,38.09,197.49,1428,1319,1147,2,0,11,0,0,0,2,-83.6,0,0,0,0,0,0,11,0.0002,0.00,0.00,0.00
822.75,11,566012,0.2834,38.47,197.70,1531,1536,2,8,0,13,0,0,0,2,-83.6,0,0,0,0,0,0,11,0.0003,0.00,0.00,0.00
823,11,566082,0.2834,40.41,197.87,1580,1656,3,6,0,13,0,0,0,2,-83.6,0,0,0,0,0,0,11,0.0003,0.00,0.00,0.00
823.25,11,566144,0.2834,40.72,198.18,1665,1736,3,9,0,17,0,0,0,2,-83.6,0,0,0,0,0,0,12,0.0000,0.00,0.00,0.00
823.5,11,566248,0.2834,41.50,198.37,1673,1781,1,4,1,15,0,0,0,2,-83.6,0,0,0,0,0,0,11,0.0001,0.00,0.00,0.00
823.75,11,566237,0.2834,41.97,198.53,1801,1800,4,10,0,13,0,0,0,2,-83.6,0,0,0,0,0,0,11,0.0001,0.00,0.00,0.00
824,11,566357,0.2833,43.17,198.62,1782,1908,2,6,0,12,0,0,0,2,-83.6,0,0,0,0,0,0,11,0.0001,0.00,0.00,0.00
824.25,11,566402,0.2833,43.33,198.74,1847,1900,1,8,0,12,0,0,0,2,-83.6,0,0,0,0,0,0,11,0.0001,14.39,71.41,154.47
824.5,11,566324,0.2834,43.68,198.90,1927,1851,5,2,0,13,0,0,0,2,-83.6,0,0,0,0,0,0,11,0.0001,0.00,0.00,0.00
824.75,11,566329,0.2834,44.23,199.07,1990,2010,5,15,0,13,0,0,0,2,-83.6,0,0,0,0,0,0,11,0.0001,0.00,0.00,0.00
825,11,566332,0.2834,44.48,199.14,1945,1957,4,10,0,13,0,0,0,2,-83.6,0,0,0,0,0,0,11,0.0001,0.00,0.00,0.00
825.25,11,566273,0.2834,44.59,191.46,1968,1917,1,8,0,15,0,0,0,2,-83.6,0,0,0,0,0,0,11,0.0001,0.00,0.00,0.00
825.5,11,566332,0.2834,42.72,190.67,1902,1966,4,5,1,12,0,0,0,2,-83.6,0,0,0,0,0,0,11,0.0001,0.00,0.00,0.00
825.75,11,566299,0.2834,42.92,189.92,1858,1837,1,12,2,14,0,0,0,2,-83.6,0,0,0,0,0,0,11,0.0001,0.00,0.00,0.00
826,11,566310,0.2834,41.40,188.62,1858,1886,0,17,0,15,0,0,0,2,-83.6,0,0,0,0,0,0,11,0.0001,0.00,0.00,0.00
826.25,11,566193,0.2835,41.16,187.21,1844,1743,5,17,0,11,0,0,0,2,-83.6,0,0,0,0,0,0,11,0.0000,15.58,95.13,692.30
826.5,11,566132,0.2835,39.71,185.73,1807,1767,2,21,1,15,0,0,0,2,-83.6,0,0,0,0,0,0,11,0.0000,0.00,0.00,0.00
826.75,11,566052,0.2835,39.53,184.94,1808,1749,5,21,2,12,0,0,0,2,-83.6,0,0,0,0,0,0,10,0.0003,0.00,0.00,0.00
827,11,566053,0.2835,38.77,184.36,1682,1700,1,17,0,15,0,0,0,2,-83.6,0,0,0,0,0,0,11,0.0002,0.00,0.00,0.00
827.25,11,566017,0.2835,38.96,184.17,1669,1654,5,21,1,12,0,0,0,2,-83.6,0,0,0,0,0,0,11,0.0002,0.00,0.00,0.00
827.5,11,565977,0.2835,38.06,183.83,1615,1589,5,14,2,13,0,0,0,2,-83.6,0,0,0,0,0,0,11,0.0002,0.00,0.00,0.00
827.75,11,565986,0.2835,38.71,184.10,1637,1663,8,17,1,14,0,0,0,2,-83.6,0,0,0,0,0,0,11,0.0002,0.00,0.00,0.00
828,11,566012,0.2835,38.83,184.82,1557,1592,5,9,1,12,0,0,0,2,-83.6,0,0,0,0,0,0,11,0.0001,0.00,0.00,0.00
828.25,11,566009,0.2835,39.66,185.37,1535,1549,12,17,1,12,0,0,0,2,-83.6,0,0,0,0,0,0,11,0.0001,11.23,47.88,301.60
828.5,11,566085,0.2835,38.17,186.05,1473,1567,2,18,0,12,0,0,0,2,-83.6,0,0,0,0,0,0,11,0.0001,0.00,0.00,0.00
828.75,11,566001,0.2835,38.28,187.31,1600,1534,3,18,1,13,0,0,0,2,-83.6,0,0,0,0,0,0,11,0.0001,0.00,0.00,0.00
829,11,566050,0.2835,37.88,188.44,1439,1493,3,5,0,12,0,0,0,2,-83.6,0,0,0,0,0,0,11,0.0001,0.00,0.00,0.00
829.25,11,566066,0.2835,38.12,188.29,1474,1501,3,11,0,14,0,0,0,2,-83.6,0,0,0,0,0,0,11,0.0000,0.00,0.00,0.00
829.5,11,566070,0.2835,37.01,187.45,1426,1437,4,7,1,12,0,0,0,2,-83.6,0,0,0,0,0,0,11,0.0000,0.00,0.00,0.00
829.75,11,566053,0.2835,37.66,185.83,1423,1417,4,11,0,13,0,0,0,2,-83.6,0,0,0,0,0,0,10,0.0003,0.00,0.00,0.00
830,11,566149,0.2835,38.03,183.13,1308,1411,3,7,0,14,0,0,0,2,-83.6,0,0,0,0,0,0,11,0.0003,0.00,0.00,0.00
830.25,11,566130,0.2835,38.23,177.08,1404,1395,0,10,1,12,0,0,0,2,-66.9,0,0,0,0,0,0,11,0.0002,9.74,60.24,253.78
830.5,11,566123,0.2835,36.22,177.41,1372,1370,1,5,0,12,0,0,0,2,-66.9,0,0,0,0,0,0,11,0.0002,0.00,0.00,0.00
830.75,11,566125,0.2836,36.65,178.83,1335,1343,1,6,0,17,0,0,0,2,-66.9,0,0,0,0,0,0,11,0.0002,0.00,0.00,0.00
831,11,566089,0.2836,37.27,181.57,1356,1328,3,8,0,11,0,0,0,2,-66.9,0,0,0,0,0,0,11,0.0001,0.00,0.00,0.00
831.25,11,566155,0.2836,37.37,183.59,1311,1386,2,9,0,14,0,0,0,2,-66.9,0,0,0,0,0,0,11,0.0001,0.00,0.00,0.00
831.5,11,566173,0.2836,37.42,183.41,1334,1354,2,2,0,12,0,0,0,2,-66.9,0,0,0,0,0,0,11,0.0000,0.00,0.00,0.00
831.75,11,566174,0.2836,35.02,183.39,1351,1359,0,7,0,13,0,0,0,2,-66.9,0,0,0,0,0,0,10,0.0003,0.00,0.00,0.00
832,11,566196,0.2836,36.68,185.88,1274,1303,0,7,0,13,0,0,0,2,-66.9,0,0,0,0,0,0,11,0.0002,0.00,0.00,0.00
832.25,11,566168,0.2836,37.33,188.03,1357,1340,3,11,0,12,0,0,0,3,-66.9,0,0,0,0,0,0,11,0.0001,10.78,66.10,251.73
832.5,11,566259,0.2836,36.05,189.90,1260,1359,2,8,1,16,0,0,0,3,-66.9,0,0,0,0,0,0,11,0.0001,0.00,0.00,0.00
832.75,11,566285,0.2836,37.43,191.27,1341,1375,2,8,0,11,0,0,0,3,-66.9,0,0,0,0,0,0,11,0.0000,0.00,0.00,0.00
833,11,566316,0.2836,37.31,190.57,1285,1323,2,7,0,13,0,0,0,3,-66.9,0,0,0,0,0,0,10,0.0002,0.00,0.00,0.00
833.25,11,566330,0.2836,38.67,188.95,1397,1422,2,11,0,12,0,0,0,3,-66.9,0,0,0,0,0,0,11,0.0002,0.00,0.00,0.00
833.5,11,566315,0.2836,36.11,188.62,1399,1389,0,5,0,11,0,0,0,3,-66.9,0,0,0,0,0,0,11,0.0001,0.00,0.00,0.00
833.75,11,566267,0.2836,37.51,189.98,1422,1386,1,12,0,13,0,0,0,3,-66.9,0,0,0,0,0,0,11,0.0000,0.00,0.00,0.00
834,11,566380,0.2836,36.00,191.52,1405,1524,0,6,0,11,0,0,0,3,-66.9,0,0,0,0,0,0,10,0.0002,0.00,0.00,0.00
834.25,11,566370,0.2836,37.15,192.78,1400,1398,8,8,0,13,0,0,0,4,-66.9,0,0,0,0,0,0,11,0.0001,6.83,37.85,150.73
834.5,11,566402,0.2836,34.73,193.15,1362,1402,5,8,0,14,0,0,0,4,-66.9,0,0,0,0,0,0,11,0.0001,0.00,0.00,0.00
834.75,11,566357,0.2836,36.45,191.60,1453,1421,9,13,0,14,0,0,0,4,-66.9,0,0,0,0,0,0,10,0.0003,0.00,0.00,0.00
835,11,566421,0.2836,35.42,191.48,1304,1381,4,13,1,12,0,0,0,4,-66.9,0,0,0,0,0,0,11,0.0002,0.00,0.00,0.00
835.25,11,566421,0.2836,36.33,190.19,1423,1441,7,18,1,12,0,0,1,4,-66.9,0,0,0,0,0,0,11,0.0001,0.00,0.00,0.00
835.5,11,566424,0.2836,34.65,190.01,1368,1382,0,11,0,11,0,0,0,4,-66.9,0,0,0,0,0,0,11,0.0001,0.00,0.00,0.00
835.75,11,566435,0.2836,36.15,189.83,1344,1375,2,20,0,13,0,0,0,4,-66.9,0,0,0,0,0,0,11,0.0000,0.00,0.00,0.00
836,11,566483,0.2836,35.66,191.08,1358,1420,0,14,0,11,0,0,0,4,-66.9,0,0,0,0,0,0,10,0.0002,0.00,0.00,0.00
836.25,11,566524,0.2835,36.84,192.39,1340,1398,1,17,0,13,0,0,0,4,-66.9,0,0,0,0,0,0,11,0.0002,8.08,57.23,211.10
836.5,11,566662,0.2835,35.13,193.28,1293,1444,8,13,1,12,0,0,0,4,-66.9,0,0,0,0,0,0,11,0.0002,0.00,0.00,0.00
836.75,11,566648,0.2835,36.29,193.79,1331,1338,5,22,0,16,0,0,0,4,-66.9,0,0,0,0,0,0,11,0.0001,0.00,0.00,0.00
837,11,566677,0.2835,35.93,193.78,1330,1377,5,18,1,12,0,0,0,4,-66.9,0,0,0,0,0,0,11,0.0001,0.00,0.00,0.00
837.25,11,566740,0.2834,37.15,193.87,1339,1420,20365,18,0,14,0,0,0,3,-66.9,0,0,0,0,0,0,11,0.0001,0.00,0.00,0.00
837.5,11,566580,0.2835,34.66,188.27,1548,1403,6,15,1,13,0,0,0,3,-66.9,0,0,0,0,0,1,11,0.0001,0.00,0.00,0.00
837.75,11,566521,0.2835,36.37,91.22,1528,1486,8,18,3,14,1,0,0,2,-66.9,0,0,0,0,0,1,11,0.0001,0.00,0.00,0.00
838,11,566580,0.2835,36.66,99.92,1460,1538,17,20,1,12,0,0,7,2,-66.9,0,0,0,0,0,0,11,0.0001,0.00,0.00,0.00
838.25,11,566521,0.2835,34.90,114.26,1649,1637,11,47,1,15,0,0,0,3,-66.9,0,0,0,0,0,0,11,0.0001,9.01,92.71,357.32
838.5,11,566550,0.2834,34.39,126.97,1564,1642,11,49,2,14,0,0,0,3,-66.9,0,0,0,0,0,0,11,0.0001,0.00,0.00,0.00
838.75,11,566561,0.2833,33.18,137.44,1569,1620,15,40,1,12,0,0,0,3,-66.9,0,0,0,0,0,0,11,0.0002,0.00,0.00,0.00
839,11,566637,0.2833,32.90,144.60,1508,1612,7,28,1,15,0,0,0,3,-66.9,0,0,0,0,0,0,12,0.0000,0.00,0.00,0.00
839.25,11,566454,0.2833,32.28,146.02,1680,1545,20,49,4,13,0,0,0,3,-66.9,0,0,0,0,0,0,11,0.0001,0.00,0.00,0.00
839.5,11,566510,0.2832,31.94,144.11,1515,1603,18,34,2,15,0,0,0,3,-66.9,0,0,0,0,0,0,11,0.0002,0.00,0.00,0.00
839.75,11,566488,0.2832,31.97,143.09,1587,1607,12,43,3,14,0,0,0,3,-66.9,0,0,0,0,0,0,12,0.0001,0.00,0.00,0.00
840,11,566475,0.2832,32.32,141.71,1620,1641,12,34,1,14,0,0,0,3,-66.9,0,0,0,0,0,0,11,0.0002,0.00,0.00,0.00
840.25,11,566417,0.2831,32.48,141.77,1712,1702,10,48,2,19,0,0,0,3,-44.1,0,0,0,0,0,0,12,0.0001,7.02,80.71,635.78
840.5,11,566335,0.2831,32.60,144.15,1739,1698,6,41,5,14,0,0,0,3,-44.1,0,0,0,0,0,0,12,0.0000,0.00,0.00,0.00
840.75,13,566316,0.2831,32.08,147.52,1729,1750,64,40,2,14,1,0,0,2,-44.1,1,1,0,0,0,0,11,0.0002,0.00,0.00,0.00
841,13,566222,0.2831,31.40,152.02,1739,1680,9,36,4,16,0,0,5,2,-44.1,0,1,0,0,0,0,12,0.0002,0.00,0.00,0.00
841.25,13,566158,0.2831,30.19,156.25,1742,1726,14,49,3,13,0,0,1,2,-44.1,0,1,0,0,0,0,12,0.0001,0.00,0.00,0.00
841.5,13,566130,0.2830,29.68,159.22,1707,1714,6,35,4,14,0,0,1,2,-44.1,0,1,0,0,0,0,12,0.0001,0.00,0.00,0.00
841.75,13,566135,0.2830,29.26,162.90,1699,1753,10365,50,0,14,0,0,0,2,-44.1,0,1,0,0,0,0,12,0.0001,0.00,0.00,0.00
842,13,566002,0.2830,28.83,167.07,1803,1700,7,30,0,13,0,0,0,2,-44.1,0,1,0,0,0,0,12,0.0001,0.00,0.00,0.00
842.25,13,565926,0.2831,27.46,171.02,1773,1719,10,23,0,15,0,0,0,3,-44.1,0,1,0,0,0,0,12,0.0001,13.39,59.73,668.66
842.5,13,565944,0.2830,28.62,175.21,1712,1768,6,39,0,14,0,0,0,3,-44.1,0,1,0,0,0,0,12,0.0001,0.00,0.00,0.00
842.75,13,565896,0.2830,27.31,178.96,1830,1825,12,43,0,15,0,0,0,2,-44.1,0,1,0,0,0,0,12,0.0001,0.00,0.00,0.00
843,13,565929,0.2829,29.14,182.23,1754,1819,7,32,0,16,0,0,0,2,-44.1,0,1,0,0,0,0,12,0.0001,0.00,0.00,0.00
843.25,13,565856,0.2829,28.05,184.88,1893,1866,13,46,0,15,0,0,0,2,-44.1,0,1,0,0,0,0,12,0.0001,0.00,0.00,0.00
843.5,13,565838,0.2829,31.21,187.03,1781,1791,8,28,0,14,0,0,0,2,-44.1,0,1,0,0,0,0,12,0.0002,0.00,0.00,0.00
843.75,13,565783,0.2829,30.45,188.66,2036,2006,4,25,0,16,0,0,0,2,-44.1,0,1,0,0,0,0,12,0.0002,0.00,0.00,0.00
844,13,565734,0.2829,33.22,190.12,1917,1887,8,19,0,13,0,0,0,2,-44.1,0,1,0,0,0,0,12,0.0002,0.00,0.00,0.00
844.25,13,565713,0.2829,33.10,191.28,1986,1986,10,21,0,16,0,0,0,2,-44.1,0,1,0,0,0,0,12,0.0003,10.59,62.04,639.18
844.5,13,565682,0.2829,34.60,192.05,2017,2010,8,24,1,13,0,0,0,2,-44.1,0,1,0,0,0,0,13,0.0000,0.00,0.00,0.00
844.75,13,565543,0.2830,35.04,192.81,2068,1962,7,33,0,13,0,0,0,2,-44.1,0,1,0,0,0,0,12,0.0001,0.00,0.00,0.00
845,13,565562,0.2829,36.14,193.10,1913,1955,4,23,0,14,0,0,0,2,-44.1,0,1,0,0,0,0,12,0.0002,0.00,0.00,0.00
845.25,13,565514,0.2830,36.52,193.39,1982,1955,2,21,0,16,0,0,0,2,-44.1,0,1,0,0,0,0,12,0.0002,0.00,0.00,0.00
845.5,13,565406,0.2830,37.00,193.52,2030,1947,2,25,0,19,0,0,0,2,-44.1,0,1,0,0,0,0,13,0.0000,0.00,0.00,0.00
845.75,13,565358,0.2830,37.38,193.30,1940,1911,67,19,1,15,0,0,0,2,-44.1,0,1,0,0,0,0,12,0.0001,0.00,0.00,0.00
846,13,565430,0.2830,37.92,192.31,1860,1954,8,22,0,15,0,0,0,2,-44.1,0,1,0,0,0,0,12,0.0002,0.00,0.00,0.00
846.25,13,565299,0.2830,38.95,190.36,1959,1852,506,24,3,14,0,0,0,2,-44.1,0,1,0,0,0,0,13,0.0000,11.42,60.00,336.49
846.5,13,565267,0.2830,39.28,190.11,1934,1922,8,20,0,12,0,0,0,2,-44.1,0,1,0,0,0,0,12,0.0001,0.00,0.00,0.00
846.75,13,565116,0.2831,40.09,189.26,1972,1849,13,28,1,14,0,0,0,2,-44.1,0,1,0,0,0,0,12,0.0002,0.00,0.00,0.00
847,13,565182,0.2831,41.37,186.77,1851,1936,10,19,2,15,0,0,0,2,-44.1,0,1,0,0,0,0,13,0.0001,0.00,0.00,0.00
847.25,13,565088,0.2831,42.29,185.78,1918,1855,9,31,0,14,0,0,0,2,-44.1,0,1,0,0,0,0,12,0.0002,0.00,0.00,0.00
847.5,13,565145,0.2830,42.61,184.60,1809,1891,12,25,1,16,0,0,0,2,-44.1,0,1,0,0,0,0,13,0.0000,0.00,0.00,0.00
847.75,13,565076,0.2831,43.05,184.63,1884,1839,13,24,2,16,0,0,0,2,-44.1,0,1,0,0,0,0,12,0.0002,0.00,0.00,0.00
848,13,564951,0.2831,43.67,184.71,1939,1841,21,28,1,16,0,0,0,2,-44.1,0,1,0,0,0,0,13,0.0000,0.00,0.00,0.00
848.25,13,564932,0.2831,44.79,185.39,1877,1897,10,39,3,15,0,0,0,2,-44.1,0,1,0,0,0,0,12,0.0002,17.91,58.39,382.46
848.5,13,564911,0.2830,44.47,186.01,1803,1817,7,35,0,15,0,0,0,2,-44.1,0,1,0,0,0,0,13,0.0001,0.00,0.00,0.00
848.75,13,564921,0.2830,44.96,186.83,1818,1851,8,23,5,14,0,0,0,2,-44.1,0,1,0,0,0,1,12,0.0003,0.00,0.00,0.00
849,12,564851,0.2830,45.28,188.63,1859,1824,8,35,3,14,0,0,0,2,-44.1,0,1,0,0,0,1,13,0.0002,0.00,0.00,0.00
849.25,12,564932,0.2830,45.62,190.03,1709,1811,177,21,2,14,0,0,0,2,-44.1,0,1,0,0,0,0,13,0.0001,0.00,0.00,0.00
849.5,12,564891,0.2830,45.75,190.99,1797,1781,6,25,1,15,0,0,0,2,-44.1,0,1,0,0,0,0,13,0.0001,0.00,0.00,0.00
849.75,12,564855,0.2830,46.17,191.65,1764,1752,14,24,8,12,0,0,0,2,-44.1,0,1,0,0,0,0,12,0.0003,0.00,0.00,0.00
850,12,564873,0.2829,46.09,192.25,1788,1826,9,20,5,15,0,0,0,2,-44.1,0,1,0,0,0,0,13,0.0002,0.00,0.00,0.00
850.25,12,564812,0.2829,46.31,192.48,1749,1709,13,22,2,14,0,0,0,2,-33.1,0,1,0,0,0,0,13,0.0002,13.88,42.65,327.26
850.5,12,564818,0.2829,46.40,188.36,1742,1775,8,27,1,17,0,0,0,2,-33.1,0,1,0,0,0,1,13,0.0001,0.00,0.00,0.00
850.75,11,564784,0.2829,46.98,157.11,1629,1620,7,25,7,14,0,0,0,2,-33.1,0,1,0,0,0,1,13,0.0001,0.00,0.00,0.00
851,12,564885,0.2828,46.86,163.54,1558,1684,10,25,1,15,0,0,0,2,-33.1,1,1,0,0,0,0,13,0.0000,0.00,0.00,0.00
851.25,12,564942,0.2828,47.36,169.23,1551,1628,6,21,5,14,0,0,3,2,-33.1,0,1,0,0,0,0,13,0.0000,0.00,0.00,0.00
851.5,12,564883,0.2828,47.63,173.83,1581,1541,7,19,7,15,0,0,1,2,-33.1,0,1,0,0,0,0,12,0.0003,0.00,0.00,0.00
851.75,12,564949,0.2827,48.21,177.35,1558,1648,9,24,7,15,0,0,0,2,-33.1,0,1,0,0,0,0,13,0.0003,0.00,0.00,0.00
852,13,564930,0.2827,49.55,180.19,1571,1581,8,29,2,18,1,0,0,1,-33.1,0,1,0,0,0,0,13,0.0003,0.00,0.00,0.00
852.25,13,564855,0.2827,49.23,182.91,1658,1614,1076,31,5,15,0,0,1,2,-33.1,0,1,0,0,0,0,13,0.0003,20.73,108.48,604.74
852.5,13,564580,0.2826,45.16,184.79,1768,1637,17,146,1,16,0,0,0,2,-33.1,0,1,0,0,0,0,14,0.0001,0.00,0.00,0.00
852.75,13,564567,0.2826,46.48,186.87,1611,1617,12,19,13,15,0,0,0,2,-33.1,0,1,0,0,0,0,13,0.0002,0.00,0.00,0.00
853,13,564512,0.2826,46.33,188.73,1640,1633,23,48,1,14,0,0,0,2,-33.1,0,1,0,0,0,0,14,0.0000,0.00,0.00,0.00
853.25,13,564463,0.2826,45.32,190.24,1580,1571,8,40,1,17,0,0,0,2,-33.1,0,1,0,0,0,0,13,0.0002,0.00,0.00,0.00
853.5,13,564529,0.2825,44.21,191.65,1545,1639,16,28,5,17,0,0,0,2,-33.1,0,1,0,0,0,0,14,0.0000,0.00,0.00,0.00
853.75,13,564574,0.2825,44.91,192.80,1509,1591,15,37,3,15,0,0,0,2,-33.1,0,1,0,0,0,0,13,0.0002,0.00,0.00,0.00
854,13,564603,0.2824,43.83,193.73,1447,1513,13,37,3,16,0,0,0,2,-33.1,0,1,0,0,0,0,14,0.0001,0.00,0.00,0.00
854.25,13,564628,0.2823,44.02,194.46,1440,1534,12,69,2,21,0,0,0,2,-33.1,0,1,0,0,0,0,14,0.0000,19.94,86.99,378.10
854.5,13,564779,0.2822,43.33,193.02,1357,1548,8,40,1,16,0,0,0,2,-33.1,0,1,0,0,0,1,13,0.0002,0.00,0.00,0.00
854.75,12,564861,0.2821,43.75,172.87,1403,1541,17,56,5,17,0,0,0,2,-33.1,0,1,0,0,0,1,14,0.0002,0.00,0.00,0.00
855,12,564855,0.2820,42.55,170.62,1357,1404,18,55,2,18,0,0,0,2,-33.1,0,1,0,0,0,0,14,0.0002,0.00,0.00,0.00
855.25,12,564920,0.2819,42.62,161.81,1343,1472,7,64,1,17,0,0,0,2,-33.1,0,1,0,0,0,0,14,0.0002,0.00,0.00,0.00
855.5,12,564976,0.2818,41.58,158.19,1370,1477,18,51,1,17,0,0,0,2,-33.1,0,1,0,0,0,0,14,0.0003,0.00,0.00,0.00
855.75,12,565031,0.2817,42.48,153.77,1329,1441,20,58,2,19,0,0,0,2,-33.1,0,1,0,0,0,0,15,0.0001,0.00,0.00,0.00
856,12,565094,0.2816,42.37,153.96,1333,1450,13,54,2,17,0,0,0,2,-33.1,0,1,0,0,0,0,14,0.0002,0.00,0.00,0.00
856.25,12,565215,0.2815,42.20,149.78,1260,1430,16587,50,0,16,0,0,0,1,-33.1,0,1,0,0,0,0,15,0.0000,12.22,70.15,411.24
856.5,12,565035,0.2815,41.25,152.61,1561,1435,16,54,1,18,0,0,0,1,-33.1,0,1,0,0,0,0,14,0.0002,0.00,0.00,0.00
856.75,12,565056,0.2814,42.18,157.91,1440,1516,17,57,0,19,0,0,0,1,-33.1,0,1,0,0,0,0,15,0.0001,0.00,0.00,0.00
857,12,565064,0.2814,41.15,159.37,1478,1536,7,51,1,19,0,0,0,1,-33.1,0,1,0,0,0,0,15,0.0000,0.00,0.00,0.00
857.25,13,565053,0.2813,40.86,164.56,1430,1481,6,62,0,18,1,0,0,0,-33.1,0,1,0,0,0,0,14,0.0003,0.00,0.00,0.00
857.5,13,565111,0.2812,39.31,166.96,1422,1517,21,38,0,20,0,0,11,0,-33.1,0,1,0,0,0,0,15,0.0003,0.00,0.00,0.00
857.75,13,565062,0.2812,38.32,171.95,1466,1486,25,71,0,18,0,0,0,0,-33.1,0,1,0,0,0,0,15,0.0003,0.00,0.00,0.00
858,13,565159,0.2811,36.76,173.47,1348,1486,17,41,0,22,0,0,0,0,-33.1,0,1,0,0,0,0,16,0.0000,0.00,0.00,0.00
858.25,13,565121,0.2810,35.39,175.73,1403,1440,18,76,0,18,0,0,0,1,-33.1,0,1,0,0,0,0,15,0.0001,21.01,103.09,464.86
858.5,13,565209,0.2809,35.11,176.21,1241,1377,12,48,0,21,0,0,0,1,-33.1,0,1,0,0,0,0,15,0.0002,0.00,0.00,0.00
858.75,13,565292,0.2808,36.25,179.73,1240,1359,22,38,0,19,0,0,0,1,-33.1,0,1,0,0,0,0,16,0.0001,0.00,0.00,0.00
859,13,565348,0.2808,36.16,179.72,1326,1432,15,50,0,19,0,0,0,1,-33.1,0,1,0,0,0,0,15,0.0002,0.00,0.00,0.00
859.25,13,565370,0.2807,38.39,178.83,1333,1403,11,49,0,22,0,0,0,1,-33.1,0,1,0,0,0,0,16,0.0001,0.00,0.00,0.00
859.5,13,565450,0.2806,37.51,176.87,1291,1418,23,49,0,22,0,0,0,0,-33.1,0,1,0,0,0,0,15,0.0003,0.00,0.00,0.00
859.75,13,565506,0.2806,39.12,178.83,1336,1434,6,42,0,20,0,0,0,0,-33.1,0,1,0,0,0,0,16,0.0002,0.00,0.00,0.00
860,13,565539,0.2805,38.70,146.64,1424,1507,18,50,0,23,0,0,0,0,-33.1,0,1,0,0,0,0,16,0.0001,0.00,0.00,0.00
860.25,13,565629,0.2804,40.18,148.23,1318,1453,11,45,0,18,0,0,0,1,-79.1,0,1,0,0,0,0,16,0.0001,13.50,117.96,362.09
860.5,13,565615,0.2803,37.55,146.11,1396,1444,15,62,0,22,0,0,0,1,-79.1,0,1,0,0,0,0,16,0.0001,0.00,0.00,0.00
860.75,13,565605,0.2803,38.85,149.96,1401,1443,11,52,1,20,0,0,0,1,-79.1,0,1,0,0,0,0,16,0.0001,0.00,0.00,0.00
861,13,565605,0.2802,39.52,146.93,1432,1479,23,47,0,23,0,0,0,1,-79.1,0,1,0,0,0,0,16,0.0001,0.00,0.00,0.00
861.25,13,565684,0.2801,41.12,152.14,1415,1551,14,57,0,19,0,0,0,1,-79.1,0,1,0,0,0,0,16,0.0002,0.00,0.00,0.00
861.5,13,565645,0.2801,40.85,149.11,1586,1600,11,53,0,22,0,0,0,0,-79.1,0,1,0,0,0,0,16,0.0002,0.00,0.00,0.00
861.75,13,565674,0.2801,42.48,151.20,1529,1603,9,45,0,20,0,0,0,0,-79.1,0,1,0,0,0,0,16,0.0003,0.00,0.00,0.00
862,13,565711,0.2800,42.48,146.73,1644,1733,11,52,0,23,0,0,0,0,-79.1,0,1,0,0,0,0,17,0.0000,0.00,0.00,0.00
862.25,13,565708,0.2799,43.68,152.26,1687,1759,14,75,0,19,0,0,0,1,-79.1,0,1,0,0,0,0,16,0.0001,17.10,98.56,381.51
862.5,13,565643,0.2798,43.89,147.68,1755,1758,14,68,0,23,0,0,0,1,-79.1,0,1,0,0,0,0,16,0.0002,0.00,0.00,0.00
862.75,13,565701,0.2798,44.67,153.74,1712,1826,15,58,0,21,0,0,0,1,-79.1,0,1,0,0,0,0,17,0.0000,0.00,0.00,0.00
863,13,565711,0.2797,45.53,149.87,1802,1849,13,41,0,19,0,0,0,1,-79.1,0,1,0,0,0,0,16,0.0002,0.00,0.00,0.00
863.25,13,565710,0.2797,46.46,156.51,1767,1824,13,58,0,17,0,0,0,1,-79.1,0,1,0,0,0,0,16,0.0003,0.00,0.00,0.00
863.5,13,565627,0.2796,47.02,150.05,1912,1886,18,57,0,24,0,0,0,1,-79.1,0,1,0,0,0,0,17,0.0002,0.00,0.00,0.00
863.75,13,565585,0.2796,47.70,152.03,1877,1901,11,66,0,21,0,0,0,0,-79.1,0,1,0,0,0,0,17,0.0000,0.00,0.00,0.00
864,13,565525,0.2796,46.85,147.20,2002,1990,3530,49,0,21,0,0,0,0,-79.1,0,1,0,0,0,0,16,0.0002,0.00,0.00,0.00
864.25,13,565444,0.2796,45.25,150.69,1978,1931,11,35,0,20,0,0,0,1,-79.1,0,1,0,0,0,0,17,0.0001,14.28,67.22,489.90
864.5,13,565396,0.2796,44.88,146.52,2038,2023,17,33,0,18,0,0,0,1,-79.1,0,1,0,0,0,0,17,0.0000,0.00,0.00,0.00
864.75,13,565346,0.2796,42.71,148.39,2049,2021,24,22,0,19,0,0,0,1,-79.1,0,1,0,0,0,0,16,0.0002,0.00,0.00,0.00
865,13,565331,0.2796,43.51,148.93,1988,1990,9,17,0,19,0,0,0,1,-79.1,0,1,0,0,0,0,17,0.0000,0.00,0.00,0.00
865.25,13,565331,0.2796,44.01,156.48,2067,2099,12,33,0,19,0,0,0,1,-79.1,0,1,0,0,0,0,16,0.0002,0.00,0.00,0.00
865.5,13,565273,0.2796,43.92,163.14,2123,2093,6,28,0,23,0,0,0,0,-79.1,0,1,0,0,0,0,17,0.0001,0.00,0.00,0.00
865.75,13,565314,0.2796,44.74,167.61,2071,2136,35980,24,0,20,0,0,0,0,-79.1,0,1,0,0,0,0,16,0.0002,0.00,0.00,0.00
866,13,565041,0.2797,45.58,169.10,2396,2147,11,24,0,18,0,0,0,0,-79.1,0,1,0,0,0,0,17,0.0000,0.00,0.00,0.00
866.25,13,564914,0.2798,44.90,169.16,2450,2343,10,21,0,20,0,0,0,1,-79.1,0,1,0,0,0,0,16,0.0002,8.09,48.34,252.81
866.5,13,564842,0.2798,45.61,172.39,2406,2352,21,19,0,22,0,0,0,1,-79.1,0,1,0,0,0,0,16,0.0003,0.00,0.00,0.00
866.75,13,564859,0.2798,44.16,172.28,2414,2454,20,23,0,20,0,0,0,1,-79.1,0,1,0,0,0,0,17,0.0001,0.00,0.00,0.00
867,13,564852,0.2798,44.48,166.34,2399,2428,16,37,1,22,0,0,0,1,-79.1,0,1,0,0,0,0,16,0.0002,0.00,0.00,0.00
867.25,13,564825,0.2798,43.47,155.48,2387,2396,24,36,0,21,0,0,0,1,-79.1,0,1,0,0,0,0,17,0.0001,0.00,0.00,0.00
867.5,13,564810,0.2798,42.37,140.60,2362,2392,7,45,0,22,0,0,0,1,-79.1,0,1,0,0,0,0,16,0.0003,0.00,0.00,0.00
867.75,13,564758,0.2797,40.77,142.48,2307,2298,15,46,0,26,0,0,0,0,-79.1,0,1,0,0,0,0,17,0.0001,0.00,0.00,0.00
868,13,564805,0.2797,39.03,141.06,2252,2339,13,40,1,20,0,0,0,0,-79.1,0,1,0,0,0,0,17,0.0000,0.00,0.00,0.00
868.25,13,564824,0.2796,38.08,142.63,2187,2261,17,55,1,22,0,0,0,0,-79.1,0,1,0,0,0,0,16,0.0003,9.32,61.25,323.74
868.5,13,564789,0.2796,36.00,139.56,2177,2196,19,55,0,20,0,0,0,0,-79.1,0,1,0,0,0,0,17,0.0002,0.00,0.00,0.00
868.75,13,564754,0.2795,34.15,141.07,2057,2076,491,54,1,20,0,0,0,0,-79.1,0,1,0,0,0,0,17,0.0002,0.00,0.00,0.00
869,13,564603,0.2795,30.04,136.92,1984,1893,12,60,1,26,0,0,0,0,-79.1,0,1,0,0,0,0,17,0.0002,0.00,0.00,0.00
869.25,13,564419,0.2796,30.76,140.05,1870,1740,14,55,0,21,0,0,0,0,-79.1,0,1,0,0,0,0,17,0.0002,0.00,0.00,0.00
869.5,13,564358,0.2796,27.16,130.32,1715,1710,12,56,0,21,0,0,0,0,-79.1,0,1,0,0,0,0,17,0.0003,0.00,0.00,0.00
869.75,13,564328,0.2795,29.23,134.77,1467,1475,43,38,1,25,0,0,0,0,-79.1,0,1,0,0,0,0,18,0.0000,0.00,0.00,0.00
870,13,564455,0.2794,27.49,125.05,1421,1593,16,46,0,27,0,0,0,0,-79.1,0,1,0,0,0,0,17,0.0001,0.00,0.00,0.00
870.25,13,564511,0.2794,30.32,128.12,1433,1523,9,34,1,23,0,0,0,0,-25.8,0,1,0,0,0,0,17,0.0002,12.00,59.41,272.62
870.5,13,564543,0.2793,30.07,124.29,1518,1599,10,49,0,22,0,0,0,0,-25.8,0,1,0,0,0,0,18,0.0000,0.00,0.00,0.00
870.75,13,564653,0.2793,30.30,126.30,1507,1652,5,35,0,22,0,0,0,0,-25.8,0,1,0,0,0,0,17,0.0001,0.00,0.00,0.00
871,13,564741,0.2792,32.46,128.73,1519,1634,7,27,0,21,0,0,0,0,-25.8,0,1,0,0,0,0,17,0.0003,0.00,0.00,0.00
871.25,13,564789,0.2792,33.21,133.51,1578,1657,21,31,0,23,0,0,0,0,-25.8,0,1,0,0,0,0,18,0.0001,0.00,0.00,0.00
871.5,13,564885,0.2791,35.45,135.20,1666,1790,6,28,0,21,0,0,0,0,-25.8,0,1,0,0,0,1,17,0.0002,0.00,0.00,0.00
871.75,12,564902,0.2791,35.30,133.14,1727,1783,20,40,0,23,0,0,0,0,-25.8,0,1,0,0,0,1,18,0.0001,0.00,0.00,0.00
872,12,565003,0.2790,36.51,116.29,1733,1863,13,29,1,21,0,0,0,0,-25.8,0,1,0,0,0,0,17,0.0003,0.00,0.00,0.00
872.25,12,565066,0.2789,36.35,115.18,1752,1861,13,46,0,23,0,0,0,1,-25.8,0,1,0,0,0,0,18,0.0001,13.70,115.00,503.94
872.5,12,565044,0.2789,38.37,111.50,1800,1818,11,40,0,24,0,0,0,1,-25.8,0,1,0,0,0,0,18,0.0001,0.00,0.00,0.00
872.75,12,565021,0.2789,38.36,115.44,1779,1806,11,50,0,24,0,0,0,1,-25.8,0,1,0,0,0,0,17,0.0003,0.00,0.00,0.00
873,12,564992,0.2789,40.34,117.86,1844,1857,8,42,0,22,0,0,0,1,-25.8,0,1,0,0,0,0,18,0.0002,0.00,0.00,0.00
873.25,12,565007,0.2788,40.78,120.97,1895,1971,15,61,2,25,0,0,0,1,-25.8,0,1,0,0,0,0,18,0.0002,0.00,0.00,0.00
873.5,12,565007,0.2788,41.34,123.19,1898,1932,13,34,4,22,0,0,0,1,-25.8,0,1,0,0,0,0,18,0.0001,0.00,0.00,0.00
873.75,12,565014,0.2787,42.07,130.40,1899,1949,14,44,4,24,0,0,0,1,-25.8,0,1,0,0,0,0,18,0.0001,0.00,0.00,0.00
874,12,564983,0.2787,42.32,137.37,1947,1964,22,48,5,26,0,0,0,1,-25.8,0,1,0,0,0,0,18,0.0001,0.00,0.00,0.00
874.25,12,564912,0.2787,42.16,146.19,1930,1912,10543,54,10,24,0,0,0,1,-25.8,0,1,0,0,0,0,18,0.0001,14.65,78.22,654.67
874.5,12,564921,0.2786,41.99,152.84,1992,2057,16,56,5,25,0,0,0,1,-25.8,0,1,0,0,0,0,18,0.0002,0.00,0.00,0.00
874.75,12,564803,0.2786,40.73,158.97,1995,1940,20,66,5,26,0,0,0,1,-25.8,0,1,0,0,0,0,18,0.0002,0.00,0.00,0.00
875,12,564838,0.2785,40.82,165.37,1949,2051,18,67,6,25,0,0,0,1,-25.8,0,1,0,0,0,0,19,0.0000,0.00,0.00,0.00
875.25,12,564750,0.2784,39.95,169.80,1940,1918,15,66,3,24,0,0,0,1,-25.8,0,1,0,0,0,0,18,0.0001,0.00,0.00,0.00
875.5,12,564668,0.2784,40.72,172.59,1963,1939,7,58,4,23,0,0,0,1,-25.8,0,1,0,0,0,0,18,0.0003,0.00,0.00,0.00
875.75,12,564646,0.2784,39.87,176.51,1851,1888,13,60,3,29,0,0,0,1,-25.8,0,1,0,0,0,0,19,0.0001,0.00,0.00,0.00
876,12,564579,0.2783,40.62,179.07,1988,1983,16,62,4,22,0,0,0,1,-25.8,0,1,0,0,0,0,18,0.0003,0.00,0.00,0.00
876.25,12,564587,0.2782,40.34,182.25,1878,1951,19,65,3,26,0,0,0,1,-25.8,0,1,0,0,0,0,19,0.0002,17.73,56.50,633.83
876.5,12,564585,0.2782,40.34,171.20,1936,1989,12,55,2,27,0,0,0,1,-25.8,0,1,0,0,0,0,19,0.0001,0.00,0.00,0.00
876.75,12,564532,0.2781,40.00,160.00,2033,2042,15,62,4,22,0,0,0,1,-25.8,0,1,0,0,0,0,19,0.0000,0.00,0.00,0.00
877,12,564512,0.2781,39.43,153.20,1988,2011,12,43,5,21,0,0,0,1,-25.8,0,1,0,0,0,0,18,0.0002,0.00,0.00,0.00
877.25,12,564515,0.2781,39.59,157.04,1972,2025,12,50,3,24,0,0,0,1,-25.8,0,1,0,0,0,0,19,0.0002,0.00,0.00,0.00
877.5,12,564523,0.2780,39.19,156.73,1985,2038,11,45,6,25,0,0,0,1,-25.8,0,1,0,0,0,0,19,0.0001,0.00,0.00,0.00
877.75,12,564465,0.2780,39.95,160.04,2020,2021,62,59,3,25,0,0,0,1,-25.8,0,1,0,0,0,0,19,0.0001,0.00,0.00,0.00
878,12,564447,0.2779,39.34,155.85,1990,2014,14,42,2,27,0,0,0,1,-25.8,0,1,0,0,0,0,19,0.0000,0.00,0.00,0.00
878.25,12,564434,0.2779,40.00,157.26,1992,2034,8,55,1,24,0,0,0,1,-25.8,0,1,0,0,0,0,19,0.0000,11.79,66.98,404.00
878.5,12,564488,0.2779,38.82,152.62,1980,2070,12,36,3,26,0,0,0,1,-25.8,0,1,0,0,0,0,18,0.0003,0.00,0.00,0.00
878.75,12,564480,0.2778,39.68,151.66,2021,2053,10,40,4,26,0,0,0,1,-25.8,0,1,0,0,0,0,19,0.0003,0.00,0.00,0.00
879,12,564425,0.2778,38.40,150.39,2060,2057,8,52,7,26,0,0,0,1,-25.8,0,1,0,0,0,0,19,0.0003,0.00,0.00,0.00
879.25,12,564365,0.2778,39.60,156.68,2007,1988,12,42,5,21,0,0,0,1,-25.8,0,1,0,0,0,0,19,0.0002,0.00,0.00,0.00
879.5,12,564398,0.2777,38.98,152.62,1966,2036,12,37,3,26,0,0,0,1,-25.8,0,1,0,0,0,0,19,0.0002,0.00,0.00,0.00
879.75,12,564333,0.2777,39.85,155.60,2062,2033,14,36,2,23,0,0,0,1,-25.8,0,1,0,0,0,0,19,0.0002,0.00,0.00,0.00
880,12,564356,0.2777,38.91,153.20,1982,2037,17,32,0,27,0,0,0,1,-25.8,0,1,0,0,0,0,19,0.0001,0.00,0.00,0.00
880.25,12,564433,0.2777,39.38,153.85,1933,2038,10,28,2,24,0,0,0,1,-11.3,0,1,0,0,0,0,19,0.0001,12.68,66.56,252.42
880.5,12,564346,0.2777,38.48,150.97,2014,1966,5,39,1,23,0,0,0,1,-11.3,0,1,0,0,0,0,19,0.0001,0.00,0.00,0.00
880.75,12,564393,0.2777,38.27,142.71,1941,2023,10,36,0,24,0,0,0,1,-11.3,0,1,0,0,0,0,19,0.0000,0.00,0.00,0.00
881,12,564369,0.2776,37.74,137.38,1964,1976,6,36,0,22,0,0,0,1,-11.3,0,1,0,0,0,0,18,0.0003,0.00,0.00,0.00
881.25,12,564329,0.2776,36.15,129.99,1952,1947,8,35,0,21,0,0,0,1,-11.3,0,1,0,0,0,0,19,0.0002,0.00,0.00,0.00
881.5,12,564363,0.2776,36.65,129.84,1823,1885,6,28,0,25,0,0,0,1,-11.3,0,1,0,0,0,0,19,0.0001,0.00,0.00,0.00
881.75,12,564364,0.2776,35.49,129.88,1897,1939,15,42,0,22,0,0,0,1,-11.3,0,1,0,0,0,0,19,0.0001,0.00,0.00,0.00
882,12,564344,0.2776,35.76,129.99,1854,1874,2467,41,1,25,0,0,0,1,-11.3,0,1,0,0,0,0,19,0.0000,0.00,0.00,0.00
882.25,12,564325,0.2775,34.87,127.17,1979,2005,2202,46,0,19,0,0,0,1,-11.3,0,1,0,0,0,0,18,0.0002,13.12,93.90,345.44
882.5,13,564338,0.2775,34.85,132.67,1937,1975,15,26,1,24,1,0,0,0,-11.3,0,1,0,0,0,0,19,0.0002,0.00,0.00,0.00
882.75,13,564333,0.2775,34.09,137.34,1955,2004,16,55,2,24,0,0,9,0,-11.3,0,1,0,0,0,0,19,0.0001,0.00,0.00,0.00
883,13,564327,0.2774,34.85,142.32,1990,2037,9,53,1,23,0,0,0,0,-11.3,0,1,0,0,0,0,19,0.0001,0.00,0.00,0.00
883.25,13,564308,0.2774,33.11,148.91,2099,2140,11,60,2,23,0,0,0,0,-11.3,0,1,0,0,0,0,19,0.0001,0.00,0.00,0.00
883.5,13,564320,0.2773,33.45,156.73,2027,2081,4,42,4,23,0,0,0,0,-11.3,0,1,0,0,0,0,19,0.0001,0.00,0.00,0.00
883.75,13,564321,0.2773,32.78,155.33,2069,2114,9,44,0,27,0,0,0,0,-11.3,0,1,0,0,0,0,19,0.0001,0.00,0.00,0.00
884,13,564378,0.2772,32.37,145.79,1998,2086,7,31,4,21,0,0,0,0,-11.3,0,1,0,0,0,0,19,0.0001,0.00,0.00,0.00
884.25,13,564419,0.2772,31.02,136.41,1989,2076,2,46,1,21,0,0,0,0,-11.3,0,1,0,0,0,0,19,0.0002,14.96,104.97,285.24
884.5,13,564467,0.2771,31.70,130.90,2013,2096,9,36,4,28,0,0,0,0,-11.3,0,1,0,0,0,0,19,0.0002,0.00,0.00,0.00
884.75,13,564517,0.2771,30.19,135.89,1937,2036,8,49,2,22,0,0,0,0,-11.3,0,1,0,0,0,0,19,0.0003,0.00,0.00,0.00
885,13,564439,0.2771,31.89,140.91,2082,2053,12,50,5,25,0,0,0,0,-11.3,0,1,0,0,0,0,20,0.0001,0.00,0.00,0.00
885.25,13,564355,0.2770,31.14,144.88,2035,2000,15,49,4,21,0,0,0,0,-11.3,0,1,0,0,0,0,19,0.0002,0.00,0.00,0.00
885.5,13,564349,0.2770,32.17,148.72,2021,2056,12,42,9,23,0,0,0,0,-11.3,0,1,0,0,0,0,19,0.0003,0.00,0.00,0.00
885.75,13,564366,0.2769,31.71,148.67,1989,2059,9,53,4,23,0,0,1,0,-11.3,0,1,0,0,0,0,20,0.0001,0.00,0.00,0.00
886,13,564380,0.2769,32.45,146.05,1955,2008,9,39,6,26,0,0,0,0,-11.3,0,1,0,0,0,0,19,0.0003,0.00,0.00,0.00
886.25,13,564458,0.2768,31.10,153.32,1886,2002,13,38,1,27,0,0,0,1,-11.3,0,1,0,0,0,0,20,0.0001,14.64,113.44,315.64
886.5,13,564441,0.2768,31.89,159.27,1936,1961,12,43,8,23,0,0,0,1,-11.3,0,1,0,0,0,0,19,0.0003,0.00,0.00,0.00
886.75,13,564487,0.2767,31.22,164.54,1879,1981,9,57,4,26,0,0,0,1,-11.3,0,1,0,0,0,0,20,0.0002,0.00,0.00,0.00
887,13,564480,0.2767,32.25,169.27,1815,1855,19,48,8,27,0,0,0,1,-11.3,0,1,0,0,0,0,20,0.0001,0.00,0.00,0.00
887.25,13,564532,0.2766,32.55,173.21,1823,1926,9,51,2,23,0,0,0,1,-11.3,0,1,0,0,0,0,20,0.0000,0.00,0.00,0.00
887.5,13,564618,0.2765,33.21,176.76,1786,1941,14,70,1,26,0,0,0,1,-11.3,0,1,0,0,0,0,19,0.0003,0.00,0.00,0.00
887.75,13,564657,0.2764,33.45,179.69,1858,1947,14,50,0,27,0,0,0,1,-11.3,0,1,0,0,0,0,20,0.0002,0.00,0.00,0.00
888,13,564705,0.2764,35.34,182.53,1853,1937,6,36,4,25,0,0,0,1,-11.3,0,1,0,0,0,0,20,0.0002,0.00,0.00,0.00
888.25,13,564715,0.2763,35.67,184.69,1918,1980,14,52,0,27,0,0,0,1,-11.3,0,1,0,0,0,0,20,0.0002,14.59,81.63,266.07
888.5,13,564641,0.2763,37.24,186.90,1982,1957,11,50,0,28,0,0,0,0,-11.3,0,1,0,0,0,0,20,0.0002,0.00,0.00,0.00
888.75,13,564635,0.2763,37.38,188.66,2022,2037,6,21,0,26,0,0,0,0,-11.3,0,1,0,0,0,0,20,0.0002,0.00,0.00,0.00
889,13,564610,0.2763,39.96,190.25,2114,2115,3,26,0,28,0,0,0,0,-11.3,0,1,0,0,0,0,20,0.0002,0.00,0.00,0.00
889.25,13,564568,0.2764,39.97,191.58,2163,2143,8,23,0,27,0,0,0,0,-11.3,0,1,0,0,0,0,20,0.0002,0.00,0.00,0.00
889.5,13,564515,0.2764,41.97,192.90,2181,2146,5,19,0,21,0,0,0,0,-11.3,0,1,0,0,0,0,20,0.0002,0.00,0.00,0.00
889.75,13,564478,0.2764,41.95,193.96,2233,2218,5,22,0,24,0,0,0,0,-11.3,0,1,0,0,0,0,20,0.0001,0.00,0.00,0.00
890,13,564482,0.2764,43.71,193.53,2210,2238,7,24,0,25,0,0,0,0,-11.3,0,1,0,0,0,0,20,0.0001,0.00,0.00,0.00
890.25,13,564395,0.2765,43.31,194.39,2345,2277,7,19,0,22,0,0,0,1,38.8,0,1,0,0,0,0,20,0.0001,13.62,83.96,238.65
890.5,13,564398,0.2765,44.51,194.78,2325,2353,7,26,0,22,0,0,0,1,38.8,0,1,0,0,0,0,20,0.0000,0.00,0.00,0.00
890.75,13,564326,0.2765,43.97,195.42,2341,2284,6,15,0,24,0,0,0,1,38.8,0,1,0,0,0,0,19,0.0003,0.00,0.00,0.00
891,13,564301,0.2765,44.81,195.83,2285,2276,9,17,0,24,0,0,0,1,38.8,0,1,0,0,0,0,20,0.0002,0.00,0.00,0.00
891.25,12,564302,0.2765,45.55,195.91,2253,2281,3,27,0,23,0,1,0,1,38.8,0,0,0,0,1,0,20,0.0001,0.00,0.00,0.00
891.5,12,564348,0.2765,46.03,196.24,2248,2322,9,29,0,25,0,0,0,1,38.8,0,0,0,0,0,0,20,0.0000,0.00,0.00,0.00
891.75,12,564277,0.2766,45.13,196.39,2321,2265,13,17,0,22,0,0,0,1,38.8,0,0,0,0,0,0,19,0.0002,0.00,0.00,0.00
892,12,564280,0.2766,46.05,196.35,2241,2269,18,26,0,22,0,0,0,1,38.8,0,0,0,0,0,0,20,0.0001,0.00,0.00,0.00
892.25,12,564235,0.2766,44.98,195.42,2300,2283,19,29,0,23,0,0,0,1,38.8,0,0,0,0,0,0,19,0.0002,17.07,67.36,183.64
892.5,12,564154,0.2766,47.14,194.36,2235,2170,22,17,0,31,0,0,0,1,38.8,0,0,0,0,0,0,20,0.0001,0.00,0.00,0.00
892.75,12,564121,0.2766,46.04,194.03,2251,2269,12,51,0,21,0,0,0,0,38.8,0,0,0,0,0,0,19,0.0002,0.00,0.00,0.00
893,12,564119,0.2766,47.94,193.49,2203,2222,23,22,2,21,0,0,0,0,38.8,0,0,0,0,0,0,20,0.0001,0.00,0.00,0.00
893.25,12,564135,0.2766,45.93,192.66,2237,2281,6858,29,5,24,0,0,1,0,38.8,0,0,0,0,0,0,19,0.0002,0.00,0.00,0.00
893.5,12,563959,0.2767,46.43,190.82,2332,2186,5,30,6,21,0,0,0,0,38.8,0,0,0,0,0,0,20,0.0001,0.00,0.00,0.00
893.75,12,563877,0.2767,45.57,189.92,2289,2245,13,38,8,21,0,0,0,0,38.8,0,0,0,0,0,0,19,0.0002,0.00,0.00,0.00
894,12,563823,0.2767,45.96,188.79,2179,2152,11,27,7,21,0,0,0,0,38.8,0,0,0,0,0,0,20,0.0001,0.00,0.00,0.00
894.25,12,563832,0.2766,46.47,189.47,2150,2190,11,31,13,29,0,0,0,0,38.8,0,0,0,0,0,0,19,0.0002,8.65,35.31,348.23
894.5,12,563816,0.2766,46.26,190.64,2126,2130,6,20,15,25,0,0,0,0,38.8,0,0,0,0,0,0,20,0.0000,0.00,0.00,0.00
894.75,12,563816,0.2766,47.01,191.58,1995,2020,4,25,9,23,0,0,0,0,38.8,0,0,0,0,0,0,19,0.0002,0.00,0.00,0.00
895,12,563905,0.2766,47.00,192.34,1904,2020,9,27,8,21,0,0,0,0,38.8,0,0,0,0,0,0,20,0.0000,0.00,0.00,0.00
895.25,12,563962,0.2765,46.43,193.11,1873,1939,3,9,8,23,0,0,0,0,38.8,0,0,0,0,0,1,19,0.0001,0.00,0.00,0.00
895.5,11,564050,0.2765,46.86,193.70,1805,1909,3,16,2,25,0,0,0,0,38.8,0,0,0,0,0,1,19,0.0002,0.00,0.00,0.00
895.75,11,564075,0.2765,45.70,194.35,1793,1833,3,15,5,22,0,0,0,0,38.8,0,0,0,0,0,0,20,0.0000,0.00,0.00,0.00
896,11,564064,0.2765,45.68,194.81,1734,1742,8,19,9,22,0,0,0,0,38.8,0,0,0,0,0,0,19,0.0001,0.00,0.00,0.00
896.25,10,564064,0.2765,44.45,191.39,1748,1757,7,9,4,23,0,0,0,0,38.8,0,0,0,0,0,1,19,0.0002,5.68,17.39,541.04
896.5,10,564031,0.2766,44.13,180.73,1627,1607,11,13,2,24,0,0,0,0,38.8,0,0,0,0,0,0,19,0.0003,0.00,0.00,0.00
896.75,10,564055,0.2766,43.11,167.94,1623,1660,1,13,3,30,0,0,0,0,38.8,0,0,0,0,0,0,20,0.0000,0.00,0.00,0.00
897,10,564131,0.2766,42.70,167.36,1451,1536,3,9,0,20,0,0,0,0,38.8,0,0,0,0,0,0,19,0.0001,0.00,0.00,0.00
897.25,10,564194,0.2766,43.18,167.34,1389,1459,9,7,2,21,0,0,0,0,38.8,0,0,0,0,0,0,19,0.0001,0.00,0.00,0.00
897.5,10,564219,0.2766,43.03,165.96,1397,1431,4,9,1,24,0,0,0,0,38.8,0,0,0,0,0,0,19,0.0001,0.00,0.00,0.00
897.75,10,564149,0.2766,43.41,164.43,1432,1370,8,8,4,23,0,0,0,0,38.8,0,0,0,0,0,0,19,0.0001,0.00,0.00,0.00
898,10,564278,0.2766,45.02,163.39,1323,1467,12,15,3,23,0,0,0,0,38.8,0,0,0,0,0,0,19,0.0001,0.00,0.00,0.00
898.25,10,564219,0.2766,46.60,162.47,1544,1496,19,11,5,23,0,0,0,0,38.8,0,0,0,0,0,0,19,0.0001,12.25,34.93,757.22
898.5,10,564237,0.2766,48.93,160.44,1484,1515,17,14,8,24,0,0,0,0,38.8,0,0,0,0,0,0,19,0.0000,0.00,0.00,0.00
898.75,10,564336,0.2766,50.37,160.39,1445,1569,16,25,4,22,0,0,0,0,38.8,0,0,0,0,0,0,19,0.0000,0.00,0.00,0.00
899,10,564375,0.2765,52.02,162.19,1531,1597,16,27,5,25,0,0,0,0,38.8,0,0,0,0,0,0,19,0.0000,0.00,0.00,0.00
899.25,10,564458,0.2765,53.32,162.82,1507,1615,7,25,14,21,0,0,0,0,38.8,0,0,0,0,0,0,19,0.0000,0.00,0.00,0.00
899.5,10,564467,0.2764,55.04,166.10,1537,1574,12,28,7,23,0,0,0,0,38.8,0,0,0,0,0,0,19,0.0000,0.00,0.00,0.00
899.75,10,564503,0.2764,55.96,167.93,1515,1584,13,33,7,20,0,0,0,0,38.8,0,0,0,0,0,0,19,0.0000,0.00,0.00,0.00
900,10,564476,0.2763,58.06,171.12,1573,1585,8211,39,11,21,0,0,0,0,38.8,0,0,0,0,0,0,19,0.0000,0.00,0.00,0.00
900.25,10,564416,0.2764,60.27,173.61,1744,1709,14,25,16,27,0,0,0,0,28.5,0,0,0,0,0,0,19,0.0001,12.82,51.36,350.08
900.5,10,564454,0.2763,60.04,175.42,1707,1776,8,31,15,22,0,0,0,0,28.5,0,0,0,0,0,0,19,0.0001,0.00,0.00,0.00
900.75,10,564397,0.2763,59.45,177.68,1782,1746,13,21,23,20,0,0,0,0,28.5,0,0,0,0,0,0,19,0.0001,0.00,0.00,0.00
901,10,564337,0.2763,61.14,179.48,1776,1747,8,31,18,21,0,0,0,0,28.5,0,0,0,0,0,0,19,0.0001,0.00,0.00,0.00
901.25,10,564315,0.2763,60.85,179.57,1875,1874,15,22,20,25,0,0,0,0,28.5,0,0,0,0,0,0,19,0.0002,0.00,0.00,0.00
901.5,10,564322,0.2762,61.73,174.16,1841,1872,13,24,14,23,0,0,0,0,28.5,0,0,0,0,0,0,19,0.0002,0.00,0.00,0.00
901.75,10,564255,0.2762,56.39,169.84,1919,1902,2109,51,13,19,0,0,0,0,28.5,0,0,0,0,0,0,19,0.0002,0.00,0.00,0.00
902,10,564179,0.2762,54.15,163.43,1964,1912,18,24,8,24,0,0,0,0,28.5,0,0,0,0,0,0,19,0.0002,0.00,0.00,0.00
902.25,10,564151,0.2762,51.34,157.18,1917,1913,19,24,13,21,0,0,0,1,28.5,0,0,0,0,0,0,19,0.0002,12.44,61.18,402.76
902.5,10,564221,0.2761,50.23,162.29,1807,1897,2097,23,32,23,0,0,0,1,28.5,0,0,0,0,0,0,19,0.0003,0.00,0.00,0.00
902.75,10,564213,0.2761,47.35,152.26,1896,1919,23,35,15,25,0,0,0,1,28.5,0,0,0,0,0,0,20,0.0000,0.00,0.00,0.00
903,11,564178,0.2760,45.54,150.30,1850,1854,30,39,20,23,1,0,0,0,28.5,0,0,0,0,0,0,19,0.0000,0.00,0.00,0.00
903.25,11,564126,0.2760,44.01,143.27,1773,1784,31,64,22,26,0,0,6,0,28.5,0,0,0,0,0,0,19,0.0001,0.00,0.00,0.00
903.5,11,564050,0.2759,42.27,139.38,1872,1840,25,45,19,24,0,0,0,0,28.5,0,0,0,0,0,0,19,0.0002,0.00,0.00,0.00
903.75,11,564031,0.2759,39.77,134.04,1813,1834,16,41,7,26,0,0,0,0,28.5,0,0,0,0,0,0,19,0.0002,0.00,0.00,0.00
904,11,564163,0.2758,37.36,132.20,1641,1808,10,35,2,22,0,0,0,0,28.5,0,0,0,0,0,0,20,0.0000,0.00,0.00,0.00
904.25,11,564200,0.2758,35.19,127.85,1643,1717,10,38,2,23,0,0,0,0,28.5,0,0,0,0,0,0,19,0.0001,17.39,54.12,361.73
904.5,11,564153,0.2758,34.22,129.04,1597,1580,11,30,1,25,0,0,0,0,28.5,0,0,0,0,0,0,19,0.0002,0.00,0.00,0.00
904.75,11,564160,0.2758,32.94,139.65,1539,1572,12,26,3,25,0,0,0,0,28.5,0,0,0,0,0,0,19,0.0003,0.00,0.00,0.00
905,11,564102,0.2758,33.00,147.80,1530,1498,12,26,1,20,0,0,0,0,28.5,0,0,0,0,0,0,20,0.0000,0.00,0.00,0.00
905.25,11,564094,0.2758,32.49,155.16,1490,1514,7,32,0,24,0,0,0,0,28.5,0,0,0,0,0,0,19,0.0001,0.00,0.00,0.00
905.5,11,564156,0.2757,32.64,161.47,1421,1515,2,32,0,25,0,0,0,0,28.5,0,0,0,0,0,0,19,0.0002,0.00,0.00,0.00
905.75,11,564151,0.2757,31.90,166.25,1477,1490,10,19,0,22,0,0,0,0,28.5,0,0,0,0,0,0,19,0.0002,0.00,0.00,0.00
906,11,564216,0.2757,31.23,170.59,1407,1502,6,30,0,22,0,0,0,0,28.5,0,0,0,0,0,0,20,0.0000,0.00,0.00,0.00
906.25,11,564216,0.2757,30.26,174.63,1418,1446,6,29,0,25,0,0,0,0,28.5,0,0,0,0,0,0,19,0.0001,13.40,60.78,910.18
906.5,11,564210,0.2757,29.65,177.17,1359,1380,6,28,0,22,0,0,0,0,28.5,0,0,0,0,0,0,19,0.0002,0.00,0.00,0.00
906.75,11,564266,0.2757,28.42,179.36,1270,1349,7,23,0,24,0,0,0,0,28.5,0,0,0,0,0,0,19,0.0002,0.00,0.00,0.00
907,11,564332,0.2756,28.62,181.59,1199,1278,5,13,0,24,0,0,0,0,28.5,0,0,0,0,0,0,19,0.0003,0.00,0.00,0.00
907.25,11,564426,0.2756,28.23,183.55,1171,1288,2,23,1,22,0,0,0,0,28.5,0,0,0,0,0,0,20,0.0000,0.00,0.00,0.00
907.5,11,564554,0.2755,28.60,184.04,1186,1333,4,19,0,24,0,0,0,0,28.5,0,0,0,0,0,0,19,0.0001,0.00,0.00,0.00
907.75,11,564596,0.2755,28.10,185.02,1303,1362,4,17,0,20,0,0,0,0,28.5,0,0,0,0,0,0,19,0.0002,0.00,0.00,0.00
908,11,564709,0.2755,28.34,185.88,1228,1359,3,18,0,20,0,0,0,0,28.5,0,0,0,0,0,0,19,0.0002,0.00,0.00,0.00
908.25,11,564696,0.2755,28.30,186.59,1379,1383,1974,17,0,26,0,0,0,0,28.5,0,0,0,0,0,0,19,0.0003,6.90,73.08,752.78
908.5,11,564799,0.2755,28.59,154.55,1368,1482,4,11,0,23,0,0,0,0,28.5,0,0,0,0,0,1,19,0.0003,0.00,0.00,0.00
908.75,10,564856,0.2755,28.74,137.44,1385,1460,7,18,0,23,0,0,0,0,28.5,0,0,0,0,0,1,20,0.0000,0.00,0.00,0.00
909,10,565054,0.2754,28.94,147.00,1320,1540,8,22,0,23,0,0,0,0,28.5,0,0,0,0,0,0,19,0.0001,0.00,0.00,0.00
909.25,10,565094,0.2754,28.84,155.09,1461,1521,7,20,0,22,0,0,0,0,28.5,0,0,0,0,0,0,19,0.0001,0.00,0.00,0.00
909.5,10,565214,0.2753,28.83,161.97,1453,1592,6,19,0,21,0,0,0,0,28.5,0,0,0,0,0,0,19,0.0001,0.00,0.00,0.00
909.75,10,565347,0.2753,28.99,167.85,1431,1583,9,20,1,24,0,0,0,0,28.5,0,0,0,0,0,0,19,0.0001,0.00,0.00,0.00
910,10,565443,0.2752,28.87,172.31,1557,1671,7,18,1,23,0,0,0,0,28.5,0,0,0,0,0,0,19,0.0002,0.00,0.00,0.00
910.25,10,565463,0.2752,28.93,173.22,1563,1604,9,21,0,19,0,0,0,1,-11.7,0,0,0,0,0,0,19,0.0002,7.52,74.37,576.82
910.5,10,565465,0.2752,28.36,170.87,1592,1618,5,25,1,25,0,0,0,0,-11.7,0,0,0,0,0,0,19,0.0002,0.00,0.00,0.00
910.75,10,565448,0.2752,27.98,164.38,1542,1546,10,21,2,23,0,0,0,0,-11.7,0,0,0,0,0,0,19,0.0002,0.00,0.00,0.00
911,10,565432,0.2753,27.86,159.45,1493,1494,8,17,0,20,0,0,0,0,-11.7,0,0,0,0,0,0,19,0.0003,0.00,0.00,0.00
911.25,10,565391,0.2753,28.56,155.94,1441,1422,8,22,1,24,0,0,0,0,-11.7,0,0,0,0,0,0,19,0.0003,0.00,0.00,0.00
911.5,10,565401,0.2753,27.70,153.87,1383,1430,6,37,1,23,0,0,0,0,-11.7,0,0,0,0,0,0,20,0.0000,0.00,0.00,0.00
911.75,10,565416,0.2753,27.52,150.35,1324,1352,8,13,4,24,0,0,0,0,-11.7,0,0,0,0,0,0,19,0.0001,0.00,0.00,0.00
912,10,565402,0.2753,29.26,148.02,1325,1338,8,27,1,22,0,0,0,0,-11.7,0,0,0,0,0,0,19,0.0001,0.00,0.00,0.00
912.25,10,565376,0.2753,30.73,153.58,1355,1349,14,20,1,21,0,0,0,1,-11.7,0,0,0,0,0,0,19,0.0002,12.63,93.98,1179.07
912.5,10,565404,0.2753,32.08,156.09,1287,1351,4,36,2,22,0,0,0,0,-11.7,0,0,0,0,0,0,19,0.0002,0.00,0.00,0.00
912.75,10,565473,0.2752,34.78,159.81,1277,1385,9,39,3,27,0,0,0,0,-11.7,0,0,0,0,0,0,20,0.0000,0.00,0.00,0.00
913,10,565476,0.2752,33.52,165.40,1398,1443,16,43,2,29,0,0,0,0,-11.7,0,0,0,0,0,0,19,0.0001,0.00,0.00,0.00
913.25,10,565575,0.2751,35.69,166.36,1310,1443,14,34,2,23,0,0,0,0,-11.7,0,0,0,0,0,0,19,0.0002,0.00,0.00,0.00
913.5,10,565655,0.2750,36.45,169.06,1342,1467,14,46,0,20,0,0,0,0,-11.7,0,0,0,0,0,0,19,0.0003,0.00,0.00,0.00
913.75,10,565640,0.2750,38.79,173.29,1434,1459,10,40,2,23,0,0,0,0,-11.7,0,0,0,0,0,0,20,0.0001,0.00,0.00,0.00
914,10,565743,0.2749,36.83,171.91,1411,1553,5,39,1,23,0,0,0,0,-11.7,0,0,0,0,0,0,19,0.0003,0.00,0.00,0.00
914.25,10,565789,0.2749,39.02,173.18,1403,1481,12,33,4,21,0,0,0,0,-11.7,0,0,0,0,0,0,20,0.0001,9.88,88.08,1288.13
914.5,10,565826,0.2748,37.55,170.14,1400,1511,3,75,3,21,0,0,0,0,-11.7,0,0,0,0,0,0,19,0.0003,0.00,0.00,0.00
914.75,10,565853,0.2747,39.81,169.96,1407,1462,5,28,3,21,0,0,0,0,-11.7,0,0,0,0,0,0,20,0.0002,0.00,0.00,0.00
915,10,565918,0.2746,39.35,173.47,1433,1555,10,57,1,25,0,0,0,0,-11.7,0,0,0,0,0,0,20,0.0001,0.00,0.00,0.00
915.25,10,565907,0.2746,41.22,171.18,1438,1460,11,33,3,24,0,0,0,0,-11.7,0,0,0,0,0,0,19,0.0003,0.00,0.00,0.00
915.5,10,565868,0.2746,38.77,166.07,1470,1480,17,50,2,22,0,0,0,0,-11.7,0,0,0,0,0,0,20,0.0002,0.00,0.00,0.00
915.75,10,565917,0.2745,40.56,161.96,1403,1493,19,41,6,23,0,0,0,0,-11.7,0,0,0,0,0,0,20,0.0001,0.00,0.00,0.00
916,10,565926,0.2744,40.73,162.22,1422,1505,7,74,1,22,0,0,0,0,-11.7,0,0,0,0,0,0,20,0.0001,0.00,0.00,0.00
916.25,10,565992,0.2744,39.26,141.52,1415,1528,12,47,1,23,0,0,0,0,-11.7,0,0,0,0,0,0,20,0.0001,9.25,99.70,1147.52
916.5,10,565958,0.2743,41.13,139.86,1427,1462,13,70,2,26,0,0,0,0,-11.7,0,0,0,0,0,0,20,0.0001,0.00,0.00,0.00
916.75,10,565966,0.2742,42.88,143.14,1471,1544,13,65,1,24,0,0,0,0,-11.7,0,0,0,0,0,0,20,0.0001,0.00,0.00,0.00
917,10,566014,0.2741,39.53,147.60,1409,1521,8,64,0,22,0,0,0,0,-11.7,0,0,0,0,0,0,20,0.0002,0.00,0.00,0.00
917.25,10,566054,0.2741,41.04,150.39,1386,1479,14,53,4,25,0,0,0,0,-11.7,0,0,0,0,0,0,20,0.0002,0.00,0.00,0.00
917.5,10,566057,0.2740,40.40,157.17,1404,1455,6,48,2,30,0,0,0,0,-11.7,0,0,0,0,0,0,20,0.0003,0.00,0.00,0.00
917.75,10,566046,0.2740,39.95,163.62,1361,1403,11,53,3,22,0,0,0,0,-11.7,0,0,0,0,0,0,21,0.0001,0.00,0.00,0.00
918,10,566093,0.2739,36.82,167.62,1307,1412,7,59,0,26,0,0,0,0,-11.7,0,0,0,0,0,0,20,0.0002,0.00,0.00,0.00
918.25,10,566095,0.2739,37.99,172.28,1349,1393,5,42,3,20,0,0,0,0,-11.7,0,0,0,0,0,0,16,0.0015,11.32,77.81,1567.32
918.5,10,566102,0.2738,34.67,175.98,1311,1369,7,52,0,23,0,0,0,0,-11.7,0,0,0,0,0,0,22,0.0010,0.00,0.00,0.00
918.75,10,566142,0.2737,35.52,178.50,1272,1365,9,53,2,27,0,0,0,0,-11.7,0,0,0,0,0,0,21,0.0009,0.00,0.00,0.00
919,10,566156,0.2737,32.39,181.57,1281,1345,4,50,0,24,0,0,0,0,-11.7,0,0,0,0,0,0,22,0.0004,0.00,0.00,0.00
919.25,10,566274,0.2736,33.17,184.42,1147,1296,9425,34,2,17,0,0,1,0,-11.7,0,0,0,0,0,0,13,0.0026,0.00,0.00,0.00
919.5,10,566247,0.2736,33.54,186.27,1321,1325,3,32,0,18,0,0,0,0,-11.7,0,0,0,0,0,0,17,0.0036,0.00,0.00,0.00
919.75,10,566299,0.2736,34.47,188.34,1335,1410,5,23,1,24,0,0,0,0,-11.7,0,0,0,0,0,0,22,0.0032,0.00,0.00,0.00
920,10,566345,0.2736,34.99,187.87,1431,1493,7,16,0,29,0,0,0,0,-11.7,0,0,0,0,0,0,26,0.0015,0.00,0.00,0.00
920.25,10,566388,0.2736,36.15,189.63,1506,1570,3,21,0,28,0,0,0,0,-30.0,0,0,0,0,0,0,25,0.0002,10.55,52.89,335.13
920.5,10,566462,0.2735,36.34,190.86,1561,1649,6,14,1,24,0,0,0,0,-30.0,0,0,0,0,0,1,21,0.0000,0.00,0.00,0.00
920.75,10,566585,0.2735,37.65,191.33,1544,1685,3,18,1,23,0,0,0,0,-30.0,0,0,0,0,0,1,20,0.0001,0.00,0.00,0.00
921,10,566676,0.2735,38.04,151.28,1556,1671,5,24,3,26,0,0,0,0,-30.0,1,1,0,0,0,1,20,0.0002,0.00,0.00,0.00
921.25,10,566641,0.2735,38.29,158.79,1675,1656,6,16,0,23,0,0,3,0,-30.0,0,1,0,0,0,0,20,0.0003,0.00,0.00,0.00
921.5,10,566610,0.2735,37.92,165.18,1727,1717,8,21,0,23,0,0,1,0,-30.0,0,1,0,0,0,0,21,0.0001,0.00,0.00,0.00
921.75,10,566587,0.2735,39.83,168.54,1741,1749,3,31,0,22,0,0,0,0,-30.0,0,1,0,0,0,0,20,0.0001,0.00,0.00,0.00
922,10,566536,0.2735,38.63,173.22,1755,1734,7,31,2,24,0,0,0,0,-30.0,0,1,0,0,0,0,20,0.0002,0.00,0.00,0.00
922.25,10,566491,0.2736,39.90,177.20,1769,1741,4,17,4,25,0,0,0,0,-30.0,0,1,0,0,0,0,20,0.0003,9.19,56.47,423.24
922.5,10,566510,0.2735,39.56,180.60,1721,1779,3,39,6,27,0,0,0,0,-30.0,0,1,0,0,0,0,21,0.0000,0.00,0.00,0.00
922.75,10,566430,0.2736,40.61,183.42,1811,1752,5,21,3,21,0,0,0,0,-30.0,0,1,0,0,0,0,20,0.0001,0.00,0.00,0.00
923,10,566344,0.2736,40.16,185.91,1849,1789,4,26,7,26,0,0,0,0,-30.0,0,1,0,0,0,0,20,0.0001,0.00,0.00,0.00
923.25,10,566253,0.2736,41.19,188.03,1866,1801,5,26,4,6,0,0,0,0,-30.0,0,1,0,0,0,0,5,0.0046,0.00,0.00,0.00
923.5,10,566132,0.2736,40.62,189.73,1907,1815,10,29,8,15,0,0,0,0,-30.0,0,1,0,0,0,0,12,0.0070,0.00,0.00,0.00
923.75,10,566104,0.2736,41.20,191.04,1805,1808,6,31,4,19,0,0,0,0,-30.0,0,1,0,0,0,0,16,0.0082,0.00,0.00,0.00
924,10,565966,0.2736,40.84,192.24,1926,1813,7,25,10,14,0,0,0,0,-30.0,0,1,0,0,0,0,12,0.0106,0.00,0.00,0.00
924.25,10,565903,0.2736,41.45,193.25,1852,1829,27,40,4,24,0,0,0,1,-30.0,0,1,0,0,0,0,17,0.0115,9.28,51.11,263.61
924.5,10,565859,0.2736,41.04,194.11,1906,1881,1,19,8,15,0,0,0,1,-30.0,0,1,0,0,0,0,11,0.0142,0.00,0.00,0.00
924.75,10,565685,0.2737,41.37,194.87,1995,1851,6,30,7,17,0,0,0,1,-30.0,0,1,0,0,0,0,12,0.0165,0.00,0.00,0.00
925,10,565798,0.2736,41.28,195.60,1813,1937,7,11,8,14,0,0,0,1,-30.0,0,1,0,0,0,0,10,0.0195,0.00,0.00,0.00
925.25,10,565678,0.2736,41.19,191.60,1967,1881,13,34,8,15,0,0,0,1,-30.0,0,1,0,0,0,0,10,0.0224,0.00,0.00,0.00
925.5,10,565616,0.2736,39.97,174.89,1964,1928,4,26,4,10,0,0,0,1,-30.0,0,1,0,0,0,0,8,0.0260,0.00,0.00,0.00
925.75,10,565439,0.2737,38.47,176.16,2022,1885,14,40,5,13,0,0,0,1,-30.0,0,1,0,0,0,0,11,0.0286,0.00,0.00,0.00
926,10,565334,0.2737,36.95,150.25,1895,1809,22,21,6,13,0,0,0,1,-30.0,0,1,0,0,0,0,11,0.0313,0.00,0.00,0.00
926.25,10,565290,0.2737,35.09,144.06,1833,1827,22,40,5,14,0,0,0,1,-30.0,0,1,0,0,0,0,10,0.0342,11.92,49.88,348.36
926.5,10,565189,0.2736,33.77,141.66,1678,1624,22,51,2,11,0,0,0,0,-30.0,0,1,0,0,0,0,7,0.0381,0.00,0.00,0.00
926.75,10,565086,0.2736,32.61,137.99,1652,1590,23,43,8,10,0,0,0,0,-30.0,0,1,0,0,0,0,5,0.0425,0.00,0.00,0.00
927,10,565089,0.2736,31.25,130.19,1555,1597,13,41,5,15,0,0,0,0,-30.0,0,1,0,0,0,0,8,0.0461,0.00,0.00,0.00
927.25,10,565083,0.2735,30.75,122.83,1442,1478,17,44,4,14,0,0,0,0,-30.0,0,1,0,0,0,0,8,0.0497,0.00,0.00,0.00
927.5,10,565093,0.2734,30.01,110.15,1430,1474,10,34,6,13,0,0,0,0,-30.0,0,1,0,0,0,0,8,0.0533,0.00,0.00,0.00
927.75,10,565137,0.2734,29.76,120.98,1396,1471,10,31,14,15,0,0,0,0,-30.0,0,1,0,0,0,0,12,0.0557,0.00,0.00,0.00
928,10,565165,0.2733,29.25,130.84,1350,1403,16,26,6,25,0,0,0,0,-30.0,0,1,0,0,0,0,21,0.0554,0.00,0.00,0.00
928.25,10,565200,0.2733,29.35,139.91,1385,1447,9,27,3,20,0,0,0,0,-30.0,0,1,0,0,0,0,18,0.0560,11.74,40.43,293.23
928.5,10,565254,0.2733,29.19,147.61,1377,1454,13,24,5,16,0,0,0,0,-30.0,0,1,0,0,0,0,13,0.0581,0.00,0.00,0.00
928.75,10,565258,0.2732,29.14,154.40,1410,1440,7,27,4,13,0,0,0,0,-30.0,0,1,0,0,0,0,12,0.0605,0.00,0.00,0.00
929,10,565385,0.2731,29.23,160.53,1313,1459,9,20,0,11,0,0,0,0,-30.0,0,1,0,0,0,0,7,0.0643,0.00,0.00,0.00
929.25,10,565412,0.2731,29.69,165.63,1417,1464,6,20,3,8,0,0,0,0,-30.0,0,1,0,0,0,0,7,0.0682,0.00,0.00,0.00
929.5,10,565540,0.2731,30.02,170.26,1383,1525,3,14,0,16,0,0,0,0,-30.0,0,1,0,0,0,0,14,0.0700,0.00,0.00,0.00
929.75,10,565543,0.2731,30.43,174.04,1436,1462,3,23,0,25,0,0,0,0,-30.0,0,1,0,0,0,0,18,0.0706,0.00,0.00,0.00
930,10,565564,0.2730,30.73,177.66,1516,1552,7,15,0,18,0,0,0,0,-30.0,0,1,0,0,0,0,14,0.0723,0.00,0.00,0.00
930.25,10,565592,0.2730,31.50,180.72,1489,1531,9,14,0,20,0,0,0,0,3.3,0,1,0,0,0,0,14,0.0741,8.74,36.27,220.48
930.5,10,565688,0.2730,31.63,183.58,1502,1610,5,12,0,21,0,0,0,0,3.3,0,1,0,0,0,0,17,0.0749,0.00,0.00,0.00
930.75,9,565696,0.2730,32.75,182.31,1506,1524,1245,11,0,12,0,0,0,0,3.3,0,1,0,0,0,1,9,0.0782,0.00,0.00,0.00
931,9,565746,0.2731,33.11,177.85,1553,1612,10,9,0,50,0,0,0,0,3.3,0,1,0,0,0,0,45,0.0708,0.00,0.00,0.00
931.25,9,565822,0.2731,34.27,181.27,1588,1672,3,8,0,30,0,0,0,0,3.3,0,1,0,0,0,0,25,0.0692,0.00,0.00,0.00
931.5,9,565846,0.2731,34.48,182.99,1633,1661,289,4,0,22,0,0,0,0,3.3,0,1,0,0,0,0,18,0.0698,0.00,0.00,0.00
931.75,9,565845,0.2731,36.02,185.45,1685,1690,1,6,0,28,0,0,0,0,3.3,0,1,0,0,0,0,25,0.0682,0.00,0.00,0.00
932,9,565899,0.2731,36.04,187.34,1723,1781,7,4,0,23,0,0,0,0,3.3,0,1,0,0,0,0,22,0.0675,0.00,0.00,0.00
932.25,9,565891,0.2732,37.26,189.16,1727,1725,1,6,0,21,0,0,0,0,3.3,0,1,0,0,0,0,13,0.0695,9.75,57.73,300.66
932.5,9,565928,0.2732,37.10,190.31,1753,1798,7,8,0,15,0,0,0,0,3.3,0,1,0,0,0,0,14,0.0711,0.00,0.00,0.00
932.75,9,565905,0.2732,37.94,191.54,1800,1784,3,7,0,21,0,0,0,0,3.3,0,1,0,0,0,0,14,0.0727,0.00,0.00,0.00
933,9,565853,0.2732,37.68,192.40,1799,1757,12,12,0,18,0,0,0,0,3.3,0,1,0,0,0,0,18,0.0731,0.00,0.00,0.00
933.25,9,565884,0.2733,38.45,193.37,1762,1804,6,11,0,28,0,0,0,0,3.3,0,1,0,0,0,0,23,0.0721,0.00,0.00,0.00
933.5,9,565831,0.2733,38.00,194.01,1808,1771,5,16,0,22,0,0,0,0,3.3,0,1,0,0,0,0,18,0.0725,0.00,0.00,0.00
933.75,9,565880,0.2733,38.34,194.58,1693,1753,9,11,2,22,0,0,0,0,3.3,0,1,0,0,0,0,15,0.0737,0.00,0.00,0.00
934,9,565878,0.2733,38.00,195.14,1791,1801,7,12,2,20,0,0,0,0,3.3,0,1,0,0,0,0,19,0.0738,0.00,0.00,0.00
934.25,9,565853,0.2733,37.79,195.46,1730,1715,10,10,2,28,0,0,0,0,3.3,0,1,0,0,0,0,21,0.0733,12.61,63.12,407.17
934.5,9,565871,0.2733,37.41,195.65,1735,1770,11,17,1,20,0,0,0,0,3.3,0,1,0,0,0,0,20,0.0731,0.00,0.00,0.00
934.75,9,565807,0.2734,37.03,195.42,1692,1657,6,29,0,25,0,0,0,0,3.3,0,1,0,0,0,0,19,0.0732,0.00,0.00,0.00
935,9,565829,0.2734,36.97,195.73,1681,1721,8,18,0,22,0,0,0,0,3.3,0,1,0,0,0,0,18,0.0735,0.00,0.00,0.00
935.25,9,565830,0.2734,36.75,195.50,1690,1705,16,15,0,23,0,0,0,0,3.3,0,1,0,0,0,0,17,0.0741,0.00,0.00,0.00
935.5,9,565777,0.2734,37.32,195.76,1713,1681,15,21,0,20,0,0,0,0,3.3,0,1,0,0,0,0,15,0.0754,0.00,0.00,0.00
935.75,9,565778,0.2734,37.25,194.71,1616,1655,20,38,0,23,0,0,0,0,3.3,0,1,0,0,0,0,19,0.0754,0.00,0.00,0.00
936,9,565777,0.2734,37.83,195.51,1674,1697,16,25,0,22,0,0,0,0,3.3,0,1,0,0,0,0,19,0.0754,0.00,0.00,0.00
936.25,9,565726,0.2734,37.93,196.19,1644,1635,11,42,0,23,0,0,0,1,3.3,0,1,0,0,0,0,16,0.0763,16.58,76.31,552.11
936.5,9,565814,0.2733,38.34,196.56,1558,1676,9,31,0,19,0,0,0,1,3.3,0,1,0,0,0,0,14,0.0778,0.00,0.00,0.00
936.75,9,565794,0.2733,38.29,197.03,1646,1661,11,35,0,27,0,0,0,1,3.3,0,1,0,0,0,0,22,0.0770,0.00,0.00,0.00
937,9,565829,0.2733,38.45,197.45,1573,1635,2,27,0,20,0,0,0,1,3.3,0,1,0,0,0,0,17,0.0776,0.00,0.00,0.00
937.25,9,565755,0.2733,41.51,197.80,1597,1548,20856,25,0,29,0,0,0,1,3.3,0,1,0,0,0,0,24,0.0761,0.00,0.00,0.00
937.5,9,565855,0.2733,38.91,188.36,1747,1867,3,20,0,24,0,0,0,1,3.3,0,1,0,0,0,0,22,0.0752,0.00,0.00,0.00
937.75,9,565840,0.2733,37.00,188.52,1806,1818,3,27,0,22,0,0,0,1,3.3,0,1,0,0,0,0,18,0.0755,0.00,0.00,0.00
938,9,565897,0.2732,35.37,186.53,1692,1773,3,24,0,12,0,0,0,1,3.3,0,1,0,0,0,0,11,0.0778,0.00,0.00,0.00
938.25,9,565916,0.2732,34.37,186.40,1646,1689,4,25,0,19,0,0,0,1,3.3,0,1,0,0,0,0,15,0.0790,11.10,78.55,507.41
938.5,9,565859,0.2732,33.60,186.22,1680,1644,4,21,0,11,0,0,0,1,3.3,0,1,0,0,0,0,9,0.0819,0.00,0.00,0.00
938.75,9,565838,0.2732,33.26,185.71,1639,1631,1081,13,0,16,0,0,0,1,3.3,0,1,0,0,0,0,10,0.0845,0.00,0.00,0.00
939,9,565816,0.2732,32.80,185.11,1608,1598,6,12,0,15,0,0,0,1,3.3,0,1,0,0,0,0,13,0.0862,0.00,0.00,0.00
939.25,9,565824,0.2732,32.71,183.71,1569,1591,3,14,0,14,0,0,0,1,3.3,0,1,0,0,0,0,10,0.0888,0.00,0.00,0.00
939.5,9,565795,0.2732,32.42,182.96,1620,1618,7,27,1,29,0,0,0,1,3.3,0,1,0,0,0,0,21,0.0881,0.00,0.00,0.00
939.75,9,565804,0.2732,32.33,182.16,1551,1573,6,13,1,15,0,0,0,1,3.3,0,1,0,0,0,0,10,0.0907,0.00,0.00,0.00
940,9,565881,0.2732,32.22,181.43,1544,1639,7,18,0,20,0,0,0,0,3.3,0,1,0,0,0,0,16,0.0915,0.00,0.00,0.00
940.25,9,565913,0.2732,31.95,180.55,1478,1522,8,13,0,15,0,0,0,0,7.6,0,1,0,0,0,0,11,0.0938,12.09,71.24,543.29
940.5,9,565936,0.2732,31.71,179.63,1486,1526,4,17,0,21,0,0,0,0,7.6,0,1,0,0,0,0,18,0.0940,0.00,0.00,0.00
940.75,9,565933,0.2732,31.50,179.25,1505,1515,5,13,0,11,0,0,0,0,7.6,0,1,0,0,0,0,9,0.0968,0.00,0.00,0.00
941,9,566022,0.2731,31.42,179.74,1417,1521,3,15,0,17,0,0,0,0,7.6,0,1,0,0,0,0,13,0.0984,0.00,0.00,0.00
941.25,9,565962,0.2732,31.10,180.32,1438,1392,7,15,0,16,0,0,0,0,7.6,0,1,0,0,0,0,11,0.1007,0.00,0.00,0.00
941.5,9,566038,0.2732,30.96,179.70,1367,1453,7,10,0,18,0,0,0,0,7.6,0,1,0,0,0,0,14,0.1020,0.00,0.00,0.00
941.75,9,566076,0.2731,31.02,179.54,1343,1398,5,17,0,18,0,0,0,0,7.6,0,1,0,0,0,0,14,0.1034,0.00,0.00,0.00
942,9,566147,0.2731,30.56,179.72,1339,1428,1,18,0,19,0,0,0,0,7.6,0,1,0,0,0,0,14,0.1047,0.00,0.00,0.00
942.25,9,566198,0.2731,30.92,179.78,1249,1316,5,16,0,18,0,0,0,0,7.6,0,1,0,0,0,0,14,0.1061,13.55,67.78,468.14
942.5,9,566252,0.2731,30.34,178.26,1305,1374,20,15,0,10,0,0,0,0,7.6,0,1,0,0,0,0,8,0.1092,0.00,0.00,0.00
942.75,9,566312,0.2730,30.99,177.09,1293,1365,1,12,1,8,0,0,0,0,7.6,0,1,0,0,0,0,5,0.1131,0.00,0.00,0.00
943,9,566288,0.2730,30.15,176.31,1382,1385,4,27,1,13,0,0,0,0,7.6,0,1,0,0,0,0,11,0.1153,0.00,0.00,0.00
943.25,9,566324,0.2730,30.91,175.81,1279,1329,4,14,0,18,0,0,0,0,7.6,0,1,0,0,0,0,14,0.1167,0.00,0.00,0.00
943.5,9,566370,0.2730,29.76,175.26,1284,1350,4,20,0,20,0,0,0,0,7.6,0,1,0,0,0,0,16,0.1174,0.00,0.00,0.00
943.75,9,566356,0.2730,30.93,174.62,1333,1338,5,19,0,16,0,0,0,0,7.6,0,1,0,0,0,0,12,0.1193,0.00,0.00,0.00
944,9,566484,0.2729,29.51,173.97,1252,1396,9,16,0,10,0,0,0,0,7.6,0,1,0,0,0,0,7,0.1226,0.00,0.00,0.00
944.25,9,566395,0.2729,30.97,173.07,1299,1238,6,28,0,14,0,0,0,1,7.6,0,1,0,0,0,0,9,0.1254,9.59,58.80,582.64
944.5,9,566495,0.2729,29.78,172.60,1238,1348,6,10,0,12,0,0,0,1,7.6,0,1,0,0,0,0,6,0.1291,0.00,0.00,0.00
944.75,9,566533,0.2728,30.84,173.41,1226,1279,4,15,0,13,0,0,0,1,7.6,0,1,0,0,0,0,10,0.1315,0.00,0.00,0.00
945,9,566534,0.2728,30.30,174.74,1262,1281,2,18,1,12,0,0,0,1,7.6,0,1,0,0,0,0,9,0.1343,0.00,0.00,0.00
945.25,9,566585,0.2728,30.75,175.80,1221,1284,6,12,2,13,0,0,0,1,7.6,0,1,0,0,0,0,11,0.1365,0.00,0.00,0.00
945.5,10,566592,0.2728,29.83,176.60,1253,1283,6,23,1,21,0,0,0,1,7.6,1,2,0,0,0,0,19,0.1363,0.00,0.00,0.00
945.75,10,566617,0.2728,30.63,177.39,1251,1296,7,20,2,18,0,0,4,1,7.6,0,2,0,0,0,0,11,0.1384,0.00,0.00,0.00
946,10,566630,0.2728,29.40,176.13,1220,1250,5,17,4,17,0,0,1,1,7.6,0,2,0,0,0,0,13,0.1400,0.00,0.00,0.00
946.25,10,566624,0.2728,29.71,174.35,1269,1276,6,13,4,17,0,0,0,1,7.6,0,2,0,0,0,0,15,0.1410,12.85,46.60,689.59
946.5,10,566529,0.2728,32.33,180.09,1346,1287,29710,36,2,21,0,0,1,0,7.6,0,2,0,0,0,0,13,0.1426,0.00,0.00,0.00
946.75,10,566349,0.2728,33.10,163.93,1596,1454,2,38,0,20,0,0,0,0,7.6,0,2,0,0,0,0,15,0.1436,0.00,0.00,0.00
947,10,566239,0.2728,31.23,164.27,1563,1507,8,54,0,13,0,0,0,0,7.6,0,2,0,0,0,0,10,0.1461,0.00,0.00,0.00
947.25,10,566126,0.2728,32.12,166.44,1602,1539,12,51,0,13,0,0,1,0,7.6,0,2,0,0,0,0,13,0.1477,0.00,0.00,0.00
947.5,10,566015,0.2728,30.00,166.71,1593,1544,19,62,1,50,0,0,0,0,7.6,0,2,0,0,0,0,47,0.1394,0.00,0.00,0.00
947.75,10,566000,0.2728,30.00,166.86,1547,1597,8,65,1,37,0,0,1,0,7.6,0,2,0,0,0,0,35,0.1347,0.00,0.00,0.00
948,10,565914,0.2728,28.67,160.38,1548,1518,11,59,1,41,0,0,0,0,7.6,0,2,0,0,0,0,36,0.1297,0.00,0.00,0.00
948.25,10,565905,0.2728,29.49,152.47,1539,1580,16,51,0,37,0,0,0,0,7.6,0,2,0,0,0,0,36,0.1247,15.23,56.32,433.80
948.5,10,565996,0.2727,28.70,148.88,1488,1633,15,54,4,21,0,0,0,0,7.6,0,2,0,0,0,0,20,0.1244,0.00,0.00,0.00
948.75,10,566060,0.2726,29.65,139.41,1489,1587,6,34,2,34,0,0,0,0,7.6,0,2,0,0,0,0,30,0.1212,0.00,0.00,0.00
949,10,566118,0.2726,29.52,142.70,1571,1670,14,41,1,25,0,0,0,0,7.6,0,2,0,0,0,0,21,0.1207,0.00,0.00,0.00
949.25,10,566265,0.2725,30.20,142.39,1511,1696,7,38,0,23,0,0,0,0,7.6,0,2,0,0,0,0,19,0.1208,0.00,0.00,0.00
949.5,10,566271,0.2725,30.35,146.49,1613,1650,19,31,0,20,0,0,0,0,7.6,0,2,0,0,0,0,14,0.1223,0.00,0.00,0.00
949.75,10,566395,0.2724,29.85,151.41,1613,1772,5,35,0,29,0,0,0,0,7.6,0,2,0,0,0,0,19,0.1224,0.00,0.00,0.00
950,10,566399,0.2724,29.94,154.38,1600,1627,17,24,0,24,0,0,0,0,7.6,0,2,0,0,0,0,24,0.1211,0.00,0.00,0.00
950.25,10,566462,0.2724,29.49,156.20,1510,1598,21,28,0,27,0,0,0,1,-53.5,0,2,0,0,0,0,24,0.1197,17.73,70.06,479.89
950.5,10,566399,0.2724,29.65,158.57,1601,1558,11,21,0,25,0,0,0,1,-53.5,0,2,0,0,0,0,20,0.1195,0.00,0.00,0.00
950.75,10,566428,0.2724,29.36,162.22,1471,1529,14,29,0,23,0,0,0,0,-53.5,0,2,0,0,0,0,20,0.1193,0.00,0.00,0.00
951,10,566510,0.2723,30.62,164.80,1398,1503,6,23,0,21,0,0,0,0,-53.5,0,2,0,0,0,0,17,0.1200,0.00,0.00,0.00
951.25,10,566489,0.2723,30.51,168.64,1454,1458,10,25,0,20,0,0,0,0,-53.5,0,2,0,0,0,0,15,0.1213,0.00,0.00,0.00
951.5,10,566667,0.2722,31.09,171.46,1426,1627,5,23,0,17,0,0,0,0,-53.5,0,2,0,0,0,0,13,0.1232,0.00,0.00,0.00
951.75,10,566746,0.2722,31.03,172.96,1412,1520,10,29,0,16,0,0,0,0,-53.5,0,2,0,0,0,0,12,0.1253,0.00,0.00,0.00
952,10,566796,0.2721,31.45,175.41,1447,1526,8,29,0,16,0,0,0,0,-53.5,0,2,0,0,0,0,12,0.1275,0.00,0.00,0.00
952.25,10,566891,0.2721,31.32,178.25,1433,1565,8,37,0,19,0,0,0,1,-53.5,0,2,0,0,0,0,15,0.1287,11.02,68.86,580.59
952.5,10,566896,0.2720,30.74,176.67,1474,1503,6,24,0,14,0,0,0,1,-53.5,0,2,0,0,0,0,11,0.1312,0.00,0.00,0.00
952.75,10,567005,0.2720,31.10,177.52,1399,1544,9,37,0,18,0,0,0,1,-53.5,0,2,0,0,0,0,17,0.1318,0.00,0.00,0.00
953,10,567057,0.2719,30.34,162.76,1476,1553,8,25,0,16,0,0,0,1,-53.5,0,2,0,0,0,0,16,0.1328,0.00,0.00,0.00
953.25,10,567112,0.2719,30.90,165.13,1424,1512,4,33,0,20,0,0,0,1,-53.5,0,2,0,0,0,0,15,0.1341,0.00,0.00,0.00
953.5,10,567187,0.2718,30.09,166.48,1375,1476,5,26,0,19,0,0,0,1,-53.5,0,2,0,0,0,0,15,0.1353,0.00,0.00,0.00
953.75,10,567204,0.2718,30.40,167.74,1409,1457,11,31,0,14,0,0,0,1,-53.5,0,2,0,0,0,0,10,0.1381,0.00,0.00,0.00
954,10,567255,0.2717,29.91,162.12,1416,1495,10,28,1,12,0,0,0,0,-53.5,0,2,0,0,0,0,11,0.1406,0.00,0.00,0.00
954.25,10,567292,0.2717,29.38,166.56,1409,1480,11,35,0,9,0,0,0,1,-53.5,0,2,0,0,0,0,6,0.1445,12.02,60.70,363.17
954.5,10,567288,0.2716,29.39,165.05,1380,1398,7,22,1,16,0,0,0,0,-53.5,0,2,0,0,0,0,11,0.1470,0.00,0.00,0.00
954.75,10,567314,0.2716,29.04,162.47,1365,1427,13,37,0,14,0,0,0,0,-53.5,0,2,0,0,0,0,10,0.1497,0.00,0.00,0.00
955,10,567408,0.2715,28.69,163.34,1301,1423,9,28,1,14,0,0,0,0,-53.5,0,2,0,0,0,0,12,0.1519,0.00,0.00,0.00
955.25,10,567363,0.2715,28.93,162.37,1361,1344,14,29,0,8,0,0,0,0,-53.5,0,2,0,0,0,0,6,0.1558,0.00,0.00,0.00
955.5,10,567440,0.2714,28.20,168.26,1348,1451,11,27,0,15,0,0,0,0,-53.5,0,2,0,0,0,0,11,0.1583,0.00,0.00,0.00
955.75,10,567404,0.2714,28.49,169.41,1392,1396,3,40,0,14,0,0,0,0,-53.5,0,2,0,0,0,0,9,0.1614,0.00,0.00,0.00
956,10,567370,0.2714,27.70,172.40,1342,1331,10,23,0,9,0,0,0,0,-53.5,0,2,0,0,0,0,5,0.1656,0.00,0.00,0.00
956.25,10,567431,0.2714,28.17,175.22,1312,1395,24,24,0,13,0,0,0,1,-53.5,0,2,0,0,0,0,9,0.1687,12.80,58.66,318.82
956.5,10,567435,0.2713,27.89,178.79,1327,1359,8,29,0,14,0,0,0,1,-53.5,0,2,0,0,0,0,8,0.1721,0.00,0.00,0.00
956.75,10,567500,0.2713,28.38,181.44,1315,1410,17,32,0,31,0,0,0,0,-53.5,0,2,0,0,0,0,25,0.1705,0.00,0.00,0.00
957,10,567532,0.2713,28.20,182.28,1329,1394,9,33,0,24,0,0,0,0,-53.5,0,2,0,0,0,0,19,0.1706,0.00,0.00,0.00
957.25,10,567579,0.2713,28.24,182.12,1273,1345,10,26,0,36,0,0,0,0,-53.5,0,2,0,0,0,0,28,0.1681,0.00,0.00,0.00
957.5,10,567540,0.2713,28.45,181.29,1316,1310,4,33,1,30,0,0,0,0,-53.5,0,2,0,0,0,0,25,0.1664,0.00,0.00,0.00
957.75,10,567509,0.2713,28.45,182.63,1312,1310,8,29,1,25,0,0,0,0,-53.5,0,2,0,0,0,0,22,0.1657,0.00,0.00,0.00
958,10,567500,0.2713,28.42,181.34,1268,1286,5,27,0,29,0,0,0,0,-53.5,0,2,0,0,0,0,25,0.1641,0.00,0.00,0.00
958.25,10,567557,0.2713,28.52,166.82,1197,1281,3,27,0,33,0,0,0,1,-53.5,0,2,0,0,0,0,29,0.1612,16.83,59.80,381.96
958.5,11,567631,0.2712,28.36,166.80,1228,1329,6,27,0,28,1,0,0,0,-53.5,0,2,0,0,0,0,27,0.1590,0.00,0.00,0.00
958.75,11,567655,0.2712,28.28,166.61,1240,1288,9,24,0,26,0,0,5,0,-53.5,0,2,0,0,0,0,24,0.1577,0.00,0.00,0.00
959,11,567748,0.2712,29.05,167.31,1206,1315,2097,16,0,22,0,0,0,0,-53.5,0,2,0,0,0,0,21,0.1572,0.00,0.00,0.00
959.25,11,567759,0.2712,29.36,170.84,1288,1332,11,33,0,30,0,0,0,0,-53.5,0,2,0,0,0,0,23,0.1562,0.00,0.00,0.00
959.5,11,567752,0.2712,30.45,174.87,1385,1393,10,15,0,25,0,0,0,0,-53.5,0,2,0,0,0,0,20,0.1560,0.00,0.00,0.00
959.75,11,567791,0.2712,30.17,178.56,1288,1350,9,23,0,30,0,0,0,0,-53.5,0,2,0,0,0,0,25,0.1543,0.00,0.00,0.00
960,11,567758,0.2712,30.95,179.55,1439,1430,2,24,0,20,0,0,0,0,-53.5,0,2,0,0,0,0,17,0.1550,0.00,0.00,0.00
960.25,11,567796,0.2712,30.87,182.43,1409,1470,3,23,0,30,0,0,0,0,-82.3,0,2,0,0,0,0,26,0.1530,16.76,62.33,416.85
960.5,11,567781,0.2712,31.19,182.54,1409,1411,7,17,0,33,0,0,0,0,-82.3,0,2,0,0,0,0,28,0.1505,0.00,0.00,0.00
960.75,11,567762,0.2713,31.16,184.93,1497,1500,2,22,0,23,0,0,0,0,-82.3,0,2,0,0,0,0,22,0.1497,0.00,0.00,0.00
961,11,567793,0.2712,31.65,184.71,1384,1440,8,25,0,21,0,0,0,0,-82.3,0,2,0,0,0,0,19,0.1498,0.00,0.00,0.00
961.25,10,567820,0.2712,32.94,186.96,1421,1473,1,25,0,25,0,1,0,0,-82.3,0,1,0,0,1,0,22,0.1490,0.00,0.00,0.00
961.5,10,567859,0.2712,32.00,179.27,1467,1531,18,26,0,30,0,0,0,0,-82.3,0,1,0,0,0,0,23,0.1479,0.00,0.00,0.00
961.75,10,567907,0.2712,31.44,175.45,1448,1517,15,23,0,26,0,0,0,0,-82.3,0,1,0,0,0,0,21,0.1473,0.00,0.00,0.00
962,10,567899,0.2712,31.39,173.67,1483,1494,3,19,0,19,0,0,0,0,-82.3,0,1,0,0,0,0,13,0.1492,0.00,0.00,0.00
962.25,10,567936,0.2712,34.23,172.30,1406,1466,30059,24,0,7,0,0,0,1,-82.3,0,1,0,0,0,0,4,0.1537,17.57,65.30,918.78
962.5,11,567793,0.2711,33.71,169.76,1673,1547,28,19,37,9,1,0,0,0,-82.3,0,1,0,0,0,0,7,0.1572,0.00,0.00,0.00
962.75,11,567761,0.2711,33.02,167.86,1522,1534,10,44,0,13,0,0,4,0,-82.3,0,1,0,0,0,0,9,0.1603,0.00,0.00,0.00
963,11,567691,0.2711,33.16,165.44,1547,1503,11,27,0,12,0,0,0,0,-82.3,0,1,0,0,0,0,8,0.1636,0.00,0.00,0.00
963.25,11,567690,0.2711,32.35,163.00,1471,1486,4,16,0,6,0,0,0,0,-82.3,0,1,0,0,0,0,4,0.1680,0.00,0.00,0.00
963.5,11,567686,0.2711,32.20,163.58,1502,1525,10,28,0,10,0,0,0,0,-82.3,0,1,0,0,0,0,7,0.1716,0.00,0.00,0.00
963.75,11,567703,0.2710,32.99,163.01,1598,1658,13,45,0,12,0,0,0,0,-82.3,0,1,0,0,0,0,8,0.1749,0.00,0.00,0.00
964,11,567796,0.2709,33.15,156.15,1566,1695,4,36,0,14,0,0,0,0,-82.3,0,1,0,0,0,0,8,0.1782,0.00,0.00,0.00
964.25,11,567743,0.2709,34.55,157.14,1704,1686,9,35,0,14,0,0,0,0,-82.3,0,1,0,0,0,0,11,0.1807,17.82,71.76,497.04
964.5,11,567810,0.2708,34.49,159.85,1720,1830,14,44,0,14,0,0,0,0,-82.3,0,1,0,0,0,0,11,0.1831,0.00,0.00,0.00
964.75,11,567883,0.2708,35.36,162.34,1755,1853,9,26,0,15,0,0,0,0,-82.3,0,1,0,0,0,0,11,0.1856,0.00,0.00,0.00
965,11,567938,0.2707,34.63,167.59,1862,1944,469,27,0,13,0,0,0,0,-82.3,0,1,0,0,0,0,9,0.1886,0.00,0.00,0.00
965.25,11,567875,0.2707,34.68,171.83,1947,1906,11,22,0,13,0,0,0,0,-82.3,0,1,0,0,0,0,7,0.1923,0.00,0.00,0.00
965.5,11,567863,0.2707,34.06,175.73,1950,1960,8,22,0,13,0,0,0,0,-82.3,0,1,0,0,0,0,8,0.1956,0.00,0.00,0.00
965.75,11,567797,0.2707,34.27,178.51,1883,1837,6,20,0,12,0,0,0,0,-82.3,0,1,0,0,0,0,8,0.1989,0.00,0.00,0.00
966,11,567786,0.2707,34.44,180.93,1887,1901,10,26,0,20,0,0,0,0,-82.3,0,1,0,0,0,0,11,0.2014,0.00,0.00,0.00
966.25,11,567737,0.2707,34.37,183.81,1930,1898,7,18,0,15,0,0,0,1,-82.3,0,1,0,0,0,0,12,0.2035,17.62,61.09,417.25
966.5,12,567698,0.2708,34.25,186.78,1940,1914,9,13,2,24,1,0,0,0,-82.3,0,1,0,0,0,0,18,0.2039,0.00,0.00,0.00
966.75,12,567600,0.2708,33.67,183.04,1983,1912,8,27,3,17,0,0,7,0,-82.3,0,1,0,0,0,0,13,0.2057,0.00,0.00,0.00
967,12,567594,0.2708,32.97,183.11,1898,1906,7,14,1,25,0,0,0,0,-82.3,0,1,0,0,0,0,21,0.2052,0.00,0.00,0.00
967.25,12,567574,0.2708,32.05,185.15,1906,1901,8,17,0,13,0,0,0,0,-82.3,0,1,0,0,0,0,12,0.2073,0.00,0.00,0.00
967.5,12,567493,0.2709,30.96,184.84,1930,1863,9,15,0,20,0,0,0,0,-82.3,0,1,0,0,0,0,19,0.2073,0.00,0.00,0.00
967.75,12,567370,0.2710,29.80,183.70,1869,1768,10,24,0,28,0,0,0,0,-82.3,0,1,0,0,0,0,21,0.2067,0.00,0.00,0.00
968,12,567413,0.2709,29.30,178.95,1711,1779,4,25,0,15,0,0,0,0,-82.3,0,1,0,0,0,0,12,0.2088,0.00,0.00,0.00
968.25,12,567448,0.2709,29.05,176.93,1660,1703,5,8,0,14,0,0,0,1,-82.3,0,1,0,0,0,0,9,0.2118,17.09,56.76,397.64
968.5,12,567495,0.2709,28.99,176.05,1673,1729,7,9,0,19,0,0,0,1,-82.3,0,1,0,0,0,0,11,0.2141,0.00,0.00,0.00
968.75,12,567477,0.2709,29.14,175.50,1709,1704,11,13,0,18,0,0,0,1,-82.3,0,1,0,0,0,0,16,0.2150,0.00,0.00,0.00
969,12,567579,0.2709,28.77,172.77,1620,1737,7,15,1,15,0,0,0,1,-82.3,0,1,0,0,0,0,13,0.2167,0.00,0.00,0.00
969.25,12,567655,0.2708,28.71,176.26,1616,1712,4,21,0,16,0,0,0,1,-82.3,0,1,0,0,0,0,14,0.2182,0.00,0.00,0.00
969.5,12,567623,0.2708,28.35,179.28,1690,1673,11,15,0,16,0,0,0,1,-82.3,0,1,0,0,0,0,9,0.2211,0.00,0.00,0.00
969.75,12,567615,0.2709,27.62,180.52,1611,1620,14,17,0,22,0,0,0,1,-82.3,0,1,0,0,0,0,17,0.2217,0.00,0.00,0.00
970,12,567627,0.2708,26.35,181.92,1599,1633,8,22,0,16,0,0,0,1,-82.3,0,1,0,0,0,0,13,0.2234,0.00,0.00,0.00
970.25,12,567620,0.2708,26.39,180.20,1533,1550,8,24,0,11,0,0,1,1,-88.4,0,1,0,0,0,0,8,0.2266,18.32,57.35,275.20
970.5,12,567711,0.2708,25.50,182.90,1474,1596,10,31,0,18,0,0,0,1,-88.4,0,1,0,0,0,0,13,0.2283,0.00,0.00,0.00
970.75,12,567770,0.2707,25.51,177.39,1392,1482,7,31,0,14,0,0,0,1,-88.4,0,1,0,0,0,0,13,0.2301,0.00,0.00,0.00
971,12,567741,0.2707,25.50,180.62,1480,1478,14,27,0,14,0,0,0,1,-88.4,0,1,0,0,0,0,10,0.2327,0.00,0.00,0.00
971.25,12,567865,0.2706,26.43,173.42,1353,1492,6,15,0,10,0,0,0,1,-88.4,0,1,0,0,0,0,7,0.2362,0.00,0.00,0.00
971.5,12,567922,0.2706,26.40,177.59,1368,1455,5,30,0,13,0,0,0,1,-88.4,0,1,0,0,0,0,9,0.2391,0.00,0.00,0.00
971.75,12,567957,0.2705,26.64,178.84,1344,1400,10,21,0,18,0,0,0,1,-88.4,0,1,0,0,0,0,14,0.2405,0.00,0.00,0.00
972,12,568049,0.2705,26.86,181.81,1288,1415,5,35,0,22,0,0,0,1,-88.4,0,1,0,0,0,0,16,0.2413,0.00,0.00,0.00
972.25,12,568078,0.2705,28.34,184.68,1373,1418,6,17,0,14,0,0,0,1,-88.4,0,1,0,0,0,0,13,0.2430,11.39,38.25,343.14
972.5,12,568204,0.2704,29.03,187.04,1264,1413,6,23,0,12,0,0,0,1,-88.4,0,1,0,0,0,0,10,0.2456,0.00,0.00,0.00
972.75,12,568332,0.2703,29.89,186.85,1362,1502,9,12,0,20,0,0,0,1,-88.4,0,1,0,0,0,0,16,0.2464,0.00,0.00,0.00
973,12,568488,0.2703,30.00,185.47,1311,1486,2,19,0,26,0,0,0,1,-88.4,0,1,0,0,0,0,24,0.2448,0.00,0.00,0.00
973.25,12,568527,0.2703,30.69,180.96,1437,1492,17,17,0,26,0,0,0,1,-88.4,0,1,0,0,0,0,20,0.2444,0.00,0.00,0.00
973.5,12,568523,0.2703,30.39,175.72,1424,1444,10,24,0,28,0,0,0,1,-88.4,0,1,0,0,0,0,22,0.2434,0.00,0.00,0.00
973.75,12,568672,0.2702,30.79,171.38,1374,1539,11,16,0,38,0,0,0,1,-88.4,0,1,0,0,0,0,36,0.2383,0.00,0.00,0.00
974,12,568685,0.2703,30.41,169.75,1361,1393,15,20,0,53,0,0,0,1,-88.4,0,1,0,0,0,0,50,0.2291,0.00,0.00,0.00
974.25,12,568787,0.2703,30.58,166.64,1313,1441,7,26,0,52,0,0,0,1,-88.4,0,1,0,0,0,0,45,0.2213,8.82,31.43,486.99
974.5,12,568763,0.2704,30.00,164.83,1382,1379,12,21,0,47,0,0,0,1,-88.4,0,1,0,0,0,0,38,0.2156,0.00,0.00,0.00
974.75,12,568801,0.2704,29.94,164.41,1351,1406,8,17,0,39,0,0,0,1,-88.4,0,1,0,0,0,0,35,0.2107,0.00,0.00,0.00
975,12,568904,0.2703,30.08,165.52,1298,1417,11,16,0,25,0,0,0,0,-88.4,0,1,0,0,0,0,23,0.2094,0.00,0.00,0.00
975.25,12,568943,0.2703,29.58,164.38,1283,1345,14,23,0,33,0,0,0,0,-88.4,0,1,0,0,0,0,29,0.2064,0.00,0.00,0.00
975.5,12,568959,0.2703,29.26,161.76,1306,1346,14,24,0,25,0,0,0,0,-88.4,0,1,0,0,0,0,21,0.2057,0.00,0.00,0.00
975.75,12,569023,0.2703,29.20,160.81,1247,1334,6,23,0,24,0,0,0,0,-88.4,0,1,0,0,0,0,19,0.2056,0.00,0.00,0.00
976,12,569117,0.2703,28.65,160.98,1202,1317,5,21,0,25,0,0,0,0,-88.4,0,1,0,0,0,0,22,0.2046,0.00,0.00,0.00
976.25,12,569174,0.2702,28.91,160.88,1201,1284,9,26,0,22,0,0,0,0,-88.4,0,1,0,0,0,0,18,0.2048,11.48,33.67,194.66
976.5,12,569205,0.2702,28.66,161.36,1206,1260,10,23,0,24,0,0,0,0,-88.4,0,1,0,0,0,0,17,0.2053,0.00,0.00,0.00
976.75,12,569233,0.2702,28.64,155.51,1221,1279,12,30,0,32,0,0,0,0,-88.4,0,1,0,0,0,0,30,0.2019,0.00,0.00,0.00
977,12,569266,0.2702,28.67,152.90,1208,1261,7,20,0,36,0,0,0,0,-88.4,0,1,0,0,0,0,30,0.1986,0.00,0.00,0.00
977.25,12,569412,0.2702,28.71,156.80,1105,1273,8,24,0,26,0,0,0,0,-88.4,0,1,0,0,0,0,21,0.1979,0.00,0.00,0.00
977.5,12,569396,0.2701,28.90,155.08,1207,1235,4,44,0,19,0,0,0,0,-88.4,0,1,0,0,0,0,17,0.1984,0.00,0.00,0.00
977.75,12,569439,0.2701,28.73,157.82,1169,1227,7,15,0,13,0,0,0,0,-88.4,0,1,0,0,0,0,10,0.2010,0.00,0.00,0.00
978,12,569557,0.2701,29.21,159.01,1190,1325,8,17,0,13,0,0,0,0,-88.4,0,1,0,0,0,0,11,0.2032,0.00,0.00,0.00
978.25,12,569657,0.2700,29.16,161.59,1192,1302,7,10,0,19,0,0,0,0,-88.4,0,1,0,0,0,0,18,0.2034,10.69,34.86,265.99
978.5,12,569707,0.2700,29.05,162.69,1220,1300,10,30,0,18,0,0,0,0,-88.4,0,1,0,0,0,0,13,0.2051,0.00,0.00,0.00
978.75,12,569763,0.2700,28.96,164.87,1259,1326,8,11,0,18,0,0,0,0,-88.4,0,1,0,0,0,0,15,0.2061,0.00,0.00,0.00
979,12,569902,0.2699,29.15,163.01,1174,1336,7,23,0,23,0,0,0,0,-88.4,0,1,0,0,0,0,20,0.2057,0.00,0.00,0.00
979.25,12,569894,0.2699,28.52,162.76,1214,1222,6,16,0,26,0,0,0,0,-88.4,0,1,0,0,0,0,20,0.2052,0.00,0.00,0.00
979.5,12,569962,0.2699,28.32,161.20,1221,1309,12,21,0,38,0,0,0,0,-88.4,0,1,0,0,0,0,31,0.2016,0.00,0.00,0.00
979.75,12,570012,0.2699,28.71,161.39,1190,1261,5,21,0,30,0,0,0,0,-88.4,0,1,0,0,0,0,27,0.1991,0.00,0.00,0.00
980,12,570049,0.2699,28.28,160.03,1246,1306,9,23,0,26,0,0,0,0,-88.4,0,1,0,0,0,0,21,0.1984,0.00,0.00,0.00
980.25,12,570104,0.2699,28.36,161.05,1149,1221,6,17,0,15,0,0,0,0,-106.8,0,1,0,0,0,0,11,0.2006,11.85,36.21,316.28
980.5,12,570208,0.2698,27.69,161.80,1152,1277,309,21,0,21,0,0,0,0,-106.8,0,1,0,0,0,0,19,0.2004,0.00,0.00,0.00
980.75,12,570201,0.2698,28.76,164.81,1253,1263,1,17,0,19,0,0,0,0,-106.8,0,1,0,0,0,0,17,0.2009,0.00,0.00,0.00
981,12,570268,0.2698,27.46,167.21,1224,1315,3,24,0,20,0,0,0,0,-106.8,0,1,0,0,0,0,18,0.2010,0.00,0.00,0.00
981.25,12,570332,0.2698,28.59,169.84,1153,1226,8,10,0,22,0,0,0,0,-106.8,0,1,0,0,0,0,17,0.2015,0.00,0.00,0.00
981.5,12,570393,0.2697,27.64,172.15,1240,1323,6,22,0,23,0,0,1,0,-106.8,0,1,0,0,0,0,19,0.2014,0.00,0.00,0.00
981.75,12,570426,0.2697,28.59,172.50,1179,1238,2,26,0,10,0,0,0,0,-106.8,0,1,0,0,0,0,8,0.2045,0.00,0.00,0.00
982,12,570537,0.2696,27.94,172.17,1160,1302,4,31,0,16,0,0,0,0,-106.8,0,1,0,0,0,0,12,0.2064,0.00,0.00,0.00
982.25,12,570594,0.2696,28.12,173.22,1197,1275,11,21,0,13,0,0,0,1,-106.8,0,1,0,0,0,0,9,0.2092,14.67,44.39,270.81
982.5,12,570705,0.2695,26.88,173.53,1164,1304,21454,29,0,15,0,0,0,1,-106.8,0,1,0,0,0,0,11,0.2114,0.00,0.00,0.00
982.75,12,570656,0.2695,27.27,168.62,1190,1171,8,30,0,19,0,0,0,1,-106.8,0,1,0,0,0,0,15,0.2125,0.00,0.00,0.00
983,12,570599,0.2695,26.95,167.05,1345,1309,5,21,0,12,0,0,0,1,-106.8,0,1,0,0,0,0,8,0.2156,0.00,0.00,0.00
983.25,12,570588,0.2695,26.50,163.02,1302,1322,10,31,0,11,0,0,0,1,-106.8,0,1,0,0,0,0,10,0.2181,0.00,0.00,0.00
983.5,12,570706,0.2694,26.16,164.22,1243,1392,8,31,0,9,0,0,0,1,-106.8,0,1,0,0,0,0,8,0.2213,0.00,0.00,0.00
983.75,12,570749,0.2694,26.55,163.41,1230,1295,3,22,0,11,0,0,0,1,-106.8,0,1,0,0,0,0,7,0.2247,0.00,0.00,0.00
984,12,570780,0.2693,25.35,162.25,1322,1374,2,21,0,11,0,0,0,1,-106.8,0,1,0,0,0,0,9,0.2275,0.00,0.00,0.00
984.25,12,570777,0.2693,24.72,158.11,1300,1314,12,17,0,15,0,0,0,1,-106.8,0,1,0,0,0,0,10,0.2301,17.88,74.70,249.37
984.5,12,570879,0.2693,23.79,162.37,1223,1353,4,28,0,14,0,0,0,1,-106.8,0,1,0,0,0,0,10,0.2326,0.00,0.00,0.00
984.75,12,570886,0.2692,23.27,161.85,1311,1337,8,19,0,15,0,0,0,1,-106.8,0,1,0,0,0,0,10,0.2351,0.00,0.00,0.00
985,12,570934,0.2692,22.53,161.87,1318,1396,4,30,0,15,0,0,0,1,-106.8,0,1,0,0,0,0,12,0.2371,0.00,0.00,0.00
985.25,12,570981,0.2691,21.60,156.98,1293,1365,4,26,0,10,0,0,1,1,-106.8,0,1,0,0,0,0,7,0.2405,0.00,0.00,0.00
985.5,12,571067,0.2691,20.73,160.08,1258,1375,7,31,0,20,0,0,0,1,-106.8,0,1,0,0,0,0,16,0.2413,0.00,0.00,0.00
985.75,11,571136,0.2690,19.64,155.85,1267,1352,7,16,0,15,0,1,0,1,-106.8,0,0,0,0,1,0,11,0.2435,0.00,0.00,0.00
986,11,571268,0.2690,19.32,156.41,1102,1257,8,23,0,57,0,0,0,1,-106.8,0,0,0,0,0,0,52,0.2337,0.00,0.00,0.00
986.25,11,571324,0.2691,19.15,149.39,1059,1127,0,12,0,38,0,0,0,1,-106.8,0,0,0,0,0,0,34,0.2292,10.39,48.05,200.60
986.5,11,571421,0.2690,18.50,152.77,1065,1184,3,22,0,29,0,0,0,1,-106.8,0,0,0,0,0,0,24,0.2276,0.00,0.00,0.00
986.75,11,571529,0.2690,18.85,155.23,996,1119,0,15,0,22,0,0,0,1,-106.8,0,0,0,0,0,0,15,0.2287,0.00,0.00,0.00
987,11,571550,0.2690,18.96,154.28,1120,1164,6,23,0,20,0,0,0,1,-106.8,0,0,0,0,0,0,15,0.2298,0.00,0.00,0.00
987.25,12,571694,0.2689,19.75,155.24,1031,1189,3,14,0,14,0,0,0,1,-106.8,1,1,0,0,0,1,11,0.2320,0.00,0.00,0.00
987.5,11,571731,0.2689,19.72,153.52,1171,1229,3,21,0,20,0,0,4,1,-106.8,0,1,0,0,0,1,18,0.2322,0.00,0.00,0.00
987.75,11,571822,0.2689,19.15,148.76,1147,1250,3,12,0,23,0,0,1,1,-106.8,0,1,0,0,0,0,21,0.2314,0.00,0.00,0.00
988,11,571885,0.2689,19.59,143.10,1195,1274,1,16,0,21,0,0,1,1,-106.8,0,1,0,0,0,0,16,0.2322,0.00,0.00,0.00
988.25,11,571845,0.2689,19.13,138.67,1287,1266,4,19,0,12,0,0,0,1,-106.8,0,1,0,0,0,0,11,0.2344,10.15,52.98,411.34
988.5,11,571874,0.2688,18.86,146.37,1296,1344,7,19,0,15,0,0,0,1,-106.8,0,1,0,0,0,0,11,0.2366,0.00,0.00,0.00
988.75,11,571769,0.2689,18.45,145.71,1273,1184,4,16,0,13,0,0,0,1,-106.8,0,1,0,0,0,0,11,0.2388,0.00,0.00,0.00
989,11,571736,0.2689,17.98,150.78,1263,1250,4,20,0,16,0,0,0,1,-106.8,0,1,0,0,0,0,12,0.2406,0.00,0.00,0.00
989.25,11,571670,0.2689,17.65,155.72,1269,1209,13,7,0,11,0,0,0,1,-106.8,0,1,0,0,0,0,8,0.2437,0.00,0.00,0.00
989.5,11,571690,0.2689,17.11,159.35,1253,1297,17,25,1,12,0,0,0,1,-106.8,0,1,0,0,0,0,9,0.2464,0.00,0.00,0.00
989.75,11,571617,0.2689,16.89,164.25,1223,1158,6,8,0,17,0,0,0,1,-106.8,0,1,0,0,0,0,15,0.2474,0.00,0.00,0.00
990,11,571603,0.2690,16.72,169.74,1276,1276,9,14,1,18,0,0,0,0,-106.8,0,1,0,0,0,0,15,0.2484,0.00,0.00,0.00
990.25,11,571570,0.2690,16.85,167.65,1226,1206,16,13,0,16,0,0,0,0,-149.5,0,1,0,0,0,0,10,0.2508,11.81,55.60,266.52
990.5,11,571536,0.2690,15.94,171.21,1290,1276,11,20,1,27,0,0,0,0,-149.5,0,1,0,0,0,0,20,0.2503,0.00,0.00,0.00
990.75,11,571484,0.2690,15.41,137.57,1207,1169,16,14,1,14,0,0,0,0,-149.5,0,1,0,0,0,0,13,0.2518,0.00,0.00,0.00
991,11,571478,0.2690,14.43,117.09,1169,1181,7,18,0,20,0,0,0,0,-149.5,0,1,0,0,0,0,17,0.2522,0.00,0.00,0.00
991.25,11,571463,0.2690,14.41,123.84,1056,1052,5,11,0,13,0,0,0,0,-149.5,0,1,0,0,0,0,11,0.2543,0.00,0.00,0.00
991.5,11,571515,0.2690,13.97,114.87,1024,1093,10,17,0,13,0,0,0,0,-149.5,0,1,0,0,0,0,11,0.2564,0.00,0.00,0.00
991.75,11,571458,0.2690,14.04,117.20,1011,970,7,16,0,5,0,0,0,0,-149.5,0,1,0,0,0,0,4,0.2605,0.00,0.00,0.00
992,11,571544,0.2690,13.21,106.73,932,1028,4,10,1,9,0,0,0,0,-149.5,0,1,0,0,0,0,7,0.2638,0.00,0.00,0.00
992.25,11,571550,0.2690,13.73,108.12,886,903,11,12,0,7,0,0,0,0,-149.5,0,1,0,0,0,0,5,0.2676,14.48,52.93,287.06
992.5,11,571595,0.2689,13.74,107.70,925,985,10,16,0,12,0,0,0,0,-149.5,0,1,0,0,0,0,9,0.2703,0.00,0.00,0.00
992.75,11,571596,0.2689,14.24,106.91,910,925,3,15,0,17,0,0,0,0,-149.5,0,1,0,0,0,0,16,0.2709,0.00,0.00,0.00
993,11,571598,0.2690,13.16,103.56,929,942,10,12,0,20,0,0,0,0,-149.5,0,1,0,0,0,0,19,0.2705,0.00,0.00,0.00
993.25,11,571577,0.2690,13.54,102.47,894,886,6,13,0,33,0,0,0,0,-149.5,0,1,0,0,0,0,30,0.2670,0.00,0.00,0.00
993.5,11,571670,0.2690,13.39,102.19,860,977,7,24,0,35,0,0,0,0,-149.5,0,1,0,0,0,0,30,0.2634,0.00,0.00,0.00
993.75,11,571688,0.2690,13.15,101.82,870,906,2,18,0,32,0,0,0,0,-149.5,0,1,0,0,0,0,28,0.2605,0.00,0.00,0.00
994,11,571702,0.2690,12.88,105.67,870,892,6,8,0,26,0,0,0,0,-149.5,0,1,0,0,0,0,24,0.2587,0.00,0.00,0.00
994.25,11,571740,0.2690,12.93,102.44,868,918,5,12,0,21,0,0,0,1,-149.5,0,1,0,0,0,0,19,0.2583,11.90,50.59,290.60
994.5,11,571764,0.2690,12.75,107.68,930,966,4,12,0,18,0,0,0,1,-149.5,0,1,0,0,0,0,16,0.2589,0.00,0.00,0.00
994.75,11,571817,0.2690,12.59,120.31,836,902,3,13,0,31,0,0,0,1,-149.5,0,1,0,0,0,0,28,0.2559,0.00,0.00,0.00
995,11,571797,0.2691,12.37,127.57,892,885,5,13,0,29,0,0,0,1,-149.5,0,1,0,0,0,0,27,0.2531,0.00,0.00,0.00
995.25,11,571823,0.2691,12.82,98.16,875,919,4,18,0,32,0,0,0,1,-149.5,0,1,0,0,0,0,26,0.2507,0.00,0.00,0.00
995.5,11,571838,0.2691,12.59,107.04,898,929,7,16,0,18,0,0,0,1,-149.5,0,1,0,0,0,0,15,0.2515,0.00,0.00,0.00
995.75,11,571892,0.2690,12.32,117.52,868,937,4,15,0,19,0,0,0,1,-149.5,0,1,0,0,0,0,14,0.2526,0.00,0.00,0.00
996,11,571886,0.2691,12.40,123.20,904,911,6,13,1,25,0,0,0,1,-149.5,0,1,0,0,0,0,20,0.2519,0.00,0.00,0.00
996.25,11,571992,0.2690,13.20,128.13,832,953,9,16,1,20,0,0,0,1,-149.5,0,1,0,0,0,0,20,0.2512,16.39,47.74,324.73
996.5,11,572015,0.2690,12.72,137.00,885,916,6,8,0,18,0,0,0,1,-149.5,0,1,0,0,0,0,16,0.2517,0.00,0.00,0.00
996.75,11,572026,0.2690,12.87,146.97,875,900,4,14,0,24,0,0,0,1,-149.5,0,1,0,0,0,0,21,0.2507,0.00,0.00,0.00
997,11,572066,0.2690,11.65,148.23,849,901,5,12,0,18,0,0,0,1,-149.5,0,1,0,0,0,0,16,0.2511,0.00,0.00,0.00
997.25,11,572114,0.2690,12.95,130.77,836,898,5,14,0,22,0,0,0,1,-149.5,0,1,0,0,0,0,20,0.2504,0.00,0.00,0.00
997.5,11,572105,0.2690,12.24,134.44,867,869,8,12,0,18,0,0,0,1,-149.5,0,1,0,0,0,0,15,0.2511,0.00,0.00,0.00
997.75,11,572205,0.2690,12.81,138.71,779,896,2,17,0,19,0,0,0,1,-149.5,0,1,0,0,0,0,17,0.2513,0.00,0.00,0.00
998,11,572228,0.2690,12.28,146.60,881,914,4,10,0,19,0,0,0,1,-149.5,0,1,0,0,0,0,18,0.2511,0.00,0.00,0.00
998.25,11,572262,0.2690,12.82,154.47,835,888,4,19,1,16,0,0,0,1,-149.5,0,1,0,0,0,0,14,0.2521,16.46,57.11,302.43
998.5,11,572312,0.2690,12.35,156.61,832,895,8,13,0,14,0,0,0,1,-149.5,0,1,0,0,0,0,11,0.2540,0.00,0.00,0.00
998.75,11,572299,0.2690,13.26,162.20,860,864,3,17,0,20,0,0,0,1,-149.5,0,1,0,0,0,0,15,0.2547,0.00,0.00,0.00
999,11,572370,0.2689,13.06,166.67,845,925,2,9,0,13,0,0,0,1,-149.5,0,1,0,0,0,0,11,0.2566,0.00,0.00,0.00
999.25,11,572374,0.2690,13.76,171.09,812,826,7,10,0,14,0,0,0,1,-149.5,0,1,0,0,0,0,13,0.2579,0.00,0.00,0.00
999.5,11,572415,0.2689,13.63,171.58,893,946,6,12,0,15,0,0,0,1,-149.5,0,1,0,0,0,0,11,0.2597,0.00,0.00,0.00
999.75,11,572443,0.2689,14.23,175.76,883,926,5,16,0,14,0,0,0,1,-149.5,0,1,0,0,0,0,10,0.2619,0.00,0.00,0.00
1000,11,572483,0.2689,13.89,175.66,890,943,6,13,0,9,0,0,0,1,-149.5,0,1,0,0,0,0,7,0.2649,0.00,0.00,0.00
