t,plates,parcels,cont_frac,mean_v,max_v,subducted,created,accreted,absorbed,cont_lost,cont_grown,rifts,merges,initiations,active_rifts,sea_level,backarcs,arc_plates,weld_static,weld_locked,retired,dissolved,deposited,sediment,stress_p50,stress_p95,stress_max
0.25,12,639662,0.2744,18.26,45.42,92,2,2,248,0,3,0,0,11,0,0.0,0,0,0,0,0,0,3,0.0001,0.00,0.00,0.00
0.5,12,638861,0.2746,19.18,55.34,805,49,0,45,0,3,0,0,6,0,0.0,0,0,0,0,0,0,3,0.0002,0.00,0.00,0.00
0.75,12,638479,0.2747,24.00,68.94,509,199,2,72,0,4,0,0,5,0,0.0,0,0,0,0,0,0,3,0.0003,0.00,0.00,0.00
1,12,638200,0.2748,27.01,82.15,541,280,1,18,0,4,0,0,3,0,0.0,0,0,0,0,0,0,4,0.0001,0.00,0.00,0.00
1.25,12,637940,0.2749,30.16,96.53,707,450,0,3,0,3,0,0,2,0,0.0,0,0,0,0,0,0,3,0.0002,0.00,0.00,0.00
1.5,12,637713,0.2750,33.14,109.05,1023,796,0,0,0,4,0,0,0,0,0.0,0,0,0,0,0,0,4,0.0001,0.00,0.00,0.00
1.75,12,637687,0.2750,36.26,120.25,903,877,0,0,0,3,0,0,1,0,0.0,0,0,0,0,0,0,3,0.0002,0.00,0.00,0.00
2,12,637596,0.2751,39.36,129.46,1032,941,0,0,0,5,0,0,1,0,0.0,0,0,0,0,0,0,4,0.0000,0.00,0.00,0.00
2.25,12,637512,0.2751,41.69,137.44,1132,1048,0,0,0,4,0,0,0,0,0.0,0,0,0,0,0,0,3,0.0001,1.15,2.63,5.02
2.5,12,637356,0.2752,43.60,146.14,1185,1029,0,0,0,4,0,0,0,0,0.0,0,0,0,0,0,0,3,0.0002,0.00,0.00,0.00
2.75,12,637112,0.2753,45.66,153.77,1425,1181,0,0,0,4,0,0,0,0,0.0,0,0,0,0,0,0,4,0.0000,0.00,0.00,0.00
3,12,636827,0.2754,47.46,160.23,1425,1140,0,0,0,6,0,0,0,0,0.0,0,0,0,0,0,0,3,0.0001,0.00,0.00,0.00
3.25,12,636669,0.2755,49.08,165.81,1384,1226,0,0,0,3,0,0,1,0,0.0,0,0,0,0,0,0,3,0.0002,0.00,0.00,0.00
3.5,12,636501,0.2756,50.36,170.60,1410,1242,0,0,0,4,0,0,0,0,0.0,0,0,0,0,0,0,3,0.0003,0.00,0.00,0.00
3.75,12,636157,0.2757,51.55,174.31,1620,1276,0,0,0,4,0,0,0,0,0.0,0,0,0,0,0,0,4,0.0001,0.00,0.00,0.00
4,12,635914,0.2758,52.30,177.78,1544,1301,0,0,0,3,0,0,0,0,0.0,0,0,0,0,0,0,3,0.0001,0.00,0.00,0.00
4.25,12,635638,0.2760,53.29,180.09,1593,1317,0,0,0,4,0,0,0,0,0.0,0,0,0,0,0,0,3,0.0002,0.99,2.18,4.69
4.5,12,635314,0.2761,54.33,182.49,1737,1413,0,0,0,4,0,0,0,0,0.0,0,0,0,0,0,0,3,0.0003,0.00,0.00,0.00
4.75,12,634994,0.2763,54.98,184.45,1741,1421,1,0,0,4,0,0,0,0,0.0,0,0,0,0,0,0,4,0.0001,0.00,0.00,0.00
5,12,634693,0.2764,55.75,185.99,1720,1419,0,0,0,5,0,0,0,0,0.0,0,0,0,0,0,0,3,0.0001,0.00,0.00,0.00
5.25,12,634362,0.2766,56.24,187.63,1795,1464,0,0,0,4,0,0,0,0,0.0,0,0,0,0,0,0,3,0.0002,0.00,0.00,0.00
5.5,12,634043,0.2767,56.44,188.02,1807,1489,0,1,0,3,0,0,0,0,0.0,0,0,0,0,0,0,3,0.0002,0.00,0.00,0.00
5.75,12,633805,0.2768,56.99,188.71,1736,1498,0,0,0,4,0,0,0,0,0.0,0,0,0,0,0,0,3,0.0003,0.00,0.00,0.00
6,12,633471,0.2770,57.12,188.83,1833,1500,1,1,0,4,0,0,0,0,0.0,0,0,0,0,0,0,4,0.0000,0.00,0.00,0.00
6.25,12,633144,0.2771,57.49,189.52,1850,1523,0,0,0,5,0,0,0,0,0.0,0,0,0,0,0,0,3,0.0001,0.91,1.90,2.03
6.5,12,632801,0.2773,57.68,189.97,1892,1549,0,0,0,3,0,0,0,0,0.0,0,0,0,0,0,0,3,0.0001,0.00,0.00,0.00
6.75,12,632418,0.2774,57.78,190.40,1923,1540,0,0,0,3,0,0,0,0,0.0,0,0,0,0,0,0,3,0.0002,0.00,0.00,0.00
7,12,632127,0.2776,58.19,190.57,1852,1562,0,1,0,3,0,0,0,0,0.0,0,0,0,0,0,0,3,0.0002,0.00,0.00,0.00
7.25,12,631680,0.2778,58.19,190.85,2034,1587,0,0,0,5,0,0,0,0,0.0,0,0,0,0,0,0,3,0.0003,0.00,0.00,0.00
7.5,12,631386,0.2779,58.52,191.65,1897,1603,0,0,0,4,0,0,0,0,0.0,0,0,0,0,0,0,4,0.0000,0.00,0.00,0.00
7.75,12,630963,0.2781,58.43,192.98,2005,1582,0,0,0,5,0,0,0,0,0.0,0,0,0,0,0,0,3,0.0000,0.00,0.00,0.00
8,12,630585,0.2783,58.67,194.09,1943,1565,0,0,0,3,0,0,0,0,0.0,0,0,0,0,0,0,3,0.0001,0.00,0.00,0.00
8.25,12,630210,0.2784,58.47,195.03,1962,1587,0,0,0,4,0,0,0,0,0.0,0,0,0,0,0,0,3,0.0001,0.95,2.24,3.41
8.5,12,629927,0.2786,58.67,195.81,1930,1647,0,0,0,6,0,0,0,0,0.0,0,0,0,0,0,0,3,0.0001,0.00,0.00,0.00
8.75,12,629468,0.2788,58.48,196.48,2067,1608,0,0,0,6,0,0,0,0,0.0,0,0,0,0,0,0,3,0.0002,0.00,0.00,0.00
9,12,629122,0.2790,58.64,197.03,1969,1623,0,0,0,3,0,0,0,0,0.0,0,0,0,0,0,0,3,0.0002,0.00,0.00,0.00
9.25,12,628752,0.2791,58.46,197.49,2009,1640,1,1,0,4,0,0,0,0,0.0,0,0,0,0,0,0,3,0.0002,0.00,0.00,0.00
9.5,12,628463,0.2793,58.57,197.86,1922,1634,0,1,0,3,0,0,0,0,0.0,0,0,0,0,0,0,3,0.0002,0.00,0.00,0.00
9.75,12,628105,0.2794,58.37,198.20,1998,1640,0,0,0,4,0,0,0,0,0.0,0,0,0,0,0,0,3,0.0002,0.00,0.00,0.00
10,12,627759,0.2796,58.64,198.48,1979,1633,0,0,0,5,0,0,0,0,0.0,0,0,0,0,0,0,3,0.0003,0.00,0.00,0.00
10.25,12,627463,0.2797,58.49,198.72,1980,1685,2,1,0,4,0,0,0,0,0.0,0,0,0,0,0,0,3,0.0003,1.11,2.64,5.96
10.5,12,627073,0.2799,58.67,197.68,2013,1623,0,0,0,3,0,0,0,0,0.0,0,0,0,0,0,0,3,0.0003,0.00,0.00,0.00
10.75,12,626774,0.2800,58.50,196.42,1953,1656,1,2,0,5,0,0,0,0,0.0,0,0,0,0,0,0,4,0.0000,0.00,0.00,0.00
11,12,626365,0.2802,58.76,194.45,2062,1653,0,0,0,9,0,0,0,0,0.0,0,0,0,0,0,0,3,0.0000,0.00,0.00,0.00
11.25,12,626085,0.2804,58.48,194.19,1946,1666,0,0,0,4,0,0,0,0,0.0,0,0,0,0,0,0,3,0.0000,0.00,0.00,0.00
11.5,12,625832,0.2805,58.55,194.28,1942,1689,0,0,0,3,0,0,0,0,0.0,0,0,0,0,0,0,3,0.0000,0.00,0.00,0.00
11.75,12,625411,0.2807,58.24,195.01,2063,1644,1,2,0,5,0,0,0,0,0.0,0,0,0,0,0,0,3,0.0000,0.00,0.00,0.00
12,12,625095,0.2808,58.23,193.59,1963,1648,0,1,0,4,0,0,0,0,0.0,0,0,0,0,0,0,3,0.0000,0.00,0.00,0.00
12.25,12,624776,0.2810,57.86,191.86,1958,1640,1,1,0,5,0,0,0,0,0.0,0,0,0,0,0,0,3,0.0000,1.10,4.57,5.94
12.5,12,624493,0.2811,57.62,190.06,1936,1657,0,4,0,3,0,0,0,0,0.0,0,0,0,0,0,0,3,0.0000,0.00,0.00,0.00
12.75,12,624061,0.2813,57.30,190.01,2028,1596,2,0,0,3,0,0,0,0,0.0,0,0,0,0,0,0,3,0.0000,0.00,0.00,0.00
13,12,623842,0.2814,57.21,189.87,1899,1685,0,5,0,3,0,0,0,0,0.0,0,0,0,0,0,0,3,0.0000,0.00,0.00,0.00
13.25,12,623518,0.2815,56.95,190.31,1922,1601,0,3,1,4,0,0,0,0,0.0,0,0,0,0,0,0,3,0.0000,0.00,0.00,0.00
13.5,12,623118,0.2817,56.94,190.23,2000,1601,0,1,0,7,0,0,0,0,0.0,0,0,0,0,0,0,3,0.0000,0.00,0.00,0.00
13.75,12,622816,0.2819,56.61,190.36,1918,1622,0,6,0,4,0,0,0,0,0.0,0,0,0,0,0,0,3,0.0000,0.00,0.00,0.00
14,12,622471,0.2820,56.54,190.13,1937,1592,1,0,0,8,0,0,0,0,0.0,0,0,0,0,0,0,3,0.0000,0.00,0.00,0.00
14.25,12,622254,0.2821,56.12,190.49,1851,1636,1,2,0,4,0,0,0,0,0.0,0,0,0,0,0,0,3,0.0000,1.29,5.01,10.96
14.5,12,621974,0.2823,56.32,190.56,1902,1622,0,0,0,3,0,0,0,0,0.0,0,0,0,0,0,0,3,0.0000,0.00,0.00,0.00
14.75,12,621662,0.2824,55.94,190.41,1933,1622,1,1,0,5,0,0,0,0,0.0,0,0,0,0,0,0,3,0.0000,0.00,0.00,0.00
15,12,621392,0.2825,56.02,190.58,1878,1609,0,1,0,4,0,0,0,0,0.0,0,0,0,0,0,0,3,0.0000,0.00,0.00,0.00
15.25,12,621049,0.2827,55.58,190.38,1949,1607,2,1,0,2,0,0,0,0,0.0,0,0,0,0,0,0,2,0.0003,0.00,0.00,0.00
15.5,12,620751,0.2828,55.49,190.66,1866,1568,0,0,0,5,0,0,0,0,0.0,0,0,0,0,0,0,3,0.0003,0.00,0.00,0.00
15.75,12,620507,0.2830,55.30,190.79,1844,1604,0,4,0,6,0,0,0,0,0.0,0,0,0,0,0,0,3,0.0003,0.00,0.00,0.00
16,12,620235,0.2831,55.34,190.76,1889,1618,0,1,0,3,0,0,0,0,0.0,0,0,0,0,0,0,3,0.0003,0.00,0.00,0.00
16.25,12,619918,0.2832,55.26,191.14,1864,1547,0,0,0,3,0,0,0,0,0.0,0,0,0,0,0,0,3,0.0002,1.19,3.63,8.19
16.5,12,619562,0.2834,55.42,190.79,1944,1588,0,0,0,5,0,0,0,0,0.0,0,0,0,0,0,0,3,0.0002,0.00,0.00,0.00
16.75,12,619335,0.2835,55.42,191.16,1856,1631,1,2,0,4,0,0,0,0,0.0,0,0,0,0,0,0,3,0.0002,0.00,0.00,0.00
17,12,619097,0.2836,55.49,191.07,1839,1602,0,1,0,4,0,0,0,0,0.0,0,0,0,0,0,0,3,0.0002,0.00,0.00,0.00
17.25,12,618779,0.2838,55.51,190.78,1923,1606,0,1,0,5,0,0,0,0,0.0,0,0,0,0,0,0,3,0.0002,0.00,0.00,0.00
17.5,12,618492,0.2839,55.59,191.15,1860,1574,0,1,0,4,0,0,0,0,0.0,0,0,0,0,0,0,3,0.0002,0.00,0.00,0.00
17.75,12,618223,0.2840,55.38,191.60,1898,1631,0,2,0,4,0,0,0,0,0.0,0,0,0,0,0,0,3,0.0002,0.00,0.00,0.00
18,12,617887,0.2842,55.52,191.87,1919,1583,1,0,0,4,0,0,0,0,0.0,0,0,0,0,0,0,3,0.0001,0.00,0.00,0.00
18.25,12,617618,0.2843,55.15,192.49,1868,1603,4,5,5,4,0,0,0,0,0.0,0,0,0,0,0,0,3,0.0001,4.20,8.22,11.41
18.5,12,617375,0.2844,55.27,193.10,1831,1593,3,5,3,4,0,0,0,0,0.0,0,0,0,0,0,0,3,0.0001,0.00,0.00,0.00
18.75,12,617082,0.2845,55.19,193.82,1872,1585,4,6,5,5,0,0,0,0,0.0,0,0,0,0,0,0,3,0.0001,0.00,0.00,0.00
19,12,616831,0.2847,55.40,194.39,1835,1588,0,4,0,4,0,0,0,0,0.0,0,0,0,0,0,0,3,0.0001,0.00,0.00,0.00
19.25,12,616546,0.2848,55.36,195.17,1858,1578,1,5,2,3,0,0,0,0,0.0,0,0,0,0,0,0,3,0.0000,0.00,0.00,0.00
19.5,12,616325,0.2849,55.20,195.77,1832,1611,0,0,0,3,0,0,0,0,0.0,0,0,0,0,0,0,3,0.0000,0.00,0.00,0.00
19.75,12,616055,0.2850,54.98,196.14,1849,1580,1,1,0,4,0,0,0,0,0.0,0,0,0,0,0,0,3,0.0000,0.00,0.00,0.00
20,12,615794,0.2851,54.92,196.71,1859,1601,0,3,0,4,0,0,0,0,0.0,0,0,0,0,0,0,2,0.0003,0.00,0.00,0.00
20.25,12,615545,0.2853,54.82,197.14,1803,1555,0,1,2,3,0,0,0,0,0.0,0,0,0,0,0,0,3,0.0003,3.58,6.96,8.39
20.5,12,615197,0.2854,54.81,197.58,1923,1576,0,1,0,4,0,0,0,0,0.0,0,0,0,0,0,0,3,0.0002,0.00,0.00,0.00
20.75,12,614898,0.2856,54.76,197.90,1854,1557,1,2,0,3,0,0,0,0,0.0,0,0,0,0,0,0,3,0.0002,0.00,0.00,0.00
21,12,614663,0.2857,54.64,198.11,1819,1584,1,0,0,5,0,0,0,0,0.0,0,0,0,0,0,0,3,0.0002,0.00,0.00,0.00
21.25,12,614393,0.2858,54.46,198.40,1835,1566,2,1,0,4,0,0,0,0,0.0,0,0,0,0,0,0,3,0.0002,0.00,0.00,0.00
21.5,12,614142,0.2859,54.37,198.52,1843,1593,1,1,0,6,0,0,0,0,0.0,0,0,0,0,0,0,3,0.0001,0.00,0.00,0.00
21.75,12,613858,0.2861,54.32,198.38,1857,1575,0,2,0,4,0,0,0,0,0.0,0,0,0,0,0,0,3,0.0001,0.00,0.00,0.00
22,12,613690,0.2862,54.28,198.19,1812,1645,0,1,0,3,0,0,0,0,0.0,0,0,0,0,0,0,3,0.0001,0.00,0.00,0.00
22.25,12,613403,0.2863,54.13,197.98,1856,1571,0,2,0,3,0,0,0,0,0.0,0,0,0,0,0,0,3,0.0001,3.31,7.34,9.86
22.5,12,613197,0.2864,54.27,197.94,1798,1595,1,3,0,4,0,0,0,0,0.0,0,0,0,0,0,0,3,0.0000,0.00,0.00,0.00
22.75,12,612958,0.2865,54.21,196.86,1793,1559,1,5,0,4,0,0,0,0,0.0,0,0,0,0,0,0,3,0.0000,0.00,0.00,0.00
23,12,612695,0.2866,54.12,196.64,1851,1588,0,0,0,3,0,0,0,0,0.0,0,0,0,0,0,0,2,0.0003,0.00,0.00,0.00
23.25,12,612461,0.2867,54.14,196.52,1832,1603,1,5,0,4,0,0,0,0,0.0,0,0,0,0,0,0,3,0.0003,0.00,0.00,0.00
23.5,12,612231,0.2869,54.25,196.00,1852,1622,0,0,0,4,0,0,0,0,0.0,0,0,0,0,0,0,3,0.0002,0.00,0.00,0.00
23.75,12,611988,0.2870,54.11,196.55,1838,1599,0,4,0,4,0,0,0,0,0.0,0,0,0,0,0,0,3,0.0002,0.00,0.00,0.00
24,12,611770,0.2871,53.87,196.90,1840,1622,0,0,0,3,0,0,0,0,0.0,0,0,0,0,0,0,3,0.0002,0.00,0.00,0.00
24.25,12,611508,0.2872,53.86,197.32,1849,1587,0,0,0,5,0,0,0,0,0.0,0,0,0,0,0,0,3,0.0002,3.40,6.98,7.45
24.5,12,611270,0.2873,53.56,197.66,1811,1575,0,2,0,4,0,0,0,0,0.0,0,0,0,0,0,0,3,0.0001,0.00,0.00,0.00
24.75,12,611123,0.2874,53.75,197.97,1789,1643,0,1,0,3,0,0,0,0,0.0,0,0,0,0,0,0,3,0.0001,0.00,0.00,0.00
25,12,610879,0.2875,53.54,198.18,1836,1593,1,1,0,4,0,0,0,0,0.0,0,0,0,0,0,0,3,0.0001,0.00,0.00,0.00
25.25,12,610602,0.2876,53.68,198.44,1857,1581,1,1,0,4,0,0,0,0,0.0,0,0,0,0,0,0,3,0.0000,0.00,0.00,0.00
25.5,12,610396,0.2877,53.51,198.35,1788,1584,0,2,0,4,0,0,0,0,0.0,0,0,0,0,0,0,3,0.0000,0.00,0.00,0.00
25.75,12,610097,0.2879,53.70,198.47,1830,1531,2,0,0,2,0,0,0,0,0.0,0,0,0,0,0,0,2,0.0003,0.00,0.00,0.00
26,12,609928,0.2880,53.80,198.63,1793,1626,1,2,0,4,0,0,0,0,0.0,0,0,0,0,0,0,3,0.0002,0.00,0.00,0.00
26.25,12,609674,0.2881,53.64,198.78,1811,1557,2,0,0,3,0,0,0,1,0.0,0,0,0,0,0,0,3,0.0002,3.67,6.62,7.03
26.5,12,609521,0.2882,53.59,198.76,1746,1599,0,6,1,3,0,0,0,1,0.0,0,0,0,0,0,0,3,0.0002,0.00,0.00,0.00
26.75,12,609339,0.2883,53.78,198.64,1753,1571,0,0,0,3,0,0,0,1,0.0,0,0,0,0,0,0,3,0.0001,0.00,0.00,0.00
27,12,609073,0.2884,53.56,198.58,1811,1548,0,3,1,3,0,0,0,1,0.0,0,0,0,0,0,0,3,0.0001,0.00,0.00,0.00
27.25,12,608868,0.2885,53.99,198.51,1763,1558,1,0,0,4,0,0,0,1,0.0,0,0,0,0,0,0,3,0.0001,0.00,0.00,0.00
27.5,12,608675,0.2886,53.76,198.15,1771,1586,1,8,0,4,0,0,0,1,0.0,0,0,0,0,0,0,3,0.0000,0.00,0.00,0.00
27.75,12,608513,0.2887,53.92,197.89,1725,1563,0,0,0,3,0,0,0,1,0.0,0,0,0,0,0,0,3,0.0000,0.00,0.00,0.00
28,12,608383,0.2887,53.72,197.25,1706,1577,0,1,0,4,0,0,0,1,0.0,0,0,0,0,0,0,2,0.0003,0.00,0.00,0.00
28.25,12,608300,0.2888,53.14,196.39,1680,1599,0,2,0,4,0,0,0,2,0.0,0,0,0,0,0,0,3,0.0002,3.29,6.84,9.29
28.5,12,608082,0.2889,52.36,194.99,1732,1515,12,2,0,4,0,0,0,1,0.0,0,0,0,0,0,0,3,0.0002,0.00,0.00,0.00
28.75,12,607853,0.2890,51.41,192.36,1739,1512,10,3,0,3,0,0,0,1,0.0,0,0,0,0,0,0,3,0.0002,0.00,0.00,0.00
29,12,607625,0.2891,50.66,188.57,1675,1451,21,9,0,3,0,0,0,1,0.0,0,0,0,0,0,0,3,0.0001,0.00,0.00,0.00
29.25,12,607494,0.2891,49.95,184.78,1578,1470,9,24,0,3,0,0,0,1,0.0,0,0,0,0,0,0,3,0.0001,0.00,0.00,0.00
29.5,12,607334,0.2891,48.97,179.97,1569,1447,14,39,0,4,0,0,0,1,0.0,0,0,0,0,0,0,3,0.0001,0.00,0.00,0.00
29.75,12,607171,0.2892,47.13,174.80,1523,1390,15,32,0,3,0,0,0,1,0.0,0,0,0,0,0,0,3,0.0001,0.00,0.00,0.00
30,12,607091,0.2892,45.65,172.21,1430,1367,3,17,0,3,0,0,0,1,0.0,0,0,0,0,0,0,3,0.0001,0.00,0.00,0.00
30.25,12,606988,0.2892,45.68,170.82,1459,1363,0,7,0,3,0,0,0,1,0.0,0,0,0,0,0,0,3,0.0002,3.85,7.09,9.94
30.5,12,606908,0.2892,45.33,169.86,1395,1324,1,9,0,3,0,0,0,1,0.0,0,0,0,0,0,0,3,0.0002,0.00,0.00,0.00
30.75,12,606819,0.2893,45.44,169.40,1435,1351,2,5,0,4,0,0,0,1,0.0,0,0,0,0,0,0,3,0.0003,0.00,0.00,0.00
31,12,606725,0.2893,45.25,170.41,1419,1332,2,7,0,3,0,0,0,1,0.0,0,0,0,0,0,0,3,0.0003,0.00,0.00,0.00
31.25,12,606560,0.2894,45.07,169.35,1438,1276,0,3,0,4,0,0,0,1,0.0,0,0,0,0,0,0,4,0.0000,0.00,0.00,0.00
31.5,12,606489,0.2894,45.05,169.86,1395,1329,0,5,0,3,0,0,0,1,0.0,0,0,0,0,0,0,3,0.0001,0.00,0.00,0.00
31.75,12,606428,0.2895,45.25,170.62,1372,1314,5,3,0,4,0,0,0,1,0.0,0,0,0,0,0,0,3,0.0001,0.00,0.00,0.00
32,12,606286,0.2895,45.01,170.90,1434,1297,3,5,1,3,0,0,0,1,0.0,0,0,0,0,0,0,3,0.0002,0.00,0.00,0.00
32.25,12,606163,0.2896,44.80,171.79,1424,1304,7,4,0,4,0,0,0,1,0.0,0,0,0,0,0,0,3,0.0002,1.42,4.65,8.14
32.5,12,606083,0.2896,44.27,175.34,1368,1297,9,11,0,4,0,0,0,1,0.0,0,0,0,0,0,0,3,0.0003,0.00,0.00,0.00
32.75,12,605999,0.2896,43.91,178.05,1352,1283,9,16,0,6,0,0,0,1,0.0,0,0,0,0,0,0,4,0.0000,0.00,0.00,0.00
33,12,605930,0.2897,43.74,180.56,1384,1326,4,12,0,5,0,0,0,1,0.0,0,0,0,0,0,0,3,0.0001,0.00,0.00,0.00
33.25,12,605801,0.2897,44.12,182.52,1411,1294,5,13,0,4,0,0,0,1,0.0,0,0,0,0,0,0,3,0.0002,0.00,0.00,0.00
33.5,12,605758,0.2897,44.30,184.25,1331,1303,3,15,0,5,0,0,0,1,0.0,0,0,0,0,0,0,4,0.0000,0.00,0.00,0.00
33.75,12,605687,0.2897,44.66,185.74,1350,1288,2,9,0,5,0,0,0,1,0.0,0,0,0,0,0,0,3,0.0001,0.00,0.00,0.00
34,12,605573,0.2898,44.61,187.05,1401,1293,1,6,0,4,0,0,0,1,0.0,0,0,0,0,0,0,3,0.0002,0.00,0.00,0.00
34.25,12,605492,0.2898,44.82,188.21,1389,1310,1,2,0,5,0,0,0,2,0.0,0,0,0,0,0,0,4,0.0000,1.15,3.05,8.23
34.5,12,605378,0.2899,45.45,189.06,1421,1310,0,3,0,3,0,0,0,2,0.0,0,0,0,0,0,0,3,0.0001,0.00,0.00,0.00
34.75,12,605316,0.2899,45.52,189.69,1392,1334,1,4,0,3,0,0,0,2,0.0,0,0,0,0,0,0,3,0.0002,0.00,0.00,0.00
35,12,605247,0.2899,46.00,190.46,1409,1342,0,2,0,4,0,0,0,2,0.0,0,0,0,0,0,0,4,0.0000,0.00,0.00,0.00
35.25,12,605168,0.2900,46.20,191.08,1461,1382,1,0,0,3,0,0,0,2,0.0,0,0,0,0,0,0,3,0.0001,0.00,0.00,0.00
35.5,12,605141,0.2900,46.42,191.73,1420,1394,0,1,0,5,0,0,0,2,0.0,0,0,0,0,0,0,3,0.0002,0.00,0.00,0.00
35.75,12,605052,0.2901,46.72,192.29,1493,1406,0,2,0,4,0,0,0,2,0.0,0,0,0,0,0,0,4,0.0000,0.00,0.00,0.00
36,12,605004,0.2901,47.10,192.64,1472,1424,0,0,0,4,0,0,0,2,0.0,0,0,0,0,0,0,3,0.0001,0.00,0.00,0.00
36.25,12,604919,0.2901,47.33,193.12,1532,1447,1,0,0,4,0,0,0,2,0.0,0,0,0,0,0,0,3,0.0002,1.40,2.75,6.38
36.5,12,604904,0.2901,47.52,193.66,1421,1408,1,2,0,4,0,0,0,2,0.0,0,0,0,0,0,0,4,0.0000,0.00,0.00,0.00
36.75,12,604802,0.2902,47.94,193.85,1480,1379,0,1,0,3,0,0,0,2,0.0,0,0,0,0,0,0,3,0.0001,0.00,0.00,0.00
37,12,604752,0.2902,48.14,189.70,1483,1434,0,1,0,3,0,0,0,2,0.0,0,0,0,0,0,0,3,0.0002,0.00,0.00,0.00
37.25,12,604633,0.2903,48.28,181.53,1544,1424,3,0,0,4,0,0,0,2,0.0,0,0,0,0,0,0,3,0.0003,0.00,0.00,0.00
37.5,12,604496,0.2904,48.43,179.91,1562,1427,2,2,0,4,0,0,0,2,0.0,0,0,0,0,0,0,4,0.0001,0.00,0.00,0.00
37.75,12,604378,0.2904,48.83,182.64,1530,1414,3,2,0,3,0,0,0,2,0.0,0,0,0,0,0,0,3,0.0001,0.00,0.00,0.00
38,12,604365,0.2904,48.75,185.17,1514,1501,0,0,0,3,0,0,0,2,0.0,0,0,0,0,0,0,3,0.0002,0.00,0.00,0.00
38.25,12,604278,0.2905,48.99,187.27,1529,1444,2,2,0,4,0,0,0,2,0.0,0,0,0,0,0,0,4,0.0000,0.47,2.80,4.43
38.5,12,604190,0.2905,49.01,189.07,1589,1503,2,2,0,5,0,0,0,2,0.0,0,0,0,0,0,0,3,0.0001,0.00,0.00,0.00
38.75,12,604017,0.2906,49.05,190.60,1638,1467,0,2,0,6,0,0,0,2,0.0,0,0,0,0,0,0,3,0.0002,0.00,0.00,0.00
39,12,603948,0.2906,48.80,191.86,1543,1478,1,4,0,3,0,0,0,2,0.0,0,0,0,0,0,0,3,0.0002,0.00,0.00,0.00
39.25,12,603856,0.2907,49.18,193.03,1574,1484,2,2,0,4,0,0,0,2,0.0,0,0,0,0,0,0,4,0.0000,0.00,0.00,0.00
39.5,12,603764,0.2907,49.12,194.04,1582,1496,1,6,0,3,0,0,0,2,0.0,0,0,0,0,0,0,3,0.0001,0.00,0.00,0.00
39.75,12,603653,0.2908,49.39,193.26,1546,1440,3,5,0,4,0,0,0,2,0.0,0,0,0,0,0,0,3,0.0002,0.00,0.00,0.00
40,12,603655,0.2908,49.51,194.01,1536,1542,2,4,0,3,0,0,0,2,0.0,0,0,0,0,0,0,3,0.0002,0.00,0.00,0.00
40.25,12,603555,0.2908,49.64,191.92,1518,1424,0,6,0,4,0,0,0,2,0.0,0,0,0,0,0,0,4,0.0000,0.30,1.38,13.10
40.5,12,603491,0.2909,49.70,192.69,1506,1443,1,1,0,3,0,0,0,2,0.0,0,0,0,0,0,0,3,0.0001,0.00,0.00,0.00
40.75,12,603393,0.2909,49.66,192.85,1545,1449,2,2,0,3,0,0,0,2,0.0,0,0,0,0,0,0,3,0.0002,0.00,0.00,0.00
41,12,603264,0.2910,49.58,192.62,1562,1436,0,3,0,3,0,0,0,2,0.0,0,0,0,0,0,0,3,0.0002,0.00,0.00,0.00
41.25,12,603161,0.2910,49.41,193.19,1560,1462,1,5,0,4,0,0,0,2,0.0,0,0,0,0,0,0,4,0.0000,0.00,0.00,0.00
41.5,12,603121,0.2910,49.85,193.40,1519,1481,0,2,0,4,0,0,0,2,0.0,0,0,0,0,0,0,3,0.0001,0.00,0.00,0.00
41.75,12,603071,0.2911,49.38,194.06,1500,1453,0,3,0,4,0,0,0,2,0.0,0,0,0,0,0,0,3,0.0002,0.00,0.00,0.00
42,12,603036,0.2911,49.12,194.98,1498,1467,0,4,0,4,0,0,0,2,0.0,0,0,0,0,0,0,3,0.0002,0.00,0.00,0.00
42.25,12,602988,0.2911,48.23,195.45,1481,1435,0,2,5,4,0,0,0,2,0.0,0,0,0,0,0,0,4,0.0000,0.70,3.06,11.01
42.5,12,602893,0.2911,47.71,196.11,1508,1415,1,2,8,5,0,0,0,2,0.0,0,0,0,0,0,0,3,0.0001,0.00,0.00,0.00
42.75,12,602820,0.2912,47.17,196.57,1475,1404,0,2,8,5,0,0,0,2,0.0,0,0,0,0,0,0,3,0.0001,0.00,0.00,0.00
43,12,602784,0.2912,46.78,197.11,1420,1389,0,5,4,5,0,0,0,2,0.0,0,0,0,0,0,0,3,0.0002,0.00,0.00,0.00
43.25,12,602761,0.2912,46.91,196.42,1451,1430,0,2,6,5,0,0,0,2,0.0,0,0,0,0,0,0,3,0.0003,0.00,0.00,0.00
43.5,12,602689,0.2912,46.64,196.10,1470,1403,2,5,1,5,0,0,0,2,0.0,0,0,0,0,0,0,4,0.0001,0.00,0.00,0.00
43.75,12,602646,0.2912,46.63,195.65,1450,1409,0,2,0,3,0,0,0,2,0.0,0,0,0,0,0,0,3,0.0001,0.00,0.00,0.00
44,12,602608,0.2913,46.35,196.29,1430,1395,0,3,0,3,0,0,0,2,0.0,0,0,0,0,0,0,3,0.0002,0.00,0.00,0.00
44.25,12,602515,0.2913,46.76,196.13,1448,1359,1,4,0,3,0,0,0,2,0.0,0,0,0,0,0,0,3,0.0003,1.07,1.65,4.60
44.5,12,602489,0.2913,46.59,196.74,1416,1393,0,3,0,5,0,0,0,2,0.0,0,0,0,0,0,0,4,0.0001,0.00,0.00,0.00
44.75,12,602422,0.2914,46.87,197.18,1482,1416,0,1,0,3,0,0,0,2,0.0,0,0,0,0,0,0,3,0.0001,0.00,0.00,0.00
45,12,602425,0.2914,46.86,196.38,1374,1378,0,1,0,4,0,0,0,2,0.0,0,0,0,0,0,0,3,0.0002,0.00,0.00,0.00
45.25,12,602407,0.2914,47.43,196.95,1459,1442,0,1,0,4,0,0,0,2,0.0,0,0,0,0,0,0,3,0.0003,0.00,0.00,0.00
45.5,12,602339,0.2914,47.37,196.82,1434,1369,1,3,0,4,0,0,0,2,0.0,0,0,0,0,0,0,4,0.0000,0.00,0.00,0.00
45.75,12,602314,0.2914,47.52,197.01,1465,1443,0,3,0,3,0,0,0,2,0.0,0,0,0,0,0,0,3,0.0001,0.00,0.00,0.00
46,12,602276,0.2914,47.61,196.26,1443,1407,0,2,0,3,0,0,0,2,0.0,0,0,0,0,0,0,3,0.0002,0.00,0.00,0.00
46.25,12,602260,0.2915,48.16,196.05,1499,1484,0,1,0,4,0,0,0,2,0.0,0,0,0,0,0,0,3,0.0002,0.80,1.41,3.42
46.5,12,602239,0.2915,48.31,196.21,1450,1430,0,1,0,3,0,0,0,2,0.0,0,0,0,0,0,0,3,0.0003,0.00,0.00,0.00
46.75,12,602114,0.2915,48.79,196.08,1548,1424,0,1,0,5,0,0,0,2,0.0,0,0,0,0,0,0,4,0.0001,0.00,0.00,0.00
47,12,602033,0.2916,48.72,195.60,1525,1447,0,3,0,4,0,0,0,2,0.0,0,0,0,0,0,0,3,0.0001,0.00,0.00,0.00
47.25,12,601982,0.2916,49.07,195.76,1520,1470,0,1,0,3,0,0,0,2,0.0,0,0,0,0,0,0,3,0.0002,0.00,0.00,0.00
47.5,12,601894,0.2917,48.60,196.13,1519,1433,0,2,0,3,0,0,0,2,0.0,0,0,0,0,0,0,3,0.0002,0.00,0.00,0.00
47.75,12,601849,0.2917,48.58,196.74,1506,1461,0,0,0,3,0,0,0,2,0.0,0,0,0,0,0,0,3,0.0003,0.00,0.00,0.00
48,12,601793,0.2917,48.55,196.71,1500,1446,1,2,0,5,0,0,0,2,0.0,0,0,0,0,0,0,4,0.0000,0.00,0.00,0.00
48.25,12,601743,0.2918,48.92,197.16,1543,1493,1,0,0,4,0,0,0,2,0.0,0,0,0,0,0,0,3,0.0001,0.75,1.68,5.00
48.5,12,601672,0.2918,48.69,197.49,1518,1447,2,0,0,3,0,0,0,2,0.0,0,0,0,0,0,0,3,0.0001,0.00,0.00,0.00
48.75,12,601605,0.2918,49.02,196.94,1531,1464,0,0,0,4,0,0,0,2,0.0,0,0,0,0,0,0,3,0.0002,0.00,0.00,0.00
49,12,601513,0.2919,48.65,196.31,1587,1495,0,0,0,4,0,0,0,2,0.0,0,0,0,0,0,0,3,0.0002,0.00,0.00,0.00
49.25,12,601453,0.2919,48.85,195.24,1527,1467,3,0,0,3,0,0,0,2,0.0,0,0,0,0,0,0,3,0.0003,0.00,0.00,0.00
49.5,12,601373,0.2920,48.57,195.61,1547,1470,0,3,0,4,0,0,0,2,0.0,0,0,0,0,0,0,4,0.0000,0.00,0.00,0.00
49.75,12,601281,0.2920,48.45,195.41,1548,1457,0,1,0,3,0,0,0,2,0.0,0,0,0,0,0,0,3,0.0001,0.00,0.00,0.00
50,12,601206,0.2920,47.75,195.61,1512,1437,0,0,0,3,0,0,0,2,0.0,0,0,0,0,0,0,3,0.0001,0.00,0.00,0.00
50.25,12,601149,0.2921,47.55,196.22,1461,1404,0,0,1,3,0,0,0,2,0.0,0,0,0,0,0,0,3,0.0001,1.01,2.49,5.33
50.5,12,601109,0.2921,46.52,195.92,1461,1424,0,3,3,3,0,0,0,2,0.0,0,0,0,0,0,0,3,0.0002,0.00,0.00,0.00
50.75,12,600962,0.2922,46.14,195.97,1526,1381,2,2,0,3,0,0,0,2,0.0,0,0,0,0,0,0,3,0.0002,0.00,0.00,0.00
51,12,600930,0.2922,45.54,196.24,1384,1356,4,4,0,3,0,0,0,2,0.0,0,0,0,0,0,0,3,0.0002,0.00,0.00,0.00
51.25,12,600873,0.2922,45.68,196.16,1451,1397,5,4,0,3,0,0,0,2,0.0,0,0,0,0,0,0,3,0.0003,0.00,0.00,0.00
51.5,12,600776,0.2923,45.24,195.74,1452,1361,2,6,0,5,0,0,0,2,0.0,0,0,0,0,0,0,4,0.0000,0.00,0.00,0.00
51.75,12,600719,0.2923,45.24,195.76,1386,1336,2,7,0,4,0,0,0,2,0.0,0,0,0,0,0,0,3,0.0000,0.00,0.00,0.00
52,12,600658,0.2923,44.49,195.33,1414,1360,2,7,0,3,0,0,0,2,0.0,0,0,0,0,0,0,3,0.0001,0.00,0.00,0.00
52.25,12,600608,0.2923,44.31,193.87,1361,1315,2,4,0,4,0,0,0,2,0.0,0,0,0,0,0,0,3,0.0001,0.92,2.40,10.76
52.5,12,600539,0.2924,43.93,193.68,1376,1315,1,8,0,5,0,0,0,2,0.0,0,0,0,0,0,0,3,0.0001,0.00,0.00,0.00
52.75,12,600365,0.2924,43.96,189.23,1456,1287,3,5,0,3,0,0,0,2,0.0,0,0,0,0,0,0,3,0.0002,0.00,0.00,0.00
53,12,600349,0.2924,43.32,187.89,1310,1304,2,10,0,3,0,0,0,2,0.0,0,0,0,0,0,0,3,0.0002,0.00,0.00,0.00
53.25,12,600315,0.2924,43.17,188.20,1309,1279,2,4,0,3,0,0,0,2,0.0,0,0,0,0,0,0,3,0.0002,0.00,0.00,0.00
53.5,12,600243,0.2925,42.80,189.94,1342,1277,1,7,0,4,0,0,0,2,0.0,0,0,0,0,0,0,3,0.0003,0.00,0.00,0.00
53.75,12,600119,0.2925,43.21,191.25,1349,1231,4,6,0,6,0,0,0,1,0.0,0,0,0,0,0,0,4,0.0000,0.00,0.00,0.00
54,12,600070,0.2926,42.74,192.61,1326,1284,5,7,0,3,0,0,0,1,0.0,0,0,0,0,0,0,3,0.0001,0.00,0.00,0.00
54.25,12,600001,0.2926,42.46,191.86,1334,1273,2,8,0,3,0,0,0,1,0.0,0,0,0,0,0,0,3,0.0001,1.15,2.09,6.39
54.5,12,599926,0.2926,41.77,192.72,1312,1245,1,8,0,3,0,0,0,1,0.0,0,0,0,0,0,0,3,0.0002,0.00,0.00,0.00
54.75,12,599888,0.2926,41.56,186.87,1264,1233,1,7,0,3,0,0,0,1,0.0,0,0,0,0,0,0,3,0.0002,0.00,0.00,0.00
55,12,599796,0.2927,40.94,187.50,1271,1185,2,6,0,3,0,0,0,1,0.0,0,0,0,0,0,0,3,0.0003,0.00,0.00,0.00
55.25,12,599809,0.2927,40.34,189.03,1193,1212,1,6,0,5,0,0,0,1,0.0,0,0,0,0,0,0,4,0.0000,0.00,0.00,0.00
55.5,12,599759,0.2927,39.75,189.97,1222,1175,2591,3,0,3,0,0,0,1,0.0,0,0,0,0,0,0,3,0.0001,0.00,0.00,0.00
55.75,12,599714,0.2927,39.07,191.04,1225,1182,0,2,0,3,0,0,0,1,0.0,0,0,0,0,0,0,3,0.0001,0.00,0.00,0.00
56,12,599713,0.2927,38.77,189.44,1207,1207,0,1,0,4,0,0,0,1,0.0,0,0,0,0,0,0,3,0.0002,0.00,0.00,0.00
56.25,12,599720,0.2927,38.51,190.81,1178,1188,1,3,0,3,0,0,0,1,0.0,0,0,0,0,0,0,3,0.0002,0.95,2.92,9.07
56.5,12,599662,0.2927,38.77,192.26,1252,1196,0,2,0,3,0,0,0,1,0.0,0,0,0,0,0,0,3,0.0003,0.00,0.00,0.00
56.75,12,599617,0.2928,38.67,193.41,1236,1191,1,0,0,4,0,0,0,1,0.0,0,0,0,0,0,0,4,0.0000,0.00,0.00,0.00
57,12,599595,0.2928,38.83,194.05,1205,1184,1,1,0,3,0,0,0,1,0.0,0,0,0,0,0,0,3,0.0001,0.00,0.00,0.00
57.25,12,599554,0.2928,38.92,194.99,1243,1205,0,3,0,3,0,0,0,1,0.0,0,0,0,0,0,0,3,0.0001,0.00,0.00,0.00
57.5,12,599526,0.2928,39.20,194.78,1206,1182,1,4,0,4,0,0,0,1,0.0,0,0,0,0,0,0,3,0.0002,0.00,0.00,0.00
57.75,12,599512,0.2928,39.55,191.70,1264,1250,0,0,0,5,0,0,0,1,0.0,0,0,0,0,0,0,3,0.0002,0.00,0.00,0.00
58,12,599440,0.2929,40.34,192.34,1298,1227,0,1,0,3,0,0,0,1,0.0,0,0,0,0,0,0,3,0.0002,0.00,0.00,0.00
58.25,12,599433,0.2929,40.60,189.53,1302,1298,0,3,0,3,0,0,0,1,0.0,0,0,0,0,0,0,3,0.0003,0.92,3.18,9.44
58.5,12,599407,0.2929,41.16,186.76,1308,1283,0,1,0,4,0,0,0,1,0.0,0,0,0,0,0,0,4,0.0000,0.00,0.00,0.00
58.75,12,599352,0.2929,41.36,181.97,1378,1325,1,2,0,3,0,0,0,1,0.0,0,0,0,0,0,0,3,0.0000,0.00,0.00,0.00
59,12,599326,0.2929,41.77,181.20,1369,1343,0,0,0,6,0,0,0,1,0.0,0,0,0,0,0,0,3,0.0001,0.00,0.00,0.00
59.25,12,599265,0.2930,41.73,169.71,1396,1337,0,2,0,4,0,0,0,1,0.0,0,0,0,0,0,1,3,0.0001,0.00,0.00,0.00
59.5,11,599237,0.2930,42.19,160.97,1332,1305,0,1,0,3,0,0,0,1,0.0,0,0,0,0,0,1,3,0.0001,0.00,0.00,0.00
59.75,11,599181,0.2930,42.32,157.25,1360,1305,0,1,0,4,0,0,0,1,0.0,0,0,0,0,0,0,3,0.0001,0.00,0.00,0.00
60,11,599116,0.2931,42.83,154.42,1339,1275,1,1,0,3,0,0,0,1,0.0,0,0,0,0,0,0,3,0.0002,0.00,0.00,0.00
60.25,11,599125,0.2931,43.07,158.24,1324,1335,0,2,0,4,0,0,0,1,0.0,0,0,0,0,0,0,3,0.0002,1.05,3.04,9.31
60.5,11,599097,0.2931,43.83,161.94,1353,1325,0,0,1,3,0,0,0,1,0.0,0,0,0,0,0,0,3,0.0002,0.00,0.00,0.00
60.75,11,599053,0.2931,44.08,164.52,1396,1354,1,2,0,3,0,0,0,1,0.0,0,0,0,0,0,0,3,0.0002,0.00,0.00,0.00
61,11,598984,0.2931,44.43,166.96,1383,1315,0,1,0,4,0,0,0,1,0.0,0,0,0,0,0,0,3,0.0002,0.00,0.00,0.00
61.25,11,598992,0.2931,44.47,169.70,1354,1364,0,2,0,3,0,0,0,1,0.0,0,0,0,0,0,0,3,0.0003,0.00,0.00,0.00
61.5,11,598887,0.2932,44.51,170.24,1442,1338,1,1,2,3,0,0,0,1,0.0,0,0,0,0,0,0,3,0.0003,0.00,0.00,0.00
61.75,11,598809,0.2932,44.12,169.24,1427,1350,0,1,1,3,0,0,0,1,0.0,0,0,0,0,0,0,3,0.0003,0.00,0.00,0.00
62,11,598820,0.2932,44.74,168.84,1341,1352,1,0,1,4,0,0,1,1,0.0,0,0,0,0,0,0,4,0.0000,0.00,0.00,0.00
62.25,11,598695,0.2933,45.01,166.98,1408,1283,2,0,5,3,0,0,0,1,0.0,0,0,0,0,0,0,3,0.0000,0.60,3.24,8.85
62.5,11,598648,0.2933,45.32,165.16,1376,1331,1,2,4,3,0,0,0,1,0.0,0,0,0,0,0,0,3,0.0000,0.00,0.00,0.00
62.75,11,598562,0.2933,45.40,162.62,1405,1324,4,5,1,4,0,0,0,1,0.0,0,0,0,0,0,0,3,0.0000,0.00,0.00,0.00
63,11,598474,0.2934,45.45,155.82,1417,1334,1,5,0,3,0,0,0,1,0.0,0,0,0,0,0,0,3,0.0000,0.00,0.00,0.00
63.25,11,598420,0.2934,45.23,156.70,1382,1333,3,5,0,6,0,0,0,1,0.0,0,0,0,0,0,0,3,0.0000,0.00,0.00,0.00
63.5,11,598324,0.2935,45.38,153.01,1416,1324,5,5,0,3,0,0,0,1,0.0,0,0,0,0,0,0,3,0.0000,0.00,0.00,0.00
63.75,11,598305,0.2935,44.97,156.47,1355,1341,1,5,0,3,0,0,0,0,0.0,0,0,0,0,0,0,3,0.0000,0.00,0.00,0.00
64,11,598231,0.2935,44.95,152.06,1363,1292,1,3,0,4,0,0,0,0,0.0,0,0,0,0,0,0,3,0.0000,0.00,0.00,0.00
64.25,11,598224,0.2935,44.75,155.89,1310,1309,0,6,1,3,0,0,0,0,0.0,0,0,0,0,0,0,3,0.0000,0.49,4.04,9.49
64.5,11,598148,0.2935,44.79,152.42,1378,1303,2,1,0,3,0,0,0,0,0.0,0,0,0,0,0,0,3,0.0000,0.00,0.00,0.00
64.75,11,598090,0.2936,44.61,156.30,1355,1302,2,5,0,4,0,0,0,0,0.0,0,0,0,0,0,0,3,0.0000,0.00,0.00,0.00
65,11,598007,0.2936,44.80,152.70,1357,1278,4,5,0,3,0,0,0,0,0.0,0,0,0,0,0,0,3,0.0000,0.00,0.00,0.00
65.25,11,597955,0.2936,44.66,157.22,1324,1281,4,9,0,3,0,0,0,0,0.0,0,0,0,0,0,0,3,0.0000,0.00,0.00,0.00
65.5,11,597895,0.2936,44.73,152.80,1347,1297,1,10,0,4,0,0,0,0,0.0,0,0,0,0,0,0,3,0.0000,0.00,0.00,0.00
65.75,11,597874,0.2936,44.29,157.00,1284,1274,2,11,0,5,0,0,0,0,0.0,0,0,0,0,0,0,3,0.0000,0.00,0.00,0.00
66,11,597784,0.2937,44.43,153.93,1344,1260,2,6,0,3,0,0,0,0,0.0,0,0,0,0,0,0,3,0.0001,0.00,0.00,0.00
66.25,11,597698,0.2937,44.08,158.20,1359,1278,0,5,0,3,0,0,0,0,0.0,0,0,0,0,0,0,3,0.0001,0.66,5.38,10.00
66.5,11,597657,0.2937,44.15,155.16,1282,1246,1,5,0,3,0,0,0,0,0.0,0,0,0,0,0,0,3,0.0001,0.00,0.00,0.00
66.75,11,597585,0.2938,44.22,159.83,1298,1232,0,6,0,4,0,0,0,0,0.0,0,0,0,0,0,0,3,0.0001,0.00,0.00,0.00
67,11,597594,0.2938,44.63,155.30,1267,1281,0,5,0,3,0,0,0,0,0.0,0,0,0,0,0,0,3,0.0001,0.00,0.00,0.00
67.25,11,597509,0.2938,44.74,159.76,1344,1266,0,7,0,3,0,0,0,0,0.0,0,0,0,0,0,0,3,0.0001,0.00,0.00,0.00
67.5,11,597433,0.2938,45.18,155.27,1346,1273,0,3,0,3,0,0,0,0,0.0,0,0,0,0,0,0,3,0.0001,0.00,0.00,0.00
67.75,11,597380,0.2938,44.85,158.97,1314,1269,0,8,0,3,0,0,0,0,0.0,0,0,0,0,0,0,3,0.0001,0.00,0.00,0.00
68,11,597287,0.2939,45.41,154.42,1306,1215,0,2,0,4,0,0,0,0,0.0,0,0,0,0,0,0,3,0.0001,0.00,0.00,0.00
68.25,11,597285,0.2939,44.96,158.84,1272,1276,0,6,0,3,0,0,0,0,0.0,0,0,0,0,0,0,3,0.0002,0.95,3.51,12.95
68.5,11,597178,0.2939,45.09,154.51,1358,1253,0,2,1,4,0,0,0,0,0.0,0,0,0,0,0,0,3,0.0002,0.00,0.00,0.00
68.75,11,597091,0.2940,44.67,158.77,1316,1229,1,0,0,3,0,0,0,0,0.0,0,0,0,0,0,0,3,0.0002,0.00,0.00,0.00
69,11,597051,0.2940,44.71,156.41,1266,1229,2,3,0,3,0,0,0,0,0.0,0,0,0,0,0,0,3,0.0002,0.00,0.00,0.00
69.25,11,597000,0.2940,43.64,158.23,1282,1235,10550,4,2,3,0,0,0,0,0.0,0,0,0,0,0,0,3,0.0002,0.00,0.00,0.00
69.5,11,596863,0.2941,43.55,159.39,1379,1247,2,6,0,4,0,0,0,0,0.0,0,0,0,0,0,0,3,0.0002,0.00,0.00,0.00
69.75,11,596832,0.2941,43.22,160.68,1360,1331,4,2,1,4,0,0,0,0,0.0,0,0,0,0,0,0,3,0.0002,0.00,0.00,0.00
70,11,596808,0.2941,43.30,161.37,1385,1367,1,6,1,3,0,0,0,0,0.0,0,0,0,0,0,0,3,0.0002,0.00,0.00,0.00
70.25,11,596756,0.2941,42.75,165.34,1346,1301,5,7,1,5,0,0,0,0,0.0,0,0,0,0,0,0,3,0.0003,1.07,3.45,19.02
70.5,11,596751,0.2941,42.58,168.80,1352,1353,2,6,0,3,0,0,0,0,0.0,0,0,0,0,0,0,3,0.0003,0.00,0.00,0.00
70.75,11,596696,0.2942,42.32,172.54,1416,1365,6,4,0,3,0,0,0,0,0.0,0,0,0,0,0,0,3,0.0003,0.00,0.00,0.00
71,11,596596,0.2942,42.64,174.07,1394,1304,4,10,5,6,0,0,0,0,0.0,0,0,0,0,0,0,4,0.0000,0.00,0.00,0.00
71.25,11,596518,0.2942,43.00,176.33,1431,1360,7,7,3,3,0,0,0,0,0.0,0,0,0,0,0,0,3,0.0000,0.00,0.00,0.00
71.5,11,596467,0.2942,43.83,179.34,1371,1327,7,9,3,3,0,0,0,0,0.0,0,0,0,0,0,0,3,0.0001,0.00,0.00,0.00
71.75,11,596409,0.2943,44.29,182.24,1363,1314,3,9,3,3,0,0,0,0,0.0,0,0,0,0,0,0,3,0.0001,0.00,0.00,0.00
72,11,596421,0.2942,45.35,184.15,1341,1364,4,11,4,4,0,0,0,0,0.0,0,0,0,0,0,0,3,0.0001,0.00,0.00,0.00
72.25,11,596391,0.2942,44.64,186.39,1375,1351,2,6,5,4,0,0,0,0,0.0,0,0,0,0,0,0,3,0.0002,0.68,4.79,11.79
72.5,11,596363,0.2942,44.30,188.18,1335,1313,1,6,7,4,0,0,0,0,0.0,0,0,0,0,0,0,3,0.0002,0.00,0.00,0.00
72.75,11,596383,0.2942,43.59,189.82,1308,1333,2,5,3,4,0,0,0,0,0.0,0,0,0,0,0,0,3,0.0002,0.00,0.00,0.00
73,11,596299,0.2943,43.95,191.17,1355,1277,4,6,3,3,0,0,0,0,0.0,0,0,0,0,0,0,3,0.0003,0.00,0.00,0.00
73.25,11,596257,0.2943,43.71,192.36,1381,1343,3,5,2,4,0,0,0,0,0.0,0,0,0,0,0,0,4,0.0000,0.00,0.00,0.00
73.5,11,596215,0.2943,43.97,193.16,1325,1294,4,11,1,3,0,0,0,0,0.0,0,0,0,0,0,0,3,0.0001,0.00,0.00,0.00
73.75,11,596122,0.2943,44.17,193.66,1402,1315,3,6,1,5,0,0,0,0,0.0,0,0,0,0,0,0,3,0.0001,0.00,0.00,0.00
74,11,595990,0.2944,44.23,194.04,1449,1328,2,11,0,3,0,0,0,0,0.0,0,0,0,0,0,0,3,0.0002,0.00,0.00,0.00
74.25,11,596019,0.2944,44.18,194.63,1354,1385,1,2,0,3,0,0,0,0,0.0,0,0,0,0,0,0,3,0.0002,1.08,3.37,14.06
74.5,11,595932,0.2944,44.92,195.08,1368,1285,0,4,0,5,0,0,0,0,0.0,0,0,0,0,0,0,3,0.0003,0.00,0.00,0.00
74.75,11,595896,0.2944,44.69,195.20,1377,1348,3,7,0,5,0,0,0,0,0.0,0,0,0,0,0,0,4,0.0000,0.00,0.00,0.00
75,11,595861,0.2944,44.75,195.40,1396,1362,0,1,0,3,0,0,0,0,0.0,0,0,0,0,0,0,3,0.0001,0.00,0.00,0.00
75.25,11,595809,0.2945,45.39,195.70,1412,1361,1,1,0,3,0,0,0,0,0.0,0,0,0,0,0,0,3,0.0001,0.00,0.00,0.00
75.5,11,595752,0.2945,45.46,195.19,1405,1350,2,3,0,3,0,0,0,0,0.0,0,0,0,0,0,0,3,0.0001,0.00,0.00,0.00
75.75,11,595666,0.2945,45.74,194.95,1427,1343,2,2,0,4,0,0,0,0,0.0,0,0,0,0,0,0,3,0.0002,0.00,0.00,0.00
76,11,595562,0.2946,46.39,195.21,1497,1398,3,5,0,4,0,0,0,0,0.0,0,0,0,0,0,0,3,0.0002,0.00,0.00,0.00
76.25,11,595571,0.2946,46.61,194.84,1396,1410,6,5,0,3,0,0,0,1,0.0,0,0,0,0,0,0,3,0.0003,1.29,9.81,13.69
76.5,11,595558,0.2946,46.88,194.76,1475,1466,5,5,1,4,0,0,0,1,0.0,0,0,0,0,0,0,4,0.0000,0.00,0.00,0.00
76.75,11,595428,0.2946,46.97,195.02,1486,1363,9,7,0,5,0,0,0,1,0.0,0,0,0,0,0,0,3,0.0001,0.00,0.00,0.00
77,11,595408,0.2946,47.48,195.25,1441,1436,4,15,0,3,0,0,0,1,0.0,0,0,0,0,0,0,3,0.0001,0.00,0.00,0.00
77.25,11,595345,0.2947,47.30,195.13,1453,1398,65,8,0,3,0,0,0,1,0.0,0,0,0,0,0,0,3,0.0001,0.00,0.00,0.00
77.5,11,595315,0.2947,47.47,194.43,1459,1433,0,4,0,5,0,0,0,1,0.0,0,0,0,0,0,0,3,0.0002,0.00,0.00,0.00
77.75,11,595227,0.2947,47.52,194.51,1457,1370,2,1,2,3,0,0,0,1,0.0,0,0,0,0,0,0,3,0.0002,0.00,0.00,0.00
78,11,595208,0.2947,47.53,193.77,1437,1426,2,8,0,4,0,0,0,1,0.0,0,0,0,0,0,0,3,0.0002,0.00,0.00,0.00
78.25,11,595223,0.2947,47.21,193.11,1380,1404,0,9,0,3,0,0,0,1,0.0,0,0,0,0,0,0,3,0.0003,1.71,13.36,33.40
78.5,11,595157,0.2947,46.85,192.72,1438,1377,4,5,0,4,0,0,0,1,0.0,0,0,0,0,0,0,4,0.0000,0.00,0.00,0.00
78.75,11,595029,0.2948,46.36,192.33,1447,1328,2,9,0,4,0,0,0,1,0.0,0,0,0,0,0,0,3,0.0001,0.00,0.00,0.00
79,11,594994,0.2948,46.18,192.05,1357,1328,1,6,0,4,0,0,0,1,0.0,0,0,0,0,0,0,3,0.0001,0.00,0.00,0.00
79.25,11,594966,0.2948,45.85,191.67,1303,1281,0,6,0,4,0,0,0,1,0.0,0,0,0,0,0,0,3,0.0002,0.00,0.00,0.00
79.5,11,594934,0.2948,45.28,191.13,1326,1300,3,6,0,5,0,0,0,1,0.0,0,0,0,0,0,0,3,0.0002,0.00,0.00,0.00
79.75,11,594903,0.2948,44.97,190.90,1323,1300,2,8,0,4,0,0,0,1,0.0,0,0,0,0,0,0,3,0.0003,0.00,0.00,0.00
80,11,594826,0.2949,44.54,190.82,1371,1299,2,5,0,5,0,0,0,1,0.0,0,0,0,0,0,0,4,0.0000,0.00,0.00,0.00
80.25,11,594723,0.2949,45.14,189.99,1347,1249,0,5,0,3,0,0,0,1,0.0,0,0,0,0,0,0,3,0.0001,1.35,3.24,7.19
80.5,11,594742,0.2949,44.57,189.76,1303,1332,0,10,0,3,0,0,0,1,0.0,0,0,0,0,0,0,3,0.0002,0.00,0.00,0.00
80.75,11,594669,0.2949,44.72,189.33,1324,1255,3,4,0,3,0,0,0,1,0.0,0,0,0,0,0,0,3,0.0002,0.00,0.00,0.00
81,11,594588,0.2950,45.01,188.58,1333,1258,1,6,0,3,0,0,0,1,0.0,0,0,0,0,0,0,3,0.0003,0.00,0.00,0.00
81.25,11,594567,0.2950,45.51,188.38,1339,1319,0,1,0,5,0,0,0,1,0.0,0,0,0,0,0,0,4,0.0000,0.00,0.00,0.00
81.5,11,594500,0.2950,45.53,188.68,1333,1270,0,4,0,4,0,0,0,1,0.0,0,0,0,0,0,0,3,0.0001,0.00,0.00,0.00
81.75,11,594485,0.2950,46.23,187.10,1309,1299,4,5,0,3,0,0,0,1,0.0,0,0,0,0,0,0,3,0.0001,0.00,0.00,0.00
82,11,594419,0.2951,45.84,186.50,1297,1234,3,3,0,4,0,0,0,1,0.0,0,0,0,0,0,0,3,0.0002,0.00,0.00,0.00
82.25,11,594397,0.2951,46.31,185.93,1344,1329,1,7,0,3,0,0,0,1,0.0,0,0,0,0,0,0,3,0.0003,0.80,1.87,6.54
82.5,11,594340,0.2951,45.51,185.71,1310,1257,3,4,0,4,0,0,0,1,0.0,0,0,0,0,0,0,4,0.0000,0.00,0.00,0.00
82.75,11,594278,0.2951,46.42,185.95,1362,1304,4,5,1,4,0,0,0,1,0.0,0,0,0,0,0,0,3,0.0001,0.00,0.00,0.00
83,11,594220,0.2952,45.41,184.58,1323,1272,1,7,0,5,0,0,0,1,0.0,0,0,0,0,0,0,3,0.0002,0.00,0.00,0.00
83.25,11,594165,0.2952,45.71,182.82,1325,1279,6,9,0,4,0,0,0,1,0.0,0,0,0,0,0,0,3,0.0002,0.00,0.00,0.00
83.5,11,594105,0.2952,45.28,182.05,1314,1260,0,6,0,4,0,0,0,1,0.0,0,0,0,0,0,0,3,0.0003,0.00,0.00,0.00
83.75,11,594072,0.2952,45.25,180.92,1293,1265,3,5,0,4,0,0,0,1,0.0,0,0,0,0,0,0,4,0.0001,0.00,0.00,0.00
84,11,593976,0.2953,44.62,179.67,1313,1220,1,3,0,4,0,0,0,1,0.0,0,0,0,0,0,0,3,0.0001,0.00,0.00,0.00
84.25,11,593915,0.2953,44.26,178.88,1326,1269,0,4,0,5,0,0,0,1,0.0,0,0,0,0,0,0,3,0.0002,0.78,3.33,4.84
84.5,11,593903,0.2953,44.01,177.91,1267,1263,2,8,0,3,0,0,0,1,0.0,0,0,0,0,0,0,3,0.0003,0.00,0.00,0.00
84.75,11,593848,0.2953,43.65,176.10,1329,1276,1,2,0,4,0,0,0,1,0.0,0,0,0,0,0,0,4,0.0000,0.00,0.00,0.00
85,11,593797,0.2954,43.35,174.88,1277,1234,1,8,0,4,0,0,0,1,0.0,0,0,0,0,0,0,3,0.0001,0.00,0.00,0.00
85.25,11,593793,0.2954,43.33,174.28,1242,1242,2,4,0,3,0,0,0,1,0.0,0,0,0,0,0,0,3,0.0002,0.00,0.00,0.00
85.5,11,593732,0.2954,43.03,174.24,1275,1218,0,4,0,5,0,0,0,1,0.0,0,0,0,0,0,0,3,0.0002,0.00,0.00,0.00
85.75,11,593673,0.2954,42.70,173.43,1289,1236,1,6,0,5,0,0,0,1,0.0,0,0,0,0,0,0,4,0.0000,0.00,0.00,0.00
86,11,593690,0.2954,42.64,173.06,1224,1244,0,3,0,3,0,0,0,1,0.0,0,0,0,0,0,0,3,0.0001,0.00,0.00,0.00
86.25,11,593642,0.2954,42.26,171.76,1266,1222,2,4,0,3,0,0,0,1,0.0,0,0,0,0,0,0,3,0.0001,1.05,3.07,8.99
86.5,11,593617,0.2954,42.03,171.29,1280,1260,0,5,0,3,0,0,0,1,0.0,0,0,0,0,0,0,3,0.0002,0.00,0.00,0.00
86.75,11,593593,0.2954,41.54,171.19,1256,1235,0,3,0,3,0,0,0,1,0.0,0,0,0,0,0,0,3,0.0003,0.00,0.00,0.00
87,11,593596,0.2954,41.46,170.74,1229,1236,1,4,0,5,0,0,0,1,0.0,0,0,0,0,0,0,4,0.0001,0.00,0.00,0.00
87.25,11,593567,0.2955,41.01,169.76,1221,1196,1,4,0,3,0,0,0,1,0.0,0,0,0,0,0,0,3,0.0001,0.00,0.00,0.00
87.5,11,593556,0.2955,40.69,170.09,1212,1206,2,5,0,5,0,0,1,1,0.0,0,0,0,0,0,0,3,0.0002,0.00,0.00,0.00
87.75,11,593516,0.2955,40.31,169.60,1239,1201,0,2,0,6,0,0,0,1,0.0,0,0,0,0,0,0,3,0.0003,0.00,0.00,0.00
88,11,593519,0.2955,39.94,169.26,1214,1220,1,3,0,5,0,0,0,1,0.0,0,0,0,0,0,0,4,0.0000,0.00,0.00,0.00
88.25,11,593529,0.2955,39.70,168.95,1129,1145,2,6,0,4,0,0,0,1,0.0,0,0,0,0,0,0,3,0.0001,1.72,4.45,27.90
88.5,11,593455,0.2955,39.30,168.91,1258,1191,0,7,0,4,0,0,0,1,0.0,0,0,0,0,0,0,3,0.0002,0.00,0.00,0.00
88.75,11,593399,0.2955,38.92,168.95,1208,1156,1,4,0,3,0,0,0,1,0.0,0,0,0,0,0,0,3,0.0003,0.00,0.00,0.00
89,11,593379,0.2956,38.75,168.95,1218,1202,1,4,0,4,0,0,0,1,0.0,0,0,0,0,0,0,4,0.0000,0.00,0.00,0.00
89.25,11,593356,0.2956,38.41,168.27,1171,1153,24553,5,0,4,0,0,0,1,0.0,0,0,0,0,0,0,3,0.0001,0.00,0.00,0.00
89.5,11,593232,0.2956,37.82,167.87,1263,1141,1,2,0,3,0,0,0,1,0.0,0,0,0,0,0,0,3,0.0002,0.00,0.00,0.00
89.75,11,593029,0.2957,37.46,167.79,1377,1180,0,6,0,5,0,0,0,1,0.0,0,0,0,0,0,0,3,0.0003,0.00,0.00,0.00
90,11,593036,0.2957,36.93,166.50,1293,1309,1,9,0,4,0,0,0,1,0.0,0,0,0,0,0,0,4,0.0000,0.00,0.00,0.00
90.25,11,593013,0.2957,36.57,166.60,1383,1364,5,4,0,5,0,0,0,1,0.0,0,0,0,0,0,0,3,0.0001,0.80,4.74,6.18
90.5,11,592994,0.2957,36.10,167.02,1357,1345,3,8,0,3,0,0,0,1,0.0,0,0,0,0,0,0,3,0.0002,0.00,0.00,0.00
90.75,11,592935,0.2957,35.95,167.91,1422,1377,1,14,0,6,0,0,0,1,0.0,0,0,0,0,0,0,4,0.0000,0.00,0.00,0.00
91,11,592870,0.2958,36.05,167.69,1445,1393,1,13,0,3,0,0,0,1,0.0,0,0,0,0,0,0,3,0.0001,0.00,0.00,0.00
91.25,11,592855,0.2958,36.04,167.61,1414,1411,0,12,0,5,0,0,0,1,0.0,0,0,0,0,0,0,3,0.0002,0.00,0.00,0.00
91.5,11,592815,0.2958,36.32,167.97,1447,1415,0,8,0,6,0,0,0,1,0.0,0,0,0,0,0,0,4,0.0000,0.00,0.00,0.00
91.75,11,592704,0.2958,36.09,168.16,1500,1398,1,9,0,5,0,0,0,1,0.0,0,0,0,0,0,0,3,0.0001,0.00,0.00,0.00
92,11,592633,0.2958,35.84,171.62,1496,1438,1,13,0,4,0,0,0,1,0.0,0,0,0,0,0,0,3,0.0002,0.00,0.00,0.00
92.25,11,592518,0.2959,36.06,175.90,1476,1375,4,14,0,7,0,0,0,1,0.0,0,0,0,0,0,0,4,0.0000,0.29,1.06,8.16
92.5,11,592437,0.2959,36.16,179.51,1500,1435,2,16,0,4,0,0,0,1,0.0,0,0,0,0,0,0,3,0.0001,0.00,0.00,0.00
92.75,11,592372,0.2959,35.89,173.84,1454,1404,2,15,0,5,0,0,0,1,0.0,0,0,0,0,0,0,3,0.0003,0.00,0.00,0.00
93,11,592243,0.2960,35.46,168.89,1464,1354,5,19,0,5,0,0,0,1,0.0,0,0,0,0,0,0,4,0.0001,0.00,0.00,0.00
93.25,11,592203,0.2960,35.32,167.84,1445,1418,2,13,0,3,0,0,0,1,0.0,0,0,0,0,0,0,3,0.0002,0.00,0.00,0.00
93.5,11,592051,0.2960,34.65,169.25,1479,1346,5,19,0,5,0,0,0,1,0.0,0,0,0,0,0,0,4,0.0000,0.00,0.00,0.00
93.75,11,591990,0.2960,34.72,170.89,1382,1331,0,10,0,7,0,0,0,1,0.0,0,0,0,0,0,0,3,0.0001,0.00,0.00,0.00
94,11,591892,0.2961,34.40,174.05,1411,1323,3,10,0,4,0,0,0,1,0.0,0,0,0,0,0,0,3,0.0003,0.00,0.00,0.00
94.25,11,591824,0.2961,34.93,176.31,1378,1316,23746,6,0,7,0,0,2,1,0.0,0,0,0,0,0,0,4,0.0001,1.02,2.67,6.21
94.5,11,591531,0.2963,35.28,178.49,1558,1268,0,3,0,4,0,0,0,1,0.0,0,0,0,0,0,0,3,0.0002,0.00,0.00,0.00
94.75,11,591448,0.2963,36.45,180.88,1422,1340,1,1,0,4,0,0,0,1,0.0,0,0,0,0,0,0,4,0.0001,0.00,0.00,0.00
95,11,591430,0.2963,36.44,181.90,1439,1421,2,0,0,5,0,0,0,1,0.0,0,0,0,0,0,0,3,0.0002,0.00,0.00,0.00
95.25,11,591332,0.2964,37.81,184.63,1531,1434,3,1,0,6,0,0,0,1,0.0,0,0,0,0,0,0,3,0.0003,0.00,0.00,0.00
95.5,11,591272,0.2964,38.08,186.85,1554,1497,0,3,0,4,0,0,0,1,0.0,0,0,0,0,0,0,4,0.0001,0.00,0.00,0.00
95.75,11,591220,0.2964,39.34,188.85,1538,1491,1,5,1,4,0,0,0,1,0.0,0,0,0,0,0,0,3,0.0002,0.00,0.00,0.00
96,11,591146,0.2965,39.79,190.49,1636,1566,0,4,0,4,0,0,0,1,0.0,0,0,0,0,0,0,4,0.0000,0.00,0.00,0.00
96.25,11,591091,0.2965,40.75,191.98,1606,1552,1,1,0,4,0,0,0,1,0.0,0,0,0,0,0,0,3,0.0002,0.78,2.83,5.59
96.5,11,591014,0.2966,41.29,193.06,1661,1588,2,4,0,5,0,0,0,1,0.0,0,0,0,0,0,0,3,0.0003,0.00,0.00,0.00
96.75,11,590991,0.2966,41.68,194.12,1656,1636,1,3,0,8,0,0,0,1,0.0,0,0,0,0,0,0,4,0.0001,0.00,0.00,0.00
97,11,590928,0.2966,42.10,195.04,1659,1598,0,2,0,4,0,0,0,1,0.0,0,0,0,0,0,0,3,0.0002,0.00,0.00,0.00
97.25,11,590852,0.2967,41.92,195.76,1678,1603,1,1,0,3,0,0,0,1,0.0,0,0,0,0,0,0,3,0.0003,0.00,0.00,0.00
97.5,11,590739,0.2967,41.97,196.36,1730,1619,0,2,1,7,0,0,0,1,0.0,0,0,0,0,0,0,4,0.0001,0.00,0.00,0.00
97.75,11,590667,0.2968,41.84,196.88,1702,1635,0,5,0,4,0,0,0,1,0.0,0,0,0,0,0,0,3,0.0002,0.00,0.00,0.00
98,11,590618,0.2968,42.07,197.22,1684,1637,3,2,0,5,0,0,0,1,0.0,0,0,0,0,0,0,4,0.0000,0.00,0.00,0.00
98.25,11,590537,0.2968,42.16,197.44,1735,1657,1,3,0,4,0,0,0,1,0.0,0,0,0,0,0,0,3,0.0001,0.76,2.81,8.21
98.5,11,590505,0.2969,42.17,197.81,1655,1624,0,1,1,3,0,0,0,1,0.0,0,0,0,0,0,0,3,0.0002,0.00,0.00,0.00
98.75,11,590450,0.2969,42.17,198.13,1668,1614,0,1,0,5,0,0,0,1,0.0,0,0,0,0,0,0,4,0.0000,0.00,0.00,0.00
99,11,590337,0.2969,42.32,198.36,1704,1594,0,3,0,3,0,0,0,1,0.0,0,0,0,0,0,0,3,0.0001,0.00,0.00,0.00
99.25,11,590325,0.2970,42.35,198.41,1645,1635,1,2,0,4,0,0,0,1,0.0,0,0,0,0,0,0,3,0.0002,0.00,0.00,0.00
99.5,11,590179,0.2970,42.58,198.50,1745,1601,2,2,0,5,0,0,0,1,0.0,0,0,0,0,0,0,4,0.0000,0.00,0.00,0.00
99.75,12,590086,0.2971,42.97,198.70,1736,1644,0,1,1,3,1,0,0,0,0.0,0,0,0,0,0,0,3,0.0001,0.00,0.00,0.00
100,12,590046,0.2971,43.26,198.61,1679,1642,0,3,4,3,0,0,7,0,0.0,0,0,0,0,0,0,3,0.0002,0.00,0.00,0.00
100.25,12,590005,0.2971,43.95,198.74,1662,1624,3,3,7,4,0,0,0,0,0.0,0,0,0,0,0,0,3,0.0003,1.70,5.00,11.45
100.5,12,589841,0.2972,44.08,198.53,1793,1634,0,5,9,5,0,0,0,0,0.0,0,0,0,0,0,0,4,0.0001,0.00,0.00,0.00
100.75,12,589735,0.2972,44.81,198.71,1775,1672,3,4,5,4,0,0,0,0,0.0,0,0,0,0,0,0,3,0.0001,0.00,0.00,0.00
101,12,589682,0.2972,44.84,198.59,1754,1706,5,6,4,4,0,0,1,0,0.0,0,0,0,0,0,0,3,0.0002,0.00,0.00,0.00
101.25,12,589657,0.2972,44.57,198.56,1798,1781,14,9,1,4,0,0,0,0,0.0,0,0,0,0,0,0,4,0.0000,0.00,0.00,0.00
101.5,12,589503,0.2973,44.25,198.50,1833,1678,37,13,0,5,0,0,0,0,0.0,0,0,0,0,0,0,3,0.0001,0.00,0.00,0.00
101.75,12,589464,0.2973,49.49,198.59,1693,1658,24416,7,2,5,0,0,0,0,0.0,0,0,0,0,0,0,3,0.0002,0.00,0.00,0.00
102,12,589352,0.2974,47.92,198.59,1984,1876,15,5,0,3,0,0,0,0,0.0,0,0,0,0,0,0,3,0.0003,0.00,0.00,0.00
102.25,12,589270,0.2974,46.42,198.25,1984,1929,13,27,0,4,0,0,0,1,0.0,0,0,0,0,0,0,4,0.0001,2.72,6.60,10.62
102.5,12,589209,0.2974,45.20,198.22,1919,1881,10,23,0,3,0,0,0,0,0.0,0,0,0,0,0,0,3,0.0002,0.00,0.00,0.00
102.75,12,589144,0.2974,43.93,197.86,1870,1817,10,12,1,4,0,0,0,0,0.0,0,0,0,0,0,0,3,0.0003,0.00,0.00,0.00
103,12,589063,0.2974,44.14,197.84,1866,1806,4,21,0,5,0,0,0,0,0.0,0,0,0,0,0,0,4,0.0001,0.00,0.00,0.00
103.25,12,589090,0.2974,44.21,197.41,1868,1896,1,1,0,3,0,0,0,0,0.0,0,0,0,0,0,0,3,0.0002,0.00,0.00,0.00
103.5,12,588989,0.2974,44.75,197.51,1873,1787,2,15,2,5,0,0,0,0,0.0,0,0,0,0,0,0,4,0.0000,0.00,0.00,0.00
103.75,12,589077,0.2974,45.00,197.50,1816,1912,2,8,3,5,0,0,0,0,0.0,0,0,0,0,0,0,3,0.0001,0.00,0.00,0.00
104,12,589101,0.2974,45.67,197.41,1873,1901,4,4,2,5,0,0,0,0,0.0,0,0,0,0,0,0,3,0.0002,0.00,0.00,0.00
104.25,12,589097,0.2974,45.82,197.08,1899,1905,4,10,0,4,0,0,0,0,0.0,0,0,0,0,0,0,4,0.0001,0.67,8.01,12.87
104.5,12,589143,0.2973,46.21,197.11,1820,1879,5,13,0,4,0,0,0,0,0.0,0,0,0,0,0,0,3,0.0002,0.00,0.00,0.00
104.75,12,589087,0.2973,46.04,197.34,1953,1912,8,15,0,5,0,0,0,0,0.0,0,0,0,0,0,0,4,0.0000,0.00,0.00,0.00
105,12,589102,0.2973,46.28,197.35,1916,1947,9,17,2,4,0,0,0,0,0.0,0,0,0,0,0,0,3,0.0001,0.00,0.00,0.00
105.25,12,589094,0.2973,44.71,197.50,1919,1931,2,20,0,4,0,0,0,0,0.0,0,0,0,0,0,0,3,0.0003,0.00,0.00,0.00
105.5,12,589054,0.2973,44.45,197.40,1929,1917,2,28,1,5,0,0,0,0,0.0,0,0,0,0,0,0,4,0.0001,0.00,0.00,0.00
105.75,12,589001,0.2973,42.67,197.71,1958,1921,2,16,1,7,0,0,0,0,0.0,0,0,0,0,0,0,3,0.0002,0.00,0.00,0.00
106,12,588977,0.2972,42.33,197.68,1930,1933,9,27,1,4,0,0,0,0,0.0,0,0,0,0,0,0,4,0.0001,0.00,0.00,0.00
106.25,12,588893,0.2973,40.27,197.61,1924,1858,4,18,0,3,0,0,0,0,0.0,0,0,0,0,0,0,3,0.0003,1.46,4.92,11.03
106.5,12,588811,0.2973,41.47,197.78,1848,1789,8,23,0,4,0,0,0,0,0.0,0,0,0,0,0,0,4,0.0002,0.00,0.00,0.00
106.75,12,588672,0.2973,38.77,198.11,1833,1703,10,10,1,5,0,0,0,0,0.0,0,0,0,0,0,0,4,0.0001,0.00,0.00,0.00
107,12,588730,0.2973,38.58,198.29,1695,1778,6,25,4,5,0,0,0,0,0.0,0,0,0,0,0,0,3,0.0003,0.00,0.00,0.00
107.25,12,588720,0.2972,36.15,198.13,1676,1680,7,14,6,5,0,0,0,0,0.0,0,0,0,0,0,0,4,0.0002,0.00,0.00,0.00
107.5,12,588622,0.2973,36.55,197.67,1710,1638,7,26,1,6,0,0,0,0,0.0,0,0,0,0,0,0,4,0.0001,0.00,0.00,0.00
107.75,12,588684,0.2972,33.47,197.69,1578,1653,0,13,5,5,0,0,0,0,0.0,0,0,0,0,0,0,4,0.0000,0.00,0.00,0.00
108,12,588628,0.2972,34.75,197.57,1595,1555,5,16,0,5,0,0,0,0,0.0,0,0,0,0,0,0,3,0.0003,0.00,0.00,0.00
108.25,12,588670,0.2972,33.43,197.77,1568,1615,2,5,1,5,0,0,0,0,0.0,0,0,0,0,0,0,4,0.0002,1.40,3.60,7.82
108.5,12,588748,0.2971,33.05,197.20,1532,1624,5,14,2,4,0,0,0,0,0.0,0,0,0,0,0,0,4,0.0002,0.00,0.00,0.00
108.75,12,588752,0.2971,31.33,197.35,1465,1471,0,2,2,5,0,0,0,0,0.0,0,0,0,0,0,0,4,0.0001,0.00,0.00,0.00
109,12,588839,0.2971,32.08,196.33,1420,1518,5,11,0,4,0,0,0,0,0.0,0,0,0,0,0,0,4,0.0001,0.00,0.00,0.00
109.25,12,588824,0.2971,31.14,196.82,1467,1457,4,5,2,4,0,0,0,0,0.0,0,0,0,0,0,0,4,0.0000,0.00,0.00,0.00
109.5,12,588803,0.2971,31.43,196.21,1495,1481,2,7,2,3,0,0,0,0,0.0,0,0,0,0,0,0,3,0.0003,0.00,0.00,0.00
109.75,12,588901,0.2970,31.36,196.59,1371,1477,2,8,1,4,0,0,0,0,0.0,0,0,0,0,0,0,4,0.0002,0.00,0.00,0.00
110,12,588914,0.2970,30.61,196.46,1389,1414,0,12,0,5,0,0,0,0,0.0,0,0,0,0,0,0,4,0.0002,0.00,0.00,0.00
110.25,12,588931,0.2970,30.84,196.11,1346,1371,0,8,1,4,0,0,0,0,2.0,0,0,0,0,0,0,4,0.0001,0.40,1.37,5.22
110.5,12,588883,0.2970,29.86,195.10,1478,1443,1,13,0,5,0,0,0,0,2.0,0,0,0,0,0,0,4,0.0001,0.00,0.00,0.00
110.75,12,588911,0.2970,30.77,195.23,1392,1425,2,5,7,5,0,0,0,0,2.0,0,0,0,0,0,0,4,0.0000,0.00,0.00,0.00
111,12,588980,0.2969,29.04,194.85,1328,1407,1,10,0,3,0,0,0,0,2.0,0,0,0,0,0,0,3,0.0003,0.00,0.00,0.00
111.25,12,589059,0.2969,29.89,195.50,1327,1413,2,7,0,4,0,0,0,0,2.0,0,0,0,0,0,0,4,0.0002,0.00,0.00,0.00
111.5,12,589061,0.2969,28.49,195.77,1363,1371,2,6,0,6,0,0,0,0,2.0,0,0,0,0,0,0,4,0.0002,0.00,0.00,0.00
111.75,12,589121,0.2969,29.30,196.27,1317,1380,2,3,0,5,0,0,0,0,2.0,0,0,0,0,0,0,4,0.0002,0.00,0.00,0.00
112,12,589147,0.2968,28.40,195.27,1336,1371,2,9,0,5,0,0,0,0,2.0,0,0,0,0,0,0,4,0.0001,0.00,0.00,0.00
112.25,12,589244,0.2968,28.37,195.87,1289,1390,2,4,0,7,0,0,0,0,2.0,0,0,0,0,0,0,4,0.0001,0.85,3.51,10.32
112.5,12,589281,0.2968,28.35,195.99,1316,1358,0,5,0,5,0,0,0,0,2.0,0,0,0,0,0,0,4,0.0000,0.00,0.00,0.00
112.75,12,589347,0.2967,28.53,196.32,1301,1374,2,7,1,5,0,0,0,0,2.0,0,0,0,0,0,0,3,0.0003,0.00,0.00,0.00
113,12,589423,0.2967,28.27,196.33,1278,1362,1,8,0,5,0,0,0,0,2.0,0,0,0,0,0,0,4,0.0002,0.00,0.00,0.00
113.25,12,589550,0.2966,28.39,196.72,1238,1367,2,2,0,6,0,0,0,0,2.0,0,0,0,0,0,0,4,0.0002,0.00,0.00,0.00
113.5,12,589616,0.2966,28.80,197.05,1241,1311,1,4,0,5,0,0,0,0,2.0,0,0,0,0,0,0,4,0.0002,0.00,0.00,0.00
113.75,12,589667,0.2966,29.51,197.12,1239,1296,0,6,0,5,0,0,0,0,2.0,0,0,0,0,0,0,4,0.0001,0.00,0.00,0.00
114,12,589675,0.2966,29.78,197.41,1280,1291,0,3,0,5,0,0,0,0,2.0,0,0,0,0,0,0,4,0.0001,0.00,0.00,0.00
114.25,12,589725,0.2966,30.44,197.68,1306,1361,1,5,0,7,0,0,0,0,2.0,0,0,0,0,0,0,4,0.0000,0.49,1.93,10.62
114.5,12,589778,0.2965,29.98,197.65,1256,1315,0,6,0,4,0,0,0,0,2.0,0,0,0,0,0,0,3,0.0003,0.00,0.00,0.00
114.75,12,589789,0.2965,30.76,198.01,1299,1312,1,2,0,6,0,0,0,0,2.0,0,0,0,0,0,0,4,0.0002,0.00,0.00,0.00
115,12,589877,0.2965,30.66,198.19,1311,1402,2,3,0,5,0,0,0,0,2.0,0,0,0,0,0,0,4,0.0002,0.00,0.00,0.00
115.25,12,589901,0.2965,31.33,198.20,1262,1293,2,7,0,6,0,0,0,0,2.0,0,0,0,0,0,0,4,0.0001,0.00,0.00,0.00
115.5,12,589990,0.2964,32.05,198.27,1287,1385,1,9,0,4,0,0,0,0,2.0,0,0,0,0,0,0,4,0.0001,0.00,0.00,0.00
115.75,12,590016,0.2964,32.68,198.34,1290,1318,0,2,0,5,0,0,0,0,2.0,0,0,0,0,0,0,4,0.0001,0.00,0.00,0.00
116,12,590071,0.2964,32.23,198.40,1309,1367,2,3,1,4,0,0,0,0,2.0,0,0,0,0,0,0,4,0.0000,0.00,0.00,0.00
116.25,12,590157,0.2963,33.08,198.28,1281,1374,0,7,0,3,0,0,0,0,2.0,0,0,0,0,0,0,3,0.0003,0.60,5.37,9.00
116.5,12,590150,0.2963,33.42,198.33,1348,1346,0,5,0,4,0,0,0,0,2.0,0,0,0,0,0,0,4,0.0002,0.00,0.00,0.00
116.75,12,590185,0.2963,33.35,198.35,1301,1340,1,4,0,6,0,0,0,0,2.0,0,0,0,0,0,0,4,0.0002,0.00,0.00,0.00
117,12,590197,0.2963,33.46,198.38,1266,1282,2,4,0,4,0,0,0,0,2.0,0,0,0,0,0,0,4,0.0001,0.00,0.00,0.00
117.25,12,590175,0.2963,33.49,198.24,1290,1272,5,4,0,4,0,0,0,0,2.0,0,0,0,0,0,0,4,0.0001,0.00,0.00,0.00
117.5,12,590184,0.2963,32.62,198.01,1256,1272,5,7,0,4,0,0,0,0,2.0,0,0,0,0,0,0,4,0.0001,0.00,0.00,0.00
117.75,12,590228,0.2963,32.04,198.09,1204,1251,1393,3,0,4,0,0,0,0,2.0,0,0,0,0,0,0,4,0.0000,0.00,0.00,0.00
118,12,590242,0.2963,31.06,198.36,1229,1251,5,8,0,5,0,0,0,0,2.0,0,0,0,0,0,0,3,0.0003,0.00,0.00,0.00
118.25,12,590245,0.2963,30.90,198.55,1216,1227,10,9,0,4,0,0,0,0,2.0,0,0,0,0,0,0,4,0.0003,1.28,7.70,15.45
118.5,12,590284,0.2963,30.59,198.45,1213,1260,6,8,0,7,0,0,0,0,2.0,0,0,0,0,0,0,4,0.0002,0.00,0.00,0.00
118.75,12,590305,0.2962,30.85,198.10,1223,1253,2,9,1,6,0,0,0,0,2.0,0,0,0,0,0,0,4,0.0002,0.00,0.00,0.00
119,12,590320,0.2962,30.95,198.18,1263,1289,2,11,0,4,0,0,0,0,2.0,0,0,0,0,0,0,4,0.0001,0.00,0.00,0.00
119.25,12,590425,0.2962,31.49,197.95,1256,1363,3,2,0,6,0,0,0,0,2.0,0,0,0,0,0,0,4,0.0001,0.00,0.00,0.00
119.5,12,590453,0.2961,31.20,198.06,1266,1309,1,15,0,6,0,0,0,0,2.0,0,0,0,0,0,0,4,0.0001,0.00,0.00,0.00
119.75,12,590431,0.2962,31.23,198.18,1329,1314,2,7,0,5,0,0,0,0,2.0,0,0,0,0,0,0,4,0.0001,0.00,0.00,0.00
120,12,590452,0.2961,31.37,197.56,1339,1363,6,3,0,4,0,0,0,0,2.0,0,0,0,0,0,0,4,0.0000,0.00,0.00,0.00
120.25,12,590421,0.2962,31.70,197.31,1356,1336,4,11,0,5,0,0,0,0,-47.6,0,0,0,0,0,0,4,0.0000,0.76,4.31,9.27
120.5,12,590415,0.2962,31.71,197.28,1354,1353,1,5,0,5,0,0,0,0,-47.6,0,0,0,0,0,0,4,0.0000,0.00,0.00,0.00
120.75,12,590448,0.2961,31.87,197.62,1334,1375,2,8,0,5,0,0,0,0,-47.6,0,0,0,0,0,0,4,0.0000,0.00,0.00,0.00
121,12,590379,0.2962,31.70,197.49,1401,1345,5,13,0,6,0,0,0,0,-47.6,0,0,0,0,0,0,4,0.0000,0.00,0.00,0.00
121.25,12,590406,0.2962,31.72,197.10,1318,1348,2,3,0,4,0,0,0,0,-47.6,0,0,0,0,0,0,4,0.0000,0.00,0.00,0.00
121.5,12,590434,0.2961,31.42,197.14,1303,1346,1,15,0,5,0,0,0,0,-47.6,0,0,0,0,0,0,4,0.0000,0.00,0.00,0.00
121.75,12,590439,0.2961,31.33,197.32,1320,1334,1602,9,1,5,0,0,0,0,-47.6,0,0,0,0,0,0,4,0.0000,0.00,0.00,0.00
122,12,590381,0.2961,31.47,197.17,1351,1299,3,6,0,4,0,0,0,0,-47.6,0,0,0,0,0,0,4,0.0000,0.00,0.00,0.00
122.25,12,590364,0.2961,32.04,197.54,1314,1306,0,9,0,6,0,0,0,0,-47.6,0,0,0,0,0,0,4,0.0000,0.80,3.00,15.37
122.5,12,590411,0.2961,32.45,197.42,1297,1347,1,3,0,5,0,0,1,0,-47.6,0,0,0,0,0,0,4,0.0001,0.00,0.00,0.00
122.75,12,590399,0.2961,33.34,197.81,1297,1293,0,8,1,4,0,0,0,0,-47.6,0,0,0,0,0,0,4,0.0001,0.00,0.00,0.00
123,12,590407,0.2961,33.93,197.99,1291,1306,1,7,5,5,0,0,0,0,-47.6,0,0,0,0,0,0,4,0.0001,0.00,0.00,0.00
123.25,12,590449,0.2961,34.79,198.18,1268,1313,1,3,2,5,0,0,0,0,-47.6,0,0,0,0,0,0,4,0.0001,0.00,0.00,0.00
123.5,12,590431,0.2961,35.29,197.99,1348,1334,0,4,8,4,0,0,0,0,-47.6,0,0,0,0,0,0,4,0.0001,0.00,0.00,0.00
123.75,12,590541,0.2960,35.98,198.11,1288,1400,1,2,2,5,0,0,0,0,-47.6,0,0,0,0,0,0,4,0.0001,0.00,0.00,0.00
124,12,590599,0.2960,36.24,198.25,1300,1364,0,6,11,4,0,0,1,0,-47.6,0,0,0,0,0,0,4,0.0002,0.00,0.00,0.00
124.25,12,590569,0.2960,36.67,198.23,1353,1323,4,0,4,5,0,0,0,0,-47.6,0,0,0,0,0,0,4,0.0002,1.03,2.44,11.32
124.5,12,590623,0.2960,36.89,198.23,1296,1355,2,5,11,4,0,0,0,0,-47.6,0,0,0,0,0,0,4,0.0002,0.00,0.00,0.00
124.75,12,590644,0.2959,37.50,198.05,1324,1347,0,2,7,6,0,0,0,0,-47.6,0,0,0,0,0,0,4,0.0002,0.00,0.00,0.00
125,12,590635,0.2959,37.75,197.78,1297,1293,1,5,14,6,0,0,0,0,-47.6,0,0,0,0,0,0,4,0.0002,0.00,0.00,0.00
125.25,12,590721,0.2959,38.40,197.66,1284,1370,0,0,9,5,0,0,0,0,-47.6,0,0,0,0,0,0,4,0.0002,0.00,0.00,0.00
125.5,12,590745,0.2959,38.69,196.67,1279,1308,0,5,12,7,0,0,0,0,-47.6,0,0,0,0,0,0,4,0.0002,0.00,0.00,0.00
125.75,12,590759,0.2958,39.48,196.69,1290,1308,0,4,10,5,0,0,0,0,-47.6,0,0,0,0,0,0,4,0.0002,0.00,0.00,0.00
126,12,590694,0.2959,39.88,196.35,1334,1271,0,2,10,5,0,0,0,0,-47.6,0,0,0,0,0,0,4,0.0002,0.00,0.00,0.00
126.25,12,590704,0.2958,40.48,196.36,1218,1230,1,2,11,4,0,0,0,0,-47.6,0,0,0,0,0,0,4,0.0002,1.15,2.39,11.31
126.5,12,590729,0.2958,41.17,196.08,1260,1286,0,1,7,5,0,0,0,0,-47.6,0,0,0,0,0,0,4,0.0002,0.00,0.00,0.00
126.75,12,590736,0.2958,41.83,195.77,1254,1262,1,1,13,6,0,0,0,0,-47.6,0,0,0,0,0,0,4,0.0002,0.00,0.00,0.00
127,12,590770,0.2958,42.22,195.56,1216,1253,1,3,7,5,0,0,0,0,-47.6,0,0,0,0,0,0,4,0.0002,0.00,0.00,0.00
127.25,12,590793,0.2958,42.64,195.57,1252,1278,0,3,10,5,0,0,0,0,-47.6,0,0,0,0,0,0,4,0.0002,0.00,0.00,0.00
127.5,12,590795,0.2957,42.84,195.69,1233,1239,0,4,11,4,0,0,0,0,-47.6,0,0,0,0,0,0,4,0.0002,0.00,0.00,0.00
127.75,12,590791,0.2957,43.36,195.68,1231,1230,0,3,6,4,0,0,0,0,-47.6,0,0,0,0,0,0,4,0.0001,0.00,0.00,0.00
128,12,590826,0.2957,43.83,195.52,1249,1287,0,3,9,6,0,0,0,0,-47.6,0,0,0,0,0,0,4,0.0001,0.00,0.00,0.00
128.25,12,590807,0.2957,44.50,195.59,1288,1271,1,2,10,6,0,0,0,0,-47.6,0,0,0,0,0,0,4,0.0001,0.77,2.53,8.34
128.5,12,590821,0.2957,45.11,195.34,1273,1291,1,4,9,4,0,0,0,0,-47.6,0,0,0,0,0,0,4,0.0001,0.00,0.00,0.00
128.75,12,590904,0.2956,50.28,174.22,1261,1345,23571,1,5,5,0,0,0,0,-47.6,0,0,0,0,0,0,4,0.0001,0.00,0.00,0.00
129,12,590682,0.2957,50.74,166.27,1593,1377,3,6,10,5,0,0,0,0,-47.6,0,0,0,0,0,0,4,0.0001,0.00,0.00,0.00
129.25,12,590711,0.2957,51.18,166.98,1487,1529,7,13,7,5,0,0,0,0,-47.6,0,0,0,0,0,0,4,0.0001,0.00,0.00,0.00
129.5,12,590507,0.2958,51.91,166.57,1719,1534,8,21,7,5,0,0,0,0,-47.6,0,0,0,0,0,0,4,0.0001,0.00,0.00,0.00
129.75,12,590425,0.2958,51.98,167.98,1613,1551,6,20,4,5,0,0,0,0,-47.6,0,0,0,0,0,0,4,0.0001,0.00,0.00,0.00
130,12,590247,0.2958,52.40,159.27,1717,1553,2,14,3,4,0,0,0,0,-47.6,0,0,0,0,0,0,4,0.0001,0.00,0.00,0.00
130.25,12,590230,0.2958,53.22,162.75,1641,1631,0,7,5,4,0,0,0,0,-115.3,0,0,0,0,0,0,4,0.0001,0.81,2.28,7.13
130.5,12,590110,0.2959,53.63,160.59,1674,1557,0,3,3,4,0,0,0,0,-115.3,0,0,0,0,0,0,4,0.0001,0.00,0.00,0.00
130.75,12,589961,0.2960,53.49,166.25,1767,1623,1,5,3,5,0,0,0,0,-115.3,0,0,0,0,0,0,4,0.0002,0.00,0.00,0.00
131,12,589895,0.2960,53.96,166.06,1736,1673,1,3,3,5,0,0,0,0,-115.3,0,0,0,0,0,0,4,0.0002,0.00,0.00,0.00
131.25,12,589748,0.2961,54.08,171.29,1823,1677,1,1,0,4,0,0,0,0,-115.3,0,0,0,0,0,0,4,0.0002,0.00,0.00,0.00
131.5,12,589565,0.2962,54.26,175.72,1821,1640,1,2,1,4,0,0,0,0,-115.3,0,0,0,0,0,0,4,0.0002,0.00,0.00,0.00
131.75,12,589474,0.2962,54.28,179.46,1755,1667,2,3,1,7,0,0,0,0,-115.3,0,0,0,0,0,0,4,0.0002,0.00,0.00,0.00
132,12,589287,0.2963,54.20,182.66,1882,1697,1,2,1,4,0,0,0,0,-115.3,0,0,0,0,0,0,4,0.0002,0.00,0.00,0.00
132.25,12,589190,0.2964,53.99,185.34,1836,1743,1,4,0,5,0,0,0,0,-115.3,0,0,0,0,0,1,4,0.0002,1.00,2.80,5.82
132.5,11,589018,0.2965,53.33,187.61,1827,1657,1,2,0,5,0,0,0,0,-115.3,0,0,0,0,0,1,4,0.0002,0.00,0.00,0.00
132.75,11,588962,0.2965,52.54,189.54,1731,1678,4,3,0,5,0,0,0,0,-115.3,0,0,0,0,0,0,4,0.0003,0.00,0.00,0.00
133,11,588871,0.2965,51.89,191.18,1718,1635,2,8,3,5,0,0,0,0,-115.3,0,0,0,0,0,0,4,0.0003,0.00,0.00,0.00
133.25,11,588782,0.2966,51.99,192.56,1716,1630,6,4,0,4,0,0,0,0,-115.3,0,0,0,0,0,0,4,0.0003,0.00,0.00,0.00
133.5,11,588709,0.2966,50.88,193.69,1684,1616,2,5,4,5,0,0,0,0,-115.3,0,0,0,0,0,0,4,0.0003,0.00,0.00,0.00
133.75,11,588581,0.2967,50.85,194.68,1679,1559,23609,9,1,6,0,0,0,0,-115.3,0,0,0,0,0,0,5,0.0000,0.00,0.00,0.00
134,11,588333,0.2968,50.85,195.50,1845,1605,1,8,0,4,0,0,0,0,-115.3,0,0,0,0,0,0,4,0.0000,0.00,0.00,0.00
134.25,11,588142,0.2969,51.14,196.20,1824,1636,2,3,2,4,0,0,0,0,-115.3,0,0,0,0,0,0,4,0.0000,0.93,3.48,6.06
134.5,11,587990,0.2970,51.13,196.77,1816,1670,1857,6,2,4,0,0,0,0,-115.3,0,0,0,0,0,0,4,0.0000,0.00,0.00,0.00
134.75,11,587790,0.2971,50.96,197.26,1914,1726,7,12,1,4,0,0,0,0,-115.3,0,0,0,0,0,0,4,0.0001,0.00,0.00,0.00
135,11,587616,0.2971,51.06,197.68,1883,1718,4,9,4,8,0,0,0,0,-115.3,0,0,0,0,0,0,4,0.0001,0.00,0.00,0.00
135.25,11,587448,0.2972,50.58,198.04,1915,1758,738,11,2,5,0,0,0,0,-115.3,0,0,0,0,0,0,4,0.0001,0.00,0.00,0.00
135.5,11,587208,0.2973,50.31,198.33,1989,1768,9,19,5,5,0,0,0,0,-115.3,0,0,0,0,0,0,4,0.0001,0.00,0.00,0.00
135.75,11,586951,0.2974,50.82,198.57,2013,1778,11,22,4,5,0,0,0,0,-115.3,0,0,0,0,0,0,4,0.0002,0.00,0.00,0.00
136,11,586768,0.2975,51.86,198.79,2008,1844,7,19,5,8,0,0,0,0,-115.3,0,0,0,0,0,0,4,0.0002,0.00,0.00,0.00
136.25,11,586560,0.2975,52.84,198.96,1941,1754,8,23,3,6,0,0,0,0,-115.3,0,0,0,0,0,0,4,0.0003,2.18,7.03,11.47
136.5,11,586423,0.2976,53.56,199.10,1971,1846,5,12,2,6,0,0,0,0,-115.3,0,0,0,0,0,0,5,0.0000,0.00,0.00,0.00
136.75,11,586259,0.2977,54.31,199.23,1989,1831,4,6,2,8,0,0,0,0,-115.3,0,0,0,0,0,0,4,0.0001,0.00,0.00,0.00
137,11,586178,0.2977,55.06,199.35,1977,1905,1,9,0,5,0,0,0,0,-115.3,0,0,0,0,0,0,4,0.0001,0.00,0.00,0.00
137.25,11,586010,0.2978,55.63,199.44,2094,1933,5,7,1,5,0,0,0,0,-115.3,0,0,0,0,0,0,4,0.0002,0.00,0.00,0.00
137.5,11,585999,0.2978,54.92,199.51,2004,2001,1,8,1,5,0,0,0,0,-115.3,0,0,0,0,0,0,4,0.0002,0.00,0.00,0.00
137.75,11,585946,0.2978,53.93,199.56,2014,1962,2,1,2,5,0,0,0,0,-115.3,0,0,0,0,0,0,4,0.0002,0.00,0.00,0.00
138,11,585838,0.2979,52.88,199.60,1999,1895,1,4,0,6,0,0,0,0,-115.3,0,0,0,0,0,1,4,0.0003,0.00,0.00,0.00
138.25,11,585630,0.2980,50.95,199.64,2075,1869,3,2,3,7,0,0,0,0,-115.3,0,0,0,0,0,1,5,0.0000,1.27,3.60,15.21
138.5,10,585523,0.2980,50.51,199.67,2046,1944,1,5,3,6,0,0,0,0,-115.3,0,0,0,0,0,1,4,0.0000,0.00,0.00,0.00
138.75,10,585445,0.2981,49.14,199.69,1940,1861,3,1,6,7,0,0,0,0,-115.3,0,0,0,0,0,0,4,0.0001,0.00,0.00,0.00
139,10,585322,0.2982,49.17,199.73,1977,1856,0,2,6,6,0,0,0,0,-115.3,0,0,0,0,0,0,4,0.0001,0.00,0.00,0.00
139.25,10,585191,0.2982,48.04,199.74,1955,1826,1,2,2,4,0,0,0,0,-115.3,0,0,0,0,0,0,4,0.0001,0.00,0.00,0.00
139.5,10,585038,0.2983,48.45,199.73,1909,1760,2,4,7,4,0,0,0,0,-115.3,0,0,0,0,0,0,4,0.0001,0.00,0.00,0.00
139.75,10,584883,0.2984,47.45,199.75,1895,1744,0,4,2,5,0,0,0,0,-115.3,0,0,0,0,0,0,4,0.0002,0.00,0.00,0.00
140,10,584780,0.2984,48.08,199.75,1875,1779,1,7,3,5,0,0,0,0,-115.3,0,0,0,0,0,0,4,0.0002,0.00,0.00,0.00
140.25,10,584702,0.2985,47.81,199.75,1770,1695,0,3,2,6,0,0,0,0,-40.2,0,0,0,0,0,0,4,0.0002,1.65,4.16,11.74
140.5,10,584592,0.2985,48.56,199.77,1842,1737,1,5,3,6,0,0,0,0,-40.2,0,0,0,0,0,0,4,0.0002,0.00,0.00,0.00
140.75,10,584464,0.2986,48.21,199.79,1877,1751,0,2,1,5,0,0,0,0,-40.2,0,0,0,0,0,0,4,0.0002,0.00,0.00,0.00
141,10,584343,0.2986,49.08,199.80,1876,1757,1,2,1,5,0,0,0,0,-40.2,0,0,0,0,0,0,4,0.0002,0.00,0.00,0.00
141.25,10,584163,0.2987,49.01,199.81,1901,1724,0,3,0,5,0,0,0,0,-40.2,0,0,0,0,0,0,4,0.0002,0.00,0.00,0.00
141.5,10,584002,0.2988,50.03,199.83,1974,1814,0,1,1,6,0,0,0,0,-40.2,0,0,0,0,0,0,4,0.0003,0.00,0.00,0.00
141.75,10,583780,0.2990,49.95,199.85,2004,1783,0,1,0,6,0,0,0,0,-40.2,0,0,0,0,0,0,4,0.0003,0.00,0.00,0.00
142,10,583618,0.2991,50.61,199.28,1988,1831,1,5,0,5,0,0,0,0,-40.2,0,0,0,0,0,0,4,0.0003,0.00,0.00,0.00
142.25,10,583593,0.2991,50.13,194.85,1912,1895,0,8,0,5,0,0,0,0,-40.2,0,0,0,0,0,0,4,0.0003,1.75,3.81,10.44
142.5,10,583384,0.2991,50.67,190.92,1960,1776,2,25,2,5,0,0,0,0,-40.2,0,0,0,0,0,0,4,0.0003,0.00,0.00,0.00
142.75,10,583288,0.2992,49.79,186.02,1863,1787,1,20,3,4,0,0,0,0,-40.2,0,0,0,0,0,0,4,0.0002,0.00,0.00,0.00
143,10,583178,0.2992,50.15,183.10,1810,1729,3,29,2,6,0,0,0,0,-40.2,0,0,0,0,0,0,4,0.0002,0.00,0.00,0.00
143.25,10,583123,0.2991,49.80,178.17,1719,1697,1,33,9,4,0,0,0,0,-40.2,0,0,0,0,0,0,4,0.0003,0.00,0.00,0.00
143.5,10,582941,0.2992,50.45,175.57,1775,1607,3,14,9,5,0,0,0,0,-40.2,0,0,0,0,0,0,4,0.0003,0.00,0.00,0.00
143.75,10,582854,0.2992,50.39,178.58,1630,1545,7,2,12,7,0,0,0,0,-40.2,0,0,0,0,0,0,5,0.0000,0.00,0.00,0.00
144,10,582865,0.2992,51.76,181.43,1641,1658,5,7,15,4,0,0,0,0,-40.2,0,0,0,0,0,0,4,0.0000,0.00,0.00,0.00
144.25,10,582886,0.2992,51.93,183.80,1617,1643,2,5,10,5,0,0,0,0,-40.2,0,0,0,0,0,0,4,0.0001,1.10,2.99,6.55
144.5,10,582826,0.2992,52.96,185.64,1688,1634,1,6,11,4,0,0,0,0,-40.2,0,0,0,0,0,0,4,0.0001,0.00,0.00,0.00
144.75,10,582734,0.2992,52.95,187.55,1684,1600,2,8,12,5,0,0,0,0,-40.2,0,0,0,0,0,0,4,0.0001,0.00,0.00,0.00
145,10,582747,0.2992,53.99,189.17,1653,1671,3,5,9,5,0,0,0,0,-40.2,0,0,0,0,0,0,4,0.0002,0.00,0.00,0.00
145.25,10,582717,0.2992,54.19,190.58,1683,1656,1,3,11,5,0,0,0,0,-40.2,0,0,0,0,0,0,4,0.0002,0.00,0.00,0.00
145.5,10,582763,0.2991,55.18,191.14,1637,1688,1,5,10,5,0,0,0,0,-40.2,0,0,0,0,0,0,4,0.0002,0.00,0.00,0.00
145.75,10,582702,0.2991,54.46,192.17,1706,1648,2,3,8,5,0,0,0,0,-40.2,0,0,0,0,0,0,4,0.0002,0.00,0.00,0.00
146,10,582687,0.2991,55.01,192.67,1673,1660,3,2,8,5,0,0,0,0,-40.2,0,0,0,0,0,0,4,0.0003,0.00,0.00,0.00
146.25,10,582602,0.2992,54.43,192.94,1749,1672,8,8,14,6,0,0,0,0,-40.2,0,0,0,0,0,0,5,0.0000,0.90,2.34,6.13
146.5,10,582535,0.2992,55.14,193.60,1704,1641,4,4,10,6,0,0,0,0,-40.2,0,0,0,0,0,0,4,0.0000,0.00,0.00,0.00
146.75,10,582486,0.2992,54.97,193.84,1678,1632,4,4,11,4,0,0,0,0,-40.2,0,0,0,0,0,0,4,0.0001,0.00,0.00,0.00
147,10,582356,0.2992,56.26,193.68,1697,1568,5,1,10,5,0,0,0,0,-40.2,0,0,0,0,0,0,4,0.0001,0.00,0.00,0.00
147.25,10,582288,0.2993,56.22,193.60,1686,1622,4,5,13,5,0,0,0,0,-40.2,0,0,0,0,0,0,4,0.0001,0.00,0.00,0.00
147.5,10,582220,0.2993,57.56,193.65,1738,1670,2,0,12,5,0,0,0,0,-40.2,0,0,0,0,0,0,4,0.0001,0.00,0.00,0.00
147.75,10,582178,0.2993,57.66,193.45,1702,1663,1,3,9,4,0,0,0,0,-40.2,0,0,0,0,0,0,4,0.0001,0.00,0.00,0.00
148,10,582057,0.2993,58.88,193.18,1764,1646,1,3,16,6,0,0,0,0,-40.2,0,0,0,0,0,0,4,0.0002,0.00,0.00,0.00
148.25,10,581939,0.2994,58.72,192.01,1807,1692,1,3,4,4,0,0,0,0,-40.2,0,0,0,0,0,0,4,0.0002,0.49,2.20,6.42
148.5,10,581877,0.2994,59.90,191.19,1803,1744,7,4,8,5,0,0,0,0,-40.2,0,0,0,0,0,0,4,0.0002,0.00,0.00,0.00
148.75,10,581805,0.2994,59.74,183.41,1799,1737,4,10,5,6,0,0,0,0,-40.2,0,0,0,0,0,0,4,0.0002,0.00,0.00,0.00
149,10,581745,0.2994,60.49,174.45,1723,1675,3,12,4,4,0,0,0,0,-40.2,0,0,0,0,0,0,4,0.0002,0.00,0.00,0.00
149.25,10,581665,0.2995,59.61,178.08,1759,1683,3,4,2,5,0,0,0,0,-40.2,0,0,0,0,0,0,4,0.0002,0.00,0.00,0.00
149.5,10,581624,0.2995,59.37,178.97,1724,1694,0,11,0,5,0,0,0,0,-40.2,0,0,0,0,0,0,4,0.0002,0.00,0.00,0.00
149.75,10,581582,0.2995,57.34,178.19,1713,1673,3,2,0,5,0,0,0,0,-40.2,0,0,0,0,0,0,4,0.0002,0.00,0.00,0.00
150,10,581479,0.2996,56.64,173.56,1760,1659,2,2,1,5,0,0,0,0,-40.2,0,0,0,0,0,0,4,0.0002,0.00,0.00,0.00
150.25,10,581447,0.2996,54.61,169.74,1676,1644,1,0,0,6,0,0,0,0,12.9,0,0,0,0,0,0,4,0.0002,0.55,2.35,6.40
150.5,10,581414,0.2996,54.64,174.44,1673,1642,1,2,0,4,0,0,0,0,12.9,0,0,0,0,0,0,4,0.0002,0.00,0.00,0.00
150.75,10,581319,0.2997,54.58,175.41,1720,1627,5,3,0,5,0,0,0,0,12.9,0,0,0,0,0,0,4,0.0002,0.00,0.00,0.00
151,10,581264,0.2997,54.19,178.99,1711,1662,2,6,0,4,0,0,0,0,12.9,0,0,0,0,0,0,4,0.0002,0.00,0.00,0.00
151.25,10,581230,0.2997,52.99,181.10,1677,1647,0,4,0,5,0,0,0,0,12.9,0,0,0,0,0,0,4,0.0002,0.00,0.00,0.00
151.5,10,581115,0.2998,53.34,182.37,1792,1679,2,2,1,4,0,0,0,0,12.9,0,0,0,0,0,0,4,0.0002,0.00,0.00,0.00
151.75,10,581098,0.2998,52.49,178.20,1699,1683,3,1,0,6,0,0,0,0,12.9,0,0,0,0,0,0,4,0.0002,0.00,0.00,0.00
152,10,580957,0.2999,53.39,176.50,1797,1658,5,2,0,6,0,0,0,0,12.9,0,0,0,0,0,0,4,0.0002,0.00,0.00,0.00
152.25,10,580889,0.3000,52.48,179.89,1782,1716,3,2,0,4,0,0,0,0,12.9,0,0,0,0,0,0,4,0.0001,1.00,7.62,9.18
152.5,10,580816,0.3000,53.39,176.61,1828,1757,5,2,0,4,0,0,0,0,12.9,0,0,0,0,0,0,4,0.0001,0.00,0.00,0.00
152.75,10,580774,0.3000,52.35,178.79,1835,1796,3,3,0,4,0,0,0,0,12.9,0,0,0,0,0,0,4,0.0001,0.00,0.00,0.00
153,10,580587,0.3001,52.84,181.20,1913,1730,2,4,1,4,0,0,0,0,12.9,0,0,0,0,0,0,4,0.0001,0.00,0.00,0.00
153.25,10,580554,0.3001,51.93,183.77,1787,1758,6,5,0,5,0,0,0,0,12.9,0,0,0,0,0,0,4,0.0000,0.00,0.00,0.00
153.5,10,580540,0.3001,52.21,185.18,1787,1782,0,9,0,4,0,0,0,0,12.9,0,0,0,0,0,0,4,0.0000,0.00,0.00,0.00
153.75,10,580450,0.3002,50.81,186.98,1907,1824,2626,7,0,4,0,0,0,0,12.9,0,0,0,0,0,0,3,0.0003,0.00,0.00,0.00
154,10,580424,0.3002,51.27,188.61,1930,1907,0,3,0,4,0,0,0,0,12.9,0,0,0,0,0,0,4,0.0002,0.00,0.00,0.00
154.25,10,580355,0.3003,50.55,190.11,2012,1944,1,1,0,6,0,0,0,0,12.9,0,0,0,0,0,0,4,0.0002,0.97,8.16,10.44
154.5,10,580264,0.3003,50.89,191.48,2038,1948,0,1,0,4,0,0,0,0,12.9,0,0,0,0,0,0,4,0.0002,0.00,0.00,0.00
154.75,10,580211,0.3003,50.08,192.75,1986,1933,3,0,0,5,0,0,0,0,12.9,0,0,0,0,0,0,4,0.0001,0.00,0.00,0.00
155,10,580167,0.3004,50.52,193.83,2011,1969,0,2,0,6,0,0,0,0,12.9,0,0,0,0,0,0,4,0.0000,0.00,0.00,0.00
155.25,10,579979,0.3005,49.77,194.80,2094,1907,0,1,0,4,0,0,0,0,12.9,0,0,0,0,0,0,3,0.0003,0.00,0.00,0.00
155.5,10,579888,0.3005,50.35,195.61,2049,1957,2,0,0,5,0,0,0,0,12.9,0,0,0,0,0,0,4,0.0002,0.00,0.00,0.00
155.75,10,579763,0.3006,49.34,196.30,2060,1937,5,4,3,4,0,0,0,0,12.9,0,0,0,0,0,0,4,0.0002,0.00,0.00,0.00
156,10,579620,0.3007,49.71,196.88,2103,1966,2,6,1,4,0,0,0,0,12.9,0,0,0,0,0,0,4,0.0001,0.00,0.00,0.00
156.25,10,579648,0.3007,48.76,197.37,1942,1974,3,5,1,4,0,0,0,0,12.9,0,0,0,0,0,0,4,0.0000,0.64,3.71,5.62
156.5,10,579595,0.3007,49.24,197.77,2077,2029,2,5,1,4,0,0,0,0,12.9,0,0,0,0,0,0,3,0.0003,0.00,0.00,0.00
156.75,10,579559,0.3007,48.56,198.12,2031,1996,4,2,1,5,0,0,0,0,12.9,0,0,0,0,0,0,4,0.0002,0.00,0.00,0.00
157,10,579477,0.3008,48.88,198.41,2061,1981,1,2,1,4,0,0,0,0,12.9,0,0,0,0,0,0,4,0.0001,0.00,0.00,0.00
157.25,10,579490,0.3007,47.98,198.66,2006,2022,0,3,2,4,0,0,0,0,12.9,0,0,0,0,0,0,4,0.0000,0.00,0.00,0.00
157.5,10,579387,0.3008,48.38,198.87,2103,2003,0,3,0,3,0,0,0,0,12.9,0,0,0,0,0,0,3,0.0002,0.00,0.00,0.00
157.75,10,579310,0.3008,47.42,199.03,2060,1984,1,1,0,5,0,0,0,0,12.9,0,0,0,0,0,0,4,0.0002,0.00,0.00,0.00
158,10,579295,0.3009,47.74,199.16,1987,1976,3,5,1,5,0,0,0,0,12.9,0,0,0,0,0,0,4,0.0001,0.00,0.00,0.00
158.25,10,579091,0.3010,46.80,199.27,2092,1891,0,3,0,4,0,0,0,0,12.9,0,0,0,0,0,0,4,0.0000,0.64,4.26,7.63
158.5,10,579029,0.3010,46.98,199.38,1950,1894,4,6,1,4,0,0,0,0,12.9,0,0,0,0,0,0,3,0.0002,0.00,0.00,0.00
158.75,10,578940,0.3010,45.89,199.46,1969,1885,3,5,0,7,0,0,0,0,12.9,0,0,0,0,0,0,4,0.0001,0.00,0.00,0.00
159,10,578860,0.3011,46.06,199.52,1947,1876,2,9,0,4,0,0,0,0,12.9,0,0,0,0,0,0,4,0.0001,0.00,0.00,0.00
159.25,10,578786,0.3011,44.93,199.60,1863,1792,4,4,1,4,0,0,0,0,12.9,0,0,0,0,0,0,3,0.0003,0.00,0.00,0.00
159.5,10,578718,0.3012,45.23,199.66,1966,1903,2,5,0,6,0,0,0,0,12.9,0,0,0,0,0,0,4,0.0002,0.00,0.00,0.00
159.75,10,578692,0.3012,44.71,199.69,1871,1848,2,4,0,4,0,0,0,0,12.9,0,0,0,0,0,0,4,0.0001,0.00,0.00,0.00
160,10,578636,0.3012,44.34,199.70,1907,1853,2,2,0,4,0,0,0,0,12.9,0,0,0,0,0,0,4,0.0001,0.00,0.00,0.00
160.25,10,578495,0.3013,44.11,199.72,1917,1783,2,7,0,3,0,0,0,0,89.3,0,0,0,0,0,0,3,0.0003,0.96,2.94,9.99
160.5,10,578459,0.3013,44.16,199.74,1870,1840,6,6,0,4,0,0,0,0,89.3,0,0,0,0,0,0,4,0.0002,0.00,0.00,0.00
160.75,10,578442,0.3013,44.08,199.73,1804,1790,2,3,0,5,0,0,0,0,89.3,0,0,0,0,0,0,4,0.0001,0.00,0.00,0.00
161,10,578434,0.3013,44.59,199.72,1790,1784,6,3,0,4,0,0,1,0,89.3,0,0,0,0,0,0,4,0.0001,0.00,0.00,0.00
161.25,10,578438,0.3013,44.99,199.73,1765,1773,1,4,0,3,0,0,0,0,89.3,0,0,0,0,0,0,3,0.0003,0.00,0.00,0.00
161.5,10,578431,0.3013,45.27,199.73,1780,1773,1,0,0,5,0,0,0,0,89.3,0,0,0,0,0,0,4,0.0002,0.00,0.00,0.00
161.75,10,578427,0.3013,45.33,199.72,1754,1753,2,3,0,5,0,0,0,0,89.3,0,0,0,0,0,0,4,0.0001,0.00,0.00,0.00
162,10,578376,0.3014,45.30,199.66,1753,1707,6,6,1,5,0,0,0,0,89.3,0,0,0,0,0,0,4,0.0000,0.00,0.00,0.00
162.25,10,578323,0.3014,45.50,199.67,1758,1710,1,5,0,4,0,0,0,0,89.3,0,0,0,0,0,0,3,0.0003,0.29,4.59,6.06
162.5,10,578338,0.3014,45.82,199.61,1723,1742,1,4,0,6,0,0,0,0,89.3,0,0,0,0,0,0,4,0.0002,0.00,0.00,0.00
162.75,10,578375,0.3014,46.42,199.52,1679,1719,2,3,0,5,0,0,0,0,89.3,0,0,0,0,0,0,4,0.0001,0.00,0.00,0.00
163,10,578285,0.3014,47.31,199.48,1750,1662,3,2,0,5,0,0,0,0,89.3,0,0,0,0,0,0,4,0.0000,0.00,0.00,0.00
163.25,10,578248,0.3015,48.01,199.47,1636,1599,6,1,0,3,0,0,0,0,89.3,0,0,0,0,0,0,3,0.0002,0.00,0.00,0.00
163.5,10,578331,0.3014,48.50,199.48,1626,1714,4,5,0,4,0,0,0,0,89.3,0,0,0,0,0,0,4,0.0001,0.00,0.00,0.00
163.75,10,578299,0.3014,48.49,199.48,1706,1675,5,2,0,4,0,0,0,0,89.3,0,0,0,0,0,0,4,0.0000,0.00,0.00,0.00
164,10,578251,0.3015,48.34,199.49,1675,1628,6,2,0,3,0,0,0,0,89.3,0,0,0,0,0,0,3,0.0002,0.00,0.00,0.00
164.25,10,578193,0.3015,48.04,199.50,1853,1800,8,5,0,4,0,0,0,0,89.3,0,0,0,0,0,0,4,0.0001,3.21,6.95,13.16
164.5,10,578134,0.3015,47.95,199.57,1780,1729,7,9,0,6,0,0,0,0,89.3,0,0,0,0,0,0,4,0.0001,0.00,0.00,0.00
164.75,10,578079,0.3015,47.91,199.63,1818,1776,11,13,0,3,0,0,0,0,89.3,0,0,0,0,0,0,3,0.0003,0.00,0.00,0.00
165,10,578023,0.3016,47.39,199.66,1819,1772,12,10,1,4,0,0,0,0,89.3,0,0,0,0,0,0,4,0.0002,0.00,0.00,0.00
165.25,10,577881,0.3016,46.67,199.69,1825,1707,8,25,4,4,0,0,0,0,89.3,0,0,0,0,0,0,4,0.0001,0.00,0.00,0.00
165.5,10,577761,0.3016,46.31,199.68,1845,1736,3,11,6,6,0,0,0,0,89.3,0,0,0,0,0,0,4,0.0001,0.00,0.00,0.00
165.75,10,577733,0.3016,46.34,199.53,1743,1730,13,15,8,5,0,0,0,0,89.3,0,0,0,0,0,0,4,0.0000,0.00,0.00,0.00
166,10,577608,0.3017,46.77,199.59,1812,1699,5,12,13,4,0,0,0,0,89.3,0,0,0,0,0,0,3,0.0003,0.00,0.00,0.00
166.25,10,577524,0.3017,47.39,199.64,1736,1670,10,19,14,4,0,0,0,0,89.3,0,0,0,0,0,0,4,0.0003,3.49,6.94,13.52
166.5,10,577355,0.3017,48.74,199.49,1749,1599,9,19,15,5,0,0,0,0,89.3,0,0,0,0,0,0,4,0.0002,0.00,0.00,0.00
166.75,10,577357,0.3016,49.56,199.21,1672,1699,24,25,17,4,0,0,0,0,89.3,0,0,0,0,0,0,4,0.0002,0.00,0.00,0.00
167,10,577248,0.3016,50.85,198.22,1716,1639,6,32,8,4,0,0,0,0,89.3,0,0,0,0,0,0,4,0.0002,0.00,0.00,0.00
167.25,10,577204,0.3016,52.04,198.47,1651,1627,6,21,4,5,0,0,0,0,89.3,0,0,0,0,0,0,4,0.0002,0.00,0.00,0.00
167.5,10,577170,0.3016,52.64,198.68,1650,1629,3,13,5,4,0,0,0,0,89.3,0,0,0,0,0,0,4,0.0002,0.00,0.00,0.00
167.75,10,577105,0.3016,52.44,198.89,1698,1649,4,16,3,6,0,0,0,0,89.3,0,0,0,0,0,0,4,0.0002,0.00,0.00,0.00
168,10,577120,0.3016,52.47,199.02,1602,1627,2,10,1,4,0,0,0,0,89.3,0,0,0,0,0,0,4,0.0003,0.00,0.00,0.00
168.25,10,577131,0.3016,52.14,199.11,1594,1627,1,22,4,6,0,0,0,1,89.3,0,0,0,0,0,0,5,0.0000,1.73,7.24,12.17
168.5,10,577052,0.3016,51.85,199.22,1654,1591,1,16,1,4,0,0,0,1,89.3,0,0,0,0,0,0,4,0.0000,0.00,0.00,0.00
168.75,10,577054,0.3016,51.79,199.30,1589,1599,1,8,1,5,0,0,1,1,89.3,0,0,0,0,0,0,4,0.0001,0.00,0.00,0.00
169,10,577028,0.3016,51.93,199.38,1600,1589,2,16,4,5,0,0,0,1,89.3,0,0,0,0,0,0,4,0.0001,0.00,0.00,0.00
169.25,10,576995,0.3016,51.84,199.45,1600,1579,5,12,4,4,0,0,0,1,89.3,0,0,0,0,0,0,4,0.0002,0.00,0.00,0.00
169.5,10,576902,0.3016,51.54,199.53,1623,1546,7,16,2,4,0,0,1,1,89.3,0,0,0,0,0,0,4,0.0002,0.00,0.00,0.00
169.75,10,576838,0.3016,51.53,199.59,1623,1581,3,22,2,5,0,0,0,1,89.3,0,0,0,0,0,0,5,0.0000,0.00,0.00,0.00
170,10,576734,0.3016,51.79,199.63,1553,1467,1,18,3,5,0,0,0,1,89.3,0,0,0,0,0,0,4,0.0001,0.00,0.00,0.00
170.25,10,576698,0.3016,51.73,199.68,1580,1560,5,16,3,5,0,0,0,1,71.3,0,0,0,0,0,0,4,0.0002,3.45,8.01,12.05
170.5,10,576667,0.3016,52.04,199.72,1562,1546,3,15,2,4,0,0,0,1,71.3,0,0,0,0,0,1,4,0.0003,0.00,0.00,0.00
170.75,11,576595,0.3016,51.65,199.75,1507,1455,4,20,2,5,1,0,0,0,71.3,0,0,0,0,0,1,5,0.0001,0.00,0.00,0.00
171,10,576458,0.3017,53.48,199.78,1582,1461,7,16,3,5,0,0,6,0,71.3,0,0,0,0,0,1,4,0.0002,0.00,0.00,0.00
171.25,10,576274,0.3017,51.03,199.80,1596,1463,6,51,3,6,0,0,0,0,71.3,0,0,0,0,0,0,5,0.0001,0.00,0.00,0.00
171.5,10,576184,0.3017,50.77,199.82,1568,1498,11,21,2,4,0,0,0,0,71.3,0,0,0,0,0,0,4,0.0002,0.00,0.00,0.00
171.75,10,576045,0.3017,50.35,199.83,1504,1387,14,22,3,5,0,0,0,0,71.3,0,0,0,0,0,0,5,0.0001,0.00,0.00,0.00
172,10,576002,0.3017,51.31,199.83,1469,1464,16,40,5,7,0,0,1,0,71.3,0,0,0,0,0,0,4,0.0003,0.00,0.00,0.00
172.25,10,575980,0.3017,51.45,199.81,1330,1342,8,34,2,7,0,0,0,1,71.3,0,0,0,0,0,0,5,0.0002,1.39,3.61,26.52
172.5,10,575994,0.3016,52.59,199.78,1305,1351,7,32,3,7,0,0,0,1,71.3,0,0,0,0,0,0,5,0.0001,0.00,0.00,0.00
172.75,10,575997,0.3016,49.63,199.73,1239,1252,2,10,3,5,0,0,0,1,71.3,0,0,0,0,0,0,5,0.0000,0.00,0.00,0.00
173,10,576005,0.3016,48.14,199.69,1191,1208,3,9,4,8,0,0,0,1,71.3,0,0,0,0,0,0,4,0.0003,0.00,0.00,0.00
173.25,10,575985,0.3016,47.81,199.64,1210,1203,4,13,3,6,0,0,0,1,71.3,0,0,0,0,0,0,5,0.0002,0.00,0.00,0.00
173.5,10,575943,0.3016,46.25,199.25,1188,1162,2,16,4,6,0,0,0,1,71.3,0,0,0,0,0,0,5,0.0001,0.00,0.00,0.00
173.75,10,575871,0.3016,45.50,198.78,1125,1062,7,9,4,5,0,0,0,1,71.3,0,0,0,0,0,0,5,0.0001,0.00,0.00,0.00
174,10,575826,0.3016,45.51,198.25,1036,1002,3,11,3,5,0,0,0,1,71.3,0,0,0,0,0,0,5,0.0000,0.00,0.00,0.00
174.25,10,575813,0.3016,45.24,197.72,991,982,7,4,9,5,0,0,0,1,71.3,0,0,0,0,0,0,4,0.0003,2.24,5.14,18.28
174.5,10,575885,0.3016,45.36,196.86,914,995,0,9,2,5,0,0,0,1,71.3,0,0,0,0,0,0,5,0.0002,0.00,0.00,0.00
174.75,10,575882,0.3016,43.72,195.05,990,993,4815,6,6,6,0,0,0,0,71.3,0,0,0,0,0,0,5,0.0002,0.00,0.00,0.00
175,10,575809,0.3016,44.52,194.99,1106,1034,0,1,1,9,0,0,0,0,71.3,0,0,0,0,0,0,5,0.0001,0.00,0.00,0.00
175.25,10,575831,0.3016,42.81,195.41,1109,1138,5,7,3,7,0,0,0,0,71.3,0,0,0,0,0,0,5,0.0001,0.00,0.00,0.00
175.5,10,575887,0.3016,42.79,195.92,1066,1122,3,1,1,6,0,0,0,0,71.3,0,0,0,0,0,0,5,0.0000,0.00,0.00,0.00
175.75,10,575941,0.3015,41.80,196.06,1088,1147,2,5,2,7,0,0,0,0,71.3,0,0,0,0,0,0,4,0.0003,0.00,0.00,0.00
176,10,575892,0.3016,42.64,196.25,1177,1133,1,5,0,5,0,0,0,0,71.3,0,0,0,0,0,0,5,0.0002,0.00,0.00,0.00
176.25,10,575894,0.3016,42.20,195.69,1223,1229,5,4,0,6,0,0,0,0,71.3,0,0,0,0,0,0,5,0.0001,0.81,4.14,15.90
176.5,10,575915,0.3016,42.45,193.87,1248,1270,0,1,0,5,0,0,0,0,71.3,0,0,0,0,0,0,5,0.0001,0.00,0.00,0.00
176.75,10,575911,0.3016,41.96,191.33,1346,1348,5,6,0,5,0,0,0,0,71.3,0,0,0,0,0,0,5,0.0000,0.00,0.00,0.00
177,10,575880,0.3016,42.35,186.95,1406,1376,1,1,0,5,0,0,0,0,71.3,0,0,0,0,0,0,4,0.0002,0.00,0.00,0.00
177.25,10,575907,0.3016,42.68,185.31,1441,1472,1,4,0,6,0,0,0,0,71.3,0,0,0,0,0,0,5,0.0002,0.00,0.00,0.00
177.5,10,575878,0.3016,43.21,181.81,1520,1494,1,3,0,6,0,0,0,0,71.3,0,0,0,0,0,0,5,0.0001,0.00,0.00,0.00
177.75,10,575732,0.3017,44.05,179.25,1612,1468,0,2,0,5,0,0,0,0,71.3,0,0,0,0,0,0,4,0.0003,0.00,0.00,0.00
178,10,575713,0.3017,44.09,176.20,1627,1614,2,6,1,5,0,0,0,0,71.3,0,0,0,0,0,0,5,0.0002,0.00,0.00,0.00
178.25,10,575646,0.3018,44.91,175.87,1657,1593,1,3,1,7,0,0,0,0,71.3,0,0,0,0,0,0,5,0.0001,1.65,5.92,12.68
178.5,10,575599,0.3018,44.90,179.66,1684,1639,2,2,0,6,0,0,0,0,71.3,0,0,0,0,0,0,5,0.0000,0.00,0.00,0.00
178.75,10,575562,0.3018,45.80,182.74,1680,1648,1,5,1,4,0,0,0,0,71.3,0,0,0,0,0,0,4,0.0002,0.00,0.00,0.00
179,10,575538,0.3018,45.75,185.20,1746,1731,8,9,3,6,0,0,0,0,71.3,0,0,0,0,0,0,5,0.0001,0.00,0.00,0.00
179.25,10,575568,0.3018,46.52,187.48,1680,1716,2,6,0,6,0,0,0,0,71.3,0,0,0,0,0,0,5,0.0001,0.00,0.00,0.00
179.5,10,575471,0.3018,46.24,189.40,1785,1700,8,12,0,5,0,0,0,0,71.3,0,0,0,0,0,0,4,0.0003,0.00,0.00,0.00
179.75,10,575443,0.3018,46.74,190.98,1755,1737,0,10,3,7,0,0,0,0,71.3,0,0,0,0,0,0,5,0.0002,0.00,0.00,0.00
180,10,575370,0.3019,46.24,192.33,1748,1686,10,12,2,6,0,0,0,0,71.3,0,0,0,0,0,0,5,0.0001,0.00,0.00,0.00
180.25,10,575287,0.3019,46.74,193.45,1774,1705,4,14,3,6,0,0,0,0,28.5,0,0,0,0,0,0,5,0.0000,0.98,5.89,12.29
180.5,10,575238,0.3019,46.69,194.32,1772,1733,113,10,0,5,0,0,0,0,28.5,0,0,0,0,0,0,4,0.0003,0.00,0.00,0.00
180.75,10,575154,0.3020,47.05,195.07,1813,1738,3,9,1,5,0,0,0,0,28.5,0,0,0,0,0,0,5,0.0002,0.00,0.00,0.00
181,10,575084,0.3020,46.97,195.67,1844,1785,5,11,0,5,0,0,0,0,28.5,0,0,0,0,0,0,5,0.0001,0.00,0.00,0.00
181.25,10,575048,0.3020,47.56,196.17,1795,1771,2,12,0,5,0,0,0,0,28.5,0,0,0,0,0,0,5,0.0001,0.00,0.00,0.00
181.5,10,575001,0.3020,47.66,196.57,1775,1741,8,14,0,7,0,0,0,0,28.5,0,0,0,0,0,0,5,0.0000,0.00,0.00,0.00
181.75,10,574950,0.3020,48.11,196.88,1794,1755,1,12,0,6,0,0,0,0,28.5,0,0,0,0,0,0,4,0.0003,0.00,0.00,0.00
182,10,574793,0.3021,48.42,197.03,1943,1800,4,14,0,6,0,0,0,0,28.5,0,0,0,0,0,0,5,0.0002,0.00,0.00,0.00
182.25,10,574769,0.3021,49.22,197.21,1803,1788,11,9,1,5,0,0,0,0,28.5,0,0,0,0,0,0,5,0.0002,0.93,4.02,12.59
182.5,10,574605,0.3022,50.08,197.40,1863,1718,1517,19,1,6,0,0,0,0,28.5,0,0,0,0,0,0,5,0.0002,0.00,0.00,0.00
182.75,10,574512,0.3022,50.40,197.55,1859,1784,8,18,0,5,0,0,0,0,28.5,0,0,0,0,0,0,5,0.0002,0.00,0.00,0.00
183,10,574323,0.3023,50.55,197.40,1921,1754,6,22,0,6,0,0,0,0,28.5,0,0,0,0,0,0,5,0.0002,0.00,0.00,0.00
183.25,10,574213,0.3023,50.58,197.54,1818,1731,2,23,0,6,0,0,0,0,28.5,0,0,0,0,0,0,5,0.0002,0.00,0.00,0.00
183.5,10,574043,0.3024,50.37,197.74,1893,1744,8,21,0,5,0,0,0,0,28.5,0,0,0,0,0,0,5,0.0002,0.00,0.00,0.00
183.75,10,573896,0.3024,50.08,197.90,1743,1610,6,14,1,8,0,0,0,0,28.5,0,0,0,0,0,0,5,0.0002,0.00,0.00,0.00
184,10,573900,0.3024,50.11,198.06,1688,1707,10,15,0,6,0,0,0,0,28.5,0,0,0,0,0,0,5,0.0003,0.00,0.00,0.00
184.25,10,573719,0.3025,49.16,198.26,1677,1515,10,19,0,6,0,0,0,0,28.5,0,0,0,0,0,0,6,0.0000,0.69,5.38,13.29
184.5,10,573635,0.3025,47.82,198.29,1651,1580,6,13,2,5,0,0,0,0,28.5,0,0,0,0,0,0,5,0.0001,0.00,0.00,0.00
184.75,10,573578,0.3025,46.73,198.47,1642,1602,3,17,0,5,0,0,0,0,28.5,0,0,0,0,0,0,5,0.0001,0.00,0.00,0.00
185,10,573415,0.3026,45.36,194.98,1641,1497,8,20,0,9,0,0,0,0,28.5,0,0,0,0,0,0,5,0.0002,0.00,0.00,0.00
185.25,10,573388,0.3026,45.62,183.37,1613,1595,13,11,1,7,0,0,0,0,28.5,0,0,0,0,0,0,5,0.0003,0.00,0.00,0.00
185.5,10,573268,0.3027,45.14,185.95,1669,1564,13,18,0,8,0,0,0,0,28.5,0,0,0,0,0,0,6,0.0001,0.00,0.00,0.00
185.75,10,573227,0.3027,45.04,187.72,1646,1621,9,16,0,5,0,0,0,0,28.5,0,0,0,0,0,0,5,0.0002,0.00,0.00,0.00
186,10,573169,0.3027,44.55,189.15,1618,1574,10,14,0,6,0,0,0,0,28.5,0,0,0,0,0,0,5,0.0002,0.00,0.00,0.00
186.25,10,573188,0.3027,44.99,190.41,1648,1679,464,12,0,6,0,0,0,1,28.5,0,0,0,0,0,0,6,0.0001,2.21,13.61,22.82
186.5,10,573149,0.3026,44.37,191.58,1676,1658,9,21,0,6,0,0,0,0,28.5,0,0,0,0,0,0,5,0.0002,0.00,0.00,0.00
186.75,10,573089,0.3027,44.38,192.59,1648,1596,4,8,0,6,0,0,0,0,28.5,0,0,0,0,0,0,5,0.0003,0.00,0.00,0.00
187,10,573098,0.3027,44.35,193.32,1661,1682,3,12,0,7,0,0,0,0,28.5,0,0,0,0,0,0,6,0.0001,0.00,0.00,0.00
187.25,10,573077,0.3027,43.42,193.78,1653,1650,9,18,0,7,0,0,0,0,28.5,0,0,0,0,0,0,5,0.0002,0.00,0.00,0.00
187.5,10,573159,0.3026,44.01,194.18,1526,1632,9,24,0,6,0,0,0,0,28.5,0,0,0,0,0,0,6,0.0001,0.00,0.00,0.00
187.75,10,573134,0.3026,43.57,194.30,1620,1616,4,21,0,7,0,0,0,0,28.5,0,0,0,0,0,0,5,0.0002,0.00,0.00,0.00
188,10,573121,0.3026,44.81,194.05,1615,1617,2,15,0,7,0,0,0,0,28.5,0,0,0,0,0,0,6,0.0001,0.00,0.00,0.00
188.25,10,573108,0.3026,44.34,193.77,1628,1639,4,24,0,5,0,0,0,0,28.5,0,0,0,0,0,0,5,0.0002,4.45,16.05,25.84
188.5,10,573146,0.3025,44.66,193.68,1512,1560,0,10,0,6,0,0,0,0,28.5,0,0,0,0,0,0,6,0.0001,0.00,0.00,0.00
188.75,10,573265,0.3025,44.11,193.33,1551,1685,5,15,0,6,0,0,0,0,28.5,0,0,0,0,0,0,5,0.0003,0.00,0.00,0.00
189,10,573269,0.3025,44.61,192.74,1600,1615,0,11,0,8,0,0,0,0,28.5,0,0,0,0,0,0,6,0.0002,0.00,0.00,0.00
189.25,10,573289,0.3024,43.95,192.35,1599,1633,3,14,0,6,0,0,0,0,28.5,0,0,0,0,0,0,6,0.0001,0.00,0.00,0.00
189.5,10,573316,0.3024,44.17,191.41,1606,1645,1,12,0,5,0,0,0,0,28.5,0,0,0,0,0,0,5,0.0003,0.00,0.00,0.00
189.75,10,573326,0.3024,43.12,190.91,1631,1652,5,11,0,7,0,0,0,0,28.5,0,0,0,0,0,0,6,0.0002,0.00,0.00,0.00
190,10,573295,0.3024,42.83,190.40,1647,1626,2,10,0,7,0,0,0,0,28.5,0,0,0,0,0,0,6,0.0001,0.00,0.00,0.00
190.25,10,573358,0.3024,41.64,189.87,1618,1698,2,17,6,6,0,0,0,0,72.8,0,0,0,0,0,0,6,0.0000,3.94,17.14,25.77
190.5,10,573288,0.3024,41.94,188.69,1656,1595,5,9,2,6,0,0,0,0,72.8,0,0,0,0,0,0,5,0.0002,0.00,0.00,0.00
190.75,10,573294,0.3024,41.85,187.93,1595,1619,5,19,4,7,0,0,0,0,72.8,0,0,0,0,0,0,6,0.0001,0.00,0.00,0.00
191,10,573293,0.3023,42.74,187.34,1588,1601,0,14,3,6,0,0,0,0,72.8,0,0,0,0,0,0,6,0.0001,0.00,0.00,0.00
191.25,10,573322,0.3023,42.56,186.77,1539,1580,3,12,1,6,0,0,0,0,72.8,0,0,0,0,0,0,6,0.0000,0.00,0.00,0.00
191.5,10,573387,0.3023,42.88,188.05,1509,1581,1,7,0,7,0,0,0,0,72.8,0,0,0,0,0,0,5,0.0002,0.00,0.00,0.00
191.75,10,573378,0.3023,42.30,189.26,1537,1538,5,10,0,6,0,0,0,0,72.8,0,0,0,0,0,0,6,0.0002,0.00,0.00,0.00
192,10,573461,0.3022,42.54,190.58,1551,1644,0,10,0,8,0,0,0,0,72.8,0,0,0,0,0,0,6,0.0001,0.00,0.00,0.00
192.25,10,573473,0.3022,41.88,191.58,1564,1585,6,9,0,7,0,0,0,0,72.8,0,0,0,0,0,0,6,0.0001,1.73,13.50,27.87
192.5,10,573416,0.3022,41.93,191.88,1565,1525,1,17,0,5,0,0,0,0,72.8,0,0,0,0,0,0,5,0.0003,0.00,0.00,0.00
192.75,10,573447,0.3022,41.61,191.98,1503,1548,6,14,0,7,0,0,0,0,72.8,0,0,0,0,0,0,6,0.0002,0.00,0.00,0.00
193,10,573471,0.3022,41.59,192.12,1474,1511,9,13,0,7,0,0,0,0,72.8,0,0,0,0,0,0,6,0.0002,0.00,0.00,0.00
193.25,10,573468,0.3022,41.02,192.18,1445,1463,11,21,0,8,0,0,0,0,72.8,0,0,0,0,0,0,6,0.0002,0.00,0.00,0.00
193.5,10,573472,0.3022,42.00,191.60,1383,1407,4,20,1,7,0,0,0,0,72.8,0,0,0,0,0,0,6,0.0001,0.00,0.00,0.00
193.75,10,573496,0.3021,41.23,190.50,1289,1329,23527,16,2,6,0,0,0,0,72.8,0,0,0,0,0,0,6,0.0001,0.00,0.00,0.00
194,10,573361,0.3022,41.42,190.27,1521,1403,6,17,3,6,0,0,0,0,72.8,0,0,0,0,0,0,6,0.0001,0.00,0.00,0.00
194.25,10,573403,0.3021,41.55,189.07,1381,1445,6,22,4,11,0,0,0,2,72.8,0,0,0,0,0,0,6,0.0001,0.64,5.17,14.81
194.5,10,573526,0.3021,42.46,188.10,1415,1555,6,18,7,7,0,0,0,2,72.8,0,0,0,0,0,0,6,0.0001,0.00,0.00,0.00
194.75,10,573478,0.3020,33.94,187.37,1458,1430,4,20,5,7,1,1,0,1,72.8,0,0,0,1,0,0,6,0.0001,0.00,0.00,0.00
195,10,573402,0.3021,31.86,186.55,1463,1384,35,4,10,7,0,0,7,1,72.8,0,0,0,0,0,0,6,0.0001,0.00,0.00,0.00
195.25,10,573374,0.3021,31.50,186.68,1399,1398,438,27,8,6,0,0,0,1,72.8,0,0,0,0,0,0,6,0.0002,0.00,0.00,0.00
195.5,10,573332,0.3021,30.83,186.50,1464,1426,3,4,11,7,0,0,0,1,72.8,0,0,0,0,0,0,6,0.0002,0.00,0.00,0.00
195.75,10,573382,0.3020,30.83,186.43,1446,1505,4,9,10,9,0,0,0,1,72.8,0,0,0,0,0,0,6,0.0002,0.00,0.00,0.00
196,10,573369,0.3020,30.46,186.15,1512,1514,2,15,12,9,0,0,0,1,72.8,0,0,0,0,0,0,6,0.0003,0.00,0.00,0.00
196.25,10,573384,0.3020,31.17,185.57,1482,1508,2,11,7,9,0,0,0,0,72.8,0,0,0,0,0,0,6,0.0003,3.68,8.83,28.22
196.5,10,573388,0.3020,31.75,185.28,1507,1520,4,9,8,8,0,0,0,0,72.8,0,0,0,0,0,0,7,0.0000,0.00,0.00,0.00
196.75,10,573397,0.3019,31.82,184.24,1531,1552,3,12,7,6,0,0,0,0,72.8,0,0,0,0,0,0,6,0.0001,0.00,0.00,0.00
197,10,573433,0.3019,31.42,182.81,1478,1528,2,14,9,7,0,0,0,0,72.8,0,0,0,0,0,0,6,0.0001,0.00,0.00,0.00
197.25,10,573412,0.3019,31.11,184.18,1530,1523,2,14,6,7,0,0,0,0,72.8,0,0,0,0,0,0,6,0.0002,0.00,0.00,0.00
197.5,10,573358,0.3019,31.16,186.67,1542,1504,2,16,9,9,0,0,0,0,72.8,0,0,0,0,0,0,6,0.0002,0.00,0.00,0.00
197.75,10,573320,0.3019,31.16,188.78,1550,1521,2,9,5,9,0,0,0,0,72.8,0,0,0,0,0,0,7,0.0000,0.00,0.00,0.00
198,10,573292,0.3019,31.50,190.56,1542,1529,2,15,2,7,0,0,0,0,72.8,0,0,0,0,0,0,6,0.0001,0.00,0.00,0.00
198.25,10,573365,0.3019,31.80,192.05,1499,1579,0,7,2,10,0,0,0,0,72.8,0,0,0,0,0,0,6,0.0001,2.20,10.28,28.49
198.5,10,573290,0.3019,31.71,193.31,1592,1527,2,10,3,6,0,0,0,0,72.8,0,0,0,0,0,0,6,0.0002,0.00,0.00,0.00
198.75,10,573249,0.3019,32.35,194.37,1534,1503,4,11,1,8,0,0,0,0,72.8,0,0,0,0,0,0,6,0.0003,0.00,0.00,0.00
199,10,573190,0.3020,32.62,195.27,1576,1531,3,14,0,8,0,0,0,0,72.8,0,0,0,0,0,0,7,0.0001,0.00,0.00,0.00
199.25,10,573254,0.3019,33.00,195.99,1449,1529,2,16,0,7,0,0,0,0,72.8,0,0,0,0,0,0,6,0.0001,0.00,0.00,0.00
199.5,10,573241,0.3019,33.10,196.62,1478,1473,4,9,0,7,0,0,0,0,72.8,0,0,0,0,0,0,6,0.0002,0.00,0.00,0.00
199.75,10,573283,0.3019,33.01,197.15,1481,1538,2,15,0,8,0,0,0,0,72.8,0,0,0,0,0,0,7,0.0000,0.00,0.00,0.00
200,10,573258,0.3019,32.65,197.59,1537,1521,6,9,0,8,0,0,0,0,72.8,0,0,0,0,0,0,6,0.0001,0.00,0.00,0.00
200.25,10,573133,0.3020,32.42,197.97,1547,1439,2,17,0,7,0,0,0,0,53.8,0,0,0,0,0,0,6,0.0002,3.73,9.25,30.15
200.5,10,573175,0.3019,32.19,198.28,1427,1485,6,16,0,6,0,0,0,0,53.8,0,0,0,0,0,0,6,0.0003,0.00,0.00,0.00
200.75,10,573128,0.3019,31.96,198.55,1426,1396,6,17,0,7,0,0,0,0,53.8,0,0,0,0,0,0,7,0.0001,0.00,0.00,0.00
201,10,573143,0.3019,31.88,198.77,1407,1431,2,9,0,8,0,0,0,0,53.8,0,0,0,0,0,0,6,0.0002,0.00,0.00,0.00
201.25,10,573156,0.3019,32.02,198.96,1376,1400,1,11,0,7,0,0,0,0,53.8,0,0,0,0,0,0,7,0.0000,0.00,0.00,0.00
201.5,10,573148,0.3019,30.55,199.11,1358,1358,2,8,0,7,0,0,0,0,53.8,0,0,0,0,0,0,6,0.0002,0.00,0.00,0.00
201.75,10,573134,0.3019,30.91,199.24,1360,1353,1,7,0,9,0,0,0,0,53.8,0,0,0,0,0,0,6,0.0003,0.00,0.00,0.00
202,10,573151,0.3019,29.69,199.34,1315,1347,3,15,0,9,0,0,0,0,53.8,0,0,0,0,0,0,7,0.0001,0.00,0.00,0.00
202.25,10,573140,0.3019,30.51,199.42,1384,1379,3,6,0,6,0,0,0,0,53.8,0,0,0,0,0,0,6,0.0002,1.17,8.24,23.71
202.5,10,573113,0.3020,29.53,199.48,1395,1374,5,7,0,7,0,0,0,0,53.8,0,0,0,0,0,0,7,0.0001,0.00,0.00,0.00
202.75,10,573115,0.3020,29.53,199.53,1322,1338,2,14,1,8,0,0,0,0,53.8,0,0,0,0,0,0,6,0.0002,0.00,0.00,0.00
203,10,573151,0.3019,28.54,199.53,1319,1363,1,8,2,8,0,0,0,0,53.8,0,0,0,0,0,0,7,0.0000,0.00,0.00,0.00
203.25,10,573142,0.3019,29.30,199.53,1361,1360,2,8,0,6,0,0,0,0,53.8,0,0,0,0,0,0,6,0.0001,0.00,0.00,0.00
203.5,10,573217,0.3019,28.08,199.48,1273,1356,2,8,0,6,0,0,0,0,53.8,0,0,0,0,0,0,6,0.0003,0.00,0.00,0.00
203.75,10,573248,0.3019,28.84,199.48,1228,1268,1568,9,0,7,0,0,0,0,53.8,0,0,0,0,0,0,7,0.0001,0.00,0.00,0.00
204,10,573141,0.3020,29.32,199.20,1427,1329,2,9,0,7,0,0,0,0,53.8,0,0,0,0,0,0,6,0.0002,0.00,0.00,0.00
204.25,10,573185,0.3019,28.77,199.15,1281,1329,0,4,0,7,0,0,0,0,53.8,0,0,0,0,0,0,7,0.0001,2.45,9.88,20.22
204.5,10,573165,0.3020,29.36,198.38,1364,1349,1,5,0,7,0,0,0,0,53.8,0,0,0,0,0,0,6,0.0002,0.00,0.00,0.00
204.75,10,573173,0.3020,29.33,198.57,1351,1369,2,10,0,7,0,0,0,0,53.8,0,0,0,0,0,0,7,0.0000,0.00,0.00,0.00
205,10,573231,0.3019,30.07,198.75,1293,1361,5,10,0,8,0,0,0,0,53.8,0,0,0,0,0,0,6,0.0001,0.00,0.00,0.00
205.25,10,573288,0.3019,29.82,198.90,1259,1325,3,9,0,6,0,0,0,0,53.8,0,0,0,0,0,0,6,0.0002,0.00,0.00,0.00
205.5,10,573320,0.3019,31.40,198.99,1280,1321,0,9,0,7,0,0,0,0,53.8,0,0,0,0,0,0,7,0.0001,0.00,0.00,0.00
205.75,10,573310,0.3019,30.49,199.05,1290,1287,3,7,1,7,0,0,0,0,53.8,0,0,0,0,0,0,6,0.0002,0.00,0.00,0.00
206,10,573319,0.3019,31.18,198.99,1273,1295,2,13,1,11,0,0,0,0,53.8,0,0,0,0,0,0,7,0.0000,0.00,0.00,0.00
206.25,10,573364,0.3019,31.72,198.92,1242,1297,2,10,0,7,0,0,0,0,53.8,0,0,0,0,0,0,6,0.0001,1.51,8.43,17.82
206.5,10,573386,0.3018,31.71,198.86,1246,1275,1,7,2,6,0,0,0,0,53.8,0,0,0,0,0,0,6,0.0002,0.00,0.00,0.00
206.75,10,573399,0.3018,31.08,198.77,1226,1246,1,7,2,9,0,0,0,0,53.8,0,0,0,0,0,0,7,0.0001,0.00,0.00,0.00
207,10,573425,0.3018,31.47,198.80,1241,1278,2,11,2,6,0,0,0,0,53.8,0,0,0,0,0,0,6,0.0002,0.00,0.00,0.00
207.25,10,573468,0.3018,31.31,198.86,1171,1224,0,10,1,8,0,0,0,0,53.8,0,0,0,0,0,0,7,0.0000,0.00,0.00,0.00
207.5,10,573476,0.3018,31.31,198.90,1254,1269,4,7,4,6,0,0,0,0,53.8,0,0,0,0,0,0,6,0.0001,0.00,0.00,0.00
207.75,10,573548,0.3017,31.02,198.91,1149,1230,4,9,4,7,0,0,0,0,53.8,0,0,0,0,0,0,6,0.0002,0.00,0.00,0.00
208,10,573585,0.3017,30.78,198.96,1142,1193,3,14,7,8,0,0,0,0,53.8,0,0,0,0,0,0,7,0.0001,0.00,0.00,0.00
208.25,10,573598,0.3017,30.14,199.06,1136,1157,2,8,13,7,0,0,0,0,53.8,0,0,0,0,0,0,6,0.0002,3.86,10.26,20.80
208.5,10,573595,0.3017,30.29,199.16,1146,1152,5,9,11,7,0,0,0,0,53.8,0,0,0,0,0,0,7,0.0000,0.00,0.00,0.00
208.75,10,573661,0.3016,30.25,199.26,1095,1171,3,10,18,7,0,0,0,0,53.8,0,0,0,0,0,0,6,0.0001,0.00,0.00,0.00
209,10,573751,0.3015,30.36,199.37,1054,1160,3,16,16,7,0,0,0,0,53.8,0,0,0,0,0,0,6,0.0002,0.00,0.00,0.00
209.25,10,573717,0.3015,29.90,199.41,1106,1089,5,18,11,9,0,0,0,0,53.8,0,0,0,0,0,0,7,0.0001,0.00,0.00,0.00
209.5,10,573780,0.3014,30.20,199.46,1086,1161,3,12,11,8,0,0,0,0,53.8,0,0,0,0,0,0,6,0.0002,0.00,0.00,0.00
209.75,10,573805,0.3014,29.58,199.51,1037,1074,6,13,5,9,0,0,0,0,53.8,0,0,0,0,0,0,7,0.0000,0.00,0.00,0.00
210,10,573820,0.3014,30.07,199.56,1046,1079,9,18,4,7,0,0,0,0,53.8,0,0,0,0,0,0,6,0.0002,0.00,0.00,0.00
210.25,10,573858,0.3013,29.78,192.47,1040,1102,5,24,5,8,0,0,0,0,23.0,0,0,0,0,0,0,7,0.0000,2.84,11.37,27.94
210.5,10,573877,0.3013,29.89,192.90,1067,1100,1,14,0,6,0,0,0,0,23.0,0,0,0,0,0,0,6,0.0001,0.00,0.00,0.00
210.75,10,573909,0.3013,29.95,192.53,1001,1042,4,9,1,7,0,0,0,0,23.0,0,0,0,0,0,0,6,0.0003,0.00,0.00,0.00
211,10,573942,0.3013,29.51,193.03,980,1021,5,9,0,8,0,0,0,0,23.0,0,0,0,0,0,0,7,0.0001,0.00,0.00,0.00
211.25,10,574002,0.3012,29.70,193.44,1005,1076,3,11,1,7,0,0,0,0,23.0,0,0,0,0,0,0,6,0.0003,0.00,0.00,0.00
211.5,10,574008,0.3012,29.53,193.77,1007,1023,4,11,0,7,0,0,0,0,23.0,0,0,0,0,0,0,7,0.0001,0.00,0.00,0.00
211.75,10,574016,0.3012,28.14,194.18,1008,1028,3,12,0,8,0,0,0,0,23.0,0,0,0,0,0,0,7,0.0000,0.00,0.00,0.00
212,10,574074,0.3012,29.04,194.56,958,1029,0,13,0,7,0,0,0,0,23.0,0,0,0,0,0,0,6,0.0002,0.00,0.00,0.00
212.25,10,574156,0.3012,28.24,194.92,938,1021,5,3,0,9,0,0,0,0,23.0,0,0,0,0,0,0,7,0.0000,2.35,21.15,57.81
212.5,10,574220,0.3011,28.82,195.32,948,1027,2,15,0,10,0,0,0,0,23.0,0,0,0,0,0,0,6,0.0002,0.00,0.00,0.00
212.75,10,574196,0.3011,26.40,194.77,967,950,6,7,0,8,0,0,0,0,23.0,0,0,0,0,0,0,7,0.0001,0.00,0.00,0.00
213,10,574192,0.3012,26.83,195.07,960,960,5,4,0,6,0,0,0,0,23.0,0,0,0,0,0,0,6,0.0002,0.00,0.00,0.00
213.25,10,574235,0.3011,25.64,194.85,909,962,4,10,0,8,0,0,0,0,23.0,0,0,0,0,0,0,7,0.0001,0.00,0.00,0.00
213.5,10,574215,0.3011,27.68,195.30,905,896,23765,11,0,7,0,0,0,0,23.0,0,0,0,0,0,0,6,0.0003,0.00,0.00,0.00
213.75,10,574121,0.3012,28.09,195.57,1055,976,5,15,0,8,0,0,1,0,23.0,0,0,0,0,0,0,7,0.0001,0.00,0.00,0.00
214,10,574147,0.3012,28.78,195.86,1033,1066,6,7,0,8,0,0,0,0,23.0,0,0,0,0,0,0,7,0.0000,0.00,0.00,0.00
214.25,10,574198,0.3011,26.88,196.11,1048,1113,4,14,0,6,0,0,0,0,23.0,0,0,0,0,0,0,6,0.0002,2.06,10.46,16.70
214.5,10,574279,0.3011,27.90,196.29,1095,1190,5,14,0,8,0,0,0,0,23.0,0,0,0,0,0,0,7,0.0001,0.00,0.00,0.00
214.75,10,574340,0.3011,27.33,196.44,1142,1213,4,10,0,9,0,0,0,0,23.0,0,0,0,0,0,0,6,0.0003,0.00,0.00,0.00
215,10,574475,0.3010,28.96,195.02,1090,1236,3,11,0,9,0,0,0,0,23.0,0,0,0,0,0,0,7,0.0002,0.00,0.00,0.00
215.25,10,574483,0.3010,27.36,194.85,1158,1174,3,8,1,10,0,0,0,0,23.0,0,0,0,0,0,0,7,0.0000,0.00,0.00,0.00
215.5,10,574523,0.3010,28.88,193.85,1173,1221,3,8,2,7,0,0,0,0,23.0,0,0,0,0,0,0,6,0.0002,0.00,0.00,0.00
215.75,10,574652,0.3009,25.93,192.63,1097,1232,5,6,5,8,0,0,0,0,23.0,0,0,0,0,0,0,7,0.0001,0.00,0.00,0.00
216,10,574640,0.3009,24.60,190.69,1204,1204,6,13,2,7,0,0,0,0,23.0,0,0,0,0,0,0,7,0.0000,0.00,0.00,0.00
216.25,10,574590,0.3009,24.25,185.71,1188,1143,1112,5,2,7,0,0,0,0,23.0,0,0,0,0,0,0,6,0.0002,2.48,9.73,43.09
216.5,10,574511,0.3010,24.91,178.77,1280,1215,6,14,0,8,0,0,0,0,23.0,0,0,0,0,0,0,7,0.0001,0.00,0.00,0.00
216.75,10,574608,0.3009,24.10,176.98,1175,1276,0,4,1,7,0,0,0,0,23.0,0,0,0,0,0,0,6,0.0003,0.00,0.00,0.00
217,10,574601,0.3009,24.82,175.77,1242,1248,1,13,0,9,0,0,0,0,23.0,0,0,0,0,0,0,7,0.0001,0.00,0.00,0.00
217.25,10,574680,0.3009,25.64,174.64,1180,1275,3,16,0,8,0,0,0,0,23.0,0,0,0,0,0,0,7,0.0000,0.00,0.00,0.00
217.5,10,574679,0.3009,26.17,175.15,1237,1248,2,12,0,8,0,0,0,0,23.0,0,0,0,0,0,0,6,0.0002,0.00,0.00,0.00
217.75,10,574674,0.3009,27.22,176.89,1316,1324,2,13,0,11,0,0,0,0,23.0,0,0,0,0,0,0,7,0.0001,0.00,0.00,0.00
218,10,574677,0.3009,28.41,180.35,1321,1329,5,7,0,11,0,0,0,0,23.0,0,0,0,0,0,0,7,0.0000,0.00,0.00,0.00
218.25,10,574638,0.3009,28.59,183.25,1327,1306,3,18,0,7,0,0,0,0,23.0,0,0,0,0,0,0,6,0.0002,3.31,12.41,45.03
218.5,10,574613,0.3009,29.93,185.56,1355,1349,2,19,0,8,0,0,0,0,23.0,0,0,0,0,0,0,7,0.0001,0.00,0.00,0.00
218.75,10,574589,0.3009,29.50,187.25,1375,1361,2,10,0,10,0,0,0,0,23.0,0,0,0,0,0,0,7,0.0000,0.00,0.00,0.00
219,10,574646,0.3009,28.72,189.00,1303,1367,1,7,0,12,0,0,0,0,23.0,0,0,0,0,0,0,6,0.0002,0.00,0.00,0.00
219.25,10,574620,0.3009,28.00,190.48,1314,1297,6,9,0,9,0,0,0,0,23.0,0,0,0,0,0,0,7,0.0001,0.00,0.00,0.00
219.5,10,574548,0.3010,28.25,191.81,1371,1311,7,13,0,9,0,0,0,0,23.0,0,0,0,0,0,0,7,0.0000,0.00,0.00,0.00
219.75,10,574517,0.3010,26.99,192.74,1320,1297,5,8,0,8,0,0,0,0,23.0,0,0,0,0,0,0,6,0.0002,0.00,0.00,0.00
220,10,574508,0.3010,26.61,193.45,1303,1306,9,13,0,7,0,0,0,0,23.0,0,0,0,0,0,0,7,0.0002,0.00,0.00,0.00
220.25,10,574483,0.3010,26.76,194.04,1318,1303,7,10,0,9,0,0,0,0,-14.3,0,0,0,0,0,0,7,0.0001,3.33,19.40,48.60
220.5,10,574470,0.3010,25.87,192.14,1308,1301,3,7,0,6,0,0,0,0,-14.3,0,0,0,0,0,0,6,0.0003,0.00,0.00,0.00
220.75,10,574432,0.3010,25.42,190.60,1286,1267,4,19,0,8,0,0,0,0,-14.3,0,0,0,0,0,0,7,0.0002,0.00,0.00,0.00
221,10,574435,0.3010,23.88,191.77,1252,1271,3,16,0,10,0,0,0,0,-14.3,0,0,0,0,0,0,7,0.0001,0.00,0.00,0.00
221.25,10,574383,0.3010,23.82,192.37,1261,1227,5,18,1,8,0,0,0,0,-14.3,0,0,0,0,0,0,7,0.0001,0.00,0.00,0.00
221.5,10,574358,0.3010,23.79,193.45,1153,1148,0,20,0,7,0,0,0,0,-14.3,0,0,0,0,0,0,6,0.0003,0.00,0.00,0.00
221.75,10,574294,0.3011,24.69,194.49,1153,1103,3,14,0,10,0,0,0,0,-14.3,0,0,0,0,0,0,7,0.0002,0.00,0.00,0.00
222,10,574331,0.3010,23.98,195.31,1046,1092,2,9,0,9,0,0,0,0,-14.3,0,0,0,0,0,0,7,0.0001,0.00,0.00,0.00
222.25,10,574311,0.3011,24.98,194.11,1128,1113,1,5,0,8,0,0,0,0,-14.3,0,0,0,0,0,0,7,0.0001,2.67,13.37,36.89
222.5,10,574337,0.3011,26.02,194.24,1114,1145,5,5,0,9,0,0,0,0,-14.3,0,0,0,0,0,1,6,0.0003,0.00,0.00,0.00
222.75,9,574401,0.3010,26.88,192.63,1130,1204,1572,10,0,8,0,0,0,0,-14.3,0,0,0,0,0,1,7,0.0002,0.00,0.00,0.00
223,9,574359,0.3011,29.00,192.02,1241,1205,7,6,0,8,0,0,0,0,-14.3,0,0,0,0,0,0,7,0.0001,0.00,0.00,0.00
223.25,9,574444,0.3010,29.02,192.63,1218,1312,1,9,0,11,0,0,0,0,-14.3,0,0,0,0,0,0,7,0.0000,0.00,0.00,0.00
223.5,9,574498,0.3010,31.20,193.10,1308,1364,1,2,0,9,0,0,0,0,-14.3,0,0,0,0,0,0,6,0.0002,0.00,0.00,0.00
223.75,9,574484,0.3010,30.33,194.14,1365,1357,1,6,0,9,0,0,0,0,-14.3,0,0,0,0,0,0,7,0.0001,0.00,0.00,0.00
224,9,574493,0.3011,31.85,194.59,1315,1328,6,5,0,7,0,0,0,0,-14.3,0,0,0,0,0,0,7,0.0000,0.00,0.00,0.00
224.25,9,574564,0.3010,30.19,194.99,1274,1350,10541,5,0,7,0,0,0,0,-14.3,0,0,0,0,0,0,6,0.0002,2.23,17.70,39.20
224.5,9,574500,0.3011,33.16,194.29,1498,1440,4,6,0,10,0,0,0,0,-14.3,0,0,0,0,0,0,7,0.0001,0.00,0.00,0.00
224.75,9,574564,0.3011,32.13,195.07,1439,1503,0,0,0,7,0,0,0,0,-14.3,0,0,0,0,0,0,7,0.0000,0.00,0.00,0.00
225,9,574559,0.3011,34.46,193.31,1492,1489,1,2,0,7,0,0,0,0,-14.3,0,0,0,0,0,0,6,0.0002,0.00,0.00,0.00
225.25,9,574595,0.3011,32.27,189.06,1500,1537,0,1,0,11,0,0,0,0,-14.3,0,0,0,0,0,0,7,0.0001,0.00,0.00,0.00
225.5,9,574594,0.3011,33.63,188.89,1467,1466,2,0,0,6,0,0,0,0,-14.3,0,0,0,0,0,0,6,0.0002,0.00,0.00,0.00
225.75,9,574504,0.3011,31.44,187.82,1541,1455,3,4,0,8,0,0,0,0,-14.3,0,0,0,0,0,0,7,0.0001,0.00,0.00,0.00
226,9,574501,0.3012,30.29,189.68,1447,1450,4,6,0,7,0,0,0,0,-14.3,0,0,0,0,0,0,6,0.0003,0.00,0.00,0.00
226.25,9,574496,0.3012,29.80,190.28,1423,1422,2,4,0,7,0,0,0,0,-14.3,0,0,0,0,0,0,7,0.0001,3.09,21.09,50.98
226.5,9,574463,0.3012,29.46,191.71,1437,1412,2,8,0,6,0,0,0,0,-14.3,0,0,0,0,0,0,6,0.0003,0.00,0.00,0.00
226.75,9,574367,0.3012,29.46,188.65,1489,1397,0,4,0,7,0,0,0,0,-14.3,0,0,0,0,0,0,7,0.0001,0.00,0.00,0.00
227,9,574297,0.3013,29.67,190.45,1409,1345,1,6,0,9,0,0,0,0,-14.3,0,0,0,0,0,0,6,0.0003,0.00,0.00,0.00
227.25,9,574259,0.3013,30.05,191.95,1381,1351,1,8,0,7,0,0,0,0,-14.3,0,0,0,0,0,0,7,0.0001,0.00,0.00,0.00
227.5,9,574291,0.3013,29.32,193.13,1305,1341,0,4,0,7,0,0,0,0,-14.3,0,0,0,0,0,0,6,0.0003,0.00,0.00,0.00
227.75,9,574302,0.3013,29.49,194.20,1334,1348,0,3,0,7,0,0,0,0,-14.3,0,0,0,0,0,0,7,0.0001,0.00,0.00,0.00
228,9,574320,0.3013,29.54,195.12,1270,1291,0,3,0,8,0,0,0,0,-14.3,0,0,0,0,0,0,6,0.0002,0.00,0.00,0.00
228.25,9,574353,0.3013,29.43,195.89,1314,1349,0,2,0,8,0,0,0,0,-14.3,0,0,0,0,0,0,7,0.0001,2.85,10.68,19.48
228.5,9,574344,0.3013,29.20,196.54,1295,1289,0,3,0,6,0,0,0,0,-14.3,0,0,0,0,0,0,6,0.0002,0.00,0.00,0.00
228.75,9,574311,0.3013,28.68,197.09,1316,1285,0,2,0,7,0,0,0,0,-14.3,0,0,0,0,0,0,6,0.0003,0.00,0.00,0.00
229,9,574351,0.3013,28.34,197.47,1287,1328,0,1,0,9,0,0,0,0,-14.3,0,0,0,0,0,0,7,0.0001,0.00,0.00,0.00
229.25,9,574337,0.3014,28.24,197.82,1269,1256,1,1,0,9,0,0,0,0,-14.3,0,0,0,0,0,0,6,0.0002,0.00,0.00,0.00
229.5,9,574359,0.3014,28.09,198.03,1286,1308,0,0,0,6,0,0,0,0,-14.3,0,0,0,0,0,0,6,0.0003,0.00,0.00,0.00
229.75,9,574387,0.3014,27.61,198.20,1242,1270,3,0,0,9,0,0,0,0,-14.3,0,0,0,0,0,0,7,0.0001,0.00,0.00,0.00
230,9,574399,0.3014,27.30,198.26,1314,1328,0,2,0,6,0,0,0,0,-14.3,0,0,0,0,0,0,6,0.0002,0.00,0.00,0.00
230.25,9,574417,0.3014,27.11,198.40,1266,1287,0,3,0,6,0,0,0,0,-58.5,0,0,0,0,0,0,6,0.0002,3.88,15.53,36.10
230.5,9,574418,0.3014,26.90,198.31,1231,1233,4,1,0,7,0,0,0,0,-58.5,0,0,0,0,0,0,7,0.0000,0.00,0.00,0.00
230.75,9,574449,0.3013,26.95,198.30,1274,1314,4,9,1,7,0,0,0,0,-58.5,0,0,0,0,0,0,6,0.0001,0.00,0.00,0.00
231,9,574475,0.3013,27.24,198.20,1227,1258,4,5,0,7,0,0,0,0,-58.5,0,0,0,0,0,0,6,0.0001,0.00,0.00,0.00
231.25,9,574471,0.3014,27.39,198.27,1285,1283,0,2,0,8,0,0,0,0,-58.5,0,0,0,0,0,0,6,0.0002,0.00,0.00,0.00
231.5,9,574484,0.3014,27.89,198.39,1277,1291,4,1,0,8,0,0,0,0,-58.5,0,0,0,0,0,0,6,0.0002,0.00,0.00,0.00
231.75,9,574524,0.3013,27.84,198.57,1247,1293,1,6,0,7,0,0,0,0,-58.5,0,0,0,0,0,0,6,0.0003,0.00,0.00,0.00
232,9,574535,0.3013,28.12,198.70,1299,1314,1,4,0,11,0,0,0,0,-58.5,0,0,0,0,0,0,7,0.0000,0.00,0.00,0.00
232.25,9,574494,0.3014,28.22,198.82,1306,1270,0,5,0,6,0,0,0,0,-58.5,0,0,0,0,0,0,6,0.0001,2.42,12.19,17.54
232.5,9,574556,0.3013,27.53,198.88,1285,1349,1,2,2,6,0,0,0,0,-58.5,0,0,0,0,0,0,6,0.0001,0.00,0.00,0.00
232.75,9,574522,0.3014,27.37,198.97,1266,1235,9,6,1,6,0,0,0,0,-58.5,0,0,0,0,0,0,6,0.0001,0.00,0.00,0.00
233,9,574565,0.3013,27.18,198.57,1270,1317,5,5,1,7,0,0,0,0,-58.5,0,0,0,0,0,0,6,0.0001,0.00,0.00,0.00
233.25,9,574603,0.3013,26.38,198.11,1237,1278,6,3,1,7,0,0,0,0,-58.5,0,0,0,0,0,0,6,0.0002,0.00,0.00,0.00
233.5,9,574634,0.3013,26.40,198.26,1304,1345,6,10,3,7,0,0,0,0,-58.5,0,0,0,0,0,0,6,0.0002,0.00,0.00,0.00
233.75,9,574630,0.3013,26.57,198.22,1247,1251,8,8,1,7,0,0,0,0,-58.5,0,0,0,0,0,0,6,0.0002,0.00,0.00,0.00
234,9,574637,0.3013,25.84,198.12,1283,1295,0,5,2,8,0,0,0,0,-58.5,0,0,0,0,0,1,6,0.0002,0.00,0.00,0.00
234.25,8,574648,0.3013,25.89,197.98,1247,1263,2,5,4,8,0,0,0,0,-58.5,0,0,0,0,0,1,6,0.0002,3.80,20.96,35.99
234.5,8,574637,0.3013,26.95,198.06,1259,1253,5,5,2,8,0,0,0,0,-58.5,0,0,0,0,0,0,6,0.0003,0.00,0.00,0.00
234.75,8,574625,0.3013,28.30,198.31,1256,1250,3,6,3,6,0,0,0,0,-58.5,0,0,0,0,0,0,6,0.0003,0.00,0.00,0.00
235,8,574728,0.3013,29.46,198.42,1181,1291,7,9,1,8,0,0,0,0,-58.5,0,0,0,0,0,0,7,0.0000,0.00,0.00,0.00
235.25,8,574791,0.3012,30.19,198.43,1187,1251,6,1,2,8,0,0,0,0,-58.5,0,0,0,0,0,0,6,0.0000,0.00,0.00,0.00
235.5,8,574832,0.3012,30.58,198.56,1214,1267,0,12,0,9,0,0,0,0,-58.5,0,0,0,0,0,0,6,0.0000,0.00,0.00,0.00
235.75,8,574874,0.3012,30.73,198.61,1162,1211,2,7,1,6,0,0,0,0,-58.5,0,0,0,0,0,0,6,0.0000,0.00,0.00,0.00
236,8,574954,0.3011,30.49,198.73,1156,1243,0,7,1,6,0,0,0,0,-58.5,0,0,0,0,0,0,6,0.0001,0.00,0.00,0.00
236.25,8,574932,0.3012,31.11,198.68,1250,1230,0,2,1,8,0,0,0,0,-58.5,0,0,0,0,0,0,6,0.0001,4.01,27.25,51.65
236.5,8,574993,0.3011,29.96,198.39,1222,1289,2,6,2,8,0,0,0,0,-58.5,0,0,0,0,0,0,6,0.0001,0.00,0.00,0.00
236.75,8,575000,0.3011,30.67,198.61,1242,1256,0,7,1,7,0,0,0,0,-58.5,0,0,0,0,0,0,6,0.0001,0.00,0.00,0.00
237,8,574967,0.3012,30.04,198.21,1241,1210,1,2,4,6,0,0,0,0,-58.5,0,0,0,0,0,0,6,0.0001,0.00,0.00,0.00
237.25,8,574981,0.3011,30.87,198.19,1242,1266,5,10,7,7,0,0,0,0,-58.5,0,0,0,0,0,0,6,0.0001,0.00,0.00,0.00
237.5,8,575028,0.3011,30.11,198.43,1201,1257,5,10,5,6,0,0,0,0,-58.5,0,0,0,0,0,0,6,0.0001,0.00,0.00,0.00
237.75,8,575019,0.3011,30.85,198.52,1206,1207,4,10,5,7,0,0,0,0,-58.5,0,0,0,0,0,0,6,0.0002,0.00,0.00,0.00
238,8,574985,0.3011,30.08,198.68,1187,1166,5,13,4,6,0,0,0,0,-58.5,0,0,0,0,0,0,6,0.0002,0.00,0.00,0.00
238.25,8,575064,0.3011,30.43,198.76,1160,1252,6,13,2,7,0,0,0,0,-58.5,0,0,0,0,0,0,6,0.0002,5.47,19.50,38.45
238.5,8,575024,0.3011,30.91,198.89,1211,1186,4,15,7,8,0,0,0,0,-58.5,0,0,0,0,0,0,6,0.0002,0.00,0.00,0.00
238.75,8,575044,0.3010,30.94,199.01,1176,1205,5,9,6,7,0,0,0,0,-58.5,0,0,0,0,0,0,6,0.0003,0.00,0.00,0.00
239,8,575033,0.3010,30.98,199.06,1143,1145,5,13,6,8,0,0,0,0,-58.5,0,0,0,0,0,0,7,0.0000,0.00,0.00,0.00
239.25,8,575040,0.3010,31.01,198.88,1157,1174,3,11,9,6,0,0,0,0,-58.5,0,0,0,0,0,0,6,0.0001,0.00,0.00,0.00
239.5,8,575010,0.3010,31.58,198.83,1191,1174,4,13,7,7,0,0,0,0,-58.5,0,0,0,0,0,0,6,0.0001,0.00,0.00,0.00
239.75,8,575032,0.3010,31.26,197.99,1145,1179,2,12,10,9,0,0,0,0,-58.5,0,0,0,0,0,0,6,0.0001,0.00,0.00,0.00
240,8,575064,0.3009,31.80,197.25,1075,1119,2,12,10,6,0,0,0,0,-58.5,0,0,0,0,0,0,6,0.0002,0.00,0.00,0.00
240.25,8,575118,0.3009,31.48,197.26,1084,1146,1,8,8,7,0,0,0,0,-89.2,0,0,0,0,0,0,6,0.0003,5.63,22.99,41.29
240.5,8,575123,0.3009,31.30,196.87,1051,1071,3,15,10,8,0,0,0,0,-89.2,0,0,0,0,0,0,7,0.0000,0.00,0.00,0.00
240.75,8,575136,0.3008,31.26,196.91,1096,1116,6,7,10,6,0,0,0,0,-89.2,0,0,0,0,0,0,6,0.0001,0.00,0.00,0.00
241,8,575128,0.3008,31.61,196.86,1058,1067,3,17,11,7,0,0,0,0,-89.2,0,0,0,0,0,0,6,0.0002,0.00,0.00,0.00
241.25,8,575077,0.3008,31.80,196.04,1081,1042,5,12,11,7,0,0,0,0,-89.2,0,0,0,0,0,0,6,0.0002,0.00,0.00,0.00
241.5,8,575103,0.3008,32.87,195.53,1021,1062,2,15,7,8,0,0,0,0,-89.2,0,0,0,0,0,0,7,0.0000,0.00,0.00,0.00
241.75,8,575068,0.3008,33.29,195.33,1084,1059,3,10,12,8,0,0,0,0,-89.2,0,0,0,0,0,0,6,0.0001,0.00,0.00,0.00
242,8,575151,0.3007,34.58,194.55,997,1089,1,9,5,6,0,0,0,0,-89.2,0,0,0,0,0,0,6,0.0002,0.00,0.00,0.00
242.25,8,575203,0.3007,35.17,193.82,1003,1069,0,14,12,6,0,0,0,0,-89.2,0,0,0,0,0,0,6,0.0003,3.27,12.44,26.62
242.5,8,575167,0.3007,36.66,193.67,1052,1026,1,10,7,7,0,0,0,0,-89.2,0,0,0,0,0,0,7,0.0001,0.00,0.00,0.00
242.75,8,575176,0.3007,37.19,192.70,1033,1049,4,7,6,8,0,0,0,0,-89.2,0,0,0,0,0,0,6,0.0002,0.00,0.00,0.00
243,8,575162,0.3007,38.30,192.92,1036,1034,2,12,3,6,0,0,0,0,-89.2,0,0,0,0,0,0,6,0.0003,0.00,0.00,0.00
243.25,8,575154,0.3007,39.03,192.59,1060,1057,2,5,6,9,0,0,0,0,-89.2,0,0,0,0,0,0,7,0.0001,0.00,0.00,0.00
243.5,8,575109,0.3007,40.68,189.94,1070,1032,2,7,8,8,0,0,0,0,-89.2,0,0,0,0,0,0,6,0.0001,0.00,0.00,0.00
243.75,8,575132,0.3007,41.46,184.55,1063,1093,4,8,3,6,0,0,0,0,-89.2,0,0,0,0,0,0,6,0.0002,0.00,0.00,0.00
244,8,575137,0.3007,41.51,174.84,1051,1060,0,4,3,7,0,0,0,0,-89.2,0,0,0,0,0,0,7,0.0000,0.00,0.00,0.00
244.25,8,575146,0.3006,42.10,178.49,1135,1153,4,10,6,8,0,0,0,0,-89.2,0,0,0,0,0,0,6,0.0001,2.47,11.80,18.56
244.5,8,575165,0.3006,42.51,181.90,1095,1124,4,11,6,7,0,0,0,0,-89.2,0,0,0,0,0,0,6,0.0002,0.00,0.00,0.00
244.75,8,575203,0.3006,43.35,184.66,1151,1200,6,11,6,11,0,0,0,0,-89.2,0,0,0,0,0,0,7,0.0000,0.00,0.00,0.00
245,8,575176,0.3006,43.55,186.90,1206,1192,9,13,7,9,0,0,0,0,-89.2,0,0,0,0,0,0,6,0.0001,0.00,0.00,0.00
245.25,8,575123,0.3006,44.14,188.85,1223,1192,4,22,5,7,0,0,0,0,-89.2,0,0,0,0,0,0,6,0.0002,0.00,0.00,0.00
245.5,8,575172,0.3006,44.62,190.58,1198,1250,34686,3,9,9,0,0,0,0,-89.2,0,0,0,0,0,0,7,0.0001,0.00,0.00,0.00
245.75,8,574849,0.3007,42.94,192.05,1546,1226,2,3,3,6,0,0,0,0,-89.2,0,0,0,0,0,0,6,0.0002,0.00,0.00,0.00
246,8,574866,0.3007,42.46,193.29,1374,1393,2,2,7,6,0,0,0,0,-89.2,0,0,0,0,0,0,6,0.0003,0.00,0.00,0.00
246.25,8,574732,0.3008,42.27,194.30,1619,1489,2,4,4,8,0,0,0,0,-89.2,0,0,0,0,0,0,7,0.0001,1.72,11.05,20.60
246.5,8,574762,0.3008,42.23,195.07,1414,1451,2,7,4,6,0,0,0,0,-89.2,0,0,0,0,0,0,6,0.0002,0.00,0.00,0.00
246.75,8,574649,0.3008,42.54,195.59,1569,1462,1,6,3,8,0,0,0,0,-89.2,0,0,0,0,0,0,7,0.0000,0.00,0.00,0.00
247,8,574648,0.3008,43.17,196.18,1516,1515,0,0,6,7,0,0,0,0,-89.2,0,0,0,0,0,0,6,0.0001,0.00,0.00,0.00
247.25,8,574538,0.3009,43.63,196.66,1586,1476,0,0,4,7,0,0,0,0,-89.2,0,0,0,0,0,0,6,0.0002,0.00,0.00,0.00
247.5,8,574494,0.3009,44.40,196.94,1566,1527,0,5,3,9,0,0,0,0,-89.2,0,0,0,0,0,0,6,0.0003,0.00,0.00,0.00
247.75,8,574411,0.3010,44.92,197.38,1645,1563,0,1,3,8,0,0,0,0,-89.2,0,0,0,0,0,0,7,0.0001,0.00,0.00,0.00
248,8,574301,0.3010,45.38,197.67,1646,1537,0,1,4,7,0,0,0,0,-89.2,0,0,0,0,0,0,6,0.0002,0.00,0.00,0.00
248.25,8,574252,0.3011,45.50,197.93,1621,1574,0,2,1,10,0,0,0,0,-89.2,0,0,0,0,0,0,6,0.0002,2.29,11.85,30.08
248.5,8,574271,0.3011,45.35,198.23,1502,1524,1,3,6,8,0,0,0,0,-89.2,0,0,0,0,0,0,7,0.0000,0.00,0.00,0.00
248.75,8,574201,0.3011,45.01,198.32,1642,1575,1,3,1,7,0,0,0,0,-89.2,0,0,0,0,0,0,6,0.0001,0.00,0.00,0.00
249,8,574025,0.3012,44.20,198.25,1671,1500,0,5,4,8,0,0,0,0,-89.2,0,0,0,0,0,0,6,0.0001,0.00,0.00,0.00
249.25,8,573966,0.3013,43.27,198.06,1545,1487,1,1,5,8,0,0,0,0,-89.2,0,0,0,0,0,0,6,0.0002,0.00,0.00,0.00
249.5,8,573867,0.3013,43.13,196.62,1554,1461,2,6,15,7,0,0,0,0,-89.2,0,0,0,0,0,0,6,0.0003,0.00,0.00,0.00
249.75,8,573753,0.3014,43.81,196.83,1583,1474,5,5,8,9,0,0,0,0,-89.2,0,0,0,0,0,0,7,0.0000,0.00,0.00,0.00
250,8,573746,0.3014,45.24,196.11,1471,1468,4,4,5,7,0,0,0,0,-89.2,0,0,0,0,0,0,6,0.0001,0.00,0.00,0.00
250.25,8,573691,0.3014,46.00,195.44,1512,1458,6,1,7,7,0,0,0,1,-90.1,0,0,0,0,0,0,6,0.0001,3.54,13.19,44.94
250.5,8,573638,0.3014,45.57,196.07,1564,1515,2,4,4,6,0,0,0,0,-90.1,0,0,0,0,0,0,6,0.0002,0.00,0.00,0.00
250.75,8,573612,0.3014,46.81,196.49,1577,1555,3,4,4,6,0,0,0,0,-90.1,0,0,0,0,0,0,6,0.0002,0.00,0.00,0.00
251,8,573532,0.3015,46.31,196.05,1580,1506,5,6,3,7,0,0,0,0,-90.1,0,0,0,0,0,0,6,0.0003,0.00,0.00,0.00
251.25,8,573489,0.3015,45.76,194.46,1597,1558,1,4,0,7,0,0,0,0,-90.1,0,0,0,0,0,0,6,0.0003,0.00,0.00,0.00
251.5,8,573452,0.3016,47.13,194.82,1596,1559,4,0,5,7,0,0,0,0,-90.1,0,0,0,0,0,0,7,0.0000,0.00,0.00,0.00
251.75,8,573436,0.3015,46.17,195.51,1593,1583,4,6,8,7,0,0,0,0,-90.1,0,0,0,0,0,0,6,0.0000,0.00,0.00,0.00
252,8,573362,0.3016,45.30,194.15,1614,1544,4,4,6,7,0,0,0,0,-90.1,0,0,0,0,0,0,6,0.0001,0.00,0.00,0.00
252.25,8,573202,0.3017,46.50,191.57,1635,1478,4,3,5,7,0,0,0,0,-90.1,0,0,0,0,0,0,6,0.0001,3.27,16.97,60.19
252.5,8,573124,0.3017,45.00,186.23,1641,1568,6,5,7,6,0,0,0,0,-90.1,0,0,0,0,0,0,6,0.0001,0.00,0.00,0.00
252.75,8,573058,0.3017,43.86,187.84,1545,1488,6,9,4,7,0,0,0,0,-90.1,0,0,0,0,0,0,6,0.0001,0.00,0.00,0.00
253,8,572947,0.3018,43.73,188.47,1544,1443,11,10,3,7,0,0,0,0,-90.1,0,0,0,0,0,0,6,0.0001,0.00,0.00,0.00
253.25,8,572867,0.3018,41.94,189.99,1458,1398,7,21,6,6,0,0,0,0,-90.1,0,0,0,0,0,0,6,0.0002,0.00,0.00,0.00
253.5,8,572714,0.3019,40.92,190.73,1428,1294,9,20,2,7,0,0,0,0,-90.1,0,0,0,0,0,0,6,0.0002,0.00,0.00,0.00
253.75,8,572701,0.3019,39.49,191.96,1314,1322,8,22,4,8,0,0,0,0,-90.1,0,0,0,0,0,0,6,0.0002,0.00,0.00,0.00
254,8,572629,0.3019,40.26,192.68,1286,1232,12,19,7,6,0,0,0,0,-90.1,0,0,0,0,0,0,6,0.0003,0.00,0.00,0.00
254.25,8,572559,0.3019,38.92,192.45,1234,1184,5,20,5,7,0,0,0,0,-90.1,0,0,0,0,0,0,7,0.0000,3.48,17.90,48.93
254.5,8,572505,0.3019,38.57,192.87,1157,1123,2,20,5,8,0,0,0,0,-90.1,0,0,0,0,0,0,6,0.0001,0.00,0.00,0.00
254.75,8,572557,0.3018,38.39,192.27,1078,1141,1,11,1,6,0,0,0,0,-90.1,0,0,0,0,0,0,6,0.0002,0.00,0.00,0.00
255,8,572604,0.3018,38.82,193.33,1063,1110,4,0,5,8,0,0,0,0,-90.1,0,0,0,0,0,0,6,0.0002,0.00,0.00,0.00
255.25,8,572569,0.3018,38.64,193.72,1020,990,4,5,1,7,0,0,0,0,-90.1,0,0,0,0,0,0,6,0.0003,0.00,0.00,0.00
255.5,8,572589,0.3018,39.56,193.93,966,992,1,6,8,8,0,0,0,0,-90.1,0,0,0,0,0,0,7,0.0000,0.00,0.00,0.00
255.75,8,572608,0.3018,39.25,193.18,991,1018,0,8,2,9,0,0,0,0,-90.1,0,0,0,0,0,0,6,0.0001,0.00,0.00,0.00
256,8,572614,0.3018,39.22,194.24,1013,1021,2,2,4,7,0,0,0,0,-90.1,0,0,0,0,0,0,6,0.0001,0.00,0.00,0.00
256.25,8,572653,0.3018,39.20,195.09,1006,1050,0,5,3,6,0,0,0,1,-90.1,0,0,0,0,0,0,6,0.0002,2.36,16.63,50.30
256.5,8,572650,0.3018,39.24,195.12,1087,1084,1,0,7,8,0,0,0,1,-90.1,0,0,0,0,0,0,6,0.0002,0.00,0.00,0.00
256.75,8,572721,0.3018,38.60,195.08,1038,1112,1,3,3,7,0,0,0,1,-90.1,0,0,0,0,0,0,6,0.0003,0.00,0.00,0.00
257,8,572647,0.3018,38.98,194.55,1081,1009,2,2,3,6,0,0,0,1,-90.1,0,0,0,0,0,0,6,0.0003,0.00,0.00,0.00
257.25,8,572672,0.3018,39.40,194.12,1030,1057,3,2,0,8,0,0,0,1,-90.1,0,0,0,0,0,0,7,0.0000,0.00,0.00,0.00
257.5,8,572683,0.3018,40.92,193.95,1038,1056,6,7,5,7,0,0,0,1,-90.1,0,0,0,0,0,0,6,0.0001,0.00,0.00,0.00
257.75,8,572734,0.3018,41.74,194.55,1030,1094,5,13,4,8,0,0,0,1,-90.1,0,0,0,0,0,0,6,0.0001,0.00,0.00,0.00
258,8,572746,0.3017,42.97,195.36,1102,1127,10,13,9,9,0,0,0,1,-90.1,0,0,0,0,0,0,6,0.0001,0.00,0.00,0.00
258.25,8,572797,0.3017,42.04,195.54,1016,1074,983,7,3,7,0,0,0,1,-90.1,0,0,0,0,0,0,6,0.0002,2.93,14.05,20.05
258.5,8,572716,0.3017,42.43,196.22,1185,1109,2,5,10,6,0,0,0,1,-90.1,0,0,0,0,0,0,6,0.0002,0.00,0.00,0.00
258.75,8,572736,0.3017,41.31,194.92,1140,1163,5,4,4,6,0,0,0,1,-90.1,0,0,0,0,0,0,6,0.0002,0.00,0.00,0.00
259,8,572698,0.3017,40.75,195.16,1215,1182,1,5,5,6,0,0,0,1,-90.1,0,0,0,0,0,0,6,0.0003,0.00,0.00,0.00
259.25,8,572704,0.3017,39.65,193.47,1184,1200,3,10,0,7,0,0,0,1,-90.1,0,0,0,0,0,0,6,0.0003,0.00,0.00,0.00
259.5,8,572669,0.3018,38.92,193.71,1232,1200,4,3,1,8,0,0,0,1,-90.1,0,0,0,0,0,0,7,0.0000,0.00,0.00,0.00
259.75,8,572732,0.3017,37.70,193.88,1177,1257,1,17,0,8,0,0,0,1,-90.1,0,0,0,0,0,0,6,0.0000,0.00,0.00,0.00
260,8,572687,0.3017,37.43,191.82,1225,1189,6,9,3,7,0,0,0,1,-90.1,0,0,0,0,0,0,6,0.0000,0.00,0.00,0.00
260.25,8,572700,0.3017,36.06,191.95,1113,1140,3,14,2,6,0,0,0,1,-83.4,0,0,0,0,0,0,6,0.0000,3.69,13.73,26.34
260.5,8,572700,0.3017,36.25,192.03,1101,1104,4,4,3,7,0,0,0,1,-83.4,0,0,0,0,0,0,6,0.0001,0.00,0.00,0.00
260.75,8,572741,0.3017,35.71,192.18,1089,1139,5,9,1,8,0,0,0,1,-83.4,0,0,0,0,0,0,6,0.0001,0.00,0.00,0.00
261,8,572740,0.3017,35.50,189.60,1099,1107,3,9,3,9,0,0,0,1,-83.4,0,0,0,0,0,0,6,0.0001,0.00,0.00,0.00
261.25,8,572722,0.3017,34.69,190.93,1119,1114,3,13,0,6,0,0,0,1,-83.4,0,0,0,0,0,0,6,0.0001,0.00,0.00,0.00
261.5,8,572723,0.3017,33.09,192.21,1107,1118,2,10,0,9,0,0,0,1,-83.4,0,0,0,0,0,0,6,0.0001,0.00,0.00,0.00
261.75,8,572766,0.3017,33.54,191.17,1048,1109,2,18,0,6,0,0,0,1,-83.4,0,0,0,0,0,0,6,0.0001,0.00,0.00,0.00
262,8,572733,0.3017,31.97,191.38,1074,1049,2,8,2,8,0,0,0,1,-83.4,0,0,0,0,0,0,6,0.0001,0.00,0.00,0.00
262.25,8,572723,0.3017,30.83,191.78,1025,1026,3,11,1,8,0,0,0,1,-83.4,0,0,0,0,0,0,6,0.0002,2.25,10.20,29.78
262.5,8,572787,0.3016,29.22,186.53,1025,1110,0,21,0,6,0,0,0,1,-83.4,0,0,0,0,0,0,6,0.0002,0.00,0.00,0.00
262.75,8,572754,0.3016,28.26,187.64,1036,1018,3,16,3,6,0,0,0,1,-83.4,0,0,0,0,0,0,6,0.0003,0.00,0.00,0.00
263,8,572736,0.3016,27.08,188.71,1023,1020,4,15,0,9,0,0,0,1,-83.4,0,0,0,0,0,0,7,0.0000,0.00,0.00,0.00
263.25,8,572730,0.3016,26.32,189.71,970,976,2,12,1,7,0,0,0,1,-83.4,0,0,0,0,0,0,6,0.0001,0.00,0.00,0.00
263.5,8,572713,0.3016,25.49,189.89,1001,990,1,6,4,7,0,0,0,1,-83.4,0,0,0,0,0,0,6,0.0001,0.00,0.00,0.00
263.75,8,572704,0.3017,24.64,191.21,975,974,4,8,1,7,0,0,0,1,-83.4,0,0,0,0,0,0,6,0.0002,0.00,0.00,0.00
264,8,572724,0.3016,23.94,192.55,915,951,2,16,2,6,0,0,0,1,-83.4,0,0,0,0,0,0,6,0.0002,0.00,0.00,0.00
264.25,8,572639,0.3017,23.10,193.70,936,861,3,10,2,7,0,0,0,2,-83.4,0,0,0,0,0,0,7,0.0000,1.33,4.93,22.74
264.5,8,572710,0.3016,22.07,194.12,866,952,1,15,5,7,0,0,0,2,-83.4,0,0,0,0,0,0,6,0.0001,0.00,0.00,0.00
264.75,8,572692,0.3016,21.46,194.67,885,891,4,24,3,7,0,0,0,2,-83.4,0,0,0,0,0,0,6,0.0001,0.00,0.00,0.00
265,8,572705,0.3016,20.67,193.69,889,912,1,10,2,7,0,0,0,2,-83.4,0,0,0,0,0,0,6,0.0002,0.00,0.00,0.00
265.25,8,572728,0.3015,20.20,183.03,852,890,2,15,3,9,0,0,0,2,-83.4,0,0,0,0,0,0,7,0.0000,0.00,0.00,0.00
265.5,8,572744,0.3015,19.52,175.23,909,936,1,11,3,9,0,0,0,2,-83.4,0,0,0,0,0,0,6,0.0001,0.00,0.00,0.00
265.75,8,572774,0.3015,19.56,166.66,831,875,2,14,3,6,0,0,0,2,-83.4,0,0,0,0,0,0,6,0.0002,0.00,0.00,0.00
266,8,572790,0.3015,19.46,165.85,889,919,0,14,4,9,0,0,0,2,-83.4,0,0,0,0,0,0,6,0.0003,0.00,0.00,0.00
266.25,8,572842,0.3014,19.60,163.36,852,921,3,17,3,8,0,0,0,2,-83.4,0,0,0,0,0,0,7,0.0001,2.48,16.60,31.05
266.5,8,572873,0.3014,19.74,159.17,871,917,1,15,2,6,0,0,0,2,-83.4,0,0,0,0,0,0,6,0.0002,0.00,0.00,0.00
266.75,8,572921,0.3014,20.58,163.90,841,911,2,22,1,7,0,0,0,2,-83.4,0,0,0,0,0,0,7,0.0000,0.00,0.00,0.00
267,8,572959,0.3013,20.61,169.25,842,892,1,12,3,8,0,0,0,2,-83.4,0,0,0,0,0,0,6,0.0002,0.00,0.00,0.00
267.25,8,572966,0.3013,21.34,167.72,895,924,1,22,0,7,0,0,0,2,-83.4,0,0,0,0,0,0,7,0.0000,0.00,0.00,0.00
267.5,8,572935,0.3013,21.31,169.81,914,903,0,20,7,6,0,0,0,2,-83.4,0,0,0,0,0,0,6,0.0001,0.00,0.00,0.00
267.75,8,572953,0.3013,22.17,171.83,856,886,2,12,1,6,0,0,0,2,-83.4,0,0,0,0,0,0,6,0.0003,0.00,0.00,0.00
268,8,573021,0.3012,22.17,165.30,828,904,1,8,6,11,0,0,0,2,-83.4,0,0,0,0,0,0,7,0.0001,0.00,0.00,0.00
268.25,8,572989,0.3012,23.11,170.50,893,876,0,15,1,8,0,0,0,2,-83.4,0,0,0,0,0,0,7,0.0000,3.22,16.79,26.57
268.5,8,573059,0.3012,23.07,174.78,866,948,0,12,4,6,0,0,0,2,-83.4,0,0,0,0,0,0,6,0.0002,0.00,0.00,0.00
268.75,8,573089,0.3011,23.70,163.57,862,904,0,12,0,8,0,0,0,2,-83.4,0,0,0,0,0,0,7,0.0000,0.00,0.00,0.00
269,8,573126,0.3011,23.96,164.20,845,898,3,16,3,6,0,0,0,2,-83.4,0,0,0,0,0,0,6,0.0002,0.00,0.00,0.00
269.25,8,573138,0.3011,24.67,169.46,882,906,2,12,2,7,0,0,0,2,-83.4,0,0,0,0,0,0,7,0.0001,0.00,0.00,0.00
269.5,8,573164,0.3011,24.75,163.13,843,880,1,11,5,8,0,0,0,2,-83.4,0,0,0,0,0,0,6,0.0002,0.00,0.00,0.00
269.75,8,573176,0.3010,25.48,164.30,860,890,0,18,0,7,0,0,0,2,-83.4,0,0,0,0,0,0,7,0.0001,0.00,0.00,0.00
270,8,573254,0.3010,25.73,162.37,848,941,2,15,0,7,0,0,0,2,-83.4,0,0,0,0,0,1,7,0.0000,0.00,0.00,0.00
270.25,7,573337,0.3009,26.33,101.26,790,886,1,13,2,8,0,0,0,2,-120.4,0,0,0,0,0,1,6,0.0002,2.14,8.46,23.86
270.5,7,573356,0.3009,26.59,101.91,794,823,2,10,3,7,0,0,0,2,-120.4,0,0,0,0,0,0,7,0.0001,0.00,0.00,0.00
270.75,7,573379,0.3009,27.13,102.74,834,869,1,12,2,7,0,0,0,2,-120.4,0,0,0,0,0,0,6,0.0003,0.00,0.00,0.00
271,7,573346,0.3009,27.33,104.06,856,839,2,16,0,9,0,0,0,2,-120.4,0,0,0,0,0,0,7,0.0002,0.00,0.00,0.00
271.25,7,573378,0.3009,27.73,104.81,775,819,1,12,0,9,0,0,0,2,-120.4,0,0,0,0,0,0,7,0.0001,0.00,0.00,0.00
271.5,7,573423,0.3008,28.23,104.86,801,856,0,10,0,6,0,0,0,2,-120.4,0,0,0,0,0,0,6,0.0003,0.00,0.00,0.00
271.75,7,573497,0.3008,28.45,106.17,784,870,2,12,0,7,0,0,0,2,-120.4,0,0,0,0,0,0,7,0.0002,0.00,0.00,0.00
272,7,573506,0.3008,28.77,106.88,830,850,1,11,0,7,0,0,0,2,-120.4,0,0,0,0,0,0,7,0.0001,0.00,0.00,0.00
272.25,7,573520,0.3008,29.14,106.88,804,832,4,14,1,9,0,0,0,2,-120.4,0,0,0,0,0,0,6,0.0003,2.60,10.18,25.95
272.5,7,573606,0.3007,29.11,106.62,774,875,1,15,0,8,0,0,0,2,-120.4,0,0,0,0,0,0,7,0.0002,0.00,0.00,0.00
272.75,7,573649,0.3007,29.13,107.02,807,865,0,15,2,7,0,0,0,2,-120.4,0,0,0,0,0,0,7,0.0001,0.00,0.00,0.00
273,7,573652,0.3007,29.60,107.24,799,810,1,8,1,7,0,0,0,2,-120.4,0,0,0,0,0,0,7,0.0000,0.00,0.00,0.00
273.25,7,573680,0.3007,30.04,107.16,812,849,0,9,2,6,0,0,0,2,-120.4,0,0,0,0,0,0,6,0.0002,0.00,0.00,0.00
273.5,7,573703,0.3007,30.51,106.92,815,850,2,13,0,11,0,0,0,2,-120.4,0,0,0,0,0,0,7,0.0002,0.00,0.00,0.00
273.75,7,573726,0.3007,30.73,106.89,833,864,1,8,0,7,0,0,0,2,-120.4,0,0,0,0,0,0,7,0.0001,0.00,0.00,0.00
274,7,573718,0.3007,31.24,107.23,869,869,0,8,0,8,0,0,0,2,-120.4,0,0,0,0,0,0,7,0.0000,0.00,0.00,0.00
274.25,7,573791,0.3006,30.95,107.25,836,920,1,11,0,6,0,0,0,2,-120.4,0,0,0,0,0,0,6,0.0002,3.31,21.65,35.65
274.5,7,573822,0.3006,31.01,107.03,881,926,2,14,0,7,0,0,0,2,-120.4,0,0,0,0,0,0,7,0.0001,0.00,0.00,0.00
274.75,7,573861,0.3006,31.58,107.34,812,864,1,13,0,8,0,0,0,2,-120.4,0,0,0,0,0,0,7,0.0001,0.00,0.00,0.00
275,7,573886,0.3006,31.37,107.53,888,929,0,16,0,8,0,0,0,2,-120.4,0,0,0,0,0,0,7,0.0000,0.00,0.00,0.00
275.25,7,573892,0.3006,31.62,106.87,914,931,1,11,0,6,0,0,0,2,-120.4,0,0,0,0,0,0,6,0.0002,0.00,0.00,0.00
275.5,7,573931,0.3005,32.47,106.87,849,898,1,10,0,8,0,0,0,2,-120.4,0,0,0,0,0,0,7,0.0002,0.00,0.00,0.00
275.75,7,573904,0.3006,32.79,106.20,931,919,0,15,0,8,0,0,0,2,-120.4,0,0,0,0,0,0,7,0.0001,0.00,0.00,0.00
276,8,573920,0.3005,33.72,104.92,878,903,0,9,0,7,1,0,0,1,-120.4,0,0,0,0,0,0,7,0.0000,0.00,0.00,0.00
276.25,8,573935,0.3005,33.62,97.80,948,975,0,12,0,6,0,0,3,1,-120.4,0,0,0,0,0,0,6,0.0003,5.20,28.37,43.92
276.5,8,573845,0.3006,34.25,99.99,967,888,0,11,1,7,0,0,0,1,-120.4,0,0,0,0,0,1,7,0.0002,0.00,0.00,0.00
276.75,8,573816,0.3006,34.12,101.31,992,973,2,10,0,8,0,0,0,1,-120.4,0,0,0,0,0,1,7,0.0002,0.00,0.00,0.00
277,7,573855,0.3006,34.61,104.24,1003,1052,2,10,0,8,0,0,0,1,-120.4,0,0,0,0,0,1,7,0.0001,0.00,0.00,0.00
277.25,7,573821,0.3006,34.55,105.69,990,968,1,12,0,8,0,0,0,1,-120.4,0,0,0,0,0,0,7,0.0000,0.00,0.00,0.00
277.5,7,573847,0.3006,34.94,108.00,987,1023,2,10,0,7,0,0,0,1,-120.4,0,0,0,0,0,0,6,0.0003,0.00,0.00,0.00
277.75,7,573851,0.3006,35.25,109.41,971,986,1,11,1,8,0,0,0,1,-120.4,0,0,0,0,0,0,7,0.0002,0.00,0.00,0.00
278,7,573824,0.3006,35.67,111.44,1035,1018,1,10,1,7,0,0,0,1,-120.4,0,0,0,0,0,0,7,0.0002,0.00,0.00,0.00
278.25,7,573824,0.3006,35.72,112.56,1028,1040,3,12,1,7,0,0,0,0,-120.4,0,0,0,0,0,0,7,0.0001,3.17,32.08,47.36
278.5,7,573819,0.3006,36.21,113.32,1038,1041,0,8,0,7,0,0,0,0,-120.4,0,0,0,0,0,0,7,0.0001,0.00,0.00,0.00
278.75,7,573819,0.3006,37.27,114.08,1060,1070,23434,10,1,7,0,0,0,0,-120.4,0,0,0,0,0,0,7,0.0001,0.00,0.00,0.00
279,7,573671,0.3007,39.52,122.14,1252,1112,0,8,1,10,0,0,0,0,-120.4,0,0,0,0,0,0,7,0.0000,0.00,0.00,0.00
279.25,7,573679,0.3007,40.73,119.32,1232,1248,2,8,0,7,0,0,0,0,-120.4,0,0,0,0,0,0,6,0.0003,0.00,0.00,0.00
279.5,7,573747,0.3006,42.30,117.33,1266,1344,3,10,0,10,0,0,0,0,-120.4,0,0,0,0,0,0,7,0.0002,0.00,0.00,0.00
279.75,7,573773,0.3006,43.84,122.55,1302,1336,0,8,2,10,0,0,0,0,-120.4,0,0,0,0,0,0,7,0.0002,0.00,0.00,0.00
280,7,573738,0.3006,44.87,120.31,1355,1326,5,7,4,8,0,0,0,0,-120.4,0,0,0,0,0,0,7,0.0001,0.00,0.00,0.00
280.25,7,573716,0.3006,45.87,126.47,1385,1378,3,15,1,10,0,0,0,0,-130.7,0,0,0,0,0,0,7,0.0001,1.32,4.01,9.74
280.5,7,573712,0.3006,46.76,121.76,1375,1380,2,9,3,9,0,0,0,0,-130.7,0,0,0,0,0,0,7,0.0001,0.00,0.00,0.00
280.75,7,573786,0.3006,47.06,118.43,1379,1460,2,8,4,10,0,0,0,0,-130.7,0,0,0,0,0,0,7,0.0000,0.00,0.00,0.00
281,7,573743,0.3006,47.34,109.32,1441,1408,3,10,3,7,0,0,0,0,-130.7,0,0,0,0,0,0,6,0.0003,0.00,0.00,0.00
281.25,7,573711,0.3006,47.62,107.52,1438,1414,7,8,3,9,0,0,0,0,-130.7,0,0,0,0,0,0,7,0.0002,0.00,0.00,0.00
281.5,7,573733,0.3006,47.80,106.68,1383,1417,4,12,3,9,0,0,0,0,-130.7,0,0,0,0,0,0,7,0.0002,0.00,0.00,0.00
281.75,7,573707,0.3006,47.48,105.02,1395,1387,5,18,4,9,0,0,0,0,-130.7,0,0,0,0,0,0,7,0.0001,0.00,0.00,0.00
282,7,573662,0.3006,47.75,101.84,1387,1363,8,21,3,8,0,0,0,0,-130.7,0,0,0,0,0,0,7,0.0001,0.00,0.00,0.00
282.25,7,573657,0.3006,47.42,98.51,1327,1345,1,23,2,10,0,0,0,0,-130.7,0,0,0,0,0,0,7,0.0000,0.51,6.02,15.67
282.5,7,573600,0.3006,46.84,96.44,1342,1300,0,15,1,10,0,0,0,0,-130.7,0,0,0,0,0,0,7,0.0000,0.00,0.00,0.00
282.75,7,573541,0.3006,46.43,93.50,1345,1305,5,19,0,6,0,0,0,0,-130.7,0,0,0,0,0,0,6,0.0003,0.00,0.00,0.00
283,7,573551,0.3006,45.73,91.70,1259,1282,2,13,3,8,0,0,0,0,-130.7,0,0,0,0,0,0,7,0.0002,0.00,0.00,0.00
283.25,7,573552,0.3006,45.05,88.94,1199,1213,1,13,2,7,0,0,0,0,-130.7,0,0,0,0,0,0,7,0.0002,0.00,0.00,0.00
283.5,7,573484,0.3006,44.50,87.22,1273,1216,5,11,3,9,0,0,0,0,-130.7,0,0,0,0,0,0,7,0.0002,0.00,0.00,0.00
283.75,7,573407,0.3006,43.61,89.34,1227,1166,3,16,2,7,0,0,0,0,-130.7,0,0,0,0,0,0,7,0.0002,0.00,0.00,0.00
284,7,573423,0.3006,42.56,91.61,1138,1165,2,11,4,8,0,0,0,0,-130.7,0,0,0,0,0,0,7,0.0002,0.00,0.00,0.00
284.25,7,573423,0.3006,42.74,93.07,1125,1134,1,9,0,7,0,0,0,0,-130.7,0,0,0,0,0,0,7,0.0002,1.04,4.75,8.59
284.5,7,573412,0.3006,42.15,94.69,1065,1063,0,9,2,9,0,0,0,0,-130.7,0,0,0,0,0,0,7,0.0001,0.00,0.00,0.00
284.75,7,573430,0.3006,42.08,96.47,1069,1099,5,12,1,8,0,0,0,0,-130.7,0,0,0,0,0,0,7,0.0001,0.00,0.00,0.00
285,7,573388,0.3006,42.00,98.80,1067,1032,1,7,0,8,0,0,0,0,-130.7,0,0,0,0,0,0,7,0.0001,0.00,0.00,0.00
285.25,7,573433,0.3006,41.19,97.33,1014,1067,1,8,0,7,0,0,0,0,-130.7,0,0,0,0,0,0,7,0.0001,0.00,0.00,0.00
285.5,7,573452,0.3006,41.34,99.69,940,971,0,12,1,9,0,0,0,0,-130.7,0,0,0,0,0,0,7,0.0001,0.00,0.00,0.00
285.75,7,573550,0.3005,41.35,99.10,941,1048,4,9,0,7,0,0,0,0,-130.7,0,0,0,0,0,0,7,0.0001,0.00,0.00,0.00
286,7,573521,0.3006,41.27,99.44,1012,992,1,9,2,9,0,0,0,0,-130.7,0,0,0,0,0,0,7,0.0001,0.00,0.00,0.00
286.25,7,573544,0.3005,41.27,97.80,954,986,1,9,0,7,0,0,0,0,-130.7,0,0,0,0,0,0,7,0.0001,0.64,3.50,7.87
286.5,7,573567,0.3005,40.96,99.13,941,975,3,11,1,9,0,0,0,0,-130.7,0,0,0,0,0,0,7,0.0001,0.00,0.00,0.00
286.75,7,573618,0.3005,41.17,98.64,940,997,1,6,0,11,0,0,0,0,-130.7,0,0,0,0,0,0,7,0.0001,0.00,0.00,0.00
287,7,573588,0.3005,40.87,98.57,965,943,2,8,0,7,0,0,0,0,-130.7,0,0,0,0,0,0,7,0.0001,0.00,0.00,0.00
287.25,7,573618,0.3005,41.14,99.72,895,930,1,5,0,7,0,0,0,0,-130.7,0,0,0,0,0,0,7,0.0001,0.00,0.00,0.00
287.5,7,573674,0.3005,40.95,91.19,912,974,2070,6,1,7,0,0,0,0,-130.7,0,0,0,0,0,0,7,0.0000,0.00,0.00,0.00
287.75,7,573648,0.3005,41.05,87.58,950,931,1,7,0,7,0,0,0,0,-130.7,0,0,0,0,0,0,7,0.0000,0.00,0.00,0.00
288,7,573695,0.3005,40.90,97.59,939,994,1,8,0,7,0,0,0,0,-130.7,0,0,0,0,0,0,7,0.0000,0.00,0.00,0.00
288.25,7,573669,0.3005,41.70,99.29,1002,983,3,7,0,7,0,0,0,0,-130.7,0,0,0,0,0,0,6,0.0003,0.48,4.50,7.83
288.5,7,573735,0.3005,41.94,97.41,968,1041,0,7,0,11,0,0,0,0,-130.7,0,0,0,0,0,0,7,0.0003,0.00,0.00,0.00
288.75,7,573750,0.3005,42.75,97.90,1063,1087,1,9,0,8,0,0,0,0,-130.7,0,0,0,0,0,0,7,0.0003,0.00,0.00,0.00
289,7,573745,0.3005,42.77,102.22,1103,1107,1,9,0,8,0,0,0,0,-130.7,0,0,0,0,0,0,7,0.0002,0.00,0.00,0.00
289.25,7,573780,0.3005,43.04,111.97,1109,1150,6,6,0,8,0,0,0,0,-130.7,0,0,0,0,0,0,7,0.0002,0.00,0.00,0.00
289.5,7,573779,0.3005,43.15,123.44,1143,1153,1,11,0,7,0,0,0,0,-130.7,0,0,0,0,0,0,7,0.0002,0.00,0.00,0.00
289.75,7,573759,0.3005,42.57,132.56,1178,1171,1672,13,0,9,0,0,0,0,-130.7,0,0,0,0,0,0,7,0.0002,0.00,0.00,0.00
290,7,573630,0.3006,42.96,142.62,1280,1161,2,10,0,8,0,0,0,0,-130.7,0,0,0,0,0,0,7,0.0002,0.00,0.00,0.00
290.25,7,573654,0.3006,42.26,150.97,1226,1259,2,9,0,8,0,0,0,0,-96.4,0,0,0,0,0,0,7,0.0002,0.80,2.90,6.79
290.5,7,573639,0.3006,41.55,158.32,1204,1211,2,22,0,8,0,0,0,0,-96.4,0,0,0,0,0,0,7,0.0002,0.00,0.00,0.00
290.75,7,573680,0.3005,40.40,163.90,1204,1259,2,14,0,9,0,0,0,0,-96.4,0,0,0,0,0,0,7,0.0002,0.00,0.00,0.00
291,7,573624,0.3006,39.48,168.27,1253,1215,3,18,0,7,0,0,0,0,-96.4,0,0,0,0,0,0,7,0.0002,0.00,0.00,0.00
291.25,7,573643,0.3005,38.03,172.05,1221,1256,2,16,0,8,0,0,0,0,-96.4,0,0,0,0,0,0,7,0.0002,0.00,0.00,0.00
291.5,7,573622,0.3005,35.64,175.18,1188,1179,6,14,0,7,0,0,0,0,-96.4,0,0,0,0,0,0,7,0.0002,0.00,0.00,0.00
291.75,7,573623,0.3005,34.05,176.96,1119,1143,2,23,0,10,0,0,0,0,-96.4,0,0,0,0,0,0,7,0.0003,0.00,0.00,0.00
292,7,573592,0.3005,32.35,177.20,1128,1109,1,12,0,8,0,0,0,0,-96.4,0,0,0,0,0,0,7,0.0003,0.00,0.00,0.00
292.25,7,573602,0.3005,31.40,179.83,1101,1121,3,10,0,9,0,0,0,1,-96.4,0,0,0,0,0,0,8,0.0000,2.65,7.50,10.58
292.5,7,573624,0.3005,29.76,182.45,1120,1151,6,9,0,10,0,0,0,1,-96.4,0,0,0,0,0,0,7,0.0000,0.00,0.00,0.00
292.75,7,573586,0.3005,28.99,184.67,1106,1081,4,13,0,8,0,0,0,1,-96.4,0,0,0,0,0,0,7,0.0001,0.00,0.00,0.00
293,7,573627,0.3005,27.70,185.84,1069,1120,3,10,0,8,0,0,0,1,-96.4,0,0,0,0,0,0,7,0.0001,0.00,0.00,0.00
293.25,7,573668,0.3005,26.47,187.24,1066,1117,1,10,0,9,0,0,0,1,-96.4,0,0,0,0,0,0,7,0.0001,0.00,0.00,0.00
293.5,7,573601,0.3006,25.15,189.01,1131,1070,4,6,0,9,0,0,0,1,-96.4,0,0,0,0,0,0,7,0.0002,0.00,0.00,0.00
293.75,7,573571,0.3006,23.70,190.41,1075,1055,3,10,0,8,0,0,0,1,-96.4,0,0,0,0,0,0,7,0.0002,0.00,0.00,0.00
294,7,573626,0.3006,22.49,190.63,978,1045,1,12,0,10,0,0,0,1,-96.4,0,0,0,0,0,0,7,0.0002,0.00,0.00,0.00
294.25,7,573612,0.3006,21.38,192.09,999,994,3,9,0,8,0,0,0,2,-96.4,0,0,0,0,0,0,7,0.0003,2.33,5.00,9.39
294.5,8,573577,0.3007,20.67,192.54,978,949,8,6,1,9,1,0,0,1,-96.4,0,0,0,0,0,0,8,0.0000,0.00,0.00,0.00
294.75,8,573545,0.3007,20.83,191.96,957,934,3,10,0,10,0,0,6,1,-96.4,0,0,0,0,0,0,7,0.0000,0.00,0.00,0.00
295,8,573457,0.3007,20.20,191.21,959,888,4,17,1,7,0,0,0,1,-96.4,0,0,0,0,0,0,7,0.0001,0.00,0.00,0.00
295.25,8,573480,0.3008,20.49,191.56,919,948,5,6,0,8,0,0,0,1,-96.4,0,0,0,0,0,0,7,0.0001,0.00,0.00,0.00
295.5,8,573424,0.3008,20.16,191.89,946,899,8,9,0,7,0,0,1,1,-96.4,0,0,0,0,0,0,7,0.0001,0.00,0.00,0.00
295.75,8,573384,0.3008,20.27,193.11,980,949,4,9,1,8,0,0,0,1,-96.4,0,0,0,0,0,0,7,0.0001,0.00,0.00,0.00
296,8,573391,0.3008,20.21,194.06,1006,1023,2,10,0,9,0,0,0,1,-96.4,0,0,0,0,0,0,7,0.0002,0.00,0.00,0.00
296.25,8,573453,0.3008,20.48,194.83,1023,1091,0,6,0,9,0,0,0,1,-96.4,0,0,0,0,0,0,7,0.0002,1.55,5.08,8.95
296.5,8,573420,0.3008,21.67,195.65,1041,1017,2,9,0,7,0,0,0,1,-96.4,0,0,0,0,0,0,7,0.0002,0.00,0.00,0.00
296.75,8,573500,0.3008,23.61,196.16,984,1067,4,3,0,7,0,0,0,1,-96.4,0,0,0,0,0,0,7,0.0002,0.00,0.00,0.00
297,8,573520,0.3008,24.31,196.71,1030,1053,1,3,0,7,0,0,0,1,-96.4,0,0,0,0,0,0,7,0.0002,0.00,0.00,0.00
297.25,8,573571,0.3008,24.96,197.23,1028,1083,2,4,0,7,0,0,0,1,-96.4,0,0,0,0,0,0,7,0.0002,0.00,0.00,0.00
297.5,8,573594,0.3008,25.75,197.51,1036,1066,3,7,1,8,0,0,0,1,-96.4,0,0,0,0,0,0,7,0.0002,0.00,0.00,0.00
297.75,8,573690,0.3007,26.25,193.83,1061,1162,4,6,0,7,0,0,0,1,-96.4,0,0,0,0,0,0,7,0.0002,0.00,0.00,0.00
298,8,573648,0.3008,26.47,193.61,1121,1088,11,11,0,7,0,0,0,1,-96.4,0,0,0,0,0,0,7,0.0002,0.00,0.00,0.00
298.25,8,573630,0.3008,26.65,194.26,1110,1104,19,13,0,8,0,0,0,1,-96.4,0,0,0,0,0,0,7,0.0002,0.57,4.92,6.80
298.5,8,573680,0.3007,26.05,194.79,1053,1120,11,21,1,9,0,0,0,1,-96.4,0,0,0,0,0,0,7,0.0002,0.00,0.00,0.00
298.75,8,573645,0.3007,25.73,195.46,1108,1107,16,35,0,7,0,0,0,1,-96.4,0,0,0,0,0,0,7,0.0002,0.00,0.00,0.00
299,8,573661,0.3007,25.03,196.00,981,1023,4,27,0,8,0,0,0,1,-96.4,0,0,0,0,0,0,7,0.0002,0.00,0.00,0.00
299.25,8,573653,0.3006,24.76,194.14,974,996,14,32,2,8,0,0,0,1,-96.4,0,0,0,0,0,0,7,0.0002,0.00,0.00,0.00
299.5,8,573534,0.3007,24.67,192.76,1030,919,4,8,0,10,0,0,0,1,-96.4,0,0,0,0,0,0,7,0.0003,0.00,0.00,0.00
299.75,8,573566,0.3007,24.84,180.01,835,877,4,10,0,8,0,0,0,0,-96.4,0,0,0,0,0,0,8,0.0000,0.00,0.00,0.00
300,8,573663,0.3007,24.61,175.31,793,894,0,4,0,7,0,0,0,0,-96.4,0,0,0,0,0,0,7,0.0001,0.00,0.00,0.00
300.25,8,573635,0.3007,24.55,159.97,841,817,3,4,0,8,0,0,0,0,-120.5,0,0,0,0,0,0,7,0.0001,1.09,4.80,6.28
300.5,8,573685,0.3007,24.40,157.00,777,827,1,0,0,7,0,0,0,0,-120.5,0,0,0,0,0,0,7,0.0001,0.00,0.00,0.00
300.75,8,573752,0.3006,24.39,157.24,791,862,0,4,0,7,0,0,0,0,-120.5,0,0,0,0,0,0,7,0.0002,0.00,0.00,0.00
301,8,573821,0.3006,24.60,157.24,792,863,1,2,0,8,0,0,0,0,-120.5,0,0,0,0,0,0,7,0.0002,0.00,0.00,0.00
301.25,8,573798,0.3006,24.87,159.31,840,819,0,2,1,9,0,0,0,0,-120.5,0,0,0,0,0,0,7,0.0002,0.00,0.00,0.00
301.5,8,573810,0.3007,25.47,159.48,878,892,1,2,2,7,0,0,0,0,-120.5,0,0,0,0,0,0,7,0.0002,0.00,0.00,0.00
301.75,8,573840,0.3006,26.67,158.88,882,912,1,0,2,7,0,0,0,0,-120.5,0,0,0,0,0,0,7,0.0002,0.00,0.00,0.00
302,8,573890,0.3006,27.20,158.58,881,934,0,3,0,8,0,0,0,0,-120.5,0,0,0,0,0,0,7,0.0002,0.00,0.00,0.00
302.25,8,573923,0.3006,27.82,160.65,940,975,1,2,0,9,0,0,0,0,-120.5,0,0,0,0,0,1,7,0.0002,1.16,3.56,6.45
302.5,7,573983,0.3006,28.65,160.16,901,963,1,2,0,7,0,0,0,0,-120.5,0,0,0,0,0,1,7,0.0002,0.00,0.00,0.00
302.75,7,573993,0.3006,29.29,161.61,947,960,1,3,0,7,0,0,0,0,-120.5,0,0,0,0,0,0,7,0.0002,0.00,0.00,0.00
303,7,574065,0.3006,30.27,162.80,985,1059,4,2,1,7,0,0,0,0,-120.5,0,0,0,0,0,0,7,0.0001,0.00,0.00,0.00
303.25,7,574063,0.3006,30.56,164.81,998,999,1,3,1,9,0,0,0,0,-120.5,0,0,0,0,0,0,7,0.0001,0.00,0.00,0.00
303.5,7,574092,0.3006,31.36,163.26,990,1024,2,5,0,7,0,0,0,0,-120.5,0,0,0,0,0,0,7,0.0001,0.00,0.00,0.00
303.75,7,574079,0.3006,31.73,162.74,1014,1004,3,3,0,8,0,0,0,0,-120.5,0,0,0,0,0,0,7,0.0001,0.00,0.00,0.00
304,7,574115,0.3006,32.11,163.50,1042,1081,4,3,0,8,0,0,0,0,-120.5,0,0,0,0,0,0,7,0.0000,0.00,0.00,0.00
304.25,7,574082,0.3006,32.67,164.52,1079,1048,0,2,0,7,0,0,0,0,-120.5,0,0,0,0,0,0,6,0.0003,1.31,4.90,8.99
304.5,7,574040,0.3007,33.17,163.74,1075,1039,2,6,0,7,0,0,0,0,-120.5,0,0,0,0,0,0,7,0.0002,0.00,0.00,0.00
304.75,7,574095,0.3006,33.88,165.21,1052,1109,1,2,0,7,0,0,0,0,-120.5,0,0,0,0,0,0,7,0.0002,0.00,0.00,0.00
305,7,574090,0.3007,34.10,166.07,1120,1119,0,4,0,8,0,0,0,0,-120.5,0,0,0,0,0,0,7,0.0001,0.00,0.00,0.00
305.25,7,574060,0.3007,34.33,166.34,1110,1087,2,7,0,7,0,0,0,0,-120.5,0,0,0,0,0,0,7,0.0001,0.00,0.00,0.00
305.5,7,574053,0.3007,34.61,165.74,1112,1109,7,5,0,7,0,0,0,0,-120.5,0,0,0,0,0,0,7,0.0000,0.00,0.00,0.00
305.75,7,574026,0.3007,34.68,166.74,1153,1134,7,9,0,7,0,0,0,0,-120.5,0,0,0,0,0,0,6,0.0003,0.00,0.00,0.00
306,7,574060,0.3007,34.38,168.38,1059,1096,143,3,0,7,0,0,0,0,-120.5,0,0,0,0,0,0,7,0.0002,0.00,0.00,0.00
306.25,7,573962,0.3007,34.93,168.45,1197,1108,6,9,0,8,0,0,0,1,-120.5,0,0,0,0,0,0,7,0.0002,1.51,5.49,8.97
306.5,7,573952,0.3007,34.27,166.44,1146,1140,2,4,4,7,0,0,0,1,-120.5,0,0,0,0,0,0,7,0.0001,0.00,0.00,0.00
306.75,7,573958,0.3007,34.19,163.63,1128,1139,5,5,9,7,0,0,0,0,-120.5,0,0,0,0,0,0,7,0.0001,0.00,0.00,0.00
307,7,573940,0.3007,33.60,163.45,1165,1155,5,9,9,7,0,0,0,0,-120.5,0,0,0,0,0,0,7,0.0000,0.00,0.00,0.00
307.25,7,573884,0.3007,33.79,162.52,1237,1192,17,15,7,6,0,0,0,0,-120.5,0,0,0,0,0,0,6,0.0003,0.00,0.00,0.00
307.5,7,573864,0.3007,33.30,151.59,1123,1125,11,23,7,8,0,0,0,0,-120.5,0,0,0,0,0,0,7,0.0002,0.00,0.00,0.00
307.75,7,573873,0.3007,33.72,141.61,1133,1154,9,12,3,8,0,0,0,0,-120.5,0,0,0,0,0,0,7,0.0001,0.00,0.00,0.00
308,7,573792,0.3007,33.85,130.26,1219,1161,10,23,1,8,0,0,0,0,-120.5,0,0,0,0,0,0,7,0.0001,0.00,0.00,0.00
308.25,7,573792,0.3007,34.44,132.31,1152,1169,10,18,0,7,0,0,0,0,-120.5,0,0,0,0,0,0,7,0.0001,1.87,6.45,10.36
308.5,7,573775,0.3007,34.67,137.54,1169,1170,6,20,0,7,0,0,0,0,-120.5,0,0,0,0,0,0,7,0.0000,0.00,0.00,0.00
308.75,7,573616,0.3008,35.14,135.22,1249,1109,13,19,0,7,0,0,0,0,-120.5,0,0,0,0,0,0,7,0.0000,0.00,0.00,0.00
309,7,573614,0.3008,35.40,138.05,1079,1083,1,6,1,8,0,0,0,0,-120.5,0,0,0,0,0,0,7,0.0000,0.00,0.00,0.00
309.25,7,573691,0.3007,34.95,141.60,1034,1118,1,7,1,8,0,0,0,0,-120.5,0,0,0,0,0,0,6,0.0003,0.00,0.00,0.00
309.5,7,573677,0.3008,34.73,143.50,1104,1095,0,5,0,8,0,0,0,0,-120.5,0,0,0,0,0,0,7,0.0003,0.00,0.00,0.00
309.75,7,573758,0.3007,34.52,146.82,1088,1171,2,2,1,9,0,0,0,0,-120.5,0,0,0,0,0,0,7,0.0003,0.00,0.00,0.00
310,7,573759,0.3007,34.13,148.54,1094,1101,1,6,0,8,0,0,0,0,-120.5,0,0,0,0,0,0,7,0.0002,0.00,0.00,0.00
310.25,7,573813,0.3007,33.91,153.75,1034,1094,1,6,0,7,0,0,0,0,-117.3,0,0,0,0,0,0,7,0.0002,2.39,7.09,10.96
310.5,7,573831,0.3007,33.39,158.02,1074,1093,0,1,0,8,0,0,0,0,-117.3,0,0,0,0,0,0,7,0.0002,0.00,0.00,0.00
310.75,7,573857,0.3007,33.56,163.01,1073,1112,1,13,0,9,0,0,0,0,-117.3,0,0,0,0,0,0,7,0.0002,0.00,0.00,0.00
311,7,573876,0.3007,33.45,166.10,1044,1063,0,0,1,7,0,0,0,0,-117.3,0,0,0,0,0,0,7,0.0001,0.00,0.00,0.00
311.25,7,573841,0.3007,33.99,170.38,1097,1070,1,8,1,8,0,0,0,0,-117.3,0,0,0,0,0,0,7,0.0001,0.00,0.00,0.00
311.5,7,573914,0.3007,34.01,172.76,983,1062,2,6,0,8,0,0,0,0,-117.3,0,0,0,0,0,0,7,0.0001,0.00,0.00,0.00
311.75,7,573962,0.3007,34.45,175.81,1036,1089,5,5,1,8,0,0,0,0,-117.3,0,0,0,0,0,0,7,0.0001,0.00,0.00,0.00
312,7,573943,0.3007,34.54,177.60,1055,1039,0,3,0,7,0,0,0,0,-117.3,0,0,0,0,0,0,7,0.0000,0.00,0.00,0.00
312.25,8,573927,0.3007,34.48,179.02,1052,1041,2,5,0,7,0,0,0,0,-117.3,1,1,0,0,0,0,7,0.0000,2.19,7.24,10.85
312.5,8,573957,0.3007,33.87,149.04,1014,1046,1610,2,0,6,0,0,2,0,-117.3,0,1,0,0,0,0,6,0.0003,0.00,0.00,0.00
312.75,8,573898,0.3007,33.78,136.84,1058,1006,29480,7,0,7,0,0,1,0,-117.3,0,1,0,0,0,0,7,0.0002,0.00,0.00,0.00
313,8,573748,0.3008,33.75,134.99,1176,1029,1,3,0,7,0,0,0,0,-117.3,0,1,0,0,0,0,7,0.0002,0.00,0.00,0.00
313.25,8,573751,0.3008,33.78,132.78,1180,1188,2,5,0,9,0,0,0,0,-117.3,0,1,0,0,0,0,7,0.0002,0.00,0.00,0.00
313.5,8,573820,0.3008,33.93,132.55,1154,1228,0,5,0,7,0,0,0,0,-117.3,0,1,0,0,0,0,7,0.0001,0.00,0.00,0.00
313.75,8,573846,0.3008,33.97,132.16,1275,1305,1,4,0,7,0,0,0,0,-117.3,0,1,0,0,0,0,7,0.0001,0.00,0.00,0.00
314,8,573829,0.3008,34.21,136.07,1279,1266,2,4,0,7,0,0,1,0,-117.3,0,1,0,0,0,0,7,0.0000,0.00,0.00,0.00
314.25,8,573903,0.3008,33.88,143.01,1258,1337,1,5,0,6,0,0,0,0,-117.3,0,1,0,0,0,0,6,0.0003,2.06,6.99,11.11
314.5,8,573949,0.3008,33.98,150.05,1306,1355,0,3,0,7,0,0,0,0,-117.3,0,1,0,0,0,0,7,0.0002,0.00,0.00,0.00
314.75,8,573953,0.3008,33.40,156.26,1299,1307,2,4,0,7,0,0,0,0,-117.3,0,1,0,0,0,0,7,0.0001,0.00,0.00,0.00
315,8,573903,0.3008,33.84,161.16,1350,1305,3,5,0,7,0,0,0,0,-117.3,0,1,0,0,0,0,7,0.0001,0.00,0.00,0.00
315.25,8,573851,0.3008,33.37,165.73,1342,1296,4,6,0,7,0,0,0,0,-117.3,0,1,0,0,0,0,6,0.0003,0.00,0.00,0.00
315.5,8,573906,0.3008,33.87,169.64,1283,1341,1,3,1,9,0,0,0,0,-117.3,0,1,0,0,0,0,7,0.0002,0.00,0.00,0.00
315.75,8,573868,0.3008,33.58,173.36,1323,1292,2,7,2,8,0,0,0,0,-117.3,0,1,0,0,0,0,7,0.0001,0.00,0.00,0.00
316,8,573909,0.3008,34.07,176.45,1301,1346,3,4,0,8,0,0,0,0,-117.3,0,1,0,0,0,0,7,0.0001,0.00,0.00,0.00
316.25,8,573909,0.3008,34.15,179.29,1264,1272,1,8,2,7,0,0,0,0,-117.3,0,1,0,0,0,0,6,0.0003,2.08,8.08,15.71
316.5,8,574016,0.3008,34.38,181.72,1237,1350,0,6,1,8,0,0,0,0,-117.3,0,1,0,0,0,0,7,0.0002,0.00,0.00,0.00
316.75,8,573991,0.3008,33.51,184.26,1315,1293,3,3,1,7,0,0,0,0,-117.3,0,1,0,0,0,0,7,0.0001,0.00,0.00,0.00
317,8,574019,0.3008,33.63,185.95,1245,1284,4,11,2,7,0,0,0,0,-117.3,0,1,0,0,0,0,7,0.0001,0.00,0.00,0.00
317.25,8,573982,0.3008,32.93,187.57,1316,1285,7,7,3,6,0,0,0,0,-117.3,0,1,0,0,0,0,6,0.0003,0.00,0.00,0.00
317.5,8,573959,0.3008,32.65,188.79,1247,1235,6,11,7,7,0,0,0,0,-117.3,0,1,0,0,0,0,7,0.0002,0.00,0.00,0.00
317.75,8,573993,0.3007,32.21,190.08,1271,1317,3,12,7,8,0,0,0,0,-117.3,0,1,0,0,0,0,7,0.0001,0.00,0.00,0.00
318,8,573936,0.3008,31.95,191.28,1257,1209,1,9,7,7,0,0,0,0,-117.3,0,1,0,0,0,0,7,0.0000,0.00,0.00,0.00
318.25,8,573998,0.3007,31.19,191.75,1224,1294,1,8,10,7,0,0,0,0,-117.3,0,1,0,0,0,0,6,0.0003,3.77,10.39,18.99
318.5,8,573947,0.3007,31.50,192.23,1196,1160,4,15,15,8,0,0,0,0,-117.3,0,1,0,0,0,0,7,0.0002,0.00,0.00,0.00
318.75,8,573970,0.3007,31.07,192.98,1183,1217,10,11,8,7,0,0,0,0,-117.3,0,1,0,0,0,0,7,0.0001,0.00,0.00,0.00
319,8,573930,0.3007,31.45,191.64,1207,1188,9,22,6,7,0,0,0,0,-117.3,0,1,0,0,0,0,7,0.0001,0.00,0.00,0.00
319.25,8,573923,0.3006,30.36,189.80,1164,1176,6,19,4,7,0,0,0,0,-117.3,0,1,0,0,0,0,6,0.0003,0.00,0.00,0.00
319.5,8,573895,0.3006,30.24,186.64,1110,1101,5,19,8,8,0,0,0,0,-117.3,0,1,0,0,0,0,7,0.0002,0.00,0.00,0.00
319.75,8,573953,0.3006,29.39,177.28,1071,1145,4,16,4,7,0,0,0,0,-117.3,0,1,0,0,0,0,7,0.0002,0.00,0.00,0.00
320,8,573894,0.3006,29.69,175.79,1052,1005,4,12,2,8,0,0,0,0,-117.3,0,1,0,0,0,0,7,0.0001,0.00,0.00,0.00
320.25,8,573940,0.3006,29.04,175.74,1015,1072,3,11,2,7,0,0,0,0,-89.5,0,1,0,0,0,0,7,0.0001,2.10,7.74,26.00
320.5,8,573961,0.3005,28.81,168.90,1003,1036,9,12,3,8,0,0,0,0,-89.5,0,1,0,0,0,0,7,0.0000,0.00,0.00,0.00
320.75,8,574005,0.3005,28.52,161.31,938,994,0,12,0,7,0,0,0,0,-89.5,0,1,0,0,0,0,6,0.0003,0.00,0.00,0.00
321,8,574000,0.3005,28.73,159.31,940,950,6,15,3,7,0,0,0,0,-89.5,0,1,0,0,0,0,7,0.0002,0.00,0.00,0.00
321.25,8,574044,0.3005,27.94,156.16,854,910,4,12,0,8,0,0,0,0,-89.5,0,1,0,0,0,0,7,0.0002,0.00,0.00,0.00
321.5,8,574075,0.3005,28.89,158.61,850,892,2,11,0,9,0,0,0,0,-89.5,0,1,0,0,0,0,7,0.0001,0.00,0.00,0.00
321.75,8,574150,0.3004,27.63,159.08,834,915,1,6,0,9,0,0,0,0,-89.5,0,1,0,0,0,0,7,0.0001,0.00,0.00,0.00
322,8,574205,0.3004,27.63,165.25,796,860,3,9,0,9,0,0,0,0,-89.5,0,1,0,0,0,0,7,0.0000,0.00,0.00,0.00
322.25,8,574231,0.3004,26.93,164.83,806,836,1,4,0,7,0,0,0,0,-89.5,0,1,0,0,0,0,6,0.0003,2.85,11.29,26.13
322.5,8,574253,0.3004,27.88,166.37,787,813,1,4,0,8,0,0,0,0,-89.5,0,1,0,0,0,0,7,0.0002,0.00,0.00,0.00
322.75,8,574274,0.3004,27.02,162.35,856,882,0,5,0,7,0,0,0,0,-89.5,0,1,0,0,0,0,7,0.0002,0.00,0.00,0.00
323,8,574342,0.3004,27.69,166.07,788,861,0,5,0,8,0,0,0,0,-89.5,0,1,0,0,0,0,7,0.0001,0.00,0.00,0.00
323.25,8,574386,0.3004,27.89,161.24,873,924,0,7,3,7,0,0,0,0,-89.5,0,1,0,0,0,0,7,0.0001,0.00,0.00,0.00
323.5,8,574475,0.3003,27.46,166.80,790,885,1,6,1,7,0,0,0,0,-89.5,0,1,0,0,0,0,7,0.0000,0.00,0.00,0.00
323.75,8,574500,0.3003,27.81,165.27,902,934,2,7,0,7,0,0,0,0,-89.5,0,1,0,0,0,0,6,0.0002,0.00,0.00,0.00
324,8,574584,0.3003,27.60,166.93,847,935,1,4,1,7,0,0,0,0,-89.5,0,1,0,0,0,0,7,0.0002,0.00,0.00,0.00
324.25,8,574582,0.3003,28.14,162.46,902,905,3,5,0,11,0,0,0,0,-89.5,0,1,0,0,0,0,7,0.0001,1.42,8.92,16.79
324.5,8,574642,0.3003,27.91,163.93,857,926,3,9,0,10,0,0,0,0,-89.5,0,1,0,0,0,0,7,0.0000,0.00,0.00,0.00
324.75,8,574678,0.3002,28.49,169.55,901,947,1,10,2,7,0,0,0,0,-89.5,0,1,0,0,0,0,6,0.0003,0.00,0.00,0.00
325,8,574673,0.3002,28.29,168.90,908,915,7,12,1,7,0,0,0,0,-89.5,0,1,0,0,0,0,7,0.0002,0.00,0.00,0.00
325.25,8,574674,0.3002,28.79,166.69,889,904,8,14,0,7,0,0,0,0,-89.5,0,1,0,0,0,0,7,0.0002,0.00,0.00,0.00
325.5,8,574746,0.3002,28.81,165.62,862,951,7,18,2,7,0,0,0,0,-89.5,0,1,0,0,0,0,7,0.0001,0.00,0.00,0.00
325.75,8,574710,0.3002,28.34,170.11,899,886,6,23,3,8,0,0,0,0,-89.5,0,1,0,0,0,0,7,0.0001,0.00,0.00,0.00
326,8,574677,0.3002,28.48,168.67,872,849,6,10,1,9,0,0,0,0,-89.5,0,1,0,0,0,0,7,0.0000,0.00,0.00,0.00
326.25,8,574724,0.3001,26.67,172.54,783,836,2,6,5,6,0,0,0,0,-89.5,0,1,0,0,0,0,6,0.0003,1.88,8.23,23.36
326.5,8,574753,0.3001,27.05,174.96,758,790,2,3,0,7,0,0,0,0,-89.5,0,1,0,0,0,0,7,0.0002,0.00,0.00,0.00
326.75,8,574854,0.3001,25.26,175.88,710,814,4,3,2,8,0,0,0,0,-89.5,0,1,0,0,0,0,7,0.0002,0.00,0.00,0.00
327,8,574936,0.3001,25.67,177.02,665,752,3,5,0,7,0,0,0,0,-89.5,0,1,0,0,0,0,7,0.0001,0.00,0.00,0.00
327.25,8,574944,0.3001,24.32,178.70,737,752,1,7,1,9,0,0,0,0,-89.5,0,1,0,0,0,0,7,0.0001,0.00,0.00,0.00
327.5,8,574974,0.3001,24.72,180.41,701,733,4,2,0,7,0,0,0,0,-89.5,0,1,0,0,0,0,7,0.0000,0.00,0.00,0.00
327.75,8,575033,0.3000,24.21,180.70,706,774,0,9,0,9,0,0,0,0,-89.5,0,1,0,0,0,0,6,0.0003,0.00,0.00,0.00
328,8,575113,0.3000,24.93,183.53,693,786,2,13,0,7,0,0,0,0,-89.5,0,1,0,0,0,0,7,0.0002,0.00,0.00,0.00
328.25,8,575172,0.3000,23.40,182.94,707,771,0,5,0,7,0,0,0,1,-89.5,0,1,0,0,0,0,7,0.0002,1.75,7.85,31.63
328.5,8,575222,0.3000,23.92,184.03,668,723,3,5,0,8,0,0,0,1,-89.5,0,1,0,0,0,0,7,0.0001,0.00,0.00,0.00
328.75,8,575286,0.2999,23.43,184.83,705,774,0,5,0,8,0,0,0,1,-89.5,0,1,0,0,0,0,7,0.0001,0.00,0.00,0.00
329,8,575359,0.2999,24.09,183.98,673,755,3,9,0,8,0,0,0,1,-89.5,0,1,0,0,0,0,7,0.0000,0.00,0.00,0.00
329.25,8,575376,0.2999,23.93,183.91,732,757,0,8,0,8,0,0,0,1,-89.5,0,1,0,0,0,0,6,0.0002,0.00,0.00,0.00
329.5,8,575467,0.2998,24.47,183.81,677,775,3,7,0,8,0,0,0,1,-89.5,0,1,0,0,0,0,7,0.0002,0.00,0.00,0.00
329.75,8,575504,0.2998,23.43,185.13,739,780,2,4,1,7,0,0,0,1,-89.5,0,1,0,0,0,0,7,0.0001,0.00,0.00,0.00
330,8,575529,0.2998,24.18,184.45,675,706,0,6,0,8,0,0,0,1,-89.5,0,1,0,0,0,0,7,0.0001,0.00,0.00,0.00
330.25,8,575590,0.2998,23.05,183.02,734,799,1,4,0,9,0,0,0,1,-132.0,0,1,0,0,0,0,7,0.0000,1.09,9.88,39.63
330.5,8,575621,0.2998,23.63,182.18,668,705,0,6,0,6,0,0,0,1,-132.0,0,1,0,0,0,0,6,0.0003,0.00,0.00,0.00
330.75,8,575656,0.2998,23.33,182.05,724,762,1,3,0,7,0,0,0,1,-132.0,0,1,0,0,0,0,7,0.0002,0.00,0.00,0.00
331,8,575704,0.2998,24.18,182.98,625,682,2,9,1,7,0,0,0,1,-132.0,0,1,0,0,0,0,7,0.0001,0.00,0.00,0.00
331.25,8,575732,0.2998,23.30,178.44,695,726,2,3,0,9,0,0,0,1,-132.0,0,1,0,0,0,0,7,0.0001,0.00,0.00,0.00
331.5,8,575806,0.2997,23.40,176.60,617,693,2,2,0,7,0,0,0,1,-132.0,0,1,0,0,0,0,7,0.0000,0.00,0.00,0.00
331.75,8,575862,0.2997,23.53,174.45,626,685,3,3,0,10,0,0,0,1,-132.0,0,1,0,0,0,0,6,0.0002,0.00,0.00,0.00
332,8,575901,0.2997,24.18,172.87,614,663,3,10,1,9,0,0,0,1,-132.0,0,1,0,0,0,0,7,0.0002,0.00,0.00,0.00
332.25,8,575915,0.2997,24.25,171.00,712,730,1,4,0,8,0,0,0,1,-132.0,0,1,0,0,0,0,7,0.0001,2.09,9.18,25.82
332.5,8,575941,0.2997,25.26,171.09,650,680,0,4,0,8,0,0,0,1,-132.0,0,1,0,0,0,0,7,0.0000,0.00,0.00,0.00
332.75,8,575988,0.2997,25.41,170.54,691,742,2,4,0,6,0,0,0,1,-132.0,0,1,0,0,0,0,6,0.0003,0.00,0.00,0.00
333,8,575968,0.2997,26.27,169.68,753,737,1,4,0,7,0,0,0,1,-132.0,0,1,0,0,0,0,7,0.0002,0.00,0.00,0.00
333.25,8,576062,0.2997,27.06,168.62,674,774,0,6,0,7,0,0,0,1,-132.0,0,1,0,0,0,0,7,0.0001,0.00,0.00,0.00
333.5,8,576122,0.2996,27.54,168.24,724,786,1,2,1,8,0,0,0,1,-132.0,0,1,0,0,0,0,7,0.0000,0.00,0.00,0.00
333.75,8,576148,0.2996,27.56,170.17,731,761,0,4,0,8,0,0,0,1,-132.0,0,1,0,0,0,0,6,0.0002,0.00,0.00,0.00
334,8,576147,0.2997,28.25,166.73,843,843,1,1,1,7,0,0,0,1,-132.0,0,1,0,0,0,0,7,0.0001,0.00,0.00,0.00
334.25,8,576208,0.2996,27.74,162.52,744,806,1,1,0,7,0,0,0,1,-132.0,0,1,0,0,0,0,7,0.0000,2.62,8.91,16.06
334.5,8,576211,0.2996,28.00,160.82,761,766,0,2,0,7,0,0,0,1,-132.0,0,1,0,0,0,0,6,0.0002,0.00,0.00,0.00
334.75,8,576242,0.2996,27.47,160.24,745,778,0,2,2,8,0,0,0,1,-132.0,0,1,0,0,0,1,7,0.0001,0.00,0.00,0.00
335,7,576261,0.2996,27.94,165.59,730,751,4,2,1,7,0,0,0,1,-132.0,0,1,0,0,0,1,7,0.0000,0.00,0.00,0.00
335.25,7,576312,0.2996,27.80,170.56,716,770,4,3,2,6,0,0,0,1,-132.0,0,1,0,0,0,0,6,0.0002,0.00,0.00,0.00
335.5,7,576361,0.2996,28.03,173.54,696,751,3,6,0,8,0,0,0,1,-132.0,0,1,0,0,0,0,7,0.0001,0.00,0.00,0.00
335.75,7,576417,0.2996,27.83,175.94,718,777,3,3,0,6,0,0,0,1,-132.0,0,1,0,0,0,0,6,0.0003,0.00,0.00,0.00
336,8,576452,0.2996,28.05,177.54,697,740,4,8,0,7,0,0,0,1,-132.0,1,2,0,0,0,0,7,0.0001,0.00,0.00,0.00
336.25,8,576483,0.2995,27.09,179.91,722,760,3,7,0,7,0,0,2,1,-132.0,0,2,0,0,0,0,7,0.0000,2.93,7.91,12.52
336.5,8,576519,0.2995,27.28,179.22,735,779,2,8,0,7,0,0,1,1,-132.0,0,2,0,0,0,0,6,0.0002,0.00,0.00,0.00
336.75,8,576467,0.2996,27.11,164.99,821,775,3,6,0,8,0,0,0,1,-132.0,0,2,0,0,0,0,7,0.0001,0.00,0.00,0.00
337,8,576518,0.2995,26.76,156.50,791,849,2,7,0,6,0,0,0,1,-132.0,0,2,0,0,0,0,6,0.0003,0.00,0.00,0.00
337.25,8,576485,0.2996,26.17,152.94,843,818,5,8,0,7,0,0,0,1,-132.0,0,2,0,0,0,0,7,0.0001,0.00,0.00,0.00
337.5,8,576506,0.2996,25.74,155.03,806,828,1,1,0,7,0,0,0,1,-132.0,0,2,0,0,0,0,7,0.0000,0.00,0.00,0.00
337.75,8,576503,0.2996,28.27,132.45,789,789,23613,3,1,6,0,0,0,1,-132.0,0,2,0,0,0,0,6,0.0002,0.00,0.00,0.00
338,8,576355,0.2997,27.41,121.24,1008,861,1,1,0,8,0,0,0,1,-132.0,0,2,0,0,0,0,7,0.0000,0.00,0.00,0.00
338.25,8,576389,0.2996,26.27,125.33,908,947,1,5,2,6,0,0,0,1,-132.0,0,2,0,0,0,0,6,0.0002,0.82,7.17,11.33
338.5,8,576366,0.2997,25.56,136.49,922,903,2,4,2,7,0,0,0,1,-132.0,0,2,0,0,0,0,7,0.0001,0.00,0.00,0.00
338.75,8,576470,0.2996,24.91,140.94,867,975,1,4,1,8,0,0,0,1,-132.0,0,2,0,0,0,0,6,0.0002,0.00,0.00,0.00
339,8,576518,0.2996,24.61,146.40,822,873,3,3,1,7,0,0,0,1,-132.0,0,2,0,0,0,0,7,0.0001,0.00,0.00,0.00
339.25,8,576522,0.2996,24.25,150.36,866,876,3,6,1,6,0,0,0,1,-132.0,0,2,0,0,0,0,6,0.0002,0.00,0.00,0.00
339.5,8,576589,0.2996,24.12,157.68,809,883,2,7,1,9,0,0,0,1,-132.0,0,2,0,0,0,0,7,0.0001,0.00,0.00,0.00
339.75,8,576583,0.2996,24.32,162.38,835,833,2,4,0,8,0,0,0,1,-132.0,0,2,0,0,0,0,6,0.0002,0.00,0.00,0.00
340,8,576602,0.2996,24.65,154.32,827,852,1,6,0,10,0,0,0,1,-132.0,0,2,0,0,0,0,7,0.0001,0.00,0.00,0.00
340.25,8,576595,0.2996,24.69,154.45,919,922,1,10,0,6,0,0,0,0,-180.9,0,2,0,0,0,0,6,0.0002,0.91,3.83,10.66
340.5,8,576657,0.2995,25.25,150.07,849,917,1,6,0,8,0,0,0,0,-180.9,0,2,0,0,0,0,7,0.0001,0.00,0.00,0.00
340.75,8,576693,0.2995,25.48,148.93,941,984,2,7,1,8,0,0,0,0,-180.9,0,2,0,0,0,0,6,0.0002,0.00,0.00,0.00
341,8,576733,0.2995,25.85,147.38,1007,1052,2,5,0,7,0,0,0,0,-180.9,0,2,0,0,0,0,7,0.0001,0.00,0.00,0.00
341.25,8,576874,0.2994,26.09,144.86,957,1106,4,8,2,7,0,0,0,0,-180.9,0,2,0,0,0,0,6,0.0002,0.00,0.00,0.00
341.5,8,576889,0.2994,26.15,141.08,1068,1092,2,9,0,7,0,0,0,0,-180.9,0,2,0,0,0,0,7,0.0001,0.00,0.00,0.00
341.75,8,576929,0.2994,26.13,139.81,1084,1130,4,6,2,9,0,0,0,0,-180.9,0,2,0,0,0,0,6,0.0002,0.00,0.00,0.00
342,8,576945,0.2994,26.18,146.89,1108,1135,0,11,0,7,0,0,0,0,-180.9,0,2,0,0,0,0,7,0.0001,0.00,0.00,0.00
342.25,8,577029,0.2994,26.05,154.66,1109,1199,4,6,2,6,0,0,0,0,-180.9,0,2,0,0,0,0,6,0.0003,0.77,3.77,11.60
342.5,8,577034,0.2994,25.70,161.45,1133,1149,3,11,1,11,0,0,0,0,-180.9,0,2,0,0,0,0,7,0.0001,0.00,0.00,0.00
342.75,8,577021,0.2994,25.63,166.77,1147,1146,0,12,1,7,0,0,0,0,-180.9,0,2,0,0,0,0,6,0.0003,0.00,0.00,0.00
343,8,576967,0.2994,24.98,169.42,1190,1146,2,10,2,8,0,0,0,0,-180.9,0,2,0,0,0,0,7,0.0001,0.00,0.00,0.00
343.25,8,576967,0.2994,24.34,173.70,1153,1164,5,11,1,7,0,0,0,0,-180.9,0,2,0,0,0,0,6,0.0003,0.00,0.00,0.00
343.5,8,576906,0.2994,23.41,177.24,1190,1141,7,12,0,8,0,0,0,0,-180.9,0,2,0,0,0,0,7,0.0002,0.00,0.00,0.00
343.75,8,576831,0.2994,22.87,179.98,1181,1113,23,12,1,9,0,0,0,0,-180.9,0,2,0,0,0,0,7,0.0000,0.00,0.00,0.00
344,8,576763,0.2994,22.29,167.91,1094,1057,17,33,4,7,0,0,0,0,-180.9,0,2,0,0,0,0,6,0.0002,0.00,0.00,0.00
344.25,8,576657,0.2994,21.54,163.64,1102,1027,8,32,2,7,0,0,0,0,-180.9,0,2,0,0,0,0,7,0.0001,0.59,4.01,8.90
344.5,8,576662,0.2994,21.41,151.94,946,985,11,34,0,8,0,0,0,0,-180.9,0,2,0,0,0,0,7,0.0000,0.00,0.00,0.00
344.75,8,576625,0.2994,20.74,153.07,965,959,10,31,2,9,0,0,0,0,-180.9,0,2,0,0,0,0,6,0.0003,0.00,0.00,0.00
345,8,576619,0.2994,20.47,153.74,896,911,2,21,1,10,0,0,0,0,-180.9,0,2,0,0,0,0,7,0.0002,0.00,0.00,0.00
345.25,8,576599,0.2994,20.22,154.50,856,851,1,15,2,9,0,0,0,0,-180.9,0,2,0,0,0,0,7,0.0002,0.00,0.00,0.00
345.5,8,576605,0.2994,20.23,156.03,809,821,1,6,1,7,0,0,0,0,-180.9,0,2,0,0,0,0,7,0.0001,0.00,0.00,0.00
345.75,8,576638,0.2993,20.43,155.67,812,849,1,4,5,8,0,0,0,0,-180.9,0,2,0,0,0,0,7,0.0001,0.00,0.00,0.00
346,8,576637,0.2993,21.25,157.63,778,787,3,10,1,7,0,0,0,0,-180.9,0,2,0,0,0,0,7,0.0001,0.00,0.00,0.00
346.25,8,576659,0.2993,21.12,160.42,814,841,2,5,3,8,0,0,0,0,-180.9,0,2,0,0,0,0,7,0.0000,1.15,4.69,27.63
346.5,8,576636,0.2993,21.07,160.53,788,772,3,7,2,6,0,0,0,0,-180.9,0,2,0,0,0,0,6,0.0003,0.00,0.00,0.00
346.75,8,576628,0.2993,20.98,162.30,860,854,3,2,3,7,0,0,0,0,-180.9,0,2,0,0,0,0,7,0.0002,0.00,0.00,0.00
347,8,576627,0.2993,21.27,162.79,824,829,2,6,3,8,0,0,0,0,-180.9,0,2,0,0,0,0,7,0.0002,0.00,0.00,0.00
347.25,8,576637,0.2993,20.93,164.53,862,876,3,4,1,8,0,0,0,0,-180.9,0,2,0,0,0,0,7,0.0001,0.00,0.00,0.00
347.5,8,576671,0.2993,21.25,164.20,799,844,2,11,2,7,0,0,0,0,-180.9,0,2,0,0,0,0,7,0.0001,0.00,0.00,0.00
347.75,8,576648,0.2993,20.77,164.13,856,840,2,7,5,7,0,0,0,0,-180.9,0,2,0,0,0,0,7,0.0000,0.00,0.00,0.00
348,8,576611,0.2993,20.81,163.25,784,753,4,6,1,6,0,0,0,0,-180.9,0,2,0,0,0,0,6,0.0003,0.00,0.00,0.00
348.25,8,576584,0.2994,20.25,162.94,797,782,8,12,3,9,0,0,0,0,-180.9,0,2,0,0,0,0,7,0.0002,1.27,7.58,24.30
348.5,8,576506,0.2994,20.59,162.38,798,737,9,17,2,8,0,0,0,0,-180.9,0,2,0,0,0,0,7,0.0002,0.00,0.00,0.00
348.75,8,576487,0.2994,19.90,143.17,757,752,4,14,3,8,0,0,0,0,-180.9,0,2,0,0,0,0,7,0.0002,0.00,0.00,0.00
349,8,576509,0.2994,20.27,129.82,724,758,7,12,2,10,0,0,0,0,-180.9,0,2,0,0,0,0,7,0.0001,0.00,0.00,0.00
349.25,8,576510,0.2994,20.09,131.10,715,727,1,11,5,9,0,0,0,0,-180.9,0,2,0,0,0,0,7,0.0001,0.00,0.00,0.00
349.5,8,576514,0.2993,20.96,124.66,708,721,4,9,0,8,0,0,0,0,-180.9,0,2,0,0,0,0,7,0.0000,0.00,0.00,0.00
349.75,8,576537,0.2993,20.81,129.00,758,794,6,13,5,6,0,0,0,0,-180.9,0,2,0,0,0,0,6,0.0003,0.00,0.00,0.00
350,8,576555,0.2993,21.40,123.46,690,725,9,17,1,10,0,0,0,0,-180.9,0,2,0,0,0,0,7,0.0002,0.00,0.00,0.00
350.25,8,576522,0.2993,20.75,104.34,733,711,4,11,6,8,0,0,0,1,-191.9,0,2,0,0,0,0,7,0.0002,1.31,15.49,20.86
350.5,8,576513,0.2993,21.28,101.72,696,702,5,15,0,7,0,0,0,1,-191.9,0,2,0,0,0,0,7,0.0002,0.00,0.00,0.00
350.75,8,576549,0.2993,21.31,107.66,681,728,2,11,5,8,0,0,0,0,-191.9,0,2,0,0,0,0,7,0.0001,0.00,0.00,0.00
351,8,576532,0.2993,21.84,108.18,711,709,3,15,0,9,0,0,1,0,-191.9,0,2,0,0,0,0,7,0.0001,0.00,0.00,0.00
351.25,8,576531,0.2993,21.15,92.60,697,704,2,8,2,9,0,0,0,0,-191.9,0,2,0,0,0,0,7,0.0000,0.00,0.00,0.00
351.5,8,576572,0.2992,21.80,93.29,650,699,3,8,1,7,0,0,0,0,-191.9,0,2,0,0,0,0,6,0.0003,0.00,0.00,0.00
351.75,8,576568,0.2992,21.85,105.23,679,685,2,10,7,8,0,0,0,0,-191.9,0,2,0,0,0,0,7,0.0002,0.00,0.00,0.00
352,8,576608,0.2992,22.52,106.95,660,712,4,12,0,8,0,0,0,0,-191.9,0,2,0,0,0,0,7,0.0002,0.00,0.00,0.00
352.25,8,576610,0.2992,22.09,88.13,699,707,3,7,8,7,0,0,0,0,-191.9,0,2,0,0,0,0,7,0.0001,1.52,8.68,23.05
352.5,7,576664,0.2991,23.04,107.88,640,709,4,15,2,8,0,1,0,0,-191.9,0,1,0,0,1,0,7,0.0001,0.00,0.00,0.00
352.75,7,576708,0.2991,24.00,118.63,593,651,4,14,0,7,0,0,0,0,-191.9,0,1,0,0,0,0,7,0.0001,0.00,0.00,0.00
353,7,576763,0.2991,23.50,124.31,643,710,2,12,4,7,0,0,0,0,-191.9,0,1,0,0,0,0,7,0.0000,0.00,0.00,0.00
353.25,7,576771,0.2991,23.70,133.88,623,648,1,17,0,7,0,0,0,0,-191.9,0,1,0,0,0,0,6,0.0003,0.00,0.00,0.00
353.5,7,576783,0.2990,23.56,128.52,644,664,2,8,8,7,0,0,0,0,-191.9,0,1,0,0,0,0,7,0.0003,0.00,0.00,0.00
353.75,7,576772,0.2990,24.14,137.92,613,615,1,13,0,8,0,0,0,0,-191.9,0,1,0,0,0,0,7,0.0002,0.00,0.00,0.00
354,7,576792,0.2990,24.08,134.95,644,675,2,11,3,8,0,0,0,0,-191.9,0,1,0,0,0,0,7,0.0002,0.00,0.00,0.00
354.25,7,576831,0.2990,24.20,142.53,592,640,5,9,0,8,0,0,0,0,-191.9,0,1,0,0,0,0,7,0.0002,2.45,24.56,35.17
354.5,7,576801,0.2990,24.32,149.33,660,643,1,13,7,7,0,0,0,0,-191.9,0,1,0,0,0,0,7,0.0001,0.00,0.00,0.00
354.75,7,576829,0.2990,24.94,154.10,606,643,2,9,2,7,0,0,0,0,-191.9,0,1,0,0,0,0,7,0.0001,0.00,0.00,0.00
355,7,576835,0.2990,24.96,159.85,663,679,5,10,0,7,0,0,0,0,-191.9,0,1,0,0,0,0,7,0.0001,0.00,0.00,0.00
355.25,7,576838,0.2990,24.87,164.61,670,685,2,12,6,7,0,0,0,0,-191.9,0,1,0,0,0,0,7,0.0001,0.00,0.00,0.00
355.5,7,576837,0.2989,25.52,165.37,657,668,0,12,0,7,0,0,0,0,-191.9,0,1,0,0,0,0,7,0.0000,0.00,0.00,0.00
355.75,7,576857,0.2989,25.08,167.84,711,740,1,9,1,7,0,0,0,0,-191.9,0,1,0,0,0,0,7,0.0000,0.00,0.00,0.00
356,7,576865,0.2989,24.65,169.72,646,663,3,9,0,8,0,0,0,0,-191.9,0,1,0,0,0,0,6,0.0003,0.00,0.00,0.00
356.25,7,576895,0.2989,24.31,172.47,679,723,3,14,2,8,0,0,0,0,-191.9,0,1,0,0,0,0,7,0.0003,1.08,6.28,25.66
356.5,7,576845,0.2989,24.84,172.92,706,667,5,11,0,9,0,0,0,0,-191.9,0,1,0,0,0,0,7,0.0002,0.00,0.00,0.00
356.75,7,576898,0.2989,24.71,175.12,674,740,0,13,1,7,0,0,0,0,-191.9,0,1,0,0,0,0,7,0.0002,0.00,0.00,0.00
357,7,576910,0.2989,24.47,176.61,713,733,6,8,0,9,0,0,0,0,-191.9,0,1,0,0,0,0,7,0.0002,0.00,0.00,0.00
357.25,7,576872,0.2989,23.78,177.96,756,740,3,22,5,9,0,0,0,0,-191.9,0,1,0,0,0,0,7,0.0002,0.00,0.00,0.00
357.5,7,576908,0.2989,23.85,178.12,631,680,6,13,0,8,0,0,0,0,-191.9,0,1,0,0,0,0,7,0.0002,0.00,0.00,0.00
357.75,7,576964,0.2988,24.29,178.14,665,742,1,21,0,8,0,0,0,0,-191.9,0,1,0,0,0,0,7,0.0002,0.00,0.00,0.00
358,7,576951,0.2988,24.03,178.57,739,743,5,17,0,10,0,0,0,0,-191.9,0,1,0,0,0,0,7,0.0002,0.00,0.00,0.00
358.25,7,576942,0.2988,22.99,164.37,730,741,5,20,4,8,0,0,0,0,-191.9,0,1,0,0,0,0,7,0.0002,0.95,4.79,11.89
358.5,7,576904,0.2988,22.97,167.50,689,674,6,23,1,9,0,0,0,0,-191.9,0,1,0,0,0,0,7,0.0003,0.00,0.00,0.00
358.75,7,576892,0.2988,23.00,171.24,716,728,5,24,0,9,0,0,0,0,-191.9,0,1,0,0,0,0,8,0.0000,0.00,0.00,0.00
359,7,576880,0.2987,22.74,174.66,683,686,1,15,6,8,0,0,0,0,-191.9,0,1,0,0,0,0,7,0.0001,0.00,0.00,0.00
359.25,7,576847,0.2987,22.64,177.57,671,658,3,20,2,7,0,0,0,0,-191.9,0,1,0,0,0,0,7,0.0001,0.00,0.00,0.00
359.5,7,576870,0.2987,22.90,178.57,689,729,5,17,0,9,0,0,0,0,-191.9,0,1,0,0,0,0,7,0.0002,0.00,0.00,0.00
359.75,7,576877,0.2987,22.62,181.06,644,672,5,21,3,8,0,0,0,0,-191.9,0,1,0,0,0,0,7,0.0002,0.00,0.00,0.00
360,7,576908,0.2987,22.78,182.37,626,678,5,21,0,9,0,0,0,0,-191.9,0,1,0,0,0,0,8,0.0000,0.00,0.00,0.00
360.25,7,576907,0.2986,22.93,183.41,643,660,4,18,0,9,0,0,0,0,-237.4,0,1,0,0,0,0,7,0.0001,0.62,2.26,8.29
360.5,7,576895,0.2986,22.63,179.54,679,685,3,18,2,7,0,0,0,0,-237.4,0,1,0,0,0,0,7,0.0002,0.00,0.00,0.00
360.75,7,576895,0.2986,22.65,181.47,619,640,4,21,3,9,0,0,0,0,-237.4,0,1,0,0,0,0,7,0.0003,0.00,0.00,0.00
361,7,576884,0.2986,22.77,183.35,628,636,5,19,0,11,0,0,0,0,-237.4,0,1,0,0,0,0,8,0.0001,0.00,0.00,0.00
361.25,7,576935,0.2985,22.04,175.00,633,700,2,16,4,7,0,0,0,0,-237.4,0,1,0,0,0,0,7,0.0002,0.00,0.00,0.00
361.5,7,576968,0.2985,21.92,178.24,577,623,1,13,2,8,0,0,0,0,-237.4,0,1,0,0,0,0,7,0.0003,0.00,0.00,0.00
361.75,7,576968,0.2985,21.84,180.43,600,621,5,21,0,9,0,0,0,0,-237.4,0,1,0,0,0,0,8,0.0001,0.00,0.00,0.00
362,7,576970,0.2985,21.10,182.18,636,661,2,23,4,9,0,0,0,0,-237.4,0,1,0,0,0,0,7,0.0002,0.00,0.00,0.00
362.25,7,576920,0.2985,20.89,184.26,648,618,2,20,1,8,0,0,0,0,-237.4,0,1,0,0,0,0,8,0.0001,0.84,3.27,30.17
362.5,7,576936,0.2985,20.28,186.40,621,650,5,13,0,9,0,0,0,0,-237.4,0,1,0,0,0,0,7,0.0002,0.00,0.00,0.00
362.75,7,576885,0.2985,19.93,187.04,629,596,1,18,0,8,0,0,0,0,-237.4,0,1,0,0,0,0,8,0.0001,0.00,0.00,0.00
363,7,576905,0.2985,19.16,188.28,633,664,4,11,2,9,0,0,0,0,-237.4,0,1,0,0,0,0,7,0.0002,0.00,0.00,0.00
363.25,7,576907,0.2984,19.10,189.57,577,593,3,14,1,9,0,0,0,0,-237.4,0,1,0,0,0,0,8,0.0001,0.00,0.00,0.00
363.5,7,576872,0.2985,18.83,173.46,632,616,778,19,0,10,0,0,0,0,-237.4,0,1,0,0,0,0,7,0.0002,0.00,0.00,0.00
363.75,7,576841,0.2985,18.92,155.82,633,616,1,14,0,8,0,0,0,0,-237.4,0,1,0,0,0,0,8,0.0001,0.00,0.00,0.00
364,7,576870,0.2984,18.21,152.32,610,647,2,8,2,8,0,0,0,0,-237.4,0,1,0,0,0,0,7,0.0003,0.00,0.00,0.00
364.25,7,576865,0.2984,17.81,149.41,644,646,0,7,1,8,0,0,0,0,-237.4,0,1,0,0,0,0,8,0.0001,1.05,3.56,33.82
364.5,7,576915,0.2984,16.83,146.25,609,667,2,8,0,10,0,0,0,0,-237.4,0,1,0,0,0,0,8,0.0000,0.00,0.00,0.00
364.75,7,576957,0.2984,16.27,144.29,594,637,2,1,0,7,0,0,0,0,-237.4,0,1,0,0,0,0,7,0.0002,0.00,0.00,0.00
365,7,576970,0.2984,14.79,141.35,665,686,3,8,0,9,0,0,0,0,-237.4,0,1,0,0,0,0,8,0.0000,0.00,0.00,0.00
365.25,7,576957,0.2984,14.40,142.11,649,644,3,8,0,8,0,0,0,0,-237.4,0,1,0,0,0,0,7,0.0002,0.00,0.00,0.00
365.5,7,576934,0.2985,13.31,140.57,639,620,7,4,0,12,0,0,0,0,-237.4,0,1,0,0,0,0,8,0.0000,0.00,0.00,0.00
365.75,7,576882,0.2985,12.95,141.14,678,628,3,2,0,7,0,0,0,0,-237.4,0,1,0,0,0,0,7,0.0002,0.00,0.00,0.00
366,7,576888,0.2985,12.38,138.49,635,643,2,2,0,9,0,0,0,0,-237.4,0,1,0,0,0,0,8,0.0000,0.00,0.00,0.00
366.25,7,576874,0.2985,12.33,138.14,631,628,2,11,0,8,0,0,0,0,-237.4,0,1,0,0,0,0,7,0.0002,1.63,9.93,19.73
366.5,7,576880,0.2985,12.11,135.02,596,609,2,7,1,8,0,0,0,0,-237.4,0,1,0,0,0,0,8,0.0000,0.00,0.00,0.00
366.75,7,576869,0.2985,12.38,138.67,603,594,4,2,0,8,0,0,0,0,-237.4,0,1,0,0,0,0,7,0.0001,0.00,0.00,0.00
367,7,576851,0.2985,13.06,134.92,619,606,1,5,0,9,0,0,0,0,-237.4,0,1,0,0,0,0,7,0.0003,0.00,0.00,0.00
367.25,7,576876,0.2985,12.76,137.54,618,644,0,1,1,9,0,0,0,0,-237.4,0,1,0,0,0,0,8,0.0001,0.00,0.00,0.00
367.5,7,576873,0.2985,12.63,134.43,641,643,1,5,0,9,0,0,0,0,-237.4,0,1,0,0,0,0,7,0.0002,0.00,0.00,0.00
367.75,7,576903,0.2985,13.26,140.91,609,643,2,4,0,9,0,0,0,0,-237.4,0,1,0,0,0,0,8,0.0000,0.00,0.00,0.00
368,7,576912,0.2985,12.85,148.42,652,664,1,3,0,10,0,0,0,0,-237.4,0,1,0,0,0,0,7,0.0001,0.00,0.00,0.00
368.25,7,576934,0.2985,13.45,154.71,582,607,3,3,0,8,0,0,0,0,-237.4,0,1,0,0,0,0,7,0.0002,1.83,9.91,22.56
368.5,7,576959,0.2985,13.49,159.91,620,654,0,9,0,9,0,0,0,0,-237.4,0,1,0,0,0,0,8,0.0001,0.00,0.00,0.00
368.75,7,576940,0.2986,14.06,164.41,632,615,0,2,0,9,0,0,0,0,-237.4,0,1,0,0,0,0,7,0.0002,0.00,0.00,0.00
369,7,576957,0.2986,14.24,168.27,639,663,2,7,0,8,0,0,0,0,-237.4,0,1,0,0,0,0,7,0.0003,0.00,0.00,0.00
369.25,7,576966,0.2986,14.19,171.65,612,624,2,3,0,8,0,0,0,0,-237.4,0,1,0,0,0,0,8,0.0001,0.00,0.00,0.00
369.5,7,576946,0.2986,13.60,174.37,638,623,2,5,0,7,0,0,0,0,-237.4,0,1,0,0,0,0,7,0.0002,0.00,0.00,0.00
369.75,7,576954,0.2986,13.91,177.09,581,594,2,5,0,7,0,0,0,0,-237.4,0,1,0,0,0,0,7,0.0003,0.00,0.00,0.00
370,7,576909,0.2986,13.97,179.60,630,594,4,9,0,9,0,0,0,0,-237.4,0,1,0,0,0,0,8,0.0001,0.00,0.00,0.00
370.25,7,576905,0.2986,14.31,181.87,580,580,3,5,1,8,0,0,0,0,-279.1,0,1,0,0,0,0,7,0.0002,0.96,7.05,21.12
370.5,7,576908,0.2986,14.06,183.89,591,606,2,12,0,7,0,0,0,0,-279.1,0,1,0,0,0,0,7,0.0003,0.00,0.00,0.00
370.75,7,576889,0.2986,14.04,185.69,561,545,0,3,2,10,0,0,0,0,-279.1,0,1,0,0,0,0,8,0.0001,0.00,0.00,0.00
371,7,576878,0.2986,13.81,187.41,574,573,5,10,1,7,0,0,0,0,-279.1,0,1,0,0,0,0,7,0.0002,0.00,0.00,0.00
371.25,7,576888,0.2986,14.34,188.94,485,500,1,5,0,10,0,0,0,0,-279.1,0,1,0,0,0,0,8,0.0000,0.00,0.00,0.00
371.5,7,576917,0.2986,14.21,190.52,566,606,5,11,0,8,0,0,0,0,-279.1,0,1,0,0,0,0,7,0.0001,0.00,0.00,0.00
371.75,7,576914,0.2986,14.42,192.02,525,524,2,2,0,7,0,0,0,0,-279.1,0,1,0,0,0,0,7,0.0002,0.00,0.00,0.00
372,7,576921,0.2986,14.29,193.26,514,534,5,13,2,8,0,0,0,0,-279.1,0,1,0,0,0,0,8,0.0000,0.00,0.00,0.00
372.25,7,576927,0.2986,14.64,194.31,533,544,1,5,0,8,0,0,0,0,-279.1,0,1,0,0,0,0,7,0.0001,1.70,11.96,27.28
372.5,7,576930,0.2986,14.62,195.16,500,518,1,15,0,7,0,0,0,0,-279.1,0,1,0,0,0,0,7,0.0003,0.00,0.00,0.00
372.75,7,576922,0.2986,14.85,195.96,516,513,1,5,0,8,0,0,0,0,-279.1,0,1,0,0,0,0,8,0.0001,0.00,0.00,0.00
373,7,576943,0.2986,14.75,196.59,521,552,2,10,1,7,0,0,0,0,-279.1,0,1,0,0,0,0,7,0.0002,0.00,0.00,0.00
373.25,7,576998,0.2986,15.05,197.05,462,525,0,8,0,8,0,0,0,0,-279.1,0,1,0,0,0,0,8,0.0000,0.00,0.00,0.00
373.5,7,577028,0.2985,14.78,197.45,524,570,1,16,0,7,0,0,0,0,-279.1,0,1,0,0,0,0,7,0.0002,0.00,0.00,0.00
373.75,7,577060,0.2985,15.17,197.81,483,517,1,2,0,8,0,0,0,0,-279.1,0,1,0,0,0,0,7,0.0003,0.00,0.00,0.00
374,7,577052,0.2985,14.91,198.00,530,533,1,11,2,10,0,0,0,0,-279.1,0,1,0,0,0,0,8,0.0001,0.00,0.00,0.00
374.25,7,577062,0.2985,16.58,198.04,498,511,22708,3,0,7,0,0,0,0,-279.1,0,1,0,0,0,0,7,0.0003,0.99,14.15,36.25
374.5,7,576981,0.2986,18.42,198.23,661,589,1,9,1,9,0,0,0,0,-279.1,0,1,0,0,0,0,8,0.0001,0.00,0.00,0.00
374.75,7,576950,0.2986,20.07,198.39,641,618,1,8,0,7,0,0,0,0,-279.1,0,1,0,0,0,0,7,0.0002,0.00,0.00,0.00
375,7,576996,0.2986,21.63,198.43,619,668,3,4,0,8,0,0,0,0,-279.1,0,1,0,0,0,0,8,0.0001,0.00,0.00,0.00
375.25,7,577038,0.2985,22.35,198.46,673,731,2,16,0,7,0,0,0,0,-279.1,0,1,0,0,0,0,7,0.0002,0.00,0.00,0.00
375.5,7,577018,0.2986,23.29,198.46,763,751,0,8,0,8,0,0,0,0,-279.1,0,1,0,0,0,0,8,0.0000,0.00,0.00,0.00
375.75,7,577035,0.2985,23.29,198.52,701,731,2,14,3,10,0,0,0,0,-279.1,0,1,0,0,0,0,7,0.0002,0.00,0.00,0.00
376,7,577081,0.2985,23.15,198.39,671,722,5,5,0,8,0,0,0,0,-279.1,0,1,0,0,0,0,8,0.0000,0.00,0.00,0.00
376.25,6,577108,0.2985,22.51,198.45,676,716,4,13,1,7,0,1,0,0,-279.1,0,0,0,0,1,0,7,0.0002,2.34,26.39,32.89
376.5,6,577081,0.2985,22.11,197.12,676,664,1712,15,0,9,0,0,0,0,-279.1,0,0,0,0,0,0,8,0.0001,0.00,0.00,0.00
376.75,6,577098,0.2985,21.62,197.03,723,752,4,12,0,7,0,0,0,0,-279.1,0,0,0,0,0,0,7,0.0002,0.00,0.00,0.00
377,6,577106,0.2984,20.60,196.97,727,761,3,26,2,8,0,0,0,0,-279.1,0,0,0,0,0,0,8,0.0001,0.00,0.00,0.00
377.25,6,577082,0.2984,20.47,196.84,703,691,3,12,0,7,0,0,0,0,-279.1,0,0,0,0,0,0,7,0.0003,0.00,0.00,0.00
377.5,6,577082,0.2984,19.93,196.71,734,749,2,15,1,9,0,0,0,0,-279.1,0,0,0,0,0,0,8,0.0001,0.00,0.00,0.00
377.75,6,577067,0.2984,21.35,196.17,688,684,5,11,0,9,0,0,0,0,-279.1,0,0,0,0,0,0,8,0.0000,0.00,0.00,0.00
378,6,577077,0.2984,21.60,195.36,777,802,12,15,1,8,0,0,0,0,-279.1,0,0,0,0,0,0,7,0.0002,0.00,0.00,0.00
378.25,6,577118,0.2984,24.82,195.98,701,749,1718,11,0,9,0,0,0,0,-279.1,0,0,0,0,0,0,8,0.0001,2.91,46.49,49.93
378.5,6,577120,0.2984,26.05,196.61,867,867,46,7,0,8,0,0,0,0,-279.1,0,0,0,0,0,0,7,0.0003,0.00,0.00,0.00
378.75,6,577115,0.2984,26.38,197.15,869,873,19,10,0,8,0,0,0,0,-279.1,0,0,0,0,0,0,8,0.0002,0.00,0.00,0.00
379,6,577117,0.2984,26.92,197.59,919,940,13,21,0,8,0,0,0,0,-279.1,0,0,0,0,0,0,8,0.0001,0.00,0.00,0.00
379.25,6,577098,0.2984,27.73,197.92,921,912,5,10,0,8,0,0,0,0,-279.1,0,0,0,0,0,0,7,0.0003,0.00,0.00,0.00
379.5,6,577109,0.2984,28.08,198.22,906,926,4,9,0,8,0,0,0,0,-279.1,0,0,0,0,0,0,8,0.0002,0.00,0.00,0.00
379.75,6,577083,0.2984,29.11,198.45,914,894,4,6,0,11,0,0,0,0,-279.1,0,0,0,0,0,0,8,0.0001,0.00,0.00,0.00
380,6,577058,0.2984,28.92,198.69,927,906,3,4,0,7,0,0,0,0,-279.1,0,0,0,0,0,0,7,0.0003,0.00,0.00,0.00
380.25,6,577016,0.2985,29.38,198.88,884,848,4,6,0,9,0,0,0,1,-309.1,0,0,0,0,0,0,8,0.0002,2.13,12.10,15.30
380.5,6,577001,0.2985,29.18,199.05,879,874,3,10,0,9,0,0,0,1,-309.1,0,0,0,0,0,0,8,0.0001,0.00,0.00,0.00
380.75,6,577008,0.2985,29.32,163.93,873,888,8,8,0,11,0,0,0,1,-309.1,0,0,0,0,0,0,8,0.0000,0.00,0.00,0.00
381,6,577007,0.2984,28.73,122.13,874,900,9,27,0,8,0,0,0,1,-309.1,0,0,0,0,0,0,7,0.0002,0.00,0.00,0.00
381.25,6,576991,0.2984,29.20,134.36,833,835,7,18,1,9,0,0,0,1,-309.1,0,0,0,0,0,0,8,0.0001,0.00,0.00,0.00
381.5,6,577033,0.2984,29.09,144.79,827,884,5,15,1,9,0,0,0,1,-309.1,0,0,0,0,0,0,8,0.0001,0.00,0.00,0.00
381.75,6,577026,0.2984,29.91,153.14,856,857,10,11,1,9,0,0,0,1,-309.1,0,0,0,0,0,0,8,0.0000,0.00,0.00,0.00
382,6,577004,0.2984,29.56,160.37,875,868,4,15,0,9,0,0,0,1,-309.1,0,0,0,0,0,0,7,0.0002,0.00,0.00,0.00
382.25,6,576990,0.2984,29.97,166.54,893,891,7076,12,0,8,0,0,0,2,-309.1,0,0,0,0,0,0,8,0.0002,1.69,16.42,29.86
382.5,6,576898,0.2985,30.06,171.70,1025,938,8,5,0,9,0,0,0,2,-309.1,0,0,0,0,0,0,8,0.0001,0.00,0.00,0.00
382.75,6,576853,0.2985,30.28,176.15,1020,984,5,9,2,8,0,0,0,2,-309.1,0,0,0,0,0,0,8,0.0001,0.00,0.00,0.00
383,6,576945,0.2984,30.27,179.86,928,1026,4,6,0,7,0,0,0,2,-309.1,0,0,0,0,0,0,7,0.0003,0.00,0.00,0.00
383.25,6,576919,0.2985,30.48,182.90,1023,1007,6,10,1,9,0,0,0,2,-309.1,0,0,0,0,0,0,8,0.0002,0.00,0.00,0.00
383.5,6,576938,0.2984,30.41,184.98,975,1008,7,14,1,9,0,0,0,2,-309.1,0,0,0,0,0,0,8,0.0002,0.00,0.00,0.00
383.75,6,576915,0.2985,30.69,184.04,968,957,7,12,0,13,0,0,0,2,-309.1,0,0,0,0,0,0,8,0.0001,0.00,0.00,0.00
384,6,576927,0.2984,30.55,185.99,971,1003,9,23,1,8,0,0,0,2,-309.1,0,0,0,0,0,0,8,0.0001,0.00,0.00,0.00
384.25,6,576929,0.2984,30.36,186.18,968,981,4,12,1,9,0,0,0,2,-309.1,0,0,0,0,0,0,8,0.0000,2.89,14.42,17.62
384.5,6,576891,0.2984,30.08,187.51,942,920,3,16,1,9,0,0,0,2,-309.1,0,0,0,0,0,0,7,0.0003,0.00,0.00,0.00
384.75,6,576858,0.2985,29.85,188.54,953,925,3,5,0,10,0,0,0,2,-309.1,0,0,0,0,0,0,8,0.0003,0.00,0.00,0.00
385,6,576807,0.2985,29.44,189.97,964,930,5,17,2,9,0,0,0,2,-309.1,0,0,0,0,0,0,8,0.0002,0.00,0.00,0.00
385.25,6,576834,0.2985,29.01,191.37,902,937,5,8,2,9,0,0,0,2,-309.1,0,0,0,0,0,0,8,0.0002,0.00,0.00,0.00
385.5,6,576829,0.2984,28.45,192.58,903,921,10,23,0,10,0,0,0,2,-309.1,0,0,0,0,0,0,8,0.0002,0.00,0.00,0.00
385.75,6,576849,0.2984,27.96,193.40,865,899,3,14,0,8,0,0,0,2,-309.1,0,0,0,0,0,0,8,0.0001,0.00,0.00,0.00
386,6,576808,0.2984,27.43,194.14,852,830,3,19,1,8,0,0,0,2,-309.1,0,0,0,0,0,0,8,0.0001,0.00,0.00,0.00
386.25,6,576876,0.2984,27.16,195.06,776,853,6,10,1,9,0,0,0,4,-309.1,0,0,0,0,0,0,8,0.0001,2.08,17.81,20.08
386.5,6,576834,0.2984,26.76,195.83,815,794,4,21,1,11,0,0,0,3,-309.1,0,0,0,0,0,0,8,0.0001,0.00,0.00,0.00
386.75,6,576882,0.2984,26.69,196.24,753,812,8,11,0,14,0,0,0,3,-309.1,0,0,0,0,0,0,8,0.0001,0.00,0.00,0.00
387,6,576909,0.2983,26.36,196.68,778,830,2,25,1,10,0,0,0,3,-309.1,0,0,0,0,0,0,8,0.0002,0.00,0.00,0.00
387.25,6,576883,0.2983,26.08,197.18,813,797,3,11,0,9,0,0,0,3,-309.1,0,0,0,0,0,0,8,0.0002,0.00,0.00,0.00
387.5,6,576921,0.2983,25.79,197.30,749,815,6,28,2,10,0,0,0,3,-309.1,0,0,0,0,0,0,8,0.0002,0.00,0.00,0.00
387.75,6,576910,0.2983,25.87,197.41,774,767,3,4,1,9,0,0,0,3,-309.1,0,0,0,0,0,0,8,0.0002,0.00,0.00,0.00
388,6,576912,0.2983,25.61,197.77,763,784,4,19,1,8,0,0,0,3,-309.1,0,0,0,0,0,0,8,0.0003,0.00,0.00,0.00
388.25,6,576920,0.2983,25.50,198.00,784,807,3,15,0,10,0,0,0,4,-309.1,0,0,0,0,0,0,9,0.0000,2.73,13.94,17.84
388.5,6,576900,0.2983,25.29,198.16,752,747,5,15,1,9,0,0,0,3,-309.1,0,0,0,0,0,0,8,0.0001,0.00,0.00,0.00
388.75,6,576953,0.2982,25.42,197.87,723,785,3,9,0,10,0,0,0,3,-309.1,0,0,0,0,0,0,8,0.0001,0.00,0.00,0.00
389,6,576920,0.2982,24.92,198.12,789,776,4,20,2,9,0,0,0,3,-309.1,0,0,0,0,0,0,8,0.0001,0.00,0.00,0.00
389.25,6,576961,0.2982,25.08,198.19,740,794,1,13,0,8,0,0,0,3,-309.1,0,0,0,0,0,0,8,0.0002,0.00,0.00,0.00
389.5,6,576977,0.2982,24.75,197.74,728,760,1,16,0,12,0,0,0,3,-309.1,0,0,0,0,0,0,8,0.0002,0.00,0.00,0.00
389.75,6,577016,0.2982,25.12,197.10,731,780,1,10,1,10,0,0,0,3,-309.1,0,0,0,0,0,0,8,0.0003,0.00,0.00,0.00
390,6,576975,0.2982,24.45,196.47,749,727,4,19,1,8,0,0,0,3,-309.1,0,0,0,0,0,0,8,0.0003,0.00,0.00,0.00
390.25,6,577025,0.2982,24.48,196.53,686,744,3,8,0,10,0,0,0,3,-261.8,0,0,0,0,0,0,9,0.0000,1.91,6.21,16.47
390.5,6,577070,0.2981,24.09,195.35,643,706,7,18,1,8,0,0,0,3,-261.8,0,0,0,0,0,0,8,0.0001,0.00,0.00,0.00
390.75,6,577067,0.2981,24.37,195.31,668,673,4,8,1,10,0,0,0,3,-261.8,0,0,0,0,0,0,8,0.0001,0.00,0.00,0.00
391,6,577067,0.2981,23.90,195.09,664,681,6,17,0,8,0,0,0,3,-261.8,0,0,0,0,0,0,8,0.0001,0.00,0.00,0.00
391.25,7,577066,0.2981,24.37,192.94,662,671,5,10,0,10,1,0,0,2,-261.8,0,0,0,0,0,0,8,0.0002,0.00,0.00,0.00
391.5,7,577074,0.2981,24.27,193.00,670,703,2,25,1,9,0,0,1,2,-261.8,0,0,0,0,0,0,8,0.0002,0.00,0.00,0.00
391.75,7,577076,0.2981,24.92,193.11,670,679,3,7,1,10,0,0,1,2,-261.8,0,0,0,0,0,0,8,0.0002,0.00,0.00,0.00
392,7,577085,0.2981,24.30,193.28,648,677,3,20,2,8,0,0,0,2,-261.8,0,0,0,0,0,0,8,0.0002,0.00,0.00,0.00
392.25,7,577130,0.2981,24.99,192.39,631,687,6,11,0,9,0,0,0,2,-261.8,0,0,0,0,0,0,8,0.0002,1.56,3.31,10.98
392.5,7,577088,0.2981,24.42,192.73,680,656,6,19,4,8,0,0,0,2,-261.8,0,0,0,0,0,0,8,0.0002,0.00,0.00,0.00
392.75,7,577153,0.2980,24.21,192.89,629,701,1,7,0,8,0,0,0,2,-261.8,0,0,0,0,0,0,8,0.0002,0.00,0.00,0.00
393,7,577136,0.2980,23.54,193.21,658,658,7,18,0,9,0,0,0,2,-261.8,0,0,0,0,0,0,8,0.0002,0.00,0.00,0.00
393.25,7,577124,0.2980,23.49,190.50,636,633,6,10,0,8,0,0,0,2,-261.8,0,0,0,0,0,0,8,0.0002,0.00,0.00,0.00
393.5,7,577120,0.2980,22.96,191.21,612,625,2,17,3,8,0,0,0,2,-261.8,0,0,0,0,0,0,8,0.0002,0.00,0.00,0.00
393.75,7,577165,0.2980,22.50,191.87,606,662,5,11,1,8,0,0,0,2,-261.8,0,0,0,0,0,0,8,0.0002,0.00,0.00,0.00
394,7,577180,0.2979,22.37,192.78,587,625,5,23,2,9,0,0,0,2,-261.8,0,0,0,0,0,0,8,0.0002,0.00,0.00,0.00
394.25,7,577186,0.2979,23.28,193.73,603,623,2,14,0,9,0,0,0,2,-261.8,0,0,0,0,0,0,8,0.0002,1.66,6.24,19.27
394.5,7,577210,0.2979,23.63,194.38,594,631,2,13,0,11,0,0,0,2,-261.8,0,0,0,0,0,0,8,0.0002,0.00,0.00,0.00
394.75,7,577201,0.2979,24.52,195.15,627,623,6,5,0,8,0,0,0,2,-261.8,0,0,0,0,0,0,8,0.0001,0.00,0.00,0.00
395,7,577187,0.2979,24.76,195.71,639,638,3,13,0,8,0,0,0,2,-261.8,0,0,0,0,0,0,8,0.0001,0.00,0.00,0.00
395.25,7,577199,0.2979,25.87,196.12,630,652,4,10,0,10,0,0,0,2,-261.8,0,0,0,0,0,0,8,0.0001,0.00,0.00,0.00
395.5,7,577186,0.2979,26.59,196.35,671,670,825,12,0,10,0,0,0,2,-261.8,0,0,0,0,0,0,8,0.0001,0.00,0.00,0.00
395.75,7,577217,0.2979,26.64,196.58,693,741,7,17,0,8,0,0,0,2,-261.8,0,0,0,0,0,0,8,0.0000,0.00,0.00,0.00
396,7,577245,0.2979,27.29,196.85,696,735,3,11,0,9,0,0,0,2,-261.8,0,0,0,0,0,0,8,0.0000,0.00,0.00,0.00
396.25,7,577230,0.2979,27.57,197.20,711,700,0,4,0,9,0,0,0,2,-261.8,0,0,0,0,0,0,8,0.0000,1.40,4.68,8.92
396.5,7,577277,0.2979,27.98,197.42,679,739,1,13,0,7,0,0,0,2,-261.8,0,0,0,0,0,0,7,0.0003,0.00,0.00,0.00
396.75,7,577293,0.2979,28.53,197.74,710,732,3,6,0,9,0,0,0,2,-261.8,0,0,0,0,0,0,8,0.0003,0.00,0.00,0.00
397,7,577328,0.2979,28.88,198.01,707,743,2,1,0,10,0,0,0,2,-261.8,0,0,0,0,0,0,8,0.0003,0.00,0.00,0.00
397.25,7,577301,0.2979,29.11,198.15,747,726,3,6,0,8,0,0,0,2,-261.8,0,0,0,0,0,0,8,0.0002,0.00,0.00,0.00
397.5,7,577292,0.2979,29.25,198.31,740,738,0,7,0,9,0,0,0,2,-261.8,0,0,0,0,0,0,8,0.0002,0.00,0.00,0.00
397.75,7,577293,0.2979,29.52,198.22,714,718,0,3,0,10,0,0,0,2,-261.8,0,0,0,0,0,0,8,0.0002,0.00,0.00,0.00
398,7,577269,0.2979,29.30,198.47,767,749,2,6,0,8,0,0,0,2,-261.8,0,0,0,0,0,0,8,0.0001,0.00,0.00,0.00
398.25,7,577309,0.2979,29.31,198.60,720,766,0,6,0,8,0,0,0,2,-261.8,0,0,0,0,0,0,8,0.0001,1.75,3.86,7.45
398.5,7,577326,0.2979,28.75,198.08,757,782,3,8,0,8,0,0,0,2,-261.8,0,0,0,0,0,0,8,0.0001,0.00,0.00,0.00
398.75,7,577281,0.2979,28.38,197.39,771,727,1,1,1,8,0,0,0,2,-261.8,0,0,0,0,0,0,8,0.0000,0.00,0.00,0.00
399,7,577334,0.2979,27.63,197.08,743,800,5,4,3,8,0,0,0,2,-261.8,0,0,0,0,0,0,7,0.0003,0.00,0.00,0.00
399.25,7,577309,0.2979,27.08,197.55,730,711,0,6,1,8,0,0,0,2,-261.8,0,0,0,0,0,0,8,0.0002,0.00,0.00,0.00
399.5,7,577294,0.2979,26.12,197.80,763,760,3,12,2,9,0,0,0,2,-261.8,0,0,0,0,0,0,8,0.0001,0.00,0.00,0.00
399.75,7,577301,0.2979,25.47,197.45,709,723,5,7,4,8,0,0,0,2,-261.8,0,0,0,0,0,0,8,0.0001,0.00,0.00,0.00
400,7,577315,0.2979,24.97,193.94,694,712,1,4,6,11,0,0,0,2,-261.8,0,0,0,0,0,0,8,0.0000,0.00,0.00,0.00
400.25,8,577317,0.2979,24.35,194.89,676,682,1,4,8,8,1,0,0,1,-276.3,0,0,0,0,0,0,7,0.0002,2.90,9.75,23.46
400.5,8,577372,0.2979,23.06,181.72,654,714,13,5,3,8,0,0,1,1,-276.3,0,0,0,0,0,0,8,0.0002,0.00,0.00,0.00
400.75,8,577390,0.2979,25.40,182.43,636,663,2,9,5,10,0,0,0,1,-276.3,0,0,0,0,0,0,8,0.0001,0.00,0.00,0.00
401,8,577355,0.2979,23.53,182.97,725,712,5,22,3,9,0,0,0,1,-276.3,0,0,0,0,0,0,8,0.0000,0.00,0.00,0.00
401.25,8,577339,0.2979,22.85,183.41,678,675,6,14,2,10,0,0,0,1,-276.3,0,0,0,0,0,0,7,0.0003,0.00,0.00,0.00
401.5,8,577388,0.2978,21.99,183.88,631,694,2,14,1,9,0,0,0,1,-276.3,0,0,0,0,0,0,8,0.0002,0.00,0.00,0.00
401.75,8,577448,0.2978,23.62,183.98,582,655,3,13,0,9,0,0,1,1,-276.3,0,0,0,0,0,0,8,0.0001,0.00,0.00,0.00
402,8,577414,0.2978,21.65,184.02,721,707,5,20,0,9,0,0,0,1,-276.3,0,0,0,0,0,0,8,0.0000,0.00,0.00,0.00
402.25,8,577387,0.2978,21.58,183.08,659,640,1,8,0,8,0,0,0,1,-276.3,0,0,0,0,0,0,7,0.0003,2.06,6.73,27.27
402.5,8,577377,0.2978,19.74,183.00,634,638,4,14,0,10,0,0,0,1,-276.3,0,0,0,0,0,0,8,0.0002,0.00,0.00,0.00
402.75,8,577364,0.2978,19.79,183.15,616,613,4,10,0,10,0,0,0,1,-276.3,0,0,0,0,0,0,8,0.0001,0.00,0.00,0.00
403,8,577378,0.2978,18.25,183.04,630,652,5,8,0,9,0,0,0,1,-276.3,0,0,0,0,0,0,8,0.0000,0.00,0.00,0.00
403.25,8,577393,0.2978,18.30,181.69,598,623,2,10,0,8,0,0,0,1,-276.3,0,0,0,0,0,0,7,0.0003,0.00,0.00,0.00
403.5,8,577398,0.2978,16.99,180.89,598,615,4,12,1,8,0,0,0,1,-276.3,0,0,0,0,0,0,8,0.0002,0.00,0.00,0.00
403.75,8,577417,0.2978,16.84,183.88,560,601,4,22,0,8,0,0,0,1,-276.3,0,0,0,0,0,0,8,0.0001,0.00,0.00,0.00
404,8,577456,0.2977,15.95,186.14,526,582,3,17,0,10,0,0,0,1,-276.3,0,0,0,0,0,0,8,0.0001,0.00,0.00,0.00
404.25,8,577438,0.2977,15.76,188.07,556,546,4,8,0,10,0,0,0,1,-276.3,0,0,0,0,0,0,8,0.0000,1.24,3.75,9.84
404.5,8,577439,0.2977,14.63,189.82,552,564,2,11,0,8,0,0,0,1,-276.3,0,0,0,0,0,0,7,0.0003,0.00,0.00,0.00
404.75,8,577456,0.2977,14.66,191.43,487,513,2,9,0,10,0,0,0,1,-276.3,0,0,0,0,0,0,8,0.0002,0.00,0.00,0.00
405,8,577485,0.2977,13.59,192.59,509,542,4,4,0,11,0,0,0,1,-276.3,0,0,0,0,0,0,8,0.0002,0.00,0.00,0.00
405.25,8,577508,0.2977,13.79,191.64,512,548,3,13,0,9,0,0,0,1,-276.3,0,0,0,0,0,0,8,0.0002,0.00,0.00,0.00
405.5,8,577540,0.2977,12.98,192.97,485,530,4,13,0,10,0,0,0,1,-276.3,0,0,0,0,0,0,8,0.0001,0.00,0.00,0.00
405.75,8,577547,0.2977,13.61,194.03,482,491,1,2,0,9,0,0,0,1,-276.3,0,0,0,0,0,0,8,0.0001,0.00,0.00,0.00
406,8,577587,0.2977,12.46,193.67,475,530,0,15,0,10,0,0,0,1,-276.3,0,0,0,0,0,0,8,0.0000,0.00,0.00,0.00
406.25,8,577597,0.2976,12.66,194.66,451,475,1,14,0,7,0,0,0,1,-276.3,0,0,0,0,0,0,7,0.0003,1.53,4.49,13.81
406.5,8,577602,0.2976,11.93,195.40,488,501,2,8,0,9,0,0,0,1,-276.3,0,0,0,0,0,0,8,0.0002,0.00,0.00,0.00
406.75,8,577597,0.2977,11.56,195.56,466,464,1,3,0,8,0,0,0,1,-276.3,0,0,0,0,0,0,8,0.0002,0.00,0.00,0.00
407,8,577593,0.2977,10.93,191.44,485,488,3,7,0,9,0,0,0,1,-276.3,0,0,0,0,0,0,8,0.0001,0.00,0.00,0.00
407.25,8,577597,0.2977,10.78,187.51,414,423,2,5,0,9,0,0,0,1,-276.3,0,0,0,0,0,0,8,0.0001,0.00,0.00,0.00
407.5,8,577573,0.2977,10.19,183.27,422,404,1,6,0,11,0,0,0,1,-276.3,0,0,0,0,0,0,8,0.0001,0.00,0.00,0.00
407.75,8,577574,0.2977,10.17,179.50,411,426,3,14,1,8,0,0,0,1,-276.3,0,0,0,0,0,0,8,0.0000,0.00,0.00,0.00
408,8,577599,0.2977,10.07,175.53,397,424,2,2,0,10,0,0,0,1,-276.3,0,0,0,0,0,0,7,0.0003,0.00,0.00,0.00
408.25,8,577611,0.2977,10.05,173.05,394,414,2,8,0,9,0,0,0,1,-276.3,0,0,0,0,0,0,8,0.0002,1.58,4.79,16.92
408.5,8,577622,0.2977,9.76,173.29,405,424,1,8,0,9,0,0,0,1,-276.3,0,0,0,0,0,0,8,0.0002,0.00,0.00,0.00
408.75,8,577626,0.2977,9.67,170.23,401,408,0,3,0,9,0,0,0,1,-276.3,0,0,0,0,0,0,8,0.0001,0.00,0.00,0.00
409,8,577668,0.2977,9.97,168.34,378,430,2,10,0,9,0,0,0,1,-276.3,0,0,0,0,0,0,8,0.0001,0.00,0.00,0.00
409.25,8,577677,0.2977,9.41,162.66,383,395,0,3,0,9,0,0,0,1,-276.3,0,0,0,0,0,0,8,0.0000,0.00,0.00,0.00
409.5,8,577678,0.2977,10.26,132.62,365,374,5,9,4,9,0,0,0,1,-276.3,0,0,0,0,0,0,7,0.0003,0.00,0.00,0.00
409.75,8,577685,0.2976,10.61,108.51,376,403,3,20,0,9,0,0,0,1,-276.3,0,0,0,0,0,0,8,0.0002,0.00,0.00,0.00
410,8,577669,0.2977,10.65,103.62,364,359,1,11,1,11,0,0,0,1,-276.3,0,0,0,0,0,0,8,0.0002,0.00,0.00,0.00
410.25,8,577711,0.2976,10.59,88.69,322,370,1,6,3,10,0,0,0,1,-318.3,0,0,0,0,0,0,8,0.0002,1.43,7.57,30.15
410.5,8,577702,0.2976,10.44,87.99,331,330,2,8,1,9,0,0,0,1,-318.3,0,0,0,0,0,0,8,0.0001,0.00,0.00,0.00
410.75,8,577707,0.2977,11.18,88.47,324,334,1,5,0,12,0,0,0,1,-318.3,0,0,0,0,0,0,8,0.0001,0.00,0.00,0.00
411,8,577772,0.2976,10.80,88.37,300,368,0,3,4,8,0,0,0,1,-318.3,0,0,0,0,0,0,8,0.0000,0.00,0.00,0.00
411.25,8,577824,0.2976,11.34,97.93,283,339,0,4,1,9,0,0,0,1,-318.3,0,0,0,0,0,0,7,0.0003,0.00,0.00,0.00
411.5,8,577879,0.2976,11.29,108.00,315,375,3,5,1,9,0,0,0,1,-318.3,0,0,0,0,0,0,8,0.0002,0.00,0.00,0.00
411.75,8,577915,0.2976,11.82,97.22,313,359,4,10,1,9,0,0,0,1,-318.3,0,0,0,0,0,0,8,0.0002,0.00,0.00,0.00
412,8,577978,0.2975,12.71,88.46,332,403,3,8,2,9,0,0,0,1,-318.3,0,0,0,0,0,0,8,0.0001,0.00,0.00,0.00
412.25,8,577999,0.2975,12.10,88.61,331,358,0,6,2,9,0,0,0,1,-318.3,0,0,0,0,0,0,8,0.0001,1.16,4.28,11.04
412.5,8,578032,0.2975,12.91,88.94,321,372,6,18,1,9,0,0,0,1,-318.3,0,0,0,0,0,0,8,0.0000,0.00,0.00,0.00
412.75,8,578053,0.2975,13.13,91.29,336,365,1,8,3,8,0,0,0,1,-318.3,0,0,0,0,0,0,7,0.0003,0.00,0.00,0.00
413,8,578104,0.2974,13.12,88.88,291,347,2,5,1,10,0,0,0,1,-318.3,0,0,0,0,0,0,8,0.0002,0.00,0.00,0.00
413.25,8,578104,0.2974,13.75,88.52,334,352,2,18,0,11,0,0,0,1,-318.3,0,0,0,0,0,1,8,0.0002,0.00,0.00,0.00
413.5,7,578187,0.2974,14.37,95.48,265,352,2,4,1,9,0,0,0,1,-318.3,0,0,0,0,0,1,8,0.0001,0.00,0.00,0.00
413.75,7,578213,0.2974,13.74,88.86,316,344,1,2,0,10,0,0,0,1,-318.3,0,0,0,0,0,0,8,0.0001,0.00,0.00,0.00
414,7,578208,0.2974,13.95,94.70,300,303,2,8,0,9,0,0,0,1,-318.3,0,0,0,0,0,0,8,0.0000,0.00,0.00,0.00
414.25,7,578258,0.2974,13.56,104.98,278,337,5,9,0,9,0,0,0,1,-318.3,0,0,0,0,0,0,7,0.0003,1.52,5.99,11.74
414.5,7,578279,0.2974,13.76,88.33,293,321,1,7,0,8,0,0,0,1,-318.3,0,0,0,0,0,0,8,0.0002,0.00,0.00,0.00
414.75,7,578321,0.2974,13.92,102.22,305,353,3,6,0,10,0,0,0,1,-318.3,0,0,0,0,0,0,8,0.0001,0.00,0.00,0.00
415,7,578359,0.2973,13.23,115.08,315,362,2,9,0,9,0,0,0,1,-318.3,0,0,0,0,0,0,8,0.0001,0.00,0.00,0.00
415.25,7,578447,0.2973,13.57,124.41,277,371,1,6,0,8,0,0,0,1,-318.3,0,0,0,0,0,0,8,0.0000,0.00,0.00,0.00
415.5,7,578448,0.2973,13.09,130.89,331,339,0,7,0,7,0,0,0,1,-318.3,0,0,0,0,0,0,7,0.0002,0.00,0.00,0.00
415.75,7,578470,0.2973,13.39,127.87,310,338,1,6,0,12,0,0,0,1,-318.3,0,0,0,0,0,0,8,0.0002,0.00,0.00,0.00
416,7,578504,0.2973,13.32,107.88,339,382,2,9,0,8,0,0,0,1,-318.3,0,0,0,0,0,0,8,0.0001,0.00,0.00,0.00
416.25,7,578532,0.2973,13.05,92.39,304,337,1,5,0,10,0,0,0,1,-318.3,0,0,0,0,0,0,8,0.0000,1.63,6.70,15.97
416.5,7,578564,0.2973,13.02,91.42,310,351,2,9,0,9,0,0,0,1,-318.3,0,0,0,0,0,0,7,0.0002,0.00,0.00,0.00
416.75,7,578603,0.2972,12.75,91.11,305,353,0,9,0,11,0,0,0,1,-318.3,0,0,0,0,0,0,8,0.0002,0.00,0.00,0.00
417,7,578582,0.2973,12.62,91.74,330,321,1,12,0,9,0,0,0,1,-318.3,0,0,0,0,0,0,8,0.0001,0.00,0.00,0.00
417.25,7,578626,0.2972,12.38,91.47,279,331,1,8,0,9,0,0,0,1,-318.3,0,0,0,0,0,0,8,0.0000,0.00,0.00,0.00
417.5,7,578590,0.2973,12.13,92.83,340,309,1,5,1,8,0,0,0,1,-318.3,0,0,0,0,0,0,7,0.0002,0.00,0.00,0.00
417.75,7,578691,0.2972,11.72,93.39,239,348,1,8,0,8,0,0,0,1,-318.3,0,0,0,0,0,0,8,0.0002,0.00,0.00,0.00
418,7,578701,0.2972,11.66,93.06,288,303,2,5,0,10,0,0,0,1,-318.3,0,0,0,0,0,0,8,0.0001,0.00,0.00,0.00
418.25,7,578745,0.2972,11.30,92.86,254,304,1,6,0,9,0,0,0,2,-318.3,0,0,0,0,0,0,7,0.0003,1.08,6.84,19.40
418.5,7,578769,0.2972,11.42,92.67,273,300,5,3,0,10,0,0,0,1,-318.3,0,0,0,0,0,0,8,0.0002,0.00,0.00,0.00
418.75,7,578780,0.2972,11.25,92.78,275,294,0,8,0,9,0,0,0,1,-318.3,0,0,0,0,0,0,8,0.0001,0.00,0.00,0.00
419,7,578794,0.2972,11.06,93.28,272,294,0,8,0,9,0,0,0,1,-318.3,0,0,0,0,0,0,8,0.0000,0.00,0.00,0.00
419.25,7,578839,0.2972,10.64,92.60,243,301,1,13,0,8,0,0,0,1,-318.3,0,0,0,0,0,0,7,0.0002,0.00,0.00,0.00
419.5,7,578869,0.2971,10.87,92.83,235,269,1,4,0,9,0,0,0,1,-318.3,0,0,0,0,0,0,8,0.0001,0.00,0.00,0.00
419.75,7,578864,0.2971,10.69,93.10,290,298,3,13,0,10,0,0,0,1,-318.3,0,0,0,0,0,0,8,0.0000,0.00,0.00,0.00
420,7,578933,0.2971,11.25,93.25,224,301,0,8,0,10,0,0,0,1,-318.3,0,0,0,0,0,1,7,0.0002,0.00,0.00,0.00
420.25,6,578942,0.2971,10.99,93.70,222,237,1,6,0,8,0,0,0,1,-380.2,0,0,0,0,0,1,8,0.0001,0.99,6.31,24.38
420.5,6,578963,0.2971,11.61,93.46,251,280,0,8,0,10,0,0,0,1,-380.2,0,0,0,0,0,0,8,0.0001,0.00,0.00,0.00
420.75,6,578977,0.2971,11.40,93.54,229,246,0,3,0,8,0,0,0,1,-380.2,0,0,0,0,0,0,7,0.0003,0.00,0.00,0.00
421,6,578986,0.2971,12.18,93.70,247,273,6,17,0,8,0,0,0,1,-380.2,0,0,0,0,0,0,8,0.0002,0.00,0.00,0.00
421.25,6,579000,0.2971,12.39,92.83,258,284,4,13,0,9,0,0,0,1,-380.2,0,0,0,0,0,0,8,0.0001,0.00,0.00,0.00
421.5,6,579037,0.2971,12.45,90.98,260,303,0,6,0,9,0,0,0,1,-380.2,0,0,0,0,0,0,7,0.0003,0.00,0.00,0.00
421.75,6,579081,0.2970,12.11,89.86,234,286,1,8,0,8,0,0,0,1,-380.2,0,0,0,0,0,0,7,0.0005,0.00,0.00,0.00
422,6,579112,0.2970,12.29,90.26,236,272,1,5,0,10,0,0,0,1,-380.2,0,0,0,0,0,0,6,0.0010,0.00,0.00,0.00
422.25,6,579099,0.2970,12.31,90.04,253,252,0,12,0,7,0,0,0,1,-380.2,0,0,0,0,0,0,6,0.0015,1.05,8.90,66.57
422.5,6,579154,0.2970,12.70,90.70,241,300,1,4,0,3,0,0,0,1,-380.2,0,0,0,0,0,0,3,0.0029,0.00,0.00,0.00
422.75,6,579180,0.2970,12.56,90.40,244,275,1,5,0,5,0,0,0,0,-380.2,0,0,0,0,0,0,4,0.0039,0.00,0.00,0.00
423,6,579184,0.2970,12.89,91.03,259,272,2,9,0,4,0,0,0,0,-380.2,0,0,0,0,0,0,2,0.0056,0.00,0.00,0.00
423.25,6,579218,0.2969,12.94,91.58,269,312,1,9,0,4,0,0,0,0,-380.2,0,0,0,0,0,0,3,0.0070,0.00,0.00,0.00
423.5,6,579239,0.2969,13.26,92.40,258,282,0,3,0,1,0,0,0,0,-380.2,0,0,0,0,0,0,0,0.0092,0.00,0.00,0.00
423.75,6,579257,0.2969,13.11,92.18,278,299,1,3,0,1,0,0,0,0,-380.2,0,0,0,0,0,0,0,0.0115,0.00,0.00,0.00
424,6,579348,0.2969,13.36,92.63,236,334,2,7,0,4,0,0,0,0,-380.2,0,0,0,0,0,0,1,0.0134,0.00,0.00,0.00
424.25,6,579344,0.2969,13.22,92.75,292,300,0,12,0,3,0,0,0,0,-380.2,0,0,0,0,0,0,2,0.0151,0.90,10.26,58.50
424.5,6,579377,0.2968,13.49,92.83,262,303,0,8,0,4,0,0,0,0,-380.2,0,0,0,0,0,0,3,0.0165,0.00,0.00,0.00
424.75,6,579396,0.2968,12.98,94.04,289,313,1,5,0,4,0,0,0,0,-380.2,0,0,0,0,0,0,2,0.0181,0.00,0.00,0.00
425,6,579416,0.2968,13.34,90.34,263,294,0,11,0,2,0,0,0,0,-380.2,0,0,0,0,0,0,1,0.0201,0.00,0.00,0.00
425.25,6,579429,0.2968,13.07,91.41,267,286,5,6,0,5,0,0,0,0,-380.2,0,0,0,0,0,0,3,0.0214,0.00,0.00,0.00
425.5,6,579480,0.2968,13.46,91.22,257,309,0,1,0,0,0,0,0,0,-380.2,0,0,0,0,0,0,0,0.0237,0.00,0.00,0.00
425.75,6,579507,0.2967,13.09,91.39,258,294,2,9,0,2,0,0,0,0,-380.2,0,0,0,0,0,0,0,0.0259,0.00,0.00,0.00
426,6,579511,0.2967,13.58,89.21,266,277,2,7,0,4,0,0,0,0,-380.2,0,0,0,0,0,0,0,0.0281,0.00,0.00,0.00
426.25,6,579474,0.2967,13.62,89.65,302,277,3,12,0,2,0,0,0,0,-380.2,0,0,0,0,0,0,0,0.0304,0.75,7.06,16.71
426.5,6,579525,0.2967,14.31,88.27,265,324,0,8,0,1,0,0,0,0,-380.2,0,0,0,0,0,0,0,0.0326,0.00,0.00,0.00
426.75,6,579551,0.2967,14.14,88.41,298,330,2,6,0,3,0,0,0,0,-380.2,0,0,0,0,0,0,2,0.0343,0.00,0.00,0.00
427,6,579611,0.2966,14.77,88.61,266,338,1,12,0,8,0,0,0,0,-380.2,0,0,0,0,0,0,6,0.0347,0.00,0.00,0.00
427.25,6,579609,0.2966,14.79,88.66,309,317,0,10,0,4,0,0,0,0,-380.2,0,0,0,0,0,0,4,0.0358,0.00,0.00,0.00
427.5,6,579658,0.2966,14.96,88.55,284,335,1,2,0,5,0,0,0,0,-380.2,0,0,0,0,0,0,4,0.0369,0.00,0.00,0.00
427.75,6,579680,0.2966,14.82,88.44,294,324,1,8,0,7,0,0,0,0,-380.2,0,0,0,0,0,0,3,0.0382,0.00,0.00,0.00
428,6,579734,0.2966,15.26,87.86,286,347,0,7,0,3,0,0,0,0,-380.2,0,0,0,0,0,0,2,0.0398,0.00,0.00,0.00
428.25,6,579708,0.2966,15.05,88.13,302,282,1,6,0,4,0,0,0,0,-380.2,0,0,0,0,0,0,1,0.0418,1.43,8.82,20.44
428.5,6,579726,0.2965,15.19,88.53,328,350,1,4,0,1,0,0,0,0,-380.2,0,0,0,0,0,0,1,0.0437,0.00,0.00,0.00
428.75,6,579733,0.2965,14.96,88.69,301,315,0,7,0,3,0,0,0,0,-380.2,0,0,0,0,0,0,0,0.0459,0.00,0.00,0.00
429,6,579791,0.2965,15.53,89.36,282,347,3,7,0,4,0,0,0,0,-380.2,0,0,0,0,0,0,3,0.0473,0.00,0.00,0.00
429.25,6,579805,0.2965,15.26,89.87,308,332,0,10,0,6,0,0,0,0,-380.2,0,0,0,0,0,0,2,0.0489,0.00,0.00,0.00
429.5,6,579848,0.2965,15.68,89.84,291,339,0,5,0,8,0,0,0,0,-380.2,0,0,0,0,0,0,4,0.0499,0.00,0.00,0.00
429.75,6,579860,0.2965,15.34,90.24,298,315,1,5,0,3,0,0,0,0,-380.2,0,0,0,0,0,0,3,0.0513,0.00,0.00,0.00
430,6,579881,0.2964,15.40,90.56,315,344,1,8,0,3,0,0,0,0,-380.2,0,0,0,0,0,0,3,0.0526,0.00,0.00,0.00
430.25,6,579920,0.2964,14.85,90.69,298,344,1,7,0,5,0,0,0,0,-427.7,0,0,0,0,0,0,2,0.0542,0.94,8.22,54.02
430.5,6,579918,0.2964,14.97,91.09,316,316,1,2,0,5,0,0,0,0,-427.7,0,0,0,0,0,0,3,0.0555,0.00,0.00,0.00
430.75,6,579943,0.2964,14.51,91.50,279,313,2,9,0,1,0,0,0,0,-427.7,0,0,0,0,0,0,0,0.0577,0.00,0.00,0.00
431,6,580013,0.2964,14.82,91.55,280,354,1,4,0,3,0,0,0,0,-427.7,0,0,0,0,0,0,2,0.0593,0.00,0.00,0.00
431.25,6,580037,0.2963,14.53,92.17,295,323,3,4,0,4,0,0,0,0,-427.7,0,0,0,0,0,0,2,0.0610,0.00,0.00,0.00
431.5,6,580060,0.2963,14.81,93.17,286,314,1,5,0,3,0,0,0,0,-427.7,0,0,0,0,0,0,1,0.0629,0.00,0.00,0.00
431.75,6,580068,0.2963,14.24,93.68,297,311,2,6,0,1,0,0,0,0,-427.7,0,0,0,0,0,0,1,0.0648,0.00,0.00,0.00
432,6,580121,0.2963,14.51,94.68,301,359,1,5,0,3,0,0,0,0,-427.7,0,0,0,0,0,0,1,0.0666,0.00,0.00,0.00
432.25,6,580140,0.2963,14.29,95.19,301,329,4,9,0,4,0,0,0,1,-427.7,0,0,0,0,0,0,2,0.0682,1.16,7.95,57.68
432.5,6,580172,0.2962,14.67,95.42,299,338,2,7,0,3,0,0,0,1,-427.7,0,0,0,0,0,0,0,0.0704,0.00,0.00,0.00
432.75,6,580160,0.2962,14.34,96.08,322,321,2,11,0,2,0,0,0,0,-427.7,0,0,0,0,0,0,0,0.0726,0.00,0.00,0.00
433,6,580174,0.2962,14.96,96.65,304,326,0,8,0,3,0,0,0,0,-427.7,0,0,0,0,0,0,2,0.0742,0.00,0.00,0.00
433.25,6,580213,0.2962,14.56,98.00,304,349,1,6,0,3,0,0,0,0,-427.7,0,0,0,0,0,0,2,0.0758,0.00,0.00,0.00
433.5,6,580237,0.2962,15.06,99.40,305,339,0,10,0,5,0,0,0,0,-427.7,0,0,0,0,0,0,2,0.0774,0.00,0.00,0.00
433.75,6,580267,0.2962,14.65,100.80,307,343,4,6,0,2,0,0,0,0,-427.7,0,0,0,0,0,0,1,0.0793,0.00,0.00,0.00
434,6,580316,0.2961,15.27,102.27,305,363,1,9,0,0,0,0,0,0,-427.7,0,0,0,0,0,0,0,0.0815,0.00,0.00,0.00
434.25,6,580339,0.2961,14.95,103.50,334,362,0,5,0,3,0,0,0,1,-427.7,0,0,0,0,0,0,2,0.0831,1.63,9.00,60.34
434.5,6,580361,0.2961,15.40,105.06,335,364,3,7,0,1,0,0,0,1,-427.7,0,0,0,0,0,0,0,0.0853,0.00,0.00,0.00
434.75,6,580356,0.2961,15.09,106.41,325,329,2,9,0,4,0,0,0,0,-427.7,0,0,0,0,0,0,0,0.0875,0.00,0.00,0.00
435,6,580415,0.2960,15.70,108.15,312,378,1,7,0,1,0,0,0,0,-427.7,0,0,0,0,0,0,1,0.0893,0.00,0.00,0.00
435.25,6,580427,0.2960,15.60,109.98,358,381,1,11,0,4,0,0,0,0,-427.7,0,0,0,0,0,0,2,0.0909,0.00,0.00,0.00
435.5,6,580436,0.2960,16.02,111.69,336,355,0,10,0,3,0,0,0,0,-427.7,0,0,0,0,0,0,3,0.0922,0.00,0.00,0.00
435.75,6,580458,0.2960,15.86,113.29,356,387,1,9,0,4,0,0,0,0,-427.7,0,0,0,0,0,0,0,0.0944,0.00,0.00,0.00
436,6,580497,0.2960,16.06,114.52,339,384,2,6,0,3,0,0,0,0,-427.7,0,0,0,0,0,0,1,0.0963,0.00,0.00,0.00
436.25,6,580505,0.2959,15.80,115.30,355,368,2,5,0,4,0,0,0,0,-427.7,0,0,0,0,0,0,1,0.0982,2.23,7.20,17.61
436.5,6,580507,0.2959,16.03,113.67,361,369,0,6,0,0,0,0,0,0,-427.7,0,0,0,0,0,0,0,0.1004,0.00,0.00,0.00
436.75,6,580520,0.2959,15.88,111.66,376,394,2,5,0,1,0,0,0,0,-427.7,0,0,0,0,0,0,0,0.1025,0.00,0.00,0.00
437,6,580527,0.2959,16.20,108.26,387,403,6,9,0,2,0,0,0,0,-427.7,0,0,0,0,0,0,1,0.1044,0.00,0.00,0.00
437.25,6,580515,0.2959,16.00,103.29,346,344,0,10,0,4,0,0,0,0,-427.7,0,0,0,0,0,0,1,0.1063,0.00,0.00,0.00
437.5,6,580556,0.2959,16.06,97.27,347,397,0,9,0,1,0,0,0,0,-427.7,0,0,0,0,0,0,0,0.1085,0.00,0.00,0.00
437.75,6,580592,0.2958,15.73,90.91,331,375,0,8,0,2,0,0,0,0,-427.7,0,0,0,0,0,0,1,0.1104,0.00,0.00,0.00
438,6,580617,0.2958,15.93,85.99,329,362,3,8,0,6,0,0,0,0,-427.7,0,0,0,0,0,0,2,0.1119,0.00,0.00,0.00
438.25,6,580603,0.2958,15.47,80.22,353,347,1,8,0,4,0,0,0,0,-427.7,0,0,0,0,0,0,3,0.1132,1.89,9.50,58.53
438.5,6,580683,0.2958,15.58,76.08,298,385,0,7,0,8,0,0,0,0,-427.7,0,0,0,0,0,0,3,0.1145,0.00,0.00,0.00
438.75,6,580662,0.2958,15.30,72.89,334,323,3,10,0,8,0,0,0,0,-427.7,0,0,0,0,0,0,5,0.1152,0.00,0.00,0.00
439,6,580705,0.2957,15.25,72.78,305,365,1,17,0,4,0,0,0,0,-427.7,0,0,0,0,0,0,4,0.1162,0.00,0.00,0.00
439.25,6,580754,0.2957,14.75,71.21,300,355,2,6,0,3,0,0,0,0,-427.7,0,0,0,0,0,0,2,0.1178,0.00,0.00,0.00
439.5,6,580756,0.2957,14.41,71.29,312,322,1,8,0,3,0,0,0,0,-427.7,0,0,0,0,0,0,1,0.1197,0.00,0.00,0.00
439.75,6,580784,0.2957,14.08,71.99,319,361,2,14,0,4,0,0,0,0,-427.7,0,0,0,0,0,0,2,0.1213,0.00,0.00,0.00
440,6,580803,0.2957,14.46,72.49,289,315,0,7,0,2,0,0,0,0,-427.7,0,0,0,0,0,0,0,0.1235,0.00,0.00,0.00
440.25,6,580782,0.2957,13.88,73.03,326,315,1,10,0,4,0,0,0,0,-455.5,0,0,0,0,0,0,1,0.1254,2.80,8.88,27.59
440.5,6,580819,0.2956,13.65,72.42,290,330,1,3,0,4,0,0,0,0,-455.5,0,0,0,0,0,0,0,0.1276,0.00,0.00,0.00
440.75,6,580844,0.2956,12.80,71.39,279,312,0,8,0,2,0,0,0,0,-455.5,0,0,0,0,0,0,1,0.1294,0.00,0.00,0.00
441,6,580891,0.2956,12.79,70.58,256,311,0,8,0,1,0,0,0,0,-455.5,0,0,0,0,0,0,0,0.1316,0.00,0.00,0.00
441.25,6,580913,0.2956,12.05,71.15,269,300,1,9,0,1,0,0,0,0,-455.5,0,0,0,0,0,0,0,0.1338,0.00,0.00,0.00
441.5,6,580947,0.2955,12.37,71.71,269,309,0,6,0,3,0,0,0,0,-455.5,0,0,0,0,0,0,0,0.1360,0.00,0.00,0.00
441.75,6,580961,0.2955,11.68,71.81,274,293,1,5,1,4,0,0,0,0,-455.5,0,0,0,0,0,0,0,0.1381,0.00,0.00,0.00
442,6,580961,0.2955,12.26,71.78,276,281,2,5,0,1,0,0,0,0,-455.5,0,0,0,0,0,0,0,0.1403,0.00,0.00,0.00
442.25,6,580981,0.2955,11.24,71.82,260,287,1,7,0,5,0,0,0,0,-455.5,0,0,0,0,0,0,1,0.1422,2.65,10.50,16.47
442.5,6,580993,0.2955,11.59,70.45,247,265,1,6,0,2,0,0,0,0,-455.5,0,0,0,0,0,0,0,0.1444,0.00,0.00,0.00
442.75,6,581036,0.2955,10.96,72.26,280,328,0,5,0,1,0,0,0,0,-455.5,0,0,0,0,0,0,0,0.1465,0.00,0.00,0.00
443,6,581052,0.2954,11.33,69.56,234,252,1,2,3,3,0,0,0,0,-455.5,0,0,0,0,0,0,1,0.1484,0.00,0.00,0.00
443.25,6,581082,0.2954,10.72,70.26,255,289,2,4,0,3,0,0,0,0,-455.5,0,0,0,0,0,0,2,0.1499,0.00,0.00,0.00
443.5,6,581080,0.2954,11.10,70.09,247,252,0,7,0,5,0,0,0,0,-455.5,0,0,0,0,0,0,1,0.1518,0.00,0.00,0.00
443.75,6,581123,0.2954,10.46,69.57,238,285,2,4,0,3,0,0,0,0,-455.5,0,0,0,0,0,0,0,0.1540,0.00,0.00,0.00
444,6,581127,0.2954,10.92,69.96,249,257,0,4,0,4,0,0,0,0,-455.5,0,0,0,0,0,0,0,0.1561,0.00,0.00,0.00
444.25,6,581117,0.2954,10.07,70.43,259,253,3,5,0,2,0,0,0,0,-455.5,0,0,0,0,0,0,0,0.1583,2.51,10.97,19.20
444.5,6,581146,0.2954,10.59,70.50,226,257,0,2,0,4,0,0,0,0,-455.5,0,0,0,0,0,0,1,0.1601,0.00,0.00,0.00
444.75,6,581131,0.2954,9.92,71.31,245,237,0,7,0,1,0,0,0,0,-455.5,0,0,0,0,0,0,0,0.1623,0.00,0.00,0.00
445,6,581207,0.2954,10.32,70.77,196,273,0,1,1,2,0,0,0,0,-455.5,0,0,0,0,0,0,0,0.1644,0.00,0.00,0.00
445.25,6,581204,0.2953,9.73,71.49,272,272,2,3,0,1,0,0,0,0,-455.5,0,0,0,0,0,0,1,0.1662,0.00,0.00,0.00
445.5,6,581211,0.2953,10.22,71.37,246,260,1,7,2,6,0,0,0,0,-455.5,0,0,0,0,0,0,1,0.1681,0.00,0.00,0.00
445.75,6,581212,0.2953,9.66,71.29,237,244,1,6,0,2,0,0,0,0,-455.5,0,0,0,0,0,0,0,0.1702,0.00,0.00,0.00
446,6,581247,0.2953,11.06,71.23,242,278,4220,1,0,2,0,0,0,0,-455.5,0,0,0,0,0,0,1,0.1720,0.00,0.00,0.00
446.25,6,581210,0.2953,12.42,70.57,291,260,2,6,0,4,0,0,0,1,-455.5,0,0,0,0,0,0,1,0.1739,2.64,12.77,18.06
446.5,6,581170,0.2954,14.11,70.93,340,302,0,2,3,5,0,0,0,1,-455.5,0,0,0,0,0,0,2,0.1754,0.00,0.00,0.00
446.75,6,581149,0.2954,15.24,68.07,351,334,2,4,0,2,0,0,0,0,-455.5,0,0,0,0,0,0,2,0.1769,0.00,0.00,0.00
447,6,581209,0.2953,15.53,67.37,305,372,1,7,0,8,0,0,0,0,-455.5,0,0,0,0,0,0,5,0.1776,0.00,0.00,0.00
447.25,6,581250,0.2953,16.42,67.18,338,388,1,9,2,6,0,0,0,0,-455.5,0,0,0,0,0,0,2,0.1791,0.00,0.00,0.00
447.5,6,581239,0.2953,17.24,66.28,333,328,1,6,3,3,0,0,0,0,-455.5,0,0,0,0,0,0,2,0.1806,0.00,0.00,0.00
447.75,6,581249,0.2953,18.43,65.64,359,374,2,5,1,4,0,0,0,0,-455.5,0,0,0,0,0,0,1,0.1824,0.00,0.00,0.00
448,6,581285,0.2953,19.23,63.42,370,413,1,7,3,4,0,0,0,0,-455.5,0,0,0,0,0,0,0,0.1845,0.00,0.00,0.00
448.25,6,581309,0.2952,19.69,62.41,347,377,1,6,2,2,0,0,0,0,-455.5,0,0,0,0,0,0,0,0.1866,1.30,14.57,17.31
448.5,6,581316,0.2952,21.31,62.22,411,428,3,10,1,4,0,0,0,0,-455.5,0,0,0,0,0,0,0,0.1888,0.00,0.00,0.00
448.75,6,581319,0.2952,22.63,61.68,407,416,2,6,3,2,0,0,0,0,-455.5,0,0,0,0,0,0,1,0.1906,0.00,0.00,0.00
449,6,581306,0.2952,22.45,59.92,443,440,0,10,0,4,0,0,0,0,-455.5,0,0,0,0,0,0,2,0.1921,0.00,0.00,0.00
449.25,6,581313,0.2952,23.16,58.94,457,472,4,8,1,3,0,0,0,0,-455.5,0,0,0,0,0,0,1,0.1939,0.00,0.00,0.00
449.5,6,581371,0.2952,23.62,57.78,494,558,2,6,0,6,0,0,0,0,-455.5,0,0,0,0,0,0,2,0.1954,0.00,0.00,0.00
449.75,6,581338,0.2952,23.92,57.18,495,474,5,12,0,4,0,0,0,0,-455.5,0,0,0,0,0,0,2,0.1969,0.00,0.00,0.00
450,6,581363,0.2951,24.18,57.59,482,518,4,11,0,3,0,0,0,0,-455.5,0,0,0,0,0,0,0,0.1990,0.00,0.00,0.00
450.25,6,581336,0.2951,23.78,57.59,510,491,4,9,0,4,0,0,0,0,-488.9,0,0,0,0,0,0,0,0.2011,1.38,9.31,18.38
450.5,6,581326,0.2951,23.99,57.56,490,491,3,11,0,4,0,0,0,0,-488.9,0,0,0,0,0,0,1,0.2029,0.00,0.00,0.00
450.75,6,581350,0.2951,24.34,57.76,480,511,0,7,0,2,0,0,0,0,-488.9,0,0,0,0,0,0,0,0.2050,0.00,0.00,0.00
451,6,581316,0.2951,24.49,55.26,499,478,5,14,0,2,0,0,0,0,-488.9,0,0,0,0,0,0,1,0.2068,0.00,0.00,0.00
451.25,6,581294,0.2951,24.76,55.31,526,512,3,8,1,1,0,0,0,0,-488.9,0,0,0,0,0,0,0,0.2089,0.00,0.00,0.00
451.5,6,581305,0.2951,25.16,55.72,485,505,1,9,0,2,0,0,0,0,-488.9,0,0,0,0,0,0,0,0.2110,0.00,0.00,0.00
451.75,6,581292,0.2951,25.52,57.01,544,542,4,11,0,1,0,0,0,0,-488.9,0,0,0,0,0,0,0,0.2131,0.00,0.00,0.00
452,6,581324,0.2951,26.19,58.45,500,541,1,9,0,4,0,0,0,0,-488.9,0,0,0,0,0,0,1,0.2149,0.00,0.00,0.00
452.25,6,581308,0.2951,26.42,59.22,564,558,3,10,0,4,0,0,0,0,-488.9,0,0,0,0,0,0,0,0.2169,1.29,7.90,12.05
452.5,6,581292,0.2950,26.45,59.87,558,553,1,11,0,2,0,0,0,0,-488.9,0,0,0,0,0,0,1,0.2188,0.00,0.00,0.00
452.75,6,581272,0.2950,26.88,63.07,532,520,2,8,0,3,0,0,0,0,-488.9,0,0,0,0,0,0,2,0.2203,0.00,0.00,0.00
453,6,581294,0.2950,27.77,66.10,559,589,4,8,0,2,0,0,0,0,-488.9,0,0,0,0,0,0,0,0.2223,0.00,0.00,0.00
453.25,6,581309,0.2950,28.25,81.60,586,606,6,5,0,6,0,0,0,0,-488.9,0,0,0,0,0,0,1,0.2241,0.00,0.00,0.00
453.5,6,581299,0.2950,28.66,91.99,579,577,0,8,0,3,0,0,0,0,-488.9,0,0,0,0,0,0,3,0.2253,0.00,0.00,0.00
453.75,6,581300,0.2950,29.50,84.98,608,612,1,3,0,5,0,0,0,0,-488.9,0,0,0,0,0,0,2,0.2268,0.00,0.00,0.00
454,6,581265,0.2950,30.59,68.27,635,602,4,2,0,3,0,0,0,0,-488.9,0,0,0,0,0,0,2,0.2283,0.00,0.00,0.00
454.25,6,581247,0.2951,31.51,68.89,632,617,2,3,0,5,0,0,0,1,-488.9,0,0,0,0,0,0,0,0.2303,1.11,7.37,23.48
454.5,6,581226,0.2951,31.51,68.81,601,581,973,1,1,5,0,0,0,1,-488.9,0,0,0,0,0,0,0,0.2324,0.00,0.00,0.00
454.75,6,581123,0.2951,32.10,73.06,713,610,2,0,3,2,0,0,0,0,-488.9,0,0,0,0,0,0,0,0.2345,0.00,0.00,0.00
455,6,581172,0.2951,32.42,79.88,617,667,3,1,3,6,0,0,0,0,-488.9,0,0,0,0,0,0,3,0.2356,0.00,0.00,0.00
455.25,6,581159,0.2951,32.91,87.67,653,643,1,3,6,5,0,0,0,0,-488.9,0,0,0,0,0,0,2,0.2371,0.00,0.00,0.00
455.5,6,581094,0.2951,33.31,94.84,655,591,1,1,9,4,0,0,0,0,-488.9,0,0,0,0,0,0,2,0.2386,0.00,0.00,0.00
455.75,6,581097,0.2951,33.16,101.65,684,688,1,1,5,7,0,0,0,0,-488.9,0,0,0,0,0,0,2,0.2400,0.00,0.00,0.00
456,6,581114,0.2951,32.37,106.68,640,664,0,7,3,3,0,0,0,0,-488.9,0,0,0,0,0,0,1,0.2418,0.00,0.00,0.00
456.25,6,581111,0.2951,31.57,108.40,632,635,2,6,6,1,0,0,0,0,-488.9,0,0,0,0,0,0,1,0.2435,1.65,11.63,25.93
456.5,6,581068,0.2951,29.97,110.17,623,582,1,2,5,7,0,0,0,0,-488.9,0,0,0,0,0,0,4,0.2444,0.00,0.00,0.00
456.75,6,581142,0.2951,27.88,111.29,563,640,0,3,12,6,0,0,0,0,-488.9,0,0,0,0,0,0,3,0.2455,0.00,0.00,0.00
457,6,581149,0.2950,26.05,110.75,522,537,0,8,8,4,0,0,0,0,-488.9,0,0,0,0,0,0,2,0.2469,0.00,0.00,0.00
457.25,6,581150,0.2950,24.01,112.55,505,515,1,9,15,6,0,0,0,0,-488.9,0,0,0,0,0,0,3,0.2481,0.00,0.00,0.00
457.5,6,581113,0.2950,22.04,103.07,513,483,1,7,9,2,0,0,0,0,-488.9,0,0,0,0,0,0,0,0.2501,0.00,0.00,0.00
457.75,6,581158,0.2950,20.92,104.93,417,466,2,4,9,4,0,0,0,0,-488.9,0,0,0,0,0,0,2,0.2516,0.00,0.00,0.00
458,6,581181,0.2949,20.48,104.87,402,431,5,6,5,6,0,0,0,0,-488.9,0,0,0,0,0,0,4,0.2524,0.00,0.00,0.00
458.25,6,581179,0.2949,19.71,88.76,414,418,2,6,4,6,0,0,0,0,-488.9,0,0,0,0,0,0,3,0.2536,2.20,16.73,49.44
458.5,6,581195,0.2949,19.34,85.89,360,382,1,6,0,3,0,0,0,0,-488.9,0,0,0,0,0,0,0,0.2556,0.00,0.00,0.00
458.75,6,581210,0.2949,18.70,103.68,373,395,3,7,2,2,0,0,0,0,-488.9,0,0,0,0,0,0,2,0.2570,0.00,0.00,0.00
459,6,581220,0.2949,18.23,85.51,343,362,1,9,1,8,0,0,0,0,-488.9,0,0,0,0,0,0,6,0.2573,0.00,0.00,0.00
459.25,6,581219,0.2949,17.75,72.62,333,342,1,10,1,5,0,0,0,0,-488.9,0,0,0,0,0,0,2,0.2587,0.00,0.00,0.00
459.5,6,581252,0.2948,17.39,62.89,303,346,0,10,0,5,0,0,0,0,-488.9,0,0,0,0,0,0,5,0.2593,0.00,0.00,0.00
459.75,6,581241,0.2948,17.08,55.49,291,287,1,7,3,3,0,0,0,0,-488.9,0,0,0,0,0,0,2,0.2607,0.00,0.00,0.00
460,6,581282,0.2948,16.46,47.60,276,324,0,7,2,4,0,0,0,0,-488.9,0,0,0,0,0,0,2,0.2621,0.00,0.00,0.00
460.25,6,581298,0.2948,16.36,44.26,293,312,5,3,0,4,0,0,0,0,-478.8,0,0,0,0,0,0,3,0.2633,3.27,13.56,21.92
460.5,6,581329,0.2948,16.08,38.94,238,281,0,12,0,3,0,0,0,0,-478.8,0,0,0,0,0,0,2,0.2647,0.00,0.00,0.00
460.75,6,581349,0.2947,15.56,39.25,275,308,2,13,0,4,0,0,0,0,-478.8,0,0,0,0,0,0,3,0.2658,0.00,0.00,0.00
461,6,581385,0.2947,15.74,35.38,255,297,0,6,2,3,0,0,0,0,-478.8,0,0,0,0,0,0,2,0.2673,0.00,0.00,0.00
461.25,6,581385,0.2947,15.59,36.90,281,296,4,15,0,9,0,0,0,0,-478.8,0,0,0,0,0,0,6,0.2675,0.00,0.00,0.00
461.5,6,581401,0.2947,15.79,45.42,261,279,1,2,2,4,0,0,0,0,-478.8,0,0,0,0,0,0,2,0.2689,0.00,0.00,0.00
461.75,6,581391,0.2947,15.48,40.57,261,265,2,15,2,5,0,0,0,0,-478.8,0,0,0,0,0,0,2,0.2704,0.00,0.00,0.00
462,6,581432,0.2947,15.03,35.00,230,279,1,8,1,6,0,0,0,0,-478.8,0,0,0,0,0,0,2,0.2718,0.00,0.00,0.00
462.25,6,581466,0.2946,14.97,36.31,249,288,2,5,2,6,0,0,0,0,-478.8,0,0,0,0,0,0,3,0.2729,3.33,7.58,23.12
462.5,6,581522,0.2946,14.73,37.88,209,269,2,4,0,2,0,0,0,0,-478.8,0,0,0,0,0,0,0,0.2750,0.00,0.00,0.00
462.75,6,581545,0.2946,14.68,39.01,238,273,2,12,1,3,0,0,0,0,-478.8,0,0,0,0,0,0,2,0.2764,0.00,0.00,0.00
463,6,581528,0.2946,14.44,35.24,240,230,1,7,3,4,0,0,0,0,-478.8,0,0,0,0,0,0,2,0.2778,0.00,0.00,0.00
463.25,6,581542,0.2946,14.36,36.34,255,282,0,13,0,5,0,0,0,0,-478.8,0,0,0,0,0,0,2,0.2793,0.00,0.00,0.00
463.5,6,581578,0.2945,14.15,37.34,208,248,1,4,3,2,0,0,0,0,-478.8,0,0,0,0,0,0,1,0.2810,0.00,0.00,0.00
463.75,6,581584,0.2945,14.29,37.40,267,280,3,7,3,5,0,0,0,0,-478.8,0,0,0,0,0,0,2,0.2824,0.00,0.00,0.00
464,6,581631,0.2945,14.37,36.38,215,265,0,3,0,4,0,0,0,0,-478.8,0,0,0,0,0,0,1,0.2841,0.00,0.00,0.00
464.25,6,581617,0.2945,14.42,36.99,264,256,2,6,0,6,0,0,0,0,-478.8,0,0,0,0,0,0,4,0.2849,3.51,8.52,22.97
464.5,6,581666,0.2945,14.32,37.29,222,276,2,5,0,7,0,0,0,0,-478.8,0,0,0,0,0,0,1,0.2866,0.00,0.00,0.00
464.75,6,581705,0.2944,14.27,36.16,227,279,0,13,2,1,0,0,0,0,-478.8,0,0,0,0,0,0,1,0.2884,0.00,0.00,0.00
465,6,581738,0.2944,14.63,36.41,232,268,1,3,2,3,0,0,0,0,-478.8,0,0,0,0,0,0,1,0.2901,0.00,0.00,0.00
465.25,6,581736,0.2944,14.56,36.62,275,280,1,7,0,5,0,0,0,0,-478.8,0,0,0,0,0,0,5,0.2906,0.00,0.00,0.00
465.5,6,581742,0.2944,14.49,37.55,258,270,0,6,2,5,0,0,0,0,-478.8,0,0,0,0,0,0,5,0.2911,0.00,0.00,0.00
465.75,6,581749,0.2944,14.51,37.14,284,299,2,8,1,7,0,0,0,0,-478.8,0,0,0,0,0,0,5,0.2916,0.00,0.00,0.00
466,6,581782,0.2944,14.87,43.59,230,269,1,6,0,10,0,0,0,0,-478.8,0,0,0,0,0,0,6,0.2919,0.00,0.00,0.00
466.25,6,581816,0.2944,14.59,39.13,272,311,0,5,0,8,0,0,0,1,-478.8,0,0,0,0,0,0,4,0.2927,3.42,8.02,19.09
466.5,6,581820,0.2944,14.87,35.42,247,257,0,6,2,5,0,0,0,1,-478.8,0,0,0,0,0,0,3,0.2938,0.00,0.00,0.00
466.75,6,581850,0.2944,14.87,36.88,262,296,3,4,1,4,0,0,0,1,-478.8,0,0,0,0,0,0,3,0.2948,0.00,0.00,0.00
467,6,581902,0.2943,15.31,41.13,257,315,0,6,1,9,0,0,0,1,-478.8,0,0,0,0,0,0,3,0.2959,0.00,0.00,0.00
467.25,6,581906,0.2943,15.13,36.88,280,291,1,7,0,2,0,0,0,1,-478.8,0,0,0,0,0,0,2,0.2973,0.00,0.00,0.00
467.5,6,581902,0.2943,15.53,33.58,267,268,2,5,1,2,0,0,0,1,-478.8,0,0,0,0,0,0,0,0.2993,0.00,0.00,0.00
467.75,6,581933,0.2943,15.38,32.33,299,338,1,8,1,1,0,0,0,1,-478.8,0,0,0,0,0,0,0,0.3012,0.00,0.00,0.00
468,6,581953,0.2943,15.85,33.26,273,297,2,4,3,2,0,0,0,1,-478.8,0,0,0,0,0,0,0,0.3032,0.00,0.00,0.00
468.25,6,581994,0.2942,16.01,33.18,279,328,0,8,0,3,0,0,0,1,-478.8,0,0,0,0,0,0,2,0.3045,3.24,7.74,18.02
468.5,6,582002,0.2942,16.33,47.11,278,292,0,6,0,6,0,0,0,1,-478.8,0,0,0,0,0,0,4,0.3053,0.00,0.00,0.00
468.75,6,582025,0.2942,16.51,40.89,303,331,1,5,0,3,0,0,0,1,-478.8,0,0,0,0,0,0,2,0.3067,0.00,0.00,0.00
469,6,582049,0.2942,16.87,37.45,307,335,3,4,2,5,0,0,0,1,-478.8,0,0,0,0,0,0,4,0.3074,0.00,0.00,0.00
469.25,6,582073,0.2942,17.12,35.74,302,334,2,8,1,7,0,0,0,1,-478.8,0,0,0,0,0,1,6,0.3076,0.00,0.00,0.00
469.5,5,582075,0.2942,16.86,36.41,291,299,2,6,0,20,0,0,0,1,-478.8,0,0,0,0,0,1,16,0.3048,0.00,0.00,0.00
469.75,5,582080,0.2942,16.81,36.95,306,316,0,5,1,10,0,0,0,1,-478.8,0,0,0,0,0,0,8,0.3044,0.00,0.00,0.00
470,5,582120,0.2942,16.84,36.64,304,351,0,7,2,11,0,0,0,1,-478.8,0,0,0,0,0,0,8,0.3040,0.00,0.00,0.00
470.25,5,582136,0.2942,16.93,45.78,290,314,0,8,0,12,0,0,0,1,-506.1,0,0,0,0,0,0,9,0.3033,3.03,7.76,11.99
470.5,5,582139,0.2942,16.95,35.10,303,310,0,4,0,11,0,0,0,1,-506.1,0,0,0,0,0,0,5,0.3037,0.00,0.00,0.00
470.75,5,582146,0.2942,17.03,40.65,325,338,1,6,0,4,0,0,0,1,-506.1,0,0,0,0,0,0,2,0.3050,0.00,0.00,0.00
471,5,582185,0.2942,17.20,36.88,289,336,0,8,0,5,0,0,0,1,-506.1,0,0,0,0,0,0,3,0.3061,0.00,0.00,0.00
471.25,5,582183,0.2942,17.52,39.13,321,325,1,6,1,9,0,0,0,1,-506.1,0,0,0,0,0,0,3,0.3071,0.00,0.00,0.00
471.5,5,582202,0.2942,17.48,38.22,317,338,1,2,0,4,0,0,0,0,-506.1,0,0,0,0,0,0,0,0.3090,0.00,0.00,0.00
471.75,5,582231,0.2942,17.56,39.52,298,336,3,9,0,3,0,0,0,0,-506.1,0,0,0,0,0,0,1,0.3106,0.00,0.00,0.00
472,5,582237,0.2941,17.63,47.03,313,328,0,9,0,2,0,0,0,0,-506.1,0,0,0,0,0,0,0,0.3125,0.00,0.00,0.00
472.25,5,582259,0.2941,17.99,41.56,288,315,3,5,0,5,0,0,0,0,-506.1,0,0,0,0,0,0,2,0.3139,1.78,5.84,11.53
472.5,5,582296,0.2941,18.01,42.01,286,331,3,8,0,4,0,0,0,0,-506.1,0,0,0,0,0,0,1,0.3155,0.00,0.00,0.00
472.75,5,582307,0.2941,18.24,49.06,301,316,0,4,0,2,0,0,0,0,-506.1,0,0,0,0,0,0,1,0.3171,0.00,0.00,0.00
473,5,582336,0.2941,18.13,39.65,287,320,0,4,0,3,0,0,0,0,-506.1,0,0,0,0,0,0,0,0.3190,0.00,0.00,0.00
473.25,5,582367,0.2941,18.35,48.53,293,328,1,4,0,1,0,0,0,0,-506.1,0,0,0,0,0,0,0,0.3209,0.00,0.00,0.00
473.5,5,582368,0.2941,18.53,41.09,308,313,1,4,0,4,0,0,0,0,-506.1,0,0,0,0,0,0,2,0.3222,0.00,0.00,0.00
473.75,5,582361,0.2941,18.83,50.13,336,335,1,6,1,8,0,0,0,0,-506.1,0,0,0,0,0,0,5,0.3226,0.00,0.00,0.00
474,5,582372,0.2941,19.21,42.66,336,355,2,8,0,7,0,0,0,0,-506.1,0,0,0,0,0,0,4,0.3233,0.00,0.00,0.00
474.25,5,582378,0.2940,19.33,53.35,335,347,2,6,0,3,0,0,0,0,-506.1,0,0,0,0,0,0,1,0.3249,1.92,10.07,15.88
474.5,5,582374,0.2940,19.92,44.82,359,363,1,8,1,3,0,0,0,0,-506.1,0,0,0,0,0,0,1,0.3265,0.00,0.00,0.00
474.75,5,582404,0.2940,20.26,57.78,363,398,2,5,0,2,0,0,0,0,-506.1,0,0,0,0,0,0,1,0.3281,0.00,0.00,0.00
475,5,582418,0.2940,20.62,47.00,375,391,2,2,0,2,0,0,0,0,-506.1,0,0,0,0,0,0,1,0.3297,0.00,0.00,0.00
475.25,5,582397,0.2940,20.99,63.17,409,392,1,4,0,3,0,0,0,0,-506.1,0,0,0,0,0,0,0,0.3315,0.00,0.00,0.00
475.5,5,582412,0.2940,21.34,52.55,374,395,1,6,0,6,0,0,0,0,-506.1,0,0,0,0,0,0,0,0.3334,0.00,0.00,0.00
475.75,5,582443,0.2940,22.14,67.59,383,422,1,8,0,4,0,0,0,0,-506.1,0,0,0,0,0,0,1,0.3350,0.00,0.00,0.00
476,5,582386,0.2940,22.78,53.59,459,406,2,4,1,2,0,0,0,0,-506.1,0,0,0,0,0,0,0,0.3368,0.00,0.00,0.00
476.25,5,582433,0.2940,23.35,69.45,417,467,2,3,0,0,0,0,0,0,-506.1,0,0,0,0,0,0,0,0.3387,1.89,7.98,14.22
476.5,5,582420,0.2940,23.91,57.60,431,425,0,7,0,8,0,0,0,0,-506.1,0,0,0,0,0,0,2,0.3400,0.00,0.00,0.00
476.75,5,582402,0.2940,24.72,73.12,457,443,0,4,0,0,0,0,0,0,-506.1,0,0,0,0,0,0,0,0.3418,0.00,0.00,0.00
477,5,582425,0.2940,25.07,58.22,454,481,0,4,0,6,0,0,0,0,-506.1,0,0,0,0,0,0,4,0.3425,0.00,0.00,0.00
477.25,5,582411,0.2940,25.59,74.74,470,459,1,3,1,4,0,0,0,0,-506.1,0,0,0,0,0,0,1,0.3440,0.00,0.00,0.00
477.5,5,582422,0.2940,25.75,64.52,452,470,1,7,1,2,0,0,0,0,-506.1,0,0,0,0,0,0,1,0.3456,0.00,0.00,0.00
477.75,5,582437,0.2940,26.20,73.84,423,439,0,1,1,8,0,0,0,0,-506.1,0,0,0,0,0,0,1,0.3472,0.00,0.00,0.00
478,5,582431,0.2940,26.44,59.27,445,440,1,1,2,2,0,0,0,0,-506.1,0,0,0,0,0,0,0,0.3490,0.00,0.00,0.00
478.25,5,582441,0.2940,26.88,71.53,447,458,1,1,1,4,0,0,0,0,-506.1,0,0,0,0,0,0,3,0.3500,0.87,8.03,12.58
478.5,5,582477,0.2940,27.34,59.99,426,463,0,1,3,5,0,0,0,0,-506.1,0,0,0,0,0,0,4,0.3506,0.00,0.00,0.00
478.75,5,582457,0.2940,27.31,72.14,445,429,1,4,1,5,0,0,0,0,-506.1,0,0,0,0,0,0,3,0.3516,0.00,0.00,0.00
479,5,582451,0.2940,27.44,58.84,431,428,1,3,2,8,0,0,0,0,-506.1,0,0,0,0,0,0,6,0.3517,0.00,0.00,0.00
479.25,5,582478,0.2940,27.16,69.02,422,453,1,4,1,11,0,0,0,0,-506.1,0,0,0,0,0,0,7,0.3514,0.00,0.00,0.00
479.5,5,582495,0.2940,26.55,57.01,429,450,1,4,0,8,0,0,0,0,-506.1,0,0,0,0,0,0,6,0.3515,0.00,0.00,0.00
479.75,5,582507,0.2940,26.54,61.66,424,442,0,6,2,8,0,0,0,0,-506.1,0,0,0,0,0,0,5,0.3519,0.00,0.00,0.00
480,5,582543,0.2940,26.87,57.34,406,444,2,2,2,7,0,0,0,0,-506.1,0,0,0,0,0,0,2,0.3531,0.00,0.00,0.00
480.25,5,582499,0.2940,27.28,76.86,447,408,2,5,2,4,0,0,0,0,-507.6,0,0,0,0,0,0,1,0.3547,1.01,7.68,12.81
480.5,5,582540,0.2940,26.82,58.01,396,438,0,1,0,5,0,0,0,0,-507.6,0,0,0,0,0,0,3,0.3556,0.00,0.00,0.00
480.75,5,582554,0.2940,26.46,65.26,418,433,0,1,1,8,0,0,0,0,-507.6,0,0,0,0,0,0,5,0.3560,0.00,0.00,0.00
481,5,582540,0.2940,25.79,55.26,401,389,0,2,0,6,0,0,0,0,-507.6,0,0,0,0,0,0,6,0.3560,0.00,0.00,0.00
481.25,5,582584,0.2940,26.10,62.35,393,439,3,2,0,4,0,0,0,0,-507.6,0,0,0,0,0,0,3,0.3570,0.00,0.00,0.00
481.5,5,582570,0.2940,26.34,60.34,420,410,0,4,0,4,0,0,0,0,-507.6,0,0,0,0,0,0,2,0.3582,0.00,0.00,0.00
481.75,5,582603,0.2940,26.24,65.55,397,434,2,4,1,4,0,0,0,0,-507.6,0,0,0,0,0,0,3,0.3592,0.00,0.00,0.00
482,5,582613,0.2940,25.81,54.73,389,401,0,2,0,5,0,0,0,0,-507.6,0,0,0,0,0,0,2,0.3604,0.00,0.00,0.00
482.25,5,582583,0.2940,25.51,65.16,405,377,2,2,1,4,0,0,0,0,-507.6,0,0,0,0,0,0,1,0.3619,0.86,11.10,18.72
482.5,5,582633,0.2939,25.21,52.41,382,434,1,2,1,3,0,0,0,0,-507.6,0,0,0,0,0,0,3,0.3628,0.00,0.00,0.00
482.75,5,582635,0.2939,25.15,64.58,391,397,0,4,0,2,0,0,0,0,-507.6,0,0,0,0,0,0,2,0.3641,0.00,0.00,0.00
483,5,582645,0.2939,24.44,52.64,383,399,0,6,0,11,0,0,0,0,-507.6,0,0,0,0,0,0,7,0.3638,0.00,0.00,0.00
483.25,5,582664,0.2939,25.07,66.38,350,370,0,1,2,2,0,0,0,0,-507.6,0,0,0,0,0,0,0,0.3656,0.00,0.00,0.00
483.5,5,582657,0.2939,24.81,51.63,392,387,0,2,2,6,0,0,0,0,-507.6,0,0,0,0,0,0,3,0.3665,0.00,0.00,0.00
483.75,5,582694,0.2939,24.60,60.11,350,395,0,8,0,1,0,0,0,0,-507.6,0,0,0,0,0,0,1,0.3681,0.00,0.00,0.00
484,5,582678,0.2939,23.94,61.06,372,359,3,3,2,4,0,0,0,0,-507.6,0,0,0,0,0,0,2,0.3693,0.00,0.00,0.00
484.25,5,582680,0.2939,24.31,67.88,347,351,0,2,2,3,0,0,0,0,-507.6,0,0,0,0,0,0,1,0.3708,0.97,5.93,12.92
484.5,5,582725,0.2939,23.69,48.92,327,374,2,2,0,3,0,0,0,0,-507.6,0,0,0,0,0,0,2,0.3720,0.00,0.00,0.00
484.75,5,582716,0.2939,23.95,57.96,352,348,0,5,0,10,0,0,0,0,-507.6,0,0,0,0,0,0,8,0.3714,0.00,0.00,0.00
485,5,582752,0.2939,23.15,48.60,344,382,2,2,0,8,0,0,0,0,-507.6,0,0,0,0,0,0,4,0.3721,0.00,0.00,0.00
485.25,5,582771,0.2939,23.53,62.06,328,349,3,2,3,9,0,0,0,0,-507.6,0,0,0,0,0,0,6,0.3721,0.00,0.00,0.00
485.5,5,582791,0.2939,23.35,56.31,348,371,0,3,0,5,0,0,0,0,-507.6,0,0,0,0,0,0,3,0.3730,0.00,0.00,0.00
485.75,5,582785,0.2939,23.28,56.61,334,331,0,3,0,6,0,0,0,0,-507.6,0,0,0,0,0,0,3,0.3739,0.00,0.00,0.00
486,5,582838,0.2939,22.60,47.16,324,378,3,1,1,8,0,0,0,0,-507.6,0,0,0,0,0,0,5,0.3742,0.00,0.00,0.00
486.25,5,582835,0.2939,22.65,58.47,335,336,1,4,3,5,0,0,0,0,-507.6,0,0,0,0,0,0,4,0.3748,1.45,7.16,14.43
486.5,5,582852,0.2939,22.41,46.45,338,358,1,3,1,13,0,0,0,0,-507.6,0,0,0,0,0,0,9,0.3739,0.00,0.00,0.00
486.75,5,582868,0.2939,22.41,55.23,304,322,1,2,1,6,0,0,0,0,-507.6,0,0,0,0,0,0,5,0.3742,0.00,0.00,0.00
487,5,582871,0.2939,21.54,47.53,326,336,2,7,0,3,0,0,0,0,-507.6,0,0,0,0,0,0,2,0.3754,0.00,0.00,0.00
487.25,5,582885,0.2939,21.56,59.10,305,322,1,3,1,8,0,0,0,0,-507.6,0,0,0,0,0,0,3,0.3763,0.00,0.00,0.00
487.5,5,582898,0.2939,21.06,46.34,324,340,0,3,1,6,0,0,0,0,-507.6,0,0,0,0,0,0,5,0.3766,0.00,0.00,0.00
487.75,5,582946,0.2939,21.20,52.68,270,320,0,2,0,5,0,0,0,0,-507.6,0,0,0,0,0,0,3,0.3775,0.00,0.00,0.00
488,5,582987,0.2938,20.79,42.83,281,325,1,3,1,5,0,0,0,0,-507.6,0,0,0,0,0,0,2,0.3786,0.00,0.00,0.00
488.25,5,582983,0.2938,20.95,51.84,311,308,1,1,1,4,0,0,0,0,-507.6,0,0,0,0,0,0,4,0.3792,1.56,5.99,14.21
488.5,5,583022,0.2938,20.88,51.69,283,326,6,4,0,5,0,0,0,0,-507.6,0,0,0,0,0,0,3,0.3801,0.00,0.00,0.00
488.75,5,582995,0.2938,20.88,46.97,325,306,1,8,1,5,0,0,0,0,-507.6,0,0,0,0,0,0,4,0.3807,0.00,0.00,0.00
489,5,583016,0.2938,20.53,44.12,286,311,4,4,0,4,0,0,0,0,-507.6,0,0,0,0,0,0,3,0.3815,0.00,0.00,0.00
489.25,5,583039,0.2938,20.36,48.25,278,308,2,7,3,8,0,0,0,0,-507.6,0,0,0,0,0,0,6,0.3815,0.00,0.00,0.00
489.5,5,583058,0.2938,19.79,41.46,294,320,2,7,0,4,0,0,0,0,-507.6,0,0,0,0,0,0,2,0.3827,0.00,0.00,0.00
489.75,5,583076,0.2938,19.44,47.73,283,307,0,6,3,3,0,0,0,0,-507.6,0,0,0,0,0,0,2,0.3839,0.00,0.00,0.00
490,5,583078,0.2938,19.41,39.88,278,282,0,2,0,4,0,0,0,0,-507.6,0,0,0,0,0,0,3,0.3847,0.00,0.00,0.00
490.25,5,583108,0.2938,19.30,46.34,286,321,3,5,0,4,0,0,0,1,-507.7,0,0,0,0,0,0,3,0.3856,2.07,11.44,18.34
490.5,5,583107,0.2938,19.39,39.77,279,282,2,4,1,4,0,0,0,1,-507.7,0,0,0,0,0,0,2,0.3868,0.00,0.00,0.00
490.75,5,583119,0.2937,19.26,43.61,296,316,0,8,1,2,0,0,0,0,-507.7,0,0,0,0,0,0,1,0.3882,0.00,0.00,0.00
491,5,583152,0.2937,19.51,40.42,260,297,1,4,2,0,0,0,0,0,-507.7,0,0,0,0,0,0,0,0.3900,0.00,0.00,0.00
491.25,5,583152,0.2937,19.33,43.05,290,300,5,10,3,0,0,0,0,0,-507.7,0,0,0,0,0,0,0,0.3918,0.00,0.00,0.00
491.5,5,583165,0.2937,19.27,62.06,285,306,2,8,0,6,0,0,0,0,-507.7,0,0,0,0,0,0,2,0.3929,0.00,0.00,0.00
491.75,5,583192,0.2937,19.08,47.80,273,304,3,4,2,7,0,0,0,0,-507.7,0,0,0,0,0,0,3,0.3938,0.00,0.00,0.00
492,5,583205,0.2937,18.92,46.67,264,281,0,4,0,3,0,0,0,0,-507.7,0,0,0,0,0,0,2,0.3950,0.00,0.00,0.00
492.25,5,583195,0.2936,18.75,41.29,270,270,0,10,2,3,0,0,0,0,-507.7,0,0,0,0,0,0,2,0.3962,1.77,8.75,24.30
492.5,5,583238,0.2936,19.35,39.84,249,298,0,6,1,5,0,0,0,0,-507.7,0,0,0,0,0,0,5,0.3965,0.00,0.00,0.00
492.75,5,583255,0.2936,19.26,53.20,283,302,1,2,1,2,0,0,0,0,-507.7,0,0,0,0,0,0,2,0.3976,0.00,0.00,0.00
493,5,583277,0.2936,18.88,47.33,255,281,0,4,2,2,0,0,0,0,-507.7,0,0,0,0,0,0,1,0.3991,0.00,0.00,0.00
493.25,5,583297,0.2936,19.34,47.76,255,281,3,6,6,3,0,0,0,0,-507.7,0,0,0,0,0,0,2,0.4003,0.00,0.00,0.00
493.5,5,583298,0.2936,19.82,56.51,290,296,1,5,3,2,0,0,0,0,-507.7,0,0,0,0,0,0,1,0.4018,0.00,0.00,0.00
493.75,5,583304,0.2935,19.72,51.19,251,267,2,10,0,4,0,0,0,0,-507.7,0,0,0,0,0,0,1,0.4032,0.00,0.00,0.00
494,5,583342,0.2935,19.73,52.76,268,311,5,5,1,3,0,0,0,0,-507.7,0,0,0,0,0,0,2,0.4044,0.00,0.00,0.00
494.25,5,583326,0.2935,19.72,48.08,303,295,0,8,5,1,0,0,0,0,-507.7,0,0,0,0,0,0,0,0.4062,1.32,9.78,17.20
494.5,5,583349,0.2935,19.64,46.05,284,308,3,1,0,4,0,0,0,0,-507.7,0,0,0,0,0,0,2,0.4074,0.00,0.00,0.00
494.75,5,583352,0.2935,19.74,49.50,293,305,3,9,4,6,0,0,0,0,-507.7,0,0,0,0,0,0,4,0.4080,0.00,0.00,0.00
495,5,583378,0.2935,19.70,42.05,267,301,5,8,0,11,0,0,0,0,-507.7,0,0,0,0,0,0,8,0.4074,0.00,0.00,0.00
495.25,5,583388,0.2935,19.63,56.06,286,300,2,4,1,11,0,0,0,0,-507.7,0,0,0,0,0,0,5,0.4077,0.00,0.00,0.00
495.5,5,583428,0.2935,19.31,54.62,256,300,1,4,1,10,0,0,0,0,-507.7,0,0,0,0,0,0,9,0.4068,0.00,0.00,0.00
495.75,5,583458,0.2935,19.42,57.58,291,324,2,3,4,9,0,0,0,0,-507.7,0,0,0,0,0,0,5,0.4071,0.00,0.00,0.00
496,5,583450,0.2935,19.63,42.62,268,265,2,5,1,7,0,0,0,0,-507.7,0,0,0,0,0,0,6,0.4071,0.00,0.00,0.00
496.25,5,583459,0.2935,20.02,61.70,292,307,3,6,4,10,0,0,0,0,-507.7,0,0,0,0,0,0,5,0.4074,2.53,8.43,19.60
496.5,5,583465,0.2935,19.73,43.29,291,303,1,6,2,4,0,0,0,0,-507.7,0,0,0,0,0,0,4,0.4080,0.00,0.00,0.00
496.75,5,583491,0.2934,19.60,57.51,270,306,1,10,4,5,0,0,0,0,-507.7,0,0,0,0,0,0,2,0.4091,0.00,0.00,0.00
497,5,583499,0.2934,19.67,43.01,285,296,4,3,1,3,0,0,0,0,-507.7,0,0,0,0,0,0,1,0.4106,0.00,0.00,0.00
497.25,5,583509,0.2934,19.55,58.40,270,283,0,3,2,4,0,0,0,0,-507.7,0,0,0,0,0,0,1,0.4121,0.00,0.00,0.00
497.5,5,583513,0.2934,19.58,43.74,291,302,3,7,2,9,0,0,0,0,-507.7,0,0,0,0,0,0,4,0.4127,0.00,0.00,0.00
497.75,5,583525,0.2934,20.66,63.76,289,308,1,7,7,3,0,0,0,0,-507.7,0,0,0,0,0,0,2,0.4138,0.00,0.00,0.00
498,5,583523,0.2934,20.76,45.86,311,313,2,4,0,6,0,0,0,0,-507.7,0,0,0,0,0,0,1,0.4153,0.00,0.00,0.00
498.25,5,583560,0.2934,21.04,63.16,271,309,4,1,3,2,0,0,0,0,-507.7,0,0,0,0,0,0,2,0.4164,1.49,14.46,23.86
498.5,5,583533,0.2934,20.69,49.99,332,313,6,8,1,3,0,0,0,0,-507.7,0,0,0,0,0,0,1,0.4179,0.00,0.00,0.00
498.75,5,583578,0.2934,21.43,65.09,271,319,2,3,3,8,0,0,0,0,-507.7,0,0,0,0,0,0,3,0.4188,0.00,0.00,0.00
499,5,583591,0.2933,21.01,48.95,314,332,3,5,1,6,0,0,0,0,-507.7,0,0,0,0,0,0,4,0.4193,0.00,0.00,0.00
499.25,5,583590,0.2933,21.42,64.34,291,295,5,5,4,4,0,0,0,0,-507.7,0,0,0,0,0,0,2,0.4205,0.00,0.00,0.00
499.5,5,583624,0.2933,21.35,50.67,317,355,3,4,2,2,0,0,0,0,-507.7,0,0,0,0,0,0,1,0.4219,0.00,0.00,0.00
499.75,5,583654,0.2933,22.00,67.45,292,326,1,4,1,4,0,0,0,0,-507.7,0,0,0,0,0,0,1,0.4234,0.00,0.00,0.00
500,5,583623,0.2933,21.71,48.00,328,305,0,8,1,5,0,0,0,0,-507.7,0,0,0,0,0,0,1,0.4248,0.00,0.00,0.00
500.25,5,583680,0.2933,21.63,64.40,284,344,0,3,5,6,0,0,0,1,-522.6,0,0,0,0,0,0,3,0.4257,1.60,10.72,22.53
500.5,5,583684,0.2933,21.59,53.91,325,335,2,6,3,2,0,0,0,1,-522.6,0,0,0,0,0,0,1,0.4271,0.00,0.00,0.00
500.75,5,583636,0.2933,21.98,69.64,324,282,1,6,3,6,0,0,0,1,-522.6,0,0,0,0,0,0,2,0.4283,0.00,0.00,0.00
501,5,583685,0.2933,21.34,51.81,276,328,4,3,0,4,0,0,0,1,-522.6,0,0,0,0,0,0,4,0.4288,0.00,0.00,0.00
501.25,5,583720,0.2932,21.55,67.49,292,331,1,4,5,7,0,0,0,1,-522.6,0,0,0,0,0,0,3,0.4297,0.00,0.00,0.00
501.5,5,583728,0.2932,20.91,45.55,271,284,0,5,0,6,0,0,0,1,-522.6,0,0,0,0,0,0,3,0.4306,0.00,0.00,0.00
501.75,5,583720,0.2932,21.19,64.01,295,291,4,4,2,2,0,0,0,1,-522.6,0,0,0,0,0,0,0,0.4323,0.00,0.00,0.00
502,5,583742,0.2932,21.27,64.51,278,306,51,6,1,7,0,0,0,1,-522.6,0,0,0,0,0,0,4,0.4329,0.00,0.00,0.00
502.25,5,583766,0.2932,22.05,76.42,321,358,1,13,2,8,0,0,0,1,-522.6,0,0,0,0,0,0,8,0.4322,1.46,15.72,21.95
502.5,5,583778,0.2932,21.28,74.62,287,303,1,4,0,3,0,0,0,1,-522.6,0,0,0,0,0,0,3,0.4331,0.00,0.00,0.00
502.75,5,583808,0.2932,21.32,72.25,313,346,4,3,2,9,0,0,0,1,-522.6,0,0,0,0,0,0,6,0.4331,0.00,0.00,0.00
503,5,583788,0.2932,20.86,71.93,298,282,4,4,0,6,0,0,0,1,-522.6,0,0,0,0,0,0,6,0.4330,0.00,0.00,0.00
503.25,5,583806,0.2932,21.12,72.99,285,309,3,6,0,5,0,0,0,1,-522.6,0,0,0,0,0,0,4,0.4336,0.00,0.00,0.00
503.5,5,583837,0.2932,20.53,71.92,288,333,6,14,0,9,0,0,0,1,-522.6,0,0,0,0,0,0,7,0.4333,0.00,0.00,0.00
503.75,5,583812,0.2931,20.86,76.47,342,336,7,19,4,7,0,0,0,1,-522.6,0,0,0,0,0,0,3,0.4342,0.00,0.00,0.00
504,5,583813,0.2931,20.30,71.13,304,320,3,15,1,8,0,0,0,1,-522.6,0,0,0,0,0,0,6,0.4342,0.00,0.00,0.00
504.25,5,583793,0.2931,20.57,80.42,335,330,2,15,5,8,0,0,0,1,-522.6,0,0,0,0,0,0,4,0.4348,1.60,7.29,16.56
504.5,5,583833,0.2931,20.23,65.74,305,356,7,11,2,3,0,0,0,0,-522.6,0,0,0,0,0,0,3,0.4357,0.00,0.00,0.00
504.75,5,583871,0.2931,20.53,75.55,291,336,2,7,3,4,0,0,0,0,-522.6,0,0,0,0,0,0,2,0.4369,0.00,0.00,0.00
505,5,583848,0.2931,19.78,74.48,268,259,0,14,0,8,0,0,0,0,-522.6,0,0,0,0,0,0,6,0.4369,0.00,0.00,0.00
505.25,5,583895,0.2930,19.93,73.05,287,347,3,13,1,5,0,0,0,0,-522.6,0,0,0,0,0,0,2,0.4381,0.00,0.00,0.00
505.5,5,583928,0.2930,19.51,70.66,261,299,3,5,0,2,0,0,0,0,-522.6,0,0,0,0,0,0,1,0.4396,0.00,0.00,0.00
505.75,5,583927,0.2930,19.86,81.66,308,325,3,18,4,8,0,0,0,0,-522.6,0,0,0,0,0,0,6,0.4397,0.00,0.00,0.00
506,5,583959,0.2930,19.39,71.19,259,300,2,9,0,7,0,0,0,0,-522.6,0,0,0,0,0,0,5,0.4400,0.00,0.00,0.00
506.25,5,583953,0.2929,19.60,83.01,296,302,3,12,0,5,0,0,0,0,-522.6,0,0,0,0,0,0,3,0.4409,1.08,14.63,21.14
506.5,5,583974,0.2929,19.63,79.13,261,296,0,14,0,7,0,0,0,0,-522.6,0,0,0,0,0,0,5,0.4413,0.00,0.00,0.00
506.75,5,584007,0.2929,19.81,81.12,300,345,3,12,4,8,0,0,0,0,-522.6,0,0,0,0,0,0,5,0.4416,0.00,0.00,0.00
507,5,583986,0.2929,19.62,70.45,293,282,8,10,0,7,0,0,0,0,-522.6,0,0,0,0,0,0,7,0.4414,0.00,0.00,0.00
507.25,5,584019,0.2929,20.12,82.74,268,310,4,9,3,11,0,0,0,0,-522.6,0,0,0,0,0,0,8,0.4409,0.00,0.00,0.00
507.5,5,583992,0.2929,19.66,81.11,279,268,3,16,0,6,0,0,0,0,-522.6,0,0,0,0,0,0,5,0.4413,0.00,0.00,0.00
507.75,5,584051,0.2928,19.57,85.20,259,332,0,14,1,12,0,0,0,0,-522.6,0,0,0,0,0,0,9,0.4405,0.00,0.00,0.00
508,5,584082,0.2928,18.81,70.67,278,315,1,6,0,10,0,0,0,0,-522.6,0,0,0,0,0,0,7,0.4403,0.00,0.00,0.00
508.25,5,584085,0.2928,18.92,78.98,247,264,1,14,2,14,0,0,0,1,-522.6,0,0,0,0,0,0,11,0.4389,1.16,22.90,31.33
508.5,5,584082,0.2928,18.80,71.62,265,268,1,6,0,15,0,0,0,1,-522.6,0,0,0,0,0,0,9,0.4381,0.00,0.00,0.00
508.75,5,584074,0.2928,18.44,73.28,270,272,1,10,1,5,0,0,0,1,-522.6,0,0,0,0,0,0,4,0.4388,0.00,0.00,0.00
509,5,584117,0.2928,18.44,69.14,248,300,1,9,0,7,0,0,0,0,-522.6,0,0,0,0,0,0,2,0.4401,0.00,0.00,0.00
509.25,5,584100,0.2928,18.46,74.34,252,242,2,7,3,4,0,0,0,0,-522.6,0,0,0,0,0,0,3,0.4411,0.00,0.00,0.00
509.5,5,584123,0.2928,17.67,56.83,236,269,4,10,0,8,0,0,0,0,-522.6,0,0,0,0,0,0,7,0.4409,0.00,0.00,0.00
509.75,5,584182,0.2928,18.15,68.45,204,273,1,10,0,8,0,0,0,0,-522.6,0,0,0,0,0,0,4,0.4416,0.00,0.00,0.00
510,5,584168,0.2928,17.82,69.88,235,233,3,12,0,9,0,0,0,0,-522.6,0,0,0,0,0,0,4,0.4423,0.00,0.00,0.00
510.25,5,584195,0.2927,17.70,75.65,231,272,3,14,0,9,0,0,0,1,-533.1,0,0,0,0,0,0,5,0.4427,1.81,20.10,28.78
510.5,5,584203,0.2927,17.56,62.75,245,259,1,6,0,7,0,0,0,1,-533.1,0,0,0,0,0,0,6,0.4428,0.00,0.00,0.00
510.75,5,584228,0.2927,17.28,69.20,215,252,2,12,2,5,0,0,0,1,-533.1,0,0,0,0,0,0,3,0.4438,0.00,0.00,0.00
511,5,584256,0.2927,16.73,44.21,217,256,3,11,0,5,0,0,0,1,-533.1,0,0,0,0,0,0,5,0.4442,0.00,0.00,0.00
511.25,5,584282,0.2927,17.03,59.43,193,227,2,8,0,2,0,0,0,1,-533.1,0,0,0,0,0,0,2,0.4456,0.00,0.00,0.00
511.5,5,584300,0.2927,17.35,66.97,199,222,4,5,0,10,0,0,0,1,-533.1,0,0,0,0,0,0,5,0.4460,0.00,0.00,0.00
511.75,5,584316,0.2926,16.91,70.06,235,264,1,13,3,3,0,0,0,1,-533.1,0,0,0,0,0,0,3,0.4470,0.00,0.00,0.00
512,5,584317,0.2926,16.53,44.55,221,236,1,14,0,3,0,0,0,1,-533.1,0,0,0,0,0,0,3,0.4480,0.00,0.00,0.00
512.25,5,584363,0.2926,16.91,62.77,191,247,1,10,1,2,0,0,0,1,-533.1,0,0,0,0,0,0,1,0.4496,2.29,5.53,15.17
512.5,5,584366,0.2926,17.17,62.77,219,229,4,7,0,5,0,0,0,1,-533.1,0,0,0,0,0,0,4,0.4504,0.00,0.00,0.00
512.75,5,584366,0.2926,17.08,70.23,210,217,2,7,0,5,0,0,0,1,-533.1,0,0,0,0,0,0,2,0.4517,0.00,0.00,0.00
513,5,584410,0.2925,17.62,72.40,204,260,1,12,0,9,0,0,0,1,-533.1,0,0,0,0,0,0,6,0.4518,0.00,0.00,0.00
513.25,5,584395,0.2926,17.24,68.11,248,243,1,10,0,8,0,0,0,1,-533.1,0,0,0,0,0,0,4,0.4526,0.00,0.00,0.00
513.5,5,584414,0.2925,17.77,68.79,216,245,0,10,0,11,0,0,0,1,-533.1,0,0,0,0,0,0,7,0.4524,0.00,0.00,0.00
513.75,5,584422,0.2925,17.51,70.53,231,243,1,4,0,7,0,0,0,1,-533.1,0,0,0,0,0,0,4,0.4532,0.00,0.00,0.00
514,6,584453,0.2925,18.36,72.06,227,264,3,6,0,10,0,0,0,1,-533.1,1,1,0,0,0,0,8,0.4527,0.00,0.00,0.00
514.25,6,584437,0.2925,16.31,49.59,284,273,1,5,0,8,0,0,0,1,-533.1,0,1,0,0,0,0,7,0.4526,1.08,7.92,12.74
514.5,6,584422,0.2926,21.35,57.63,256,244,3,3,0,5,0,0,2,1,-533.1,0,1,0,0,0,0,5,0.4530,0.00,0.00,0.00
514.75,6,584451,0.2926,19.20,73.01,264,296,1,3,0,7,0,0,0,1,-533.1,0,1,0,0,0,0,6,0.4532,0.00,0.00,0.00
515,6,584355,0.2926,18.18,78.63,388,295,1,3,0,13,0,0,0,1,-533.1,0,1,0,0,0,0,11,0.4518,0.00,0.00,0.00
515.25,6,584338,0.2926,21.81,71.56,340,324,1,1,0,6,0,0,0,1,-533.1,0,1,0,0,0,0,5,0.4522,0.00,0.00,0.00
515.5,6,584265,0.2927,19.70,87.02,437,365,1,1,0,6,0,0,0,1,-533.1,0,1,0,0,0,0,4,0.4530,0.00,0.00,0.00
515.75,6,584160,0.2927,19.07,88.84,410,309,1,4,0,9,0,0,0,1,-533.1,0,1,0,0,0,0,6,0.4531,0.00,0.00,0.00
516,6,584161,0.2928,23.79,87.34,387,390,1,2,0,9,0,0,0,1,-533.1,0,1,0,0,0,0,7,0.4529,0.00,0.00,0.00
516.25,6,584143,0.2928,21.91,97.16,407,390,2,1,0,9,0,0,0,1,-533.1,0,1,0,0,0,0,6,0.4530,1.64,9.87,43.53
516.5,6,584129,0.2928,20.13,102.13,429,417,0,2,0,9,0,0,0,1,-533.1,0,1,0,0,0,0,8,0.4525,0.00,0.00,0.00
516.75,6,584105,0.2928,23.24,100.77,427,418,1,15,0,16,0,0,0,1,-533.1,0,1,0,0,0,0,12,0.4509,0.00,0.00,0.00
517,6,584094,0.2928,20.86,103.54,420,415,2,6,0,12,0,0,0,1,-533.1,0,1,0,0,0,0,12,0.4492,0.00,0.00,0.00
517.25,6,584094,0.2928,19.65,99.69,406,407,1,1,0,12,0,0,0,1,-533.1,0,1,0,0,0,0,11,0.4478,0.00,0.00,0.00
517.5,6,584097,0.2929,22.98,92.28,415,420,0,2,0,9,0,0,0,1,-533.1,0,1,0,0,0,0,8,0.4473,0.00,0.00,0.00
517.75,6,584138,0.2928,20.70,91.93,417,459,0,1,0,7,0,0,0,1,-533.1,0,1,0,0,0,0,6,0.4474,0.00,0.00,0.00
518,6,584124,0.2929,19.64,81.87,426,417,0,5,0,4,0,0,0,1,-533.1,0,1,0,0,0,0,4,0.4481,0.00,0.00,0.00
518.25,6,584155,0.2928,23.38,79.07,378,414,1,5,0,5,0,0,0,1,-533.1,0,1,0,0,0,0,5,0.4485,0.88,4.75,7.57
518.5,6,584194,0.2928,20.81,73.63,385,429,0,5,0,12,0,0,0,1,-533.1,0,1,0,0,0,0,10,0.4474,0.00,0.00,0.00
518.75,6,584159,0.2929,19.60,67.14,398,368,3,5,0,12,0,0,0,1,-533.1,0,1,0,0,0,0,10,0.4463,0.00,0.00,0.00
519,6,584176,0.2929,22.08,58.26,374,396,1,5,0,8,0,0,0,1,-533.1,0,1,0,0,0,0,5,0.4466,0.00,0.00,0.00
519.25,6,584213,0.2929,20.10,50.55,341,379,1,1,0,9,0,0,0,1,-533.1,0,1,0,0,0,0,9,0.4458,0.00,0.00,0.00
519.5,6,584227,0.2929,19.44,48.16,356,370,4,0,0,9,0,0,0,1,-533.1,0,1,0,0,0,0,8,0.4453,0.00,0.00,0.00
519.75,6,584218,0.2929,22.76,48.58,332,327,1,4,0,9,0,0,0,1,-533.1,0,1,0,0,0,0,7,0.4451,0.00,0.00,0.00
520,6,584221,0.2929,20.45,49.58,361,367,3,3,0,10,0,0,0,1,-533.1,0,1,0,0,0,0,8,0.4445,0.00,0.00,0.00
520.25,6,584208,0.2929,19.58,50.44,347,335,0,1,0,12,0,0,0,1,-560.1,0,1,0,0,0,0,9,0.4437,1.25,5.66,30.84
520.5,6,584244,0.2929,22.69,50.72,318,354,0,0,0,13,0,0,0,1,-560.1,0,1,0,0,0,0,9,0.4428,0.00,0.00,0.00
520.75,6,584267,0.2929,20.60,51.17,364,388,0,1,0,13,0,0,0,1,-560.1,0,1,0,0,0,0,11,0.4414,0.00,0.00,0.00
521,6,584285,0.2929,19.86,51.62,318,336,1,0,0,14,0,0,0,1,-560.1,0,1,0,0,0,0,13,0.4394,0.00,0.00,0.00
521.25,6,584319,0.2929,23.14,52.33,349,386,1,3,0,12,0,0,0,1,-560.1,0,1,0,0,0,0,11,0.4379,0.00,0.00,0.00
521.5,6,584333,0.2929,21.03,52.94,343,360,1,3,0,9,0,0,0,1,-560.1,0,1,0,0,0,0,6,0.4379,0.00,0.00,0.00
521.75,6,584311,0.2930,20.57,53.09,372,350,0,0,0,7,0,0,0,1,-560.1,0,1,0,0,0,0,6,0.4380,0.00,0.00,0.00
522,6,584358,0.2930,23.46,53.44,332,381,0,2,0,9,0,0,0,1,-560.1,0,1,0,0,0,0,6,0.4380,0.00,0.00,0.00
522.25,6,584415,0.2929,21.51,53.44,354,413,1,2,0,9,0,0,0,1,-560.1,0,1,0,0,0,0,7,0.4377,1.25,9.42,38.47
522.5,6,584423,0.2929,20.79,53.51,366,375,1,1,0,6,0,0,0,1,-560.1,0,1,0,0,0,0,5,0.4380,0.00,0.00,0.00
522.75,6,584401,0.2930,24.28,53.54,379,357,0,0,0,9,0,0,0,1,-560.1,0,1,0,0,0,0,7,0.4377,0.00,0.00,0.00
523,6,584447,0.2929,22.04,54.16,330,378,1,2,0,5,0,0,0,1,-560.1,0,1,0,0,0,0,5,0.4380,0.00,0.00,0.00
523.25,7,584477,0.2929,21.45,54.38,348,379,0,1,0,9,1,0,0,0,-560.1,0,1,0,0,0,0,6,0.4379,0.00,0.00,0.00
523.5,7,584467,0.2930,29.88,54.63,357,347,1,0,0,7,0,0,5,0,-560.1,0,1,0,0,0,0,5,0.4382,0.00,0.00,0.00
523.75,7,584379,0.2929,23.35,55.09,447,425,5,66,0,10,0,0,0,0,-560.1,0,1,0,0,0,0,7,0.4379,0.00,0.00,0.00
524,7,584380,0.2929,28.35,55.34,369,370,2,0,0,9,0,0,0,0,-560.1,0,1,0,0,0,0,7,0.4376,0.00,0.00,0.00
524.25,7,584360,0.2929,23.45,55.91,427,413,4,7,0,7,0,0,0,1,-560.1,0,1,0,0,0,0,6,0.4376,1.40,12.44,16.10
524.5,7,584411,0.2929,25.80,56.15,353,405,2,1,0,7,0,0,0,1,-560.1,0,1,0,0,0,0,5,0.4379,0.00,0.00,0.00
524.75,7,584449,0.2929,22.08,56.40,383,428,0,7,0,11,0,0,0,1,-560.1,0,1,0,0,0,0,7,0.4376,0.00,0.00,0.00
525,7,584427,0.2929,25.83,56.35,378,356,1,0,0,12,0,0,0,1,-560.1,0,1,0,0,0,0,11,0.4361,0.00,0.00,0.00
525.25,7,584467,0.2929,22.13,56.76,372,420,2,8,0,10,0,0,0,1,-560.1,0,1,0,0,0,0,9,0.4353,0.00,0.00,0.00
525.5,7,584457,0.2929,23.99,56.56,371,365,0,4,0,7,0,0,0,1,-560.1,0,1,0,0,0,0,5,0.4355,0.00,0.00,0.00
525.75,7,584532,0.2929,21.80,56.73,343,420,0,2,0,8,0,0,0,1,-560.1,0,1,0,0,0,0,7,0.4352,0.00,0.00,0.00
526,7,584523,0.2929,22.25,56.50,391,385,6,3,0,8,0,0,0,1,-560.1,0,1,0,0,0,0,7,0.4349,0.00,0.00,0.00
526.25,7,584519,0.2929,22.35,56.78,351,350,1,3,0,9,0,0,0,1,-560.1,0,1,0,0,0,0,8,0.4343,2.33,25.20,64.52
526.5,7,584545,0.2929,21.32,56.35,326,353,2,1,0,10,0,0,0,1,-560.1,0,1,0,0,0,0,6,0.4343,0.00,0.00,0.00
526.75,7,584583,0.2929,22.60,56.46,332,371,3,1,0,5,0,0,0,1,-560.1,0,1,0,0,0,0,3,0.4351,0.00,0.00,0.00
527,7,584567,0.2929,21.04,56.42,359,345,3,2,0,0,0,0,0,1,-560.1,0,1,0,0,0,0,0,0.4369,0.00,0.00,0.00
527.25,7,584574,0.2929,22.95,55.95,309,318,0,2,0,10,0,0,0,1,-560.1,0,1,0,0,0,0,7,0.4365,0.00,0.00,0.00
527.5,7,584609,0.2929,20.57,55.21,312,355,3,8,0,5,0,0,0,1,-560.1,0,1,0,0,0,0,2,0.4377,0.00,0.00,0.00
527.75,7,584650,0.2929,22.60,54.73,290,333,2,2,0,4,0,0,0,1,-560.1,0,1,0,0,0,0,4,0.4382,0.00,0.00,0.00
528,7,584634,0.2929,19.94,53.66,348,336,3,4,0,5,0,0,0,1,-560.1,0,1,0,0,0,0,4,0.4387,0.00,0.00,0.00
528.25,7,584661,0.2929,22.29,53.16,286,314,0,1,0,5,0,0,0,1,-560.1,0,1,0,0,0,0,4,0.4393,1.55,24.01,74.03
528.5,7,584694,0.2929,19.37,51.78,304,341,2,4,0,10,0,0,0,1,-560.1,0,1,0,0,0,0,9,0.4383,0.00,0.00,0.00
528.75,7,584713,0.2929,21.97,51.70,303,327,1,5,0,2,0,0,0,1,-560.1,0,1,0,0,0,0,1,0.4398,0.00,0.00,0.00
529,7,584707,0.2929,19.03,50.78,323,324,4,7,0,4,0,0,0,1,-560.1,0,1,0,0,0,0,3,0.4406,0.00,0.00,0.00
529.25,7,584724,0.2929,21.95,51.22,275,293,2,1,0,5,0,0,0,1,-560.1,0,1,0,0,0,0,1,0.4420,0.00,0.00,0.00
529.5,7,584736,0.2929,19.21,51.65,315,333,0,6,0,7,0,0,0,1,-560.1,0,1,0,0,0,0,3,0.4428,0.00,0.00,0.00
529.75,7,584773,0.2929,21.95,51.81,279,319,1,3,0,5,0,0,0,1,-560.1,0,1,0,0,0,0,4,0.4433,0.00,0.00,0.00
530,7,584804,0.2928,18.86,52.56,289,323,3,3,0,7,0,0,0,1,-560.1,0,1,0,0,0,0,5,0.4436,0.00,0.00,0.00
530.25,7,584809,0.2928,22.14,52.86,285,295,0,5,0,3,0,0,0,1,-547.9,0,1,0,0,0,0,2,0.4447,1.82,21.18,64.63
530.5,7,584873,0.2928,19.14,53.98,278,350,4,8,0,10,0,0,0,1,-547.9,0,1,0,0,0,0,5,0.4449,0.00,0.00,0.00
530.75,7,584864,0.2928,22.71,54.35,316,307,1,0,0,6,0,0,0,1,-547.9,0,1,0,0,0,0,6,0.4448,0.00,0.00,0.00
531,7,584887,0.2928,19.45,54.86,328,357,6,6,0,6,0,0,0,1,-547.9,0,1,0,0,0,0,5,0.4450,0.00,0.00,0.00
531.25,7,584896,0.2928,22.60,55.10,305,317,0,3,0,4,0,0,0,1,-547.9,0,1,0,0,0,0,4,0.4455,0.00,0.00,0.00
531.5,7,584940,0.2928,20.07,55.46,313,362,4,5,0,3,0,0,0,1,-547.9,0,1,0,0,0,0,1,0.4469,0.00,0.00,0.00
531.75,7,584953,0.2928,22.60,55.49,299,312,1,0,0,3,0,0,0,1,-547.9,0,1,0,0,0,0,2,0.4480,0.00,0.00,0.00
532,7,584968,0.2928,20.19,55.52,300,318,8,4,0,2,0,0,0,1,-547.9,0,1,0,0,0,0,2,0.4491,0.00,0.00,0.00
532.25,7,584974,0.2928,22.45,55.41,309,315,0,0,0,4,0,0,0,1,-547.9,0,1,0,0,0,0,4,0.4496,1.78,19.03,37.17
532.5,7,585007,0.2928,20.76,55.49,303,344,4,9,0,3,0,0,0,1,-547.9,0,1,0,0,0,0,2,0.4507,0.00,0.00,0.00
532.75,7,585021,0.2928,21.84,57.00,314,329,1,1,0,4,0,0,0,1,-547.9,0,1,0,0,0,0,3,0.4515,0.00,0.00,0.00
533,7,585041,0.2927,21.20,56.99,311,333,4,2,0,5,0,0,0,1,-547.9,0,1,0,0,0,0,3,0.4522,0.00,0.00,0.00
533.25,7,585122,0.2927,21.38,56.88,266,348,0,1,0,3,0,0,0,1,-547.9,0,1,0,0,0,0,2,0.4533,0.00,0.00,0.00
533.5,7,585126,0.2927,21.42,57.53,337,347,5,6,0,3,0,0,0,1,-547.9,0,1,0,0,0,0,2,0.4544,0.00,0.00,0.00
533.75,7,585139,0.2927,21.30,56.68,334,348,1,1,0,6,0,0,0,1,-547.9,0,1,0,0,0,0,4,0.4549,0.00,0.00,0.00
534,7,585158,0.2927,21.67,57.87,311,341,4,11,0,8,0,0,0,1,-547.9,0,1,0,0,0,0,3,0.4557,0.00,0.00,0.00
534.25,7,585132,0.2927,20.76,56.66,331,312,2,7,0,1,0,0,0,2,-547.9,0,1,0,0,0,0,1,0.4570,1.44,19.34,32.70
534.5,7,585153,0.2927,21.45,57.50,305,328,2,2,0,5,0,0,0,2,-547.9,0,1,0,0,0,0,3,0.4578,0.00,0.00,0.00
534.75,7,585181,0.2927,20.93,55.45,315,343,0,0,0,10,0,0,0,1,-547.9,0,1,0,0,0,0,6,0.4577,0.00,0.00,0.00
535,7,585216,0.2927,21.31,55.52,291,328,0,2,0,11,0,0,0,1,-547.9,0,1,0,0,0,0,8,0.4570,0.00,0.00,0.00
535.25,7,585245,0.2927,21.10,55.87,313,344,0,2,0,10,0,0,0,1,-547.9,0,1,0,0,0,0,7,0.4566,0.00,0.00,0.00
535.5,7,585281,0.2927,21.26,56.15,308,345,0,1,0,3,0,0,0,1,-547.9,0,1,0,0,0,0,3,0.4573,0.00,0.00,0.00
535.75,7,585294,0.2927,21.28,56.69,295,308,1,0,0,5,0,0,0,1,-547.9,0,1,0,0,0,0,2,0.4584,0.00,0.00,0.00
536,7,585315,0.2927,21.43,57.15,315,337,0,1,0,6,0,0,0,1,-547.9,0,1,0,0,0,0,2,0.4594,0.00,0.00,0.00
536.25,7,585341,0.2927,21.56,57.44,321,350,0,3,0,5,0,0,0,1,-547.9,0,1,0,0,0,0,4,0.4599,2.51,18.39,25.68
536.5,7,585360,0.2927,21.64,57.96,309,332,2,4,0,5,0,0,0,1,-547.9,0,1,0,0,0,0,2,0.4609,0.00,0.00,0.00
536.75,7,585356,0.2927,21.74,58.23,330,326,1,0,0,3,0,0,0,1,-547.9,0,1,0,0,0,0,2,0.4620,0.00,0.00,0.00
537,7,585394,0.2926,22.27,59.22,308,349,1,3,0,4,0,0,0,1,-547.9,0,1,0,0,0,0,2,0.4630,0.00,0.00,0.00
537.25,8,585397,0.2926,21.84,62.78,323,327,1,1,0,3,1,0,0,0,-547.9,0,1,0,0,0,0,1,0.4643,0.00,0.00,0.00
537.5,8,585390,0.2927,22.67,81.05,311,306,0,2,0,6,0,0,3,0,-547.9,0,1,0,0,0,0,2,0.4654,0.00,0.00,0.00
537.75,8,585400,0.2927,22.20,88.76,348,359,1,1,0,3,0,0,0,0,-547.9,0,1,0,0,0,0,3,0.4661,0.00,0.00,0.00
538,8,585377,0.2927,22.93,80.07,374,353,1,2,0,2,0,0,0,0,-547.9,0,1,0,0,0,0,2,0.4671,0.00,0.00,0.00
538.25,8,585355,0.2927,22.32,89.97,382,362,0,2,0,8,0,0,0,0,-547.9,0,1,0,0,0,0,2,0.4682,2.18,20.99,26.52
538.5,8,585355,0.2927,22.96,106.07,378,378,0,0,0,0,0,0,0,0,-547.9,0,1,0,0,0,0,0,0.4698,0.00,0.00,0.00
538.75,8,585403,0.2927,22.58,120.12,357,407,0,2,0,1,0,0,0,0,-547.9,0,1,0,0,0,0,0,0.4714,0.00,0.00,0.00
539,8,585369,0.2927,22.70,132.01,438,404,0,0,0,2,0,0,0,0,-547.9,0,1,0,0,0,0,1,0.4727,0.00,0.00,0.00
539.25,8,585377,0.2927,22.96,129.14,410,418,1,0,0,3,0,0,0,0,-547.9,0,1,0,0,0,0,1,0.4740,0.00,0.00,0.00
539.5,8,585358,0.2927,22.34,124.99,437,418,0,0,0,2,0,0,0,0,-547.9,0,1,0,0,0,0,0,0.4755,0.00,0.00,0.00
539.75,8,585371,0.2927,23.20,95.65,430,446,1,3,0,2,0,0,0,0,-547.9,0,1,0,0,0,0,1,0.4768,0.00,0.00,0.00
540,8,585434,0.2927,22.02,97.40,364,427,1,0,0,3,0,0,0,0,-547.9,0,1,0,0,0,0,1,0.4781,0.00,0.00,0.00
540.25,8,585418,0.2927,22.48,87.07,407,395,0,4,0,1,0,0,0,0,-546.3,0,1,0,0,0,0,1,0.4794,2.34,21.38,26.58
540.5,8,585424,0.2927,21.73,88.81,390,400,0,4,0,5,0,0,0,0,-546.3,0,1,0,0,0,0,1,0.4807,0.00,0.00,0.00
540.75,8,585416,0.2927,21.21,81.73,376,368,2,0,0,2,0,0,0,0,-546.3,0,1,0,0,0,0,1,0.4819,0.00,0.00,0.00
541,8,585430,0.2927,21.00,88.33,361,379,1,4,0,4,0,0,0,0,-546.3,0,1,0,0,0,0,1,0.4832,0.00,0.00,0.00
541.25,8,585417,0.2927,21.00,80.59,377,366,0,2,0,3,0,0,0,0,-546.3,0,1,0,0,0,0,1,0.4845,0.00,0.00,0.00
541.5,8,585480,0.2926,20.72,76.92,321,384,0,0,0,2,0,0,0,0,-546.3,0,1,0,0,0,0,2,0.4855,0.00,0.00,0.00
541.75,8,585532,0.2926,20.72,78.59,315,368,0,1,0,2,0,0,0,0,-546.3,0,1,0,0,0,0,1,0.4867,0.00,0.00,0.00
542,8,585548,0.2926,20.05,65.29,349,367,0,2,0,3,0,0,0,0,-546.3,0,1,0,0,0,0,3,0.4874,0.00,0.00,0.00
542.25,8,585545,0.2926,19.87,72.91,334,340,1,9,0,6,0,0,0,0,-546.3,0,1,0,0,0,0,2,0.4884,4.06,21.29,29.12
542.5,8,585585,0.2926,20.20,67.33,314,356,1,2,0,2,0,0,0,0,-546.3,0,1,0,0,0,0,1,0.4896,0.00,0.00,0.00
542.75,8,585622,0.2926,20.55,68.66,326,365,0,2,0,5,0,0,0,0,-546.3,0,1,0,0,0,0,3,0.4903,0.00,0.00,0.00
543,8,585659,0.2926,20.35,70.00,308,345,1,0,0,6,0,0,0,0,-546.3,0,1,0,0,0,0,2,0.4913,0.00,0.00,0.00
543.25,8,585676,0.2926,20.65,59.68,325,348,1,6,0,3,0,0,0,0,-546.3,0,1,0,0,0,0,0,0.4928,0.00,0.00,0.00
543.5,8,585736,0.2925,20.34,62.14,264,325,0,1,0,6,0,0,0,0,-546.3,0,1,0,0,0,0,1,0.4941,0.00,0.00,0.00
543.75,8,585714,0.2926,21.17,60.80,334,313,1,1,0,3,0,0,0,0,-546.3,0,1,0,0,0,0,2,0.4950,0.00,0.00,0.00
544,8,585773,0.2925,19.87,58.18,264,327,2,4,0,2,0,0,0,0,-546.3,0,1,0,0,0,0,0,0.4966,0.00,0.00,0.00
544.25,8,585742,0.2925,21.17,59.23,366,337,1,2,0,4,0,0,0,0,-546.3,0,1,0,0,0,0,3,0.4972,2.48,19.77,25.00
544.5,8,585790,0.2925,21.26,62.20,289,337,1,0,0,0,0,0,0,0,-546.3,0,1,0,0,0,0,0,0.4987,0.00,0.00,0.00
544.75,8,585806,0.2925,20.72,59.34,312,330,1,2,0,0,0,0,0,0,-546.3,0,1,0,0,0,0,0,0.5003,0.00,0.00,0.00
545,8,585789,0.2925,20.92,60.04,293,286,3,10,0,1,0,0,0,0,-546.3,0,1,0,0,0,0,0,0.5018,0.00,0.00,0.00
545.25,8,585791,0.2925,21.51,67.61,362,367,4,3,0,2,0,0,0,0,-546.3,0,1,0,0,0,0,1,0.5031,0.00,0.00,0.00
545.5,8,585798,0.2925,21.02,60.41,328,338,1,3,0,1,0,0,0,0,-546.3,0,1,0,0,0,0,0,0.5046,0.00,0.00,0.00
545.75,8,585805,0.2925,21.43,60.88,352,361,2,2,0,1,0,0,0,0,-546.3,0,1,0,0,0,0,1,0.5058,0.00,0.00,0.00
546,8,585837,0.2925,21.04,66.06,336,371,1,3,0,3,0,0,0,0,-546.3,0,1,0,0,0,0,0,0.5074,0.00,0.00,0.00
546.25,8,585845,0.2925,21.73,70.28,366,375,2,1,0,1,0,0,0,0,-546.3,0,1,0,0,0,0,0,0.5089,3.46,21.87,37.12
546.5,8,585853,0.2924,21.16,60.15,356,374,3,10,0,1,0,0,0,0,-546.3,0,1,0,0,0,0,0,0.5104,0.00,0.00,0.00
546.75,8,585877,0.2924,21.85,71.28,358,385,2,3,0,4,0,0,0,0,-546.3,0,1,0,0,0,0,0,0.5119,0.00,0.00,0.00
547,8,585875,0.2924,21.11,68.16,368,372,1,6,0,1,0,0,0,0,-546.3,0,1,0,0,0,0,1,0.5132,0.00,0.00,0.00
547.25,8,585889,0.2924,21.33,70.82,360,378,1,4,0,3,0,0,0,0,-546.3,0,1,0,0,0,0,0,0.5147,0.00,0.00,0.00
547.5,8,585927,0.2924,21.09,63.65,353,399,3,8,0,2,0,0,0,0,-546.3,0,1,0,0,0,0,0,0.5162,0.00,0.00,0.00
547.75,8,585940,0.2924,21.02,63.88,358,373,0,2,0,5,0,0,0,0,-546.3,0,1,0,0,0,0,2,0.5172,0.00,0.00,0.00
548,8,585969,0.2924,20.52,62.49,354,384,4,1,0,2,0,0,0,0,-546.3,0,1,0,0,0,0,0,0.5187,0.00,0.00,0.00
548.25,8,586014,0.2923,20.79,66.58,352,400,1,3,0,0,0,0,0,0,-546.3,0,1,0,0,0,0,0,0.5202,2.15,20.45,44.04
548.5,8,586006,0.2923,20.11,62.49,373,374,2,9,0,3,0,0,0,0,-546.3,0,1,0,0,0,0,1,0.5214,0.00,0.00,0.00
548.75,8,586042,0.2923,20.47,67.46,325,362,0,1,0,5,0,0,0,0,-546.3,0,1,0,0,0,0,2,0.5224,0.00,0.00,0.00
549,8,586055,0.2923,19.96,66.86,377,392,0,2,0,6,0,0,0,0,-546.3,0,1,0,0,0,0,3,0.5230,0.00,0.00,0.00
549.25,8,586047,0.2923,20.19,71.00,365,358,0,1,0,3,0,0,0,0,-546.3,0,1,0,0,0,0,1,0.5242,0.00,0.00,0.00
549.5,8,586046,0.2923,19.56,55.80,337,340,2,4,0,6,0,0,0,0,-546.3,0,1,0,0,0,0,4,0.5246,0.00,0.00,0.00
549.75,8,586074,0.2923,19.94,68.98,334,368,0,6,0,4,0,0,0,0,-546.3,0,1,0,0,0,0,2,0.5255,0.00,0.00,0.00
550,8,586091,0.2923,19.63,61.78,375,394,3,2,0,3,0,0,0,0,-546.3,0,1,0,0,0,0,2,0.5264,0.00,0.00,0.00
550.25,8,586137,0.2923,20.19,72.67,317,369,2,6,0,4,0,0,0,0,-538.9,0,1,0,0,0,0,1,0.5276,3.76,20.08,36.81
550.5,8,586111,0.2923,19.58,56.68,376,355,6,5,0,1,0,0,0,0,-538.9,0,1,0,0,0,0,0,0.5291,0.00,0.00,0.00
550.75,8,586142,0.2923,19.79,66.78,342,379,0,6,0,8,0,0,0,0,-538.9,0,1,0,0,0,0,6,0.5289,0.00,0.00,0.00
551,8,586144,0.2923,19.88,71.90,360,364,3,2,0,9,0,0,0,0,-538.9,0,1,0,0,0,0,7,0.5283,0.00,0.00,0.00
551.25,8,586199,0.2923,19.57,71.69,328,383,0,0,0,6,0,0,0,0,-538.9,0,1,0,0,0,0,3,0.5290,0.00,0.00,0.00
551.5,8,586167,0.2923,20.22,69.25,374,348,4,6,0,7,0,0,0,0,-538.9,0,1,0,0,0,0,4,0.5293,0.00,0.00,0.00
551.75,8,586207,0.2923,19.34,79.87,369,410,1,1,0,7,0,0,0,0,-538.9,0,1,0,0,0,0,4,0.5296,0.00,0.00,0.00
552,8,586238,0.2923,20.16,63.48,340,375,1,4,0,8,0,0,0,0,-538.9,0,1,0,0,0,0,4,0.5299,0.00,0.00,0.00
552.25,8,586235,0.2923,19.40,76.88,363,364,1,4,0,4,0,0,0,1,-538.9,0,1,0,0,0,0,4,0.5303,3.21,17.46,28.67
552.5,8,586212,0.2923,20.34,78.79,345,325,5,3,0,6,0,0,0,0,-538.9,0,1,0,0,0,0,3,0.5309,0.00,0.00,0.00
552.75,8,586237,0.2923,19.92,77.69,396,422,2,1,0,6,0,0,0,0,-538.9,0,1,0,0,0,0,3,0.5315,0.00,0.00,0.00
553,8,586256,0.2923,20.65,79.81,345,367,1,3,0,4,0,0,0,0,-538.9,0,1,0,0,0,0,2,0.5324,0.00,0.00,0.00
553.25,8,586289,0.2923,20.28,86.60,372,406,0,1,0,4,0,0,0,0,-538.9,0,1,0,0,0,0,2,0.5333,0.00,0.00,0.00
553.5,8,586273,0.2923,20.65,66.06,381,367,2,2,0,5,0,0,0,0,-538.9,0,1,0,0,0,0,3,0.5339,0.00,0.00,0.00
553.75,8,586326,0.2923,20.13,78.17,357,416,1,6,0,2,0,0,0,0,-538.9,0,1,0,0,0,0,2,0.5348,0.00,0.00,0.00
554,8,586335,0.2922,20.63,84.98,341,353,2,3,0,1,0,0,0,0,-538.9,0,1,0,0,0,0,0,0.5363,0.00,0.00,0.00
554.25,7,586380,0.2922,19.57,72.09,368,413,3,0,0,4,0,1,0,0,-538.9,0,0,0,0,1,0,1,0.5375,2.66,15.55,29.32
554.5,7,586397,0.2924,19.94,79.78,323,346,0,6,0,89,0,0,0,0,-538.9,0,0,0,0,0,0,86,0.5137,0.00,0.00,0.00
554.75,7,586434,0.2924,19.16,89.46,360,398,0,1,0,41,0,0,0,0,-538.9,0,0,0,0,0,0,38,0.5040,0.00,0.00,0.00
555,7,586434,0.2925,21.35,70.64,364,366,1,2,0,32,0,0,0,0,-538.9,0,0,0,0,0,0,27,0.4975,0.00,0.00,0.00
555.25,7,586456,0.2925,19.09,81.17,400,425,0,3,0,21,0,0,0,0,-538.9,0,0,0,0,0,0,21,0.4928,0.00,0.00,0.00
555.5,7,586479,0.2925,21.54,83.07,327,353,0,3,0,15,0,0,0,0,-538.9,0,0,0,0,0,0,15,0.4899,0.00,0.00,0.00
555.75,7,586507,0.2925,19.23,86.88,374,409,2,7,0,9,0,0,0,0,-538.9,0,0,0,0,0,0,9,0.4887,0.00,0.00,0.00
556,7,586504,0.2925,21.88,75.25,369,371,0,5,0,13,0,0,0,0,-538.9,0,0,0,0,0,0,11,0.4870,0.00,0.00,0.00
556.25,7,586509,0.2925,19.57,85.17,402,416,3,9,0,10,0,0,0,0,-538.9,0,0,0,0,0,0,9,0.4858,2.51,21.86,66.30
556.5,7,586540,0.2925,21.72,83.44,366,401,0,4,0,4,0,0,0,0,-538.9,0,0,0,0,0,0,4,0.4861,0.00,0.00,0.00
556.75,7,586552,0.2925,19.53,86.06,386,413,2,15,0,7,0,0,0,0,-538.9,0,0,0,0,0,0,5,0.4861,0.00,0.00,0.00
557,7,586593,0.2925,21.19,89.25,348,390,1,1,0,3,0,0,0,0,-538.9,0,0,0,0,0,0,3,0.4867,0.00,0.00,0.00
557.25,7,586603,0.2924,19.67,85.08,391,411,0,10,0,7,0,0,0,0,-538.9,0,0,0,0,0,0,2,0.4876,0.00,0.00,0.00
557.5,7,586616,0.2924,20.71,88.00,373,387,0,1,0,2,0,0,0,0,-538.9,0,0,0,0,0,0,2,0.4885,0.00,0.00,0.00
557.75,7,586613,0.2924,20.54,95.22,395,400,2,8,0,5,0,0,0,0,-538.9,0,0,0,0,0,0,5,0.4886,0.00,0.00,0.00
558,7,586656,0.2924,20.69,83.20,351,395,4,1,0,8,0,0,0,0,-538.9,0,0,0,0,0,0,7,0.4880,0.00,0.00,0.00
558.25,7,586638,0.2924,20.91,93.60,396,383,3,5,0,7,0,0,0,0,-538.9,0,0,0,0,0,0,7,0.4874,2.67,19.59,60.66
558.5,7,586670,0.2924,20.35,96.80,355,391,1,4,0,5,0,0,0,0,-538.9,0,0,0,0,0,0,4,0.4877,0.00,0.00,0.00
558.75,7,586661,0.2924,21.24,104.43,377,370,2,2,0,4,0,0,0,0,-538.9,0,0,0,0,0,0,3,0.4883,0.00,0.00,0.00
559,7,586652,0.2925,20.47,96.40,404,395,3,0,0,8,0,0,0,0,-538.9,0,0,0,0,0,0,6,0.4880,0.00,0.00,0.00
559.25,7,586700,0.2924,21.19,104.61,347,395,1,0,0,6,0,0,0,0,-538.9,0,0,0,0,0,0,6,0.4877,0.00,0.00,0.00
559.5,7,586705,0.2924,20.74,109.58,389,395,3,1,0,8,0,0,0,0,-538.9,0,0,0,0,0,0,7,0.4872,0.00,0.00,0.00
559.75,7,586667,0.2925,21.00,108.52,407,375,2,6,0,9,0,0,0,0,-538.9,0,0,0,0,0,0,8,0.4863,0.00,0.00,0.00
560,7,586689,0.2925,20.59,115.21,378,406,8,6,0,9,0,0,0,0,-538.9,0,0,0,0,0,0,8,0.4854,0.00,0.00,0.00
560.25,7,586692,0.2925,21.42,106.02,394,397,1,0,0,9,0,0,0,1,-520.4,0,0,0,0,0,0,7,0.4848,3.66,16.77,61.16
560.5,7,586684,0.2925,20.63,113.71,412,416,5,12,0,9,0,0,0,1,-520.4,0,0,0,0,0,0,7,0.4842,0.00,0.00,0.00
560.75,7,586697,0.2925,21.25,113.88,386,399,0,0,0,5,0,0,0,1,-520.4,0,0,0,0,0,0,5,0.4842,0.00,0.00,0.00
561,7,586703,0.2925,21.03,118.72,391,402,1,5,0,3,0,0,0,1,-520.4,0,0,0,0,0,0,1,0.4854,0.00,0.00,0.00
561.25,7,586696,0.2925,21.07,105.30,406,399,1,0,0,5,0,0,0,1,-520.4,0,0,0,0,0,0,3,0.4860,0.00,0.00,0.00
561.5,7,586690,0.2925,21.14,109.97,416,411,4,2,0,10,0,0,0,1,-520.4,0,0,0,0,0,0,6,0.4857,0.00,0.00,0.00
561.75,7,586705,0.2925,20.59,113.45,381,400,1,4,0,5,0,0,0,1,-520.4,0,0,0,0,0,0,5,0.4857,0.00,0.00,0.00
562,7,586713,0.2925,20.84,99.62,397,412,1,7,0,5,0,0,0,1,-520.4,0,0,0,0,0,0,3,0.4863,0.00,0.00,0.00
562.25,7,586682,0.2925,20.80,104.08,393,367,1,5,0,10,0,0,0,2,-520.4,0,0,0,0,0,0,9,0.4851,3.71,16.15,53.38
562.5,7,586685,0.2925,21.38,97.27,395,401,1,3,0,5,0,0,0,2,-520.4,0,0,0,0,0,0,4,0.4854,0.00,0.00,0.00
562.75,7,586651,0.2925,20.73,94.16,403,374,3,5,0,7,0,0,0,2,-520.4,0,0,0,0,0,0,6,0.4851,0.00,0.00,0.00
563,8,586649,0.2925,22.29,98.83,401,408,2,9,0,6,1,0,0,1,-520.4,0,0,0,0,0,0,4,0.4854,0.00,0.00,0.00
563.25,8,586609,0.2925,21.63,85.17,412,386,1,14,0,5,0,0,4,1,-520.4,0,0,0,0,0,0,4,0.4857,0.00,0.00,0.00
563.5,8,586609,0.2925,22.04,89.74,378,382,2,4,0,5,0,0,1,1,-520.4,0,0,0,0,0,0,4,0.4860,0.00,0.00,0.00
563.75,8,586581,0.2926,21.74,79.59,431,411,7,8,0,8,0,0,0,1,-520.4,0,0,0,0,0,0,7,0.4854,0.00,0.00,0.00
564,8,586584,0.2925,22.20,81.01,415,422,0,4,1,3,0,0,0,1,-520.4,0,0,0,0,0,0,2,0.4863,0.00,0.00,0.00
564.25,8,586607,0.2925,21.50,69.12,406,434,2,5,0,5,0,0,0,1,-520.4,0,0,0,0,0,0,4,0.4866,2.36,13.02,20.73
564.5,8,586585,0.2926,22.44,74.07,410,390,0,2,0,7,0,0,0,1,-520.4,0,0,0,0,0,0,5,0.4866,0.00,0.00,0.00
564.75,8,586618,0.2925,21.41,66.49,407,446,1,6,0,6,0,0,0,1,-520.4,0,0,0,0,0,0,3,0.4872,0.00,0.00,0.00
565,8,586662,0.2925,21.93,71.25,379,425,0,2,0,10,0,0,0,1,-520.4,0,0,0,0,0,0,9,0.4860,0.00,0.00,0.00
565.25,8,586662,0.2925,21.45,80.55,424,426,4,2,0,11,0,0,0,1,-520.4,0,0,0,0,0,0,7,0.4854,0.00,0.00,0.00
565.5,8,586693,0.2925,21.42,75.90,383,418,3,4,0,9,0,0,0,1,-520.4,0,0,0,0,0,0,6,0.4851,0.00,0.00,0.00
565.75,8,586687,0.2926,21.29,67.32,427,424,2,3,0,11,0,0,0,1,-520.4,0,0,0,0,0,0,10,0.4837,0.00,0.00,0.00
566,8,586733,0.2925,20.67,81.84,370,427,2,11,0,7,0,0,0,1,-520.4,0,0,0,0,0,0,2,0.4846,0.00,0.00,0.00
566.25,8,586714,0.2925,21.19,73.37,406,391,4,4,0,9,0,0,0,1,-520.4,0,0,0,0,0,0,7,0.4840,3.87,16.06,23.42
566.5,8,586768,0.2925,20.84,68.72,372,429,2,3,1,4,0,0,0,1,-520.4,0,0,0,0,0,0,3,0.4846,0.00,0.00,0.00
566.75,8,586749,0.2925,20.94,66.92,374,360,2,5,0,5,0,0,0,1,-520.4,0,0,0,0,0,0,3,0.4852,0.00,0.00,0.00
567,8,586744,0.2925,20.59,74.42,407,404,3,2,1,4,0,0,0,1,-520.4,0,0,0,0,0,0,4,0.4855,0.00,0.00,0.00
567.25,8,586754,0.2925,21.28,68.45,377,389,0,2,0,4,0,0,0,1,-520.4,0,0,0,0,0,0,3,0.4861,0.00,0.00,0.00
567.5,8,586733,0.2925,20.87,72.91,378,365,2,8,0,7,0,0,0,1,-520.4,0,0,0,0,0,0,5,0.4861,0.00,0.00,0.00
567.75,8,586773,0.2925,21.11,91.36,378,422,0,4,0,5,0,0,0,1,-520.4,0,0,0,0,0,0,5,0.4861,0.00,0.00,0.00
568,8,586783,0.2925,20.35,107.32,370,383,6,3,1,8,0,0,0,1,-520.4,0,0,0,0,0,0,7,0.4855,0.00,0.00,0.00
568.25,8,586781,0.2925,20.84,117.49,389,390,3,3,0,8,0,0,0,1,-520.4,0,0,0,0,0,0,7,0.4849,3.10,14.50,20.62
568.5,8,586820,0.2925,20.43,127.26,403,446,3,4,0,9,0,0,0,1,-520.4,0,0,0,0,0,0,8,0.4840,0.00,0.00,0.00
568.75,8,586846,0.2925,20.27,129.77,385,415,1,4,0,2,0,0,0,1,-520.4,0,0,0,0,0,0,2,0.4849,0.00,0.00,0.00
569,8,586857,0.2925,20.50,136.05,391,407,1,5,1,3,0,0,0,1,-520.4,0,0,0,0,0,0,2,0.4858,0.00,0.00,0.00
569.25,8,586859,0.2925,20.23,108.92,400,408,2,6,0,4,0,0,0,1,-520.4,0,0,0,0,0,0,3,0.4864,0.00,0.00,0.00
569.5,8,586887,0.2925,20.84,100.39,386,419,3,5,1,2,0,0,0,1,-520.4,0,0,0,0,0,0,2,0.4873,0.00,0.00,0.00
569.75,8,586822,0.2925,19.53,74.69,430,375,4,10,0,2,0,0,0,1,-520.4,0,0,0,0,0,0,0,0.4887,0.00,0.00,0.00
570,8,586828,0.2925,20.56,73.25,385,399,2,8,1,2,0,0,0,1,-520.4,0,0,0,0,0,0,1,0.4899,0.00,0.00,0.00
570.25,8,586849,0.2925,19.56,92.54,352,377,3,4,0,4,0,0,0,1,-525.6,0,0,0,0,0,0,2,0.4908,2.50,13.99,20.19
570.5,8,586877,0.2924,19.40,73.09,373,406,2,5,0,3,0,0,0,1,-525.6,0,0,0,0,0,0,0,0.4923,0.00,0.00,0.00
570.75,8,586897,0.2924,18.91,65.82,345,372,4,7,0,1,0,0,0,1,-525.6,0,0,0,0,0,0,0,0.4938,0.00,0.00,0.00
571,8,586906,0.2924,19.67,75.91,336,350,1,5,0,1,0,0,0,1,-525.6,0,0,0,0,0,0,0,0.4953,0.00,0.00,0.00
571.25,8,586899,0.2924,17.95,84.42,362,364,5,10,1,6,0,0,0,1,-525.6,0,0,0,0,0,0,5,0.4953,0.00,0.00,0.00
571.5,8,586943,0.2924,19.91,86.95,294,341,1,3,0,7,0,0,0,1,-525.6,0,0,0,0,0,0,5,0.4953,0.00,0.00,0.00
571.75,8,586919,0.2924,17.15,93.16,368,348,3,4,1,2,0,0,0,1,-525.6,0,0,0,0,0,0,1,0.4965,0.00,0.00,0.00
572,8,586928,0.2924,18.52,103.27,302,314,0,3,0,1,0,0,0,1,-525.6,0,0,0,0,0,0,1,0.4977,0.00,0.00,0.00
572.25,8,586930,0.2924,17.41,111.20,313,332,4,17,0,1,0,0,0,2,-525.6,0,0,0,0,0,0,1,0.4989,3.09,15.62,19.67
572.5,8,586922,0.2924,17.89,117.01,337,334,3,5,0,1,0,0,0,2,-525.6,0,0,0,0,0,0,0,0.5004,0.00,0.00,0.00
572.75,8,586902,0.2924,17.66,124.13,329,324,0,15,0,1,0,0,0,1,-525.6,0,0,0,0,0,0,1,0.5016,0.00,0.00,0.00
573,8,586920,0.2923,17.97,135.53,328,351,2,5,0,0,0,0,0,1,-525.6,0,0,0,0,0,0,0,0.5031,0.00,0.00,0.00
573.25,8,586966,0.2923,17.18,144.76,310,358,3,2,0,2,0,0,0,1,-525.6,0,0,0,0,0,0,1,0.5043,0.00,0.00,0.00
573.5,8,586965,0.2923,17.91,153.01,379,385,2,7,0,4,0,0,0,1,-525.6,0,0,0,0,0,0,2,0.5052,0.00,0.00,0.00
573.75,8,586995,0.2923,16.58,131.63,361,396,4,5,0,5,0,0,0,1,-525.6,0,0,0,0,0,0,4,0.5055,0.00,0.00,0.00
574,8,586962,0.2923,17.70,112.99,369,339,2,3,0,6,0,0,0,1,-525.6,0,0,0,0,0,0,5,0.5056,0.00,0.00,0.00
574.25,8,586987,0.2923,16.05,100.58,360,387,6,2,0,7,0,0,0,1,-525.6,0,0,0,0,0,0,5,0.5056,5.28,13.86,15.92
574.5,8,586972,0.2923,18.27,100.88,354,340,3,1,0,7,0,0,0,1,-525.6,0,0,0,0,0,0,5,0.5056,0.00,0.00,0.00
574.75,8,586982,0.2923,16.23,109.00,360,381,4,11,0,6,0,0,0,1,-525.6,0,0,0,0,0,0,6,0.5054,0.00,0.00,0.00
575,8,586966,0.2923,17.77,114.74,307,294,1,3,0,4,0,0,0,1,-525.6,0,0,0,0,0,0,4,0.5057,0.00,0.00,0.00
575.25,8,587000,0.2923,17.15,120.52,319,360,2,7,0,4,0,0,0,1,-525.6,0,0,0,0,0,0,2,0.5066,0.00,0.00,0.00
575.5,8,587038,0.2923,18.03,124.57,342,381,3,1,0,5,0,0,0,1,-525.6,0,0,0,0,0,0,3,0.5072,0.00,0.00,0.00
575.75,8,587029,0.2923,16.93,127.54,320,318,3,7,0,3,0,0,0,1,-525.6,0,0,0,0,0,0,2,0.5081,0.00,0.00,0.00
576,8,587033,0.2923,18.15,137.27,320,326,1,2,0,1,0,0,0,1,-525.6,0,0,0,0,0,0,1,0.5094,0.00,0.00,0.00
576.25,8,587036,0.2923,17.12,146.29,367,381,1,11,1,5,0,0,0,1,-525.6,0,0,0,0,0,0,4,0.5097,5.08,14.77,17.06
576.5,8,587075,0.2923,18.02,153.73,299,342,0,4,0,5,0,0,0,1,-525.6,0,0,0,0,0,0,5,0.5097,0.00,0.00,0.00
576.75,8,587105,0.2922,16.90,160.31,349,388,2,9,0,10,0,0,1,1,-525.6,0,0,0,0,0,0,8,0.5089,0.00,0.00,0.00
577,8,587110,0.2922,17.49,165.35,323,329,0,1,0,7,0,0,0,1,-525.6,0,0,0,0,0,0,6,0.5086,0.00,0.00,0.00
577.25,8,587139,0.2922,16.24,170.19,338,371,1,4,0,3,0,0,0,1,-525.6,0,0,0,0,0,0,2,0.5095,0.00,0.00,0.00
577.5,8,587147,0.2922,16.89,174.53,303,311,0,0,0,3,0,0,0,1,-525.6,0,0,0,0,0,0,2,0.5104,0.00,0.00,0.00
577.75,8,587178,0.2922,16.09,177.95,308,347,4,8,0,1,0,0,0,1,-525.6,0,0,0,0,0,0,1,0.5116,0.00,0.00,0.00
578,8,587221,0.2922,16.57,181.08,293,336,0,0,0,6,0,0,0,1,-525.6,0,0,0,0,0,0,4,0.5120,0.00,0.00,0.00
578.25,8,587192,0.2922,15.97,183.67,326,311,1,14,0,3,0,0,0,1,-525.6,0,0,0,0,0,0,1,0.5132,5.17,15.75,18.41
578.5,8,587235,0.2922,16.27,185.26,270,314,0,1,0,2,0,0,0,1,-525.6,0,0,0,0,0,0,0,0.5147,0.00,0.00,0.00
578.75,8,587246,0.2921,16.26,184.31,301,325,3,13,0,3,0,0,0,1,-525.6,0,0,0,0,0,0,1,0.5159,0.00,0.00,0.00
579,8,587233,0.2922,15.92,177.01,296,283,1,0,0,1,0,0,0,1,-525.6,0,0,0,0,0,0,1,0.5171,0.00,0.00,0.00
579.25,8,587243,0.2921,16.64,177.03,312,328,2,6,0,1,0,0,0,1,-525.6,0,0,0,0,0,0,1,0.5183,0.00,0.00,0.00
579.5,8,587275,0.2921,16.43,171.05,285,317,1,0,0,4,0,0,0,1,-525.6,0,0,0,0,0,0,2,0.5192,0.00,0.00,0.00
579.75,8,587271,0.2921,16.97,173.22,326,325,1,3,0,2,0,0,0,1,-525.6,0,0,0,0,0,0,0,0.5207,0.00,0.00,0.00
580,8,587304,0.2921,16.85,170.45,273,307,3,1,0,4,0,0,0,1,-525.6,0,0,0,0,0,0,1,0.5219,0.00,0.00,0.00
580.25,8,587299,0.2921,17.67,174.94,353,350,3,2,0,2,0,0,0,1,-544.2,0,0,0,0,0,0,0,0.5234,1.75,13.77,17.49
580.5,8,587317,0.2921,16.55,178.29,341,361,0,2,0,2,0,0,0,1,-544.2,0,0,0,0,0,0,1,0.5246,0.00,0.00,0.00
580.75,8,587333,0.2921,16.99,178.62,334,352,0,2,0,3,0,0,0,1,-544.2,0,0,0,0,0,0,0,0.5261,0.00,0.00,0.00
581,8,587347,0.2921,16.18,180.65,351,368,1,3,0,6,0,0,0,1,-544.2,0,0,0,0,0,0,2,0.5270,0.00,0.00,0.00
581.25,8,587323,0.2921,16.02,183.58,351,327,2,1,0,2,0,0,0,1,-544.2,0,0,0,0,0,0,0,0.5285,0.00,0.00,0.00
581.5,8,587352,0.2921,16.84,164.71,315,347,3,3,0,4,0,0,0,1,-544.2,0,0,0,0,0,0,0,0.5300,0.00,0.00,0.00
581.75,8,587361,0.2921,16.43,131.98,370,381,5,3,0,0,0,0,0,1,-544.2,0,0,0,0,0,0,0,0.5315,0.00,0.00,0.00
582,8,587356,0.2921,18.10,132.98,328,324,4,2,1,0,0,0,0,1,-544.2,0,0,0,0,0,0,0,0.5329,0.00,0.00,0.00
582.25,8,587329,0.2921,17.42,125.17,383,362,7,6,0,2,0,0,0,1,-544.2,0,0,0,0,0,0,0,0.5344,3.93,12.32,20.97
582.5,8,587348,0.2921,19.51,117.55,327,356,1,10,0,1,0,0,0,1,-544.2,0,0,0,0,0,0,0,0.5359,0.00,0.00,0.00
582.75,8,587336,0.2921,19.39,110.46,400,399,12,13,0,3,0,0,0,1,-544.2,0,0,0,0,0,0,1,0.5371,0.00,0.00,0.00
583,8,587325,0.2920,21.93,102.73,348,350,1,13,0,1,0,0,0,1,-544.2,0,0,0,0,0,0,0,0.5386,0.00,0.00,0.00
583.25,8,587316,0.2921,21.06,95.11,392,385,5,2,0,6,0,0,0,1,-544.2,0,0,0,0,0,0,3,0.5392,0.00,0.00,0.00
583.5,8,587295,0.2921,22.40,90.72,384,368,2,5,0,4,0,0,0,1,-544.2,0,0,0,0,0,0,2,0.5401,0.00,0.00,0.00
583.75,8,587278,0.2921,22.00,100.85,397,387,6,7,0,4,0,0,0,1,-544.2,0,0,0,0,0,0,2,0.5410,0.00,0.00,0.00
584,8,587305,0.2921,21.39,104.68,353,382,0,2,0,3,0,0,0,1,-544.2,0,0,0,0,0,0,3,0.5416,0.00,0.00,0.00
584.25,8,587294,0.2921,20.55,86.26,430,428,1,9,0,1,0,0,0,1,-544.2,0,0,0,0,0,0,1,0.5428,3.29,14.24,18.51
584.5,8,587318,0.2920,19.96,91.66,357,386,1,5,0,4,0,0,0,1,-544.2,0,0,0,0,0,0,3,0.5434,0.00,0.00,0.00
584.75,8,587287,0.2921,19.94,85.80,388,362,3,5,0,3,0,0,0,1,-544.2,0,0,0,0,0,0,3,0.5441,0.00,0.00,0.00
585,8,587309,0.2920,19.58,83.01,349,373,0,2,0,3,0,0,0,1,-544.2,0,0,0,0,0,0,0,0.5456,0.00,0.00,0.00
585.25,8,587335,0.2920,19.22,86.60,332,359,0,1,0,0,0,0,0,1,-544.2,0,0,0,0,0,0,0,0.5471,0.00,0.00,0.00
585.5,8,587344,0.2920,18.58,102.93,323,335,2,3,0,2,0,0,0,1,-544.2,0,0,0,0,0,0,0,0.5486,0.00,0.00,0.00
585.75,8,587340,0.2920,18.97,98.62,347,346,3,3,0,3,0,0,0,1,-544.2,0,0,0,0,0,0,0,0.5500,0.00,0.00,0.00
586,8,587335,0.2920,18.58,81.75,337,342,1,10,0,3,0,0,0,1,-544.2,0,0,0,0,0,0,0,0.5515,0.00,0.00,0.00
586.25,8,587384,0.2920,20.05,80.84,299,350,1,2,0,6,0,0,0,1,-544.2,0,0,0,0,0,0,5,0.5516,3.67,13.72,18.55
586.5,7,587382,0.2920,19.74,95.13,339,341,6,4,0,2,0,0,0,1,-544.2,0,0,0,0,0,1,1,0.5528,0.00,0.00,0.00
586.75,7,587407,0.2921,20.87,94.06,334,367,1,8,1,102,0,0,0,1,-544.2,0,0,0,0,0,0,101,0.5245,0.00,0.00,0.00
587,7,587420,0.2922,21.32,93.85,334,348,2,1,0,27,0,0,0,1,-544.2,0,0,0,0,0,0,26,0.5183,0.00,0.00,0.00
587.25,7,587415,0.2922,21.88,90.39,368,365,0,2,0,11,0,0,0,1,-544.2,0,0,0,0,0,0,10,0.5169,0.00,0.00,0.00
587.5,7,587437,0.2922,22.31,91.52,348,375,2,5,1,8,0,0,0,1,-544.2,0,0,0,0,0,0,8,0.5160,0.00,0.00,0.00
587.75,7,587466,0.2922,22.94,92.71,336,368,1,3,0,5,0,0,0,1,-544.2,0,0,0,0,0,0,5,0.5160,0.00,0.00,0.00
588,7,587480,0.2922,23.05,92.38,384,401,1,3,0,6,0,0,0,1,-544.2,0,0,0,0,0,0,4,0.5163,0.00,0.00,0.00
588.25,7,587469,0.2922,23.55,102.33,365,359,0,5,1,5,0,0,0,1,-544.2,0,0,0,0,0,0,3,0.5169,1.16,6.71,13.54
588.5,7,587463,0.2922,23.43,110.21,387,389,0,8,0,3,0,0,0,1,-544.2,0,0,0,0,0,0,3,0.5175,0.00,0.00,0.00
588.75,7,587497,0.2922,23.42,116.11,375,412,0,3,0,4,0,0,0,1,-544.2,0,0,0,0,0,0,2,0.5184,0.00,0.00,0.00
589,7,587485,0.2922,23.57,121.24,401,394,1,5,0,3,0,0,0,1,-544.2,0,0,0,0,0,0,3,0.5190,0.00,0.00,0.00
589.25,7,587509,0.2922,23.67,125.87,399,428,1,5,0,3,0,0,0,1,-544.2,0,0,0,0,0,0,3,0.5196,0.00,0.00,0.00
589.5,7,587509,0.2922,23.05,127.39,405,409,3,4,1,0,0,0,0,1,-544.2,0,0,0,0,0,0,0,0.5211,0.00,0.00,0.00
589.75,7,587524,0.2921,23.17,131.92,391,411,1,5,0,4,0,0,0,1,-544.2,0,0,0,0,0,0,2,0.5220,0.00,0.00,0.00
590,7,587465,0.2922,22.88,133.66,441,387,0,5,0,6,0,0,0,1,-544.2,0,0,0,0,0,0,5,0.5220,0.00,0.00,0.00
590.25,7,587475,0.2922,23.06,136.82,423,433,4,0,1,2,0,0,0,1,-550.0,0,0,0,0,0,0,1,0.5232,1.23,5.51,13.17
590.5,7,587468,0.2922,22.53,138.07,407,405,1,5,0,3,0,0,0,1,-550.0,0,0,0,0,0,0,2,0.5241,0.00,0.00,0.00
590.75,7,587492,0.2922,22.17,139.05,379,403,1,0,0,5,0,0,0,1,-550.0,0,0,0,0,0,0,3,0.5247,0.00,0.00,0.00
591,7,587504,0.2922,21.62,140.86,363,378,0,3,0,4,0,0,0,1,-550.0,0,0,0,0,0,0,1,0.5258,0.00,0.00,0.00
591.25,7,587511,0.2922,21.38,141.95,384,393,0,2,0,3,0,0,0,1,-550.0,0,0,0,0,0,0,2,0.5267,0.00,0.00,0.00
591.5,7,587506,0.2922,20.94,141.49,333,330,1,2,1,2,0,0,0,1,-550.0,0,0,0,0,0,0,1,0.5279,0.00,0.00,0.00
591.75,7,587494,0.2922,20.68,143.97,364,355,1,3,0,3,0,0,0,1,-550.0,0,0,0,0,0,0,2,0.5288,0.00,0.00,0.00
592,7,587520,0.2922,20.46,145.02,340,369,5,3,0,3,0,0,0,1,-550.0,0,0,0,0,0,0,2,0.5296,0.00,0.00,0.00
592.25,7,587523,0.2921,20.49,146.31,336,345,3,6,0,1,0,0,0,2,-550.0,0,0,0,0,0,0,0,0.5311,1.10,5.85,13.49
592.5,7,587540,0.2921,20.76,142.27,321,346,0,8,0,1,0,0,0,2,-550.0,0,0,0,0,0,0,0,0.5326,0.00,0.00,0.00
592.75,7,587510,0.2921,20.33,148.66,343,315,2,2,0,1,0,0,0,2,-550.0,0,0,0,0,0,0,0,0.5340,0.00,0.00,0.00
593,7,587513,0.2921,19.91,153.42,319,328,2,6,0,2,0,0,0,2,-550.0,0,0,0,0,0,0,1,0.5352,0.00,0.00,0.00
593.25,7,587548,0.2921,19.40,153.42,283,320,2,2,0,2,0,0,0,2,-550.0,0,0,0,0,0,0,2,0.5361,0.00,0.00,0.00
593.5,7,587567,0.2921,19.29,156.47,293,313,1,1,0,2,0,0,0,2,-550.0,0,0,0,0,0,0,2,0.5370,0.00,0.00,0.00
593.75,7,587554,0.2921,18.70,158.40,327,317,2,3,0,3,0,0,0,2,-550.0,0,0,0,0,0,0,2,0.5378,0.00,0.00,0.00
594,7,587574,0.2921,18.98,161.37,279,301,3,2,0,2,0,0,0,2,-550.0,0,0,0,0,0,0,1,0.5390,0.00,0.00,0.00
594.25,7,587562,0.2921,18.76,161.99,347,340,3,5,1,6,0,0,0,3,-550.0,0,0,0,0,0,0,6,0.5387,0.92,8.95,15.13
594.5,7,587561,0.2921,18.50,164.54,301,303,2,3,0,5,0,0,0,3,-550.0,0,0,0,0,0,0,4,0.5390,0.00,0.00,0.00
594.75,7,587564,0.2921,17.61,164.75,318,329,0,8,0,6,0,0,0,3,-550.0,0,0,0,0,0,0,5,0.5390,0.00,0.00,0.00
595,7,587569,0.2921,17.85,168.11,296,304,0,3,0,5,0,0,0,3,-550.0,0,0,0,0,0,0,5,0.5390,0.00,0.00,0.00
595.25,7,587575,0.2921,17.50,169.95,336,353,2,11,0,7,0,0,0,3,-550.0,0,0,0,0,0,0,7,0.5384,0.00,0.00,0.00
595.5,7,587607,0.2921,17.58,171.88,308,343,1,3,0,8,0,0,0,3,-550.0,0,0,0,0,0,0,6,0.5381,0.00,0.00,0.00
595.75,7,587599,0.2921,17.36,172.81,345,339,2,2,1,4,0,0,0,3,-550.0,0,0,0,0,0,0,3,0.5387,0.00,0.00,0.00
596,7,587610,0.2921,18.19,168.72,315,328,5,2,0,5,0,0,0,3,-550.0,0,0,0,0,0,0,5,0.5387,0.00,0.00,0.00
596.25,7,587584,0.2921,18.03,145.61,358,337,4,5,1,5,0,0,0,2,-550.0,0,0,0,0,0,0,5,0.5386,1.66,10.38,20.75
596.5,7,587572,0.2921,18.77,148.25,386,380,4,6,0,7,0,0,0,2,-550.0,0,0,0,0,0,0,6,0.5383,0.00,0.00,0.00
596.75,7,587595,0.2921,18.39,153.59,398,424,4,3,0,10,0,0,0,2,-550.0,0,0,0,0,0,0,10,0.5369,0.00,0.00,0.00
597,7,587575,0.2921,18.94,160.96,372,356,2,4,1,9,0,0,0,2,-550.0,0,0,0,0,0,0,8,0.5360,0.00,0.00,0.00
597.25,7,587585,0.2922,19.16,167.13,406,417,0,1,0,11,0,0,0,2,-550.0,0,0,0,0,0,0,9,0.5348,0.00,0.00,0.00
597.5,7,587599,0.2922,19.44,171.41,387,403,0,2,1,10,0,0,0,2,-550.0,0,0,0,0,0,0,9,0.5336,0.00,0.00,0.00
597.75,7,587589,0.2922,19.27,175.91,417,407,1,0,1,7,0,0,0,2,-550.0,0,0,0,0,0,0,7,0.5330,0.00,0.00,0.00
598,7,587589,0.2922,19.40,178.05,435,438,4,3,0,8,0,0,0,2,-550.0,0,0,0,0,0,0,7,0.5324,0.00,0.00,0.00
598.25,7,587550,0.2922,19.17,175.98,458,424,12,5,0,6,0,0,0,4,-550.0,0,0,0,0,0,0,4,0.5326,1.60,10.10,17.81
598.5,8,587519,0.2922,19.38,175.10,448,419,2,2,1,11,1,0,0,2,-550.0,0,0,0,0,0,0,8,0.5317,0.00,0.00,0.00
598.75,8,587551,0.2922,16.99,166.85,443,475,0,0,0,9,0,0,1,2,-550.0,0,0,0,0,0,0,6,0.5314,0.00,0.00,0.00
599,9,587558,0.2922,19.26,156.95,423,431,0,1,0,8,1,0,0,0,-550.0,0,0,0,0,0,0,6,0.5311,0.00,0.00,0.00
599.25,9,587502,0.2923,16.60,153.58,484,433,1,5,0,8,0,0,5,0,-550.0,0,0,0,0,0,0,7,0.5304,0.00,0.00,0.00
599.5,9,587437,0.2923,18.58,153.95,483,419,1,1,0,6,0,0,0,0,-550.0,0,0,0,0,0,0,4,0.5307,0.00,0.00,0.00
599.75,9,587358,0.2923,16.04,152.19,506,450,1,23,0,4,0,0,0,0,-550.0,0,0,0,0,0,0,3,0.5313,0.00,0.00,0.00
600,9,587331,0.2923,18.53,147.97,485,459,1,1,0,3,0,0,0,0,-550.0,0,0,0,0,0,0,2,0.5321,0.00,0.00,0.00
600.25,9,587326,0.2923,17.09,146.21,516,511,1,0,0,2,0,0,0,0,-569.6,0,0,0,0,0,0,1,0.5333,2.86,10.48,18.03
600.5,9,587265,0.2924,18.41,143.44,552,492,0,1,0,1,0,0,0,0,-569.6,0,0,0,0,0,0,0,0.5347,0.00,0.00,0.00
600.75,9,587267,0.2924,16.88,140.99,538,541,0,1,1,1,0,0,0,0,-569.6,0,0,0,0,0,0,0,0.5362,0.00,0.00,0.00
601,9,587276,0.2924,18.86,137.68,540,550,0,1,1,3,0,0,0,0,-569.6,0,0,0,0,0,0,1,0.5373,0.00,0.00,0.00
601.25,9,587295,0.2924,17.22,138.92,541,561,0,1,0,3,0,0,0,0,-569.6,0,0,0,0,0,0,3,0.5379,0.00,0.00,0.00
601.5,9,587315,0.2924,18.88,145.18,563,584,0,1,0,3,0,0,0,0,-569.6,0,0,0,0,0,0,2,0.5387,0.00,0.00,0.00
601.75,9,587280,0.2924,17.28,153.54,614,581,2,2,0,3,0,0,0,0,-569.6,0,0,0,0,0,0,2,0.5396,0.00,0.00,0.00
602,9,587307,0.2924,18.93,159.65,579,608,2,2,1,2,0,0,0,0,-569.6,0,0,0,0,0,0,1,0.5407,0.00,0.00,0.00
602.25,9,587248,0.2924,16.89,157.29,625,571,1,5,0,2,0,0,0,1,-569.6,0,0,0,0,0,0,2,0.5415,2.14,13.90,23.00
602.5,9,587239,0.2924,18.68,162.71,573,565,1,1,0,2,0,0,0,0,-569.6,0,0,0,0,0,0,1,0.5427,0.00,0.00,0.00
602.75,9,587231,0.2924,16.23,167.61,612,608,0,4,0,1,0,0,0,0,-569.6,0,0,0,0,0,0,0,0.5441,0.00,0.00,0.00
603,9,587230,0.2924,17.75,171.99,539,542,0,4,0,2,0,0,0,0,-569.6,0,0,0,0,0,0,1,0.5452,0.00,0.00,0.00
603.25,9,587220,0.2924,15.38,170.73,578,572,2,4,0,3,0,0,0,0,-569.6,0,0,0,0,0,0,1,0.5464,0.00,0.00,0.00
603.5,9,587203,0.2924,17.19,172.63,561,549,0,5,0,2,0,0,0,0,-569.6,0,0,0,0,0,0,1,0.5475,0.00,0.00,0.00
603.75,9,587153,0.2924,14.52,176.24,613,569,3,6,2,1,0,0,0,0,-569.6,0,0,0,0,0,0,1,0.5486,0.00,0.00,0.00
604,9,587205,0.2924,16.24,179.91,516,572,0,4,0,1,0,0,0,0,-569.6,0,0,0,0,0,0,1,0.5498,0.00,0.00,0.00
604.25,9,587187,0.2924,13.60,181.19,565,552,1,5,0,3,0,0,0,0,-569.6,0,0,0,0,0,0,1,0.5509,1.42,14.46,20.60
604.5,9,587154,0.2924,15.66,165.39,533,505,2,5,0,2,0,0,0,0,-569.6,0,0,0,0,0,0,1,0.5520,0.00,0.00,0.00
604.75,9,587132,0.2924,13.12,164.75,517,505,3,10,0,0,0,0,0,0,-569.6,0,0,0,0,0,0,0,0.5535,0.00,0.00,0.00
605,9,587165,0.2924,15.07,155.92,468,507,2,6,0,5,0,0,0,0,-569.6,0,0,0,0,0,0,2,0.5543,0.00,0.00,0.00
605.25,9,587135,0.2924,12.87,162.57,490,468,3,8,0,4,0,0,0,0,-569.6,0,0,0,0,0,0,3,0.5549,0.00,0.00,0.00
605.5,9,587149,0.2924,15.17,166.08,493,514,1,7,0,4,0,0,0,0,-569.6,0,0,0,0,0,0,3,0.5555,0.00,0.00,0.00
605.75,9,587147,0.2924,13.75,168.53,529,529,3,2,0,4,0,0,0,0,-569.6,0,0,0,0,0,0,4,0.5557,0.00,0.00,0.00
606,9,587160,0.2924,15.76,172.15,497,511,1,1,0,3,0,0,0,0,-569.6,0,0,0,0,0,0,1,0.5569,0.00,0.00,0.00
606.25,9,587145,0.2924,14.44,174.95,553,541,4,3,0,4,0,0,0,0,-569.6,0,0,0,0,0,0,1,0.5580,2.48,19.36,25.36
606.5,9,587161,0.2924,15.71,178.08,516,535,2,3,0,6,0,0,0,0,-569.6,0,0,0,0,0,0,4,0.5583,0.00,0.00,0.00
606.75,9,587146,0.2924,14.93,180.87,584,575,0,6,0,3,0,0,0,0,-569.6,0,0,0,0,0,0,3,0.5589,0.00,0.00,0.00
607,9,587094,0.2924,16.04,183.46,555,506,1,3,0,6,0,0,0,0,-569.6,0,0,0,0,0,0,4,0.5591,0.00,0.00,0.00
607.25,9,587032,0.2924,15.11,182.70,590,531,1,3,0,5,0,0,0,0,-569.6,0,0,0,0,0,0,2,0.5600,0.00,0.00,0.00
607.5,9,587034,0.2924,15.63,178.58,534,539,0,3,0,4,0,0,0,0,-569.6,0,0,0,0,0,0,3,0.5606,0.00,0.00,0.00
607.75,9,587003,0.2925,14.95,174.84,567,538,0,2,0,4,0,0,0,0,-569.6,0,0,0,0,0,0,3,0.5611,0.00,0.00,0.00
608,9,587052,0.2924,15.39,178.82,510,560,0,1,0,4,0,0,0,0,-569.6,0,0,0,0,0,0,3,0.5617,0.00,0.00,0.00
608.25,9,587051,0.2924,15.14,174.46,549,552,1,4,0,2,0,0,0,0,-569.6,0,0,0,0,0,0,2,0.5625,2.67,21.38,32.46
608.5,9,587015,0.2924,15.33,169.31,555,523,0,4,0,3,0,0,0,0,-569.6,0,0,0,0,0,0,1,0.5637,0.00,0.00,0.00
608.75,9,587024,0.2924,15.81,174.16,575,586,2,2,0,5,0,0,0,0,-569.6,0,0,0,0,0,0,4,0.5639,0.00,0.00,0.00
609,9,587026,0.2925,15.95,178.21,578,581,1,1,0,7,0,0,0,0,-569.6,0,0,0,0,0,0,6,0.5636,0.00,0.00,0.00
609.25,9,586929,0.2925,16.13,181.66,633,540,2,4,0,8,0,0,0,0,-569.6,0,0,0,0,0,0,4,0.5638,0.00,0.00,0.00
609.5,9,586978,0.2925,16.05,183.49,586,637,1,2,0,6,0,0,0,0,-569.6,0,0,0,0,0,0,5,0.5638,0.00,0.00,0.00
609.75,9,587009,0.2925,16.26,185.55,580,613,1,2,0,6,0,0,0,0,-569.6,0,0,0,0,0,0,4,0.5641,0.00,0.00,0.00
610,9,586958,0.2925,16.16,183.72,658,609,1,2,0,10,0,0,0,0,-569.6,0,0,0,0,0,0,8,0.5631,0.00,0.00,0.00
610.25,9,586926,0.2926,15.87,185.17,634,608,6,7,0,16,0,0,0,0,-573.6,0,0,0,0,0,0,14,0.5604,2.80,13.06,18.01
610.5,9,586931,0.2926,15.92,175.22,609,622,3,8,1,11,0,0,0,0,-573.6,0,0,0,0,0,0,11,0.5586,0.00,0.00,0.00
610.75,9,586948,0.2926,15.75,169.43,621,641,12,3,0,11,0,0,0,0,-573.6,0,0,0,0,0,0,11,0.5568,0.00,0.00,0.00
611,9,586877,0.2926,16.24,168.64,670,619,11,22,0,12,0,0,0,0,-573.6,0,0,0,0,0,0,11,0.5551,0.00,0.00,0.00
611.25,9,586857,0.2926,15.11,155.29,626,624,7,19,0,7,0,0,0,0,-573.6,0,0,0,0,0,0,5,0.5550,0.00,0.00,0.00
611.5,9,586820,0.2926,17.11,162.36,604,588,2,21,0,6,0,0,0,0,-573.6,0,0,0,0,0,0,6,0.5547,0.00,0.00,0.00
611.75,9,586769,0.2926,15.81,168.22,630,593,1,14,1,4,0,0,0,0,-573.6,0,0,0,0,0,0,2,0.5556,0.00,0.00,0.00
612,9,586722,0.2926,16.70,170.13,573,530,3,4,0,4,0,0,0,0,-573.6,0,0,0,0,0,0,4,0.5559,0.00,0.00,0.00
612.25,9,586681,0.2926,17.18,167.78,547,510,5,4,0,3,0,0,0,0,-573.6,0,0,0,0,0,0,2,0.5568,3.39,20.44,30.18
612.5,9,586664,0.2926,14.35,172.09,568,562,3,11,0,5,0,0,0,0,-573.6,0,0,0,0,0,0,4,0.5571,0.00,0.00,0.00
612.75,9,586702,0.2926,16.33,176.01,489,533,5,6,0,4,0,0,0,0,-573.6,0,0,0,0,0,0,3,0.5578,0.00,0.00,0.00
613,9,586685,0.2926,13.27,163.73,547,541,5,11,2,5,0,0,0,0,-573.6,0,0,0,0,0,0,5,0.5578,0.00,0.00,0.00
613.25,9,586655,0.2926,15.03,153.62,501,480,2,9,0,4,0,0,0,0,-573.6,0,0,0,0,0,0,3,0.5584,0.00,0.00,0.00
613.5,10,586658,0.2926,12.15,142.88,515,530,3,12,0,3,0,0,0,0,-573.6,1,1,0,0,0,0,2,0.5593,0.00,0.00,0.00
613.75,10,586715,0.2925,13.52,143.35,453,521,1,11,0,2,0,0,1,0,-573.6,0,1,0,0,0,0,2,0.5602,0.00,0.00,0.00
614,10,586668,0.2925,10.54,149.39,492,463,5,18,0,5,0,0,1,0,-573.6,0,1,0,0,0,0,1,0.5614,0.00,0.00,0.00
614.25,10,586713,0.2925,11.47,140.76,450,500,1,5,0,5,0,0,0,0,-573.6,0,1,0,0,0,0,1,0.5626,2.92,16.92,25.95
614.5,10,586730,0.2925,9.48,134.82,467,488,4,5,0,1,0,0,0,0,-573.6,0,1,0,0,0,0,1,0.5638,0.00,0.00,0.00
614.75,10,586800,0.2925,10.55,133.66,413,485,2,3,0,3,0,0,0,0,-573.6,0,1,0,0,0,0,2,0.5647,0.00,0.00,0.00
615,10,586776,0.2925,8.38,134.03,460,441,2,6,0,3,0,0,0,0,-573.6,0,1,0,0,0,0,2,0.5656,0.00,0.00,0.00
615.25,10,586792,0.2925,9.62,137.38,388,407,3,3,0,3,0,0,0,0,-573.6,0,1,0,0,0,0,2,0.5665,0.00,0.00,0.00
615.5,10,586824,0.2924,8.14,145.80,382,427,1,13,0,3,0,0,0,0,-573.6,0,1,0,0,0,0,2,0.5674,0.00,0.00,0.00
615.75,10,586832,0.2924,9.44,152.95,391,403,2,4,0,1,0,0,0,0,-573.6,0,1,0,0,0,0,0,0.5689,0.00,0.00,0.00
616,10,586858,0.2924,8.21,124.12,384,416,3,6,0,3,0,0,0,0,-573.6,0,1,0,0,0,0,1,0.5701,0.00,0.00,0.00
616.25,10,586891,0.2924,9.50,133.44,388,426,1,5,0,1,0,0,0,0,-573.6,0,1,0,0,0,0,0,0.5716,2.33,14.23,21.02
616.5,10,586866,0.2924,8.22,129.98,379,370,6,16,0,0,0,0,0,0,-573.6,0,1,0,0,0,0,0,0.5731,0.00,0.00,0.00
616.75,10,586935,0.2923,10.67,131.06,335,407,6,3,0,3,0,0,0,0,-573.6,0,1,0,0,0,0,1,0.5743,0.00,0.00,0.00
617,10,586947,0.2923,10.06,138.04,396,415,3,7,0,2,0,0,0,0,-573.6,0,1,0,0,0,0,0,0.5759,0.00,0.00,0.00
617.25,10,586948,0.2923,12.53,147.39,429,434,2,4,0,3,0,0,0,0,-573.6,0,1,0,0,0,0,1,0.5771,0.00,0.00,0.00
617.5,10,586972,0.2923,12.31,133.79,430,461,5,7,0,1,0,0,0,0,-573.6,0,1,0,0,0,0,0,0.5786,0.00,0.00,0.00
617.75,10,586949,0.2923,15.23,139.30,499,483,26,7,0,4,0,0,0,0,-573.6,0,1,0,0,0,0,2,0.5795,0.00,0.00,0.00
618,10,586918,0.2923,15.06,146.32,495,470,2,6,0,3,0,0,0,0,-573.6,0,1,0,0,0,0,2,0.5805,0.00,0.00,0.00
618.25,10,586896,0.2923,16.55,153.64,543,530,11,10,0,5,0,0,0,0,-573.6,0,1,0,0,0,0,2,0.5814,1.37,8.04,18.04
618.5,10,586906,0.2923,17.92,159.22,482,507,4,15,0,3,0,0,0,0,-573.6,0,1,0,0,0,0,3,0.5821,0.00,0.00,0.00
618.75,10,586909,0.2923,18.40,164.86,476,486,1,7,0,3,0,0,0,0,-573.6,0,1,0,0,0,0,1,0.5833,0.00,0.00,0.00
619,10,586892,0.2923,19.54,169.45,474,471,1,14,0,0,0,0,0,0,-573.6,0,1,0,0,0,0,0,0.5849,0.00,0.00,0.00
619.25,10,586905,0.2923,18.69,173.31,437,458,2,8,0,5,0,0,0,0,-573.6,0,1,0,0,0,0,1,0.5861,0.00,0.00,0.00
619.5,10,586885,0.2923,19.40,177.11,464,445,2,1,0,2,0,0,0,0,-573.6,0,1,0,0,0,0,1,0.5874,0.00,0.00,0.00
619.75,10,586909,0.2923,19.55,179.93,453,480,0,3,0,4,0,0,1,0,-573.6,0,1,0,0,0,0,2,0.5884,0.00,0.00,0.00
620,10,586906,0.2923,20.47,182.25,520,517,2,0,0,3,0,0,0,0,-573.6,0,1,0,0,0,0,1,0.5896,0.00,0.00,0.00
620.25,10,586911,0.2923,20.83,183.49,493,503,1,5,0,2,0,0,0,0,-557.7,0,1,0,0,0,0,1,0.5909,1.08,10.79,17.70
620.5,10,586915,0.2923,21.11,184.14,551,557,2,2,0,2,0,0,0,0,-557.7,0,1,0,0,0,0,0,0.5924,0.00,0.00,0.00
620.75,10,586888,0.2923,20.04,184.61,560,535,2,2,0,1,0,0,0,0,-557.7,0,1,0,0,0,0,0,0.5940,0.00,0.00,0.00
621,10,586879,0.2923,20.25,184.44,555,547,2,1,0,0,0,0,0,0,-557.7,0,1,0,0,0,0,0,0.5955,0.00,0.00,0.00
621.25,10,586873,0.2923,18.91,181.78,513,513,0,6,0,4,0,0,0,0,-557.7,0,1,0,0,0,0,2,0.5965,0.00,0.00,0.00
621.5,10,586860,0.2923,18.53,175.11,495,482,1,0,0,5,0,0,0,0,-557.7,0,1,0,0,0,0,4,0.5968,0.00,0.00,0.00
621.75,10,586867,0.2923,18.01,167.81,461,470,3,2,0,2,0,0,0,0,-557.7,0,1,0,0,0,0,1,0.5981,0.00,0.00,0.00
622,10,586881,0.2923,17.56,116.51,462,479,6,3,0,5,0,0,1,0,-557.7,0,1,0,0,0,0,3,0.5987,0.00,0.00,0.00
622.25,10,586886,0.2923,16.91,87.80,413,424,0,6,0,3,0,0,0,0,-557.7,0,1,0,0,0,0,2,0.5997,1.84,12.41,17.40
622.5,10,586918,0.2923,17.44,92.48,421,456,1,3,0,4,0,0,0,0,-557.7,0,1,0,0,0,0,1,0.6009,0.00,0.00,0.00
622.75,10,586912,0.2923,16.71,100.59,432,427,3,1,0,3,0,0,0,0,-557.7,0,1,0,0,0,0,1,0.6022,0.00,0.00,0.00
623,10,586944,0.2922,16.52,106.24,422,460,3,6,0,2,0,0,0,0,-557.7,0,1,0,0,0,0,1,0.6034,0.00,0.00,0.00
623.25,10,587001,0.2922,16.31,109.87,379,436,4,0,0,3,0,0,0,0,-557.7,0,1,0,0,0,0,2,0.6044,0.00,0.00,0.00
623.5,10,587032,0.2922,15.82,122.13,436,472,5,5,0,3,0,0,0,0,-557.7,0,1,0,0,0,0,3,0.6050,0.00,0.00,0.00
623.75,10,587089,0.2922,15.60,120.95,389,449,3,3,0,4,0,0,0,0,-557.7,0,1,0,0,0,0,3,0.6057,0.00,0.00,0.00
624,10,587087,0.2922,15.13,117.74,438,443,7,7,0,5,0,0,0,0,-557.7,0,1,0,0,0,0,3,0.6063,0.00,0.00,0.00
624.25,10,587099,0.2922,14.79,118.57,408,424,1,4,0,7,0,0,0,1,-557.7,0,1,0,0,0,0,6,0.6061,1.94,13.87,22.03
624.5,11,587106,0.2921,14.68,131.17,459,477,6,11,0,6,1,0,0,0,-557.7,0,1,0,0,0,0,5,0.6062,0.00,0.00,0.00
624.75,11,587091,0.2922,14.90,131.07,423,412,51,4,0,2,0,0,8,0,-557.7,0,1,0,0,0,0,0,0.6077,0.00,0.00,0.00
625,11,587058,0.2921,14.79,131.09,489,476,6,21,0,5,0,0,0,0,-557.7,0,1,0,0,0,0,3,0.6084,0.00,0.00,0.00
625.25,11,587097,0.2921,13.74,132.10,495,544,2,10,0,3,0,0,0,0,-557.7,0,1,0,0,0,0,1,0.6096,0.00,0.00,0.00
625.5,11,587054,0.2921,14.57,135.52,576,537,4,5,0,0,0,0,0,0,-557.7,0,1,0,0,0,0,0,0.6112,0.00,0.00,0.00
625.75,11,587037,0.2921,13.42,140.14,546,534,2,5,0,4,0,0,0,0,-557.7,0,1,0,0,0,0,1,0.6125,0.00,0.00,0.00
626,11,587066,0.2921,13.78,142.09,551,586,4,6,0,2,0,0,0,0,-557.7,0,1,0,0,0,0,1,0.6137,0.00,0.00,0.00
626.25,11,587124,0.2921,15.05,142.41,503,569,20975,8,0,2,0,0,0,0,-557.7,0,1,0,0,0,0,1,0.6150,1.67,13.39,27.05
626.5,11,586980,0.2921,15.79,142.33,769,631,7,6,0,2,0,0,0,0,-557.7,0,1,0,0,0,0,1,0.6163,0.00,0.00,0.00
626.75,11,586955,0.2921,14.45,147.75,750,728,6,3,0,2,0,0,0,0,-557.7,0,1,0,0,0,0,2,0.6173,0.00,0.00,0.00
627,11,587068,0.2921,13.58,155.93,722,839,7,4,0,5,0,0,0,0,-557.7,0,1,0,0,0,0,2,0.6182,0.00,0.00,0.00
627.25,11,587059,0.2921,12.89,158.47,767,768,6,10,2,2,0,0,0,0,-557.7,0,1,0,0,0,0,1,0.6195,0.00,0.00,0.00
627.5,11,587062,0.2921,12.65,148.71,777,788,1,8,0,3,0,0,0,0,-557.7,0,1,0,0,0,0,3,0.6202,0.00,0.00,0.00
627.75,11,587033,0.2921,11.82,148.68,804,780,4,5,1,6,0,0,0,0,-557.7,0,1,0,0,0,0,6,0.6200,0.00,0.00,0.00
628,11,587044,0.2921,10.79,145.98,779,798,2,8,0,10,0,0,0,0,-557.7,0,1,0,0,0,0,6,0.6198,0.00,0.00,0.00
628.25,10,586967,0.2921,10.23,148.70,795,727,6,9,0,6,0,0,0,0,-557.7,0,1,0,0,0,1,4,0.6202,2.48,14.03,26.02
628.5,10,586960,0.2921,9.89,154.39,639,637,5,5,0,5,0,0,0,0,-557.7,0,1,0,0,0,0,3,0.6209,0.00,0.00,0.00
628.75,10,586961,0.2921,10.32,158.71,655,661,5,5,1,1,0,0,0,0,-557.7,0,1,0,0,0,0,1,0.6222,0.00,0.00,0.00
629,10,586901,0.2921,10.25,161.59,688,634,4,6,0,10,0,0,0,0,-557.7,0,1,0,0,0,0,7,0.6217,0.00,0.00,0.00
629.25,10,586945,0.2921,10.73,164.13,578,629,2,7,1,5,0,0,0,0,-557.7,0,1,0,0,0,0,3,0.6224,0.00,0.00,0.00
629.5,10,586883,0.2922,10.66,166.06,609,553,6,6,0,5,0,0,0,0,-557.7,0,1,0,0,0,0,5,0.6225,0.00,0.00,0.00
629.75,10,586927,0.2921,10.57,167.78,516,561,5,1,0,6,0,0,0,0,-557.7,0,1,0,0,0,0,5,0.6226,0.00,0.00,0.00
630,10,586910,0.2922,11.31,169.28,523,511,2,5,0,9,0,0,0,0,-557.7,0,1,0,0,0,0,6,0.6224,0.00,0.00,0.00
630.25,10,586911,0.2922,11.68,170.92,511,513,2,1,0,4,0,0,0,1,-538.5,0,1,0,0,0,0,2,0.6234,2.62,18.27,24.16
630.5,10,586879,0.2922,11.71,172.26,576,550,5,6,0,5,0,0,0,1,-538.5,0,1,0,0,0,0,2,0.6243,0.00,0.00,0.00
630.75,10,586891,0.2922,12.80,173.44,487,502,5,4,0,3,0,0,0,1,-538.5,0,1,0,0,0,0,0,0.6259,0.00,0.00,0.00
631,10,586881,0.2922,12.73,174.17,570,566,4,6,0,4,0,0,0,1,-538.5,0,1,0,0,0,0,2,0.6269,0.00,0.00,0.00
631.25,10,586956,0.2921,13.25,175.32,502,579,2,2,0,5,0,0,0,1,-538.5,0,1,0,0,0,0,1,0.6281,0.00,0.00,0.00
631.5,10,586951,0.2921,13.99,175.96,570,572,3,7,0,4,0,0,0,1,-538.5,0,1,0,0,0,0,1,0.6294,0.00,0.00,0.00
631.75,10,586944,0.2921,14.64,176.65,568,562,0,1,0,2,0,0,0,1,-538.5,0,1,0,0,0,0,0,0.6310,0.00,0.00,0.00
632,10,586980,0.2921,15.23,177.06,589,630,4,5,0,1,0,0,0,1,-538.5,0,1,0,0,0,0,0,0.6325,0.00,0.00,0.00
632.25,10,586933,0.2921,15.80,177.46,659,614,2,2,0,2,0,0,0,0,-538.5,0,1,0,0,0,0,0,0.6341,1.24,15.81,18.62
632.5,10,586964,0.2921,15.36,177.76,635,669,2,3,1,1,0,0,0,0,-538.5,0,1,0,0,0,0,0,0.6357,0.00,0.00,0.00
632.75,10,587012,0.2921,15.74,178.15,615,665,2,2,0,2,0,0,0,0,-538.5,0,1,0,0,0,0,0,0.6372,0.00,0.00,0.00
633,10,587047,0.2921,14.71,177.85,659,704,7,10,0,0,0,0,0,0,-538.5,0,1,0,0,0,0,0,0.6388,0.00,0.00,0.00
633.25,10,587026,0.2921,14.64,177.66,665,645,13,6,0,1,0,0,0,0,-538.5,0,1,0,0,0,0,0,0.6403,0.00,0.00,0.00
633.5,10,587039,0.2920,14.15,177.80,644,669,12,12,1,1,0,0,0,0,-538.5,0,1,0,0,0,0,1,0.6416,0.00,0.00,0.00
633.75,10,587022,0.2920,13.95,177.92,647,644,15,16,2,2,0,0,0,0,-538.5,0,1,0,0,0,0,1,0.6429,0.00,0.00,0.00
634,10,586981,0.2920,14.31,177.59,655,637,14,24,4,5,0,0,0,0,-538.5,0,1,0,0,0,0,3,0.6436,0.00,0.00,0.00
634.25,10,586951,0.2920,13.43,177.59,649,643,14,26,1,7,0,0,0,0,-538.5,0,1,0,0,0,0,3,0.6443,3.19,16.54,25.13
634.5,10,586870,0.2920,13.13,177.17,616,567,17,32,0,6,0,0,0,0,-538.5,0,1,0,0,0,0,5,0.6444,0.00,0.00,0.00
634.75,10,586800,0.2920,13.07,176.99,610,563,9,23,1,3,0,0,0,0,-538.5,0,1,0,0,0,0,1,0.6458,0.00,0.00,0.00
635,10,586817,0.2919,13.11,176.73,482,515,3,16,0,4,0,0,0,0,-538.5,0,1,0,0,0,0,2,0.6468,0.00,0.00,0.00
635.25,10,586817,0.2919,12.83,176.75,429,437,4,8,0,3,0,0,0,0,-538.5,0,1,0,0,0,0,2,0.6479,0.00,0.00,0.00
635.5,10,586804,0.2919,12.37,176.47,457,449,0,5,0,11,0,0,0,0,-538.5,0,1,0,0,0,0,8,0.6472,0.00,0.00,0.00
635.75,10,586898,0.2919,13.21,176.64,419,517,1,4,0,4,0,0,0,0,-538.5,0,1,0,0,0,0,4,0.6477,0.00,0.00,0.00
636,10,586902,0.2919,12.78,176.48,448,455,3,3,1,6,0,0,0,0,-538.5,0,1,0,0,0,0,4,0.6481,0.00,0.00,0.00
636.25,10,586913,0.2919,13.17,176.45,438,449,1,0,2,4,0,0,0,0,-538.5,0,1,0,0,0,0,4,0.6486,1.91,13.65,25.00
636.5,10,586922,0.2919,13.55,176.35,442,456,5,5,0,15,0,0,0,0,-538.5,0,1,0,0,0,0,12,0.6467,0.00,0.00,0.00
636.75,10,586961,0.2919,14.48,176.66,451,490,2,0,2,22,0,0,0,0,-538.5,0,1,0,0,0,0,19,0.6427,0.00,0.00,0.00
637,10,586969,0.2920,13.77,176.41,486,495,0,1,1,34,0,0,0,0,-538.5,0,1,0,0,0,0,31,0.6352,0.00,0.00,0.00
637.25,10,586996,0.2920,14.49,176.65,450,479,0,2,0,22,0,0,0,0,-538.5,0,1,0,0,0,0,19,0.6312,0.00,0.00,0.00
637.5,10,587035,0.2920,14.00,176.30,460,501,1,2,3,14,0,0,0,0,-538.5,0,1,0,0,0,0,13,0.6290,0.00,0.00,0.00
637.75,10,587076,0.2920,14.23,176.39,455,497,0,1,2,11,0,0,0,0,-538.5,0,1,0,0,0,0,9,0.6280,0.00,0.00,0.00
638,10,587119,0.2920,14.00,176.28,466,509,2,0,4,9,0,0,0,0,-538.5,0,1,0,0,0,0,7,0.6275,0.00,0.00,0.00
638.25,10,587140,0.2920,14.46,176.46,467,491,2,3,1,8,0,0,0,0,-538.5,0,1,0,0,0,0,7,0.6270,1.57,7.31,17.18
638.5,10,587163,0.2920,14.16,176.12,448,473,1,2,2,0,0,0,0,0,-538.5,0,1,0,0,0,0,0,0.6286,0.00,0.00,0.00
638.75,10,587171,0.2919,14.51,176.19,487,498,5,3,1,1,0,0,0,0,-538.5,0,1,0,0,0,0,0,0.6302,0.00,0.00,0.00
639,10,587177,0.2919,14.18,175.87,522,533,3,5,1,3,0,0,0,0,-538.5,0,1,0,0,0,0,2,0.6312,0.00,0.00,0.00
639.25,10,587220,0.2919,16.88,175.97,526,573,28011,4,1,3,0,0,0,0,-538.5,0,1,0,0,0,0,0,0.6328,0.00,0.00,0.00
639.5,10,587118,0.2920,18.19,175.57,698,598,6,2,0,2,0,0,0,0,-538.5,0,1,0,0,0,0,1,0.6341,0.00,0.00,0.00
639.75,10,587074,0.2920,20.80,175.79,698,662,3,8,1,7,0,0,0,0,-538.5,0,1,0,0,0,0,3,0.6348,0.00,0.00,0.00
640,10,587121,0.2920,21.62,175.53,732,784,2,5,0,5,0,0,0,0,-538.5,0,1,0,0,0,0,4,0.6351,0.00,0.00,0.00
640.25,10,587126,0.2919,22.05,175.82,745,761,6,11,0,4,0,0,0,1,-540.4,0,1,0,0,0,0,4,0.6355,2.69,28.44,35.97
640.5,10,587125,0.2919,22.31,175.77,768,774,1,7,0,9,0,0,0,1,-540.4,0,1,0,0,0,0,8,0.6348,0.00,0.00,0.00
640.75,10,587092,0.2920,22.73,176.43,803,778,15,9,0,2,0,0,0,1,-540.4,0,1,0,0,0,0,2,0.6357,0.00,0.00,0.00
641,10,587147,0.2919,24.04,176.72,787,850,12,9,0,6,0,0,0,1,-540.4,0,1,0,0,0,0,5,0.6358,0.00,0.00,0.00
641.25,10,587174,0.2919,24.45,154.97,768,817,8,22,0,3,0,0,0,1,-540.4,0,1,0,0,0,0,3,0.6366,0.00,0.00,0.00
641.5,10,587186,0.2919,25.33,160.10,765,791,3,14,0,4,0,0,0,1,-540.4,0,1,0,0,0,0,4,0.6370,0.00,0.00,0.00
641.75,10,587228,0.2918,25.39,164.70,826,876,7,8,1,7,0,0,0,1,-540.4,0,1,0,0,0,0,5,0.6371,0.00,0.00,0.00
642,10,587235,0.2918,25.57,168.80,804,820,3,9,0,7,0,0,0,1,-540.4,0,1,0,0,0,0,4,0.6375,0.00,0.00,0.00
642.25,10,587222,0.2918,25.19,164.76,866,875,9,23,0,7,0,0,0,1,-540.4,0,1,0,0,0,0,6,0.6374,1.94,12.16,28.29
642.5,10,587190,0.2918,25.86,168.83,825,802,3,9,0,9,0,0,0,1,-540.4,0,1,0,0,0,0,7,0.6369,0.00,0.00,0.00
642.75,10,587164,0.2918,25.42,170.35,863,853,5,16,0,7,0,0,0,1,-540.4,0,1,0,0,0,0,3,0.6376,0.00,0.00,0.00
643,10,587167,0.2918,26.11,173.64,820,829,2,6,0,15,0,0,0,1,-540.4,0,1,0,0,0,0,13,0.6354,0.00,0.00,0.00
643.25,10,587179,0.2918,26.47,175.71,842,870,6,16,0,10,0,0,0,1,-540.4,0,1,0,0,0,0,9,0.6344,0.00,0.00,0.00
643.5,11,587241,0.2918,27.77,177.56,802,877,2,13,0,12,1,0,0,0,-540.4,0,1,0,0,0,0,10,0.6331,0.00,0.00,0.00
643.75,11,587115,0.2918,27.88,179.33,928,818,3,16,0,9,0,0,2,0,-540.4,0,1,0,0,0,0,9,0.6321,0.00,0.00,0.00
644,11,587132,0.2918,28.74,180.39,840,870,1,13,0,14,0,0,0,0,-540.4,0,1,0,0,0,0,13,0.6299,0.00,0.00,0.00
644.25,11,587057,0.2919,28.02,176.53,950,895,1,20,0,12,0,0,0,1,-540.4,0,1,0,0,0,0,10,0.6286,1.63,13.34,26.90
644.5,11,587060,0.2919,27.69,155.54,828,843,4,12,0,13,0,0,0,1,-540.4,0,1,0,0,0,0,10,0.6273,0.00,0.00,0.00
644.75,11,587041,0.2918,27.18,157.83,883,886,2,22,0,12,0,0,0,1,-540.4,0,1,0,0,0,0,10,0.6261,0.00,0.00,0.00
645,12,587054,0.2918,26.45,160.71,818,846,3,15,0,12,1,0,0,0,-540.4,0,1,0,0,0,0,9,0.6251,0.00,0.00,0.00
645.25,12,587008,0.2918,27.57,164.60,851,821,29512,16,0,12,0,0,2,0,-540.4,0,1,0,0,0,0,11,0.6236,0.00,0.00,0.00
645.5,12,586809,0.2920,29.24,170.09,1011,821,2,9,0,18,0,0,1,0,-540.4,0,1,0,0,0,0,17,0.6202,0.00,0.00,0.00
645.75,12,586872,0.2919,30.88,156.71,946,1024,10,15,1,11,0,0,0,0,-540.4,0,1,0,0,0,0,10,0.6190,0.00,0.00,0.00
646,12,586750,0.2920,32.36,157.72,1088,976,2,10,1,13,0,0,0,0,-540.4,0,1,0,0,0,0,11,0.6174,0.00,0.00,0.00
646.25,12,586699,0.2920,33.88,160.61,1076,1030,8,5,0,16,0,0,0,0,-540.4,0,1,0,0,0,0,12,0.6156,2.11,11.07,47.45
646.5,12,586681,0.2921,35.60,161.93,1114,1109,5,13,0,18,0,0,0,0,-540.4,0,1,0,0,0,0,14,0.6132,0.00,0.00,0.00
646.75,12,586581,0.2921,36.17,160.37,1180,1093,4,13,0,17,0,0,0,0,-540.4,0,1,0,0,0,0,12,0.6114,0.00,0.00,0.00
647,12,586522,0.2922,37.82,161.08,1185,1131,11,6,0,13,0,0,0,0,-540.4,0,1,0,0,0,0,12,0.6095,0.00,0.00,0.00
647.25,12,586470,0.2922,38.81,163.38,1154,1123,10,22,0,12,0,0,0,0,-540.4,0,1,0,0,0,0,10,0.6083,0.00,0.00,0.00
647.5,12,586387,0.2922,39.56,164.21,1258,1182,2,7,0,10,0,0,0,0,-540.4,0,1,0,0,0,0,9,0.6074,0.00,0.00,0.00
647.75,12,586360,0.2922,39.69,166.69,1245,1225,3,7,0,14,0,0,0,0,-540.4,0,1,0,0,0,0,12,0.6055,0.00,0.00,0.00
648,12,586344,0.2923,40.24,168.32,1254,1241,6,3,0,17,0,0,0,0,-540.4,0,1,0,0,0,0,14,0.6031,0.00,0.00,0.00
648.25,12,586286,0.2923,40.44,170.12,1315,1267,6,10,0,12,0,0,0,0,-540.4,0,1,0,0,0,0,11,0.6016,2.41,9.15,41.06
648.5,12,586248,0.2923,40.27,172.17,1277,1246,9,7,0,10,0,0,0,0,-540.4,0,1,0,0,0,0,7,0.6012,0.00,0.00,0.00
648.75,12,586150,0.2924,40.48,175.98,1338,1251,11,11,1,15,0,0,0,0,-540.4,0,1,0,0,0,0,14,0.5988,0.00,0.00,0.00
649,12,586107,0.2924,40.39,177.70,1327,1300,12,16,2,16,0,0,0,0,-540.4,0,1,0,0,0,0,15,0.5961,0.00,0.00,0.00
649.25,12,586012,0.2924,40.12,181.21,1370,1285,15,11,2,17,0,0,0,0,-540.4,0,1,0,0,0,0,14,0.5937,0.00,0.00,0.00
649.5,12,585967,0.2925,39.10,182.22,1322,1299,13,23,0,18,0,0,0,0,-540.4,0,1,0,0,0,0,15,0.5910,0.00,0.00,0.00
649.75,12,585861,0.2925,37.68,181.90,1381,1294,9,19,2,34,0,0,0,0,-540.4,0,1,0,0,0,0,32,0.5834,0.00,0.00,0.00
650,12,585711,0.2926,36.03,174.92,1345,1220,7,25,0,27,0,0,0,0,-540.4,0,1,0,0,0,0,23,0.5783,0.00,0.00,0.00
650.25,12,585576,0.2927,35.30,178.31,1306,1199,8,28,1,28,0,0,0,0,-459.1,0,1,0,0,0,0,27,0.5721,1.89,12.56,26.22
650.5,12,585459,0.2927,34.02,181.27,1284,1194,12,29,0,28,0,0,0,0,-459.1,0,1,0,0,0,0,26,0.5662,0.00,0.00,0.00
650.75,12,585326,0.2928,32.74,183.82,1260,1143,16,16,0,29,0,0,0,0,-459.1,0,1,0,0,0,0,26,0.5603,0.00,0.00,0.00
651,12,585242,0.2929,31.83,178.50,1193,1140,4,31,0,20,0,0,0,0,-459.1,0,1,0,0,0,0,17,0.5571,0.00,0.00,0.00
651.25,12,585147,0.2929,30.76,179.55,1193,1119,13,21,0,17,0,0,0,0,-459.1,0,1,0,0,0,0,14,0.5547,0.00,0.00,0.00
651.5,12,585107,0.2929,29.55,179.98,1084,1069,11,26,0,17,0,0,0,0,-459.1,0,1,0,0,0,0,14,0.5524,0.00,0.00,0.00
651.75,12,585078,0.2929,29.27,183.12,1070,1059,6,18,0,19,0,0,0,0,-459.1,0,1,0,0,0,0,16,0.5494,0.00,0.00,0.00
652,12,585031,0.2929,27.91,162.41,1075,1051,9,23,0,21,0,0,0,0,-459.1,0,1,0,0,0,0,16,0.5465,0.00,0.00,0.00
652.25,12,585035,0.2929,27.93,137.05,1043,1065,9,18,0,19,0,0,0,0,-459.1,0,1,0,0,0,0,16,0.5436,2.82,31.87,42.37
652.5,12,585040,0.2929,27.79,121.25,952,968,15,12,0,10,0,0,0,0,-459.1,0,1,0,0,0,0,10,0.5425,0.00,0.00,0.00
652.75,12,585007,0.2929,27.91,107.25,993,980,6,20,0,13,0,0,0,0,-459.1,0,1,0,0,0,0,6,0.5425,0.00,0.00,0.00
653,12,584989,0.2929,27.86,95.84,940,941,7,19,0,10,0,0,0,0,-459.1,0,1,0,0,0,0,8,0.5420,0.00,0.00,0.00
653.25,12,585004,0.2929,27.60,85.14,901,932,6,17,0,15,0,0,1,0,-459.1,0,1,0,0,0,0,15,0.5394,0.00,0.00,0.00
653.5,12,585009,0.2929,26.99,79.81,856,884,7,23,0,13,0,0,0,0,-459.1,0,1,0,0,0,0,12,0.5377,0.00,0.00,0.00
653.75,11,584987,0.2929,26.68,83.77,883,876,5,15,1,7,0,1,0,0,-459.1,0,0,0,0,1,0,3,0.5386,0.00,0.00,0.00
654,11,585032,0.2929,26.60,84.55,821,877,3,11,0,9,0,0,1,0,-459.1,0,0,0,0,0,0,5,0.5390,0.00,0.00,0.00
654.25,11,585046,0.2928,24.88,85.98,767,799,2,18,0,6,0,0,0,0,-459.1,0,0,0,0,0,0,4,0.5397,2.14,24.30,28.94
654.5,11,585101,0.2928,25.52,88.00,742,805,7,8,0,5,0,0,0,0,-459.1,0,0,0,0,0,0,2,0.5409,0.00,0.00,0.00
654.75,11,585101,0.2928,23.81,91.38,794,814,7,20,0,7,0,0,0,0,-459.1,0,0,0,0,0,0,3,0.5419,0.00,0.00,0.00
655,11,585155,0.2928,23.93,94.47,716,779,2,9,0,16,0,0,0,0,-459.1,0,0,0,0,0,0,12,0.5402,0.00,0.00,0.00
655.25,11,585235,0.2928,23.96,97.73,678,764,4,6,0,22,0,0,0,0,-459.1,0,0,0,0,0,0,20,0.5362,0.00,0.00,0.00
655.5,11,585239,0.2928,23.14,100.54,720,733,2,9,0,15,0,0,0,0,-459.1,0,0,0,0,0,0,14,0.5340,0.00,0.00,0.00
655.75,11,585310,0.2928,23.36,103.54,640,722,0,11,0,30,0,0,0,0,-459.1,0,0,0,0,0,0,27,0.5279,0.00,0.00,0.00
656,11,585384,0.2927,22.62,105.87,662,748,1,12,0,24,0,0,0,0,-459.1,0,0,0,0,0,0,20,0.5239,0.00,0.00,0.00
656.25,11,585380,0.2928,23.89,107.00,683,689,4,10,0,15,0,0,0,0,-459.1,0,0,0,0,0,0,12,0.5222,1.94,18.87,35.88
656.5,11,585326,0.2928,22.90,108.05,744,704,1,14,1,19,0,0,0,0,-459.1,0,0,0,0,0,0,16,0.5194,0.00,0.00,0.00
656.75,11,585421,0.2928,23.10,108.07,644,746,1,7,0,15,0,0,0,0,-459.1,0,0,0,0,0,0,14,0.5171,0.00,0.00,0.00
657,11,585379,0.2928,22.41,109.07,725,691,4,8,2,15,0,0,0,0,-459.1,0,0,0,0,0,0,13,0.5152,0.00,0.00,0.00
657.25,11,585376,0.2928,21.84,107.43,698,700,1,5,0,18,0,0,0,0,-459.1,0,0,0,0,0,0,15,0.5126,0.00,0.00,0.00
657.5,11,585434,0.2928,21.64,104.99,661,736,1,17,1,9,0,0,0,0,-459.1,0,0,0,0,0,0,7,0.5125,0.00,0.00,0.00
657.75,11,585460,0.2928,21.64,106.94,650,688,1,12,0,12,0,0,0,0,-459.1,0,0,0,0,0,0,8,0.5120,0.00,0.00,0.00
658,11,585433,0.2928,21.22,109.49,683,667,5,11,0,14,0,0,0,0,-459.1,0,0,0,0,0,0,10,0.5109,0.00,0.00,0.00
658.25,11,585446,0.2928,21.35,111.54,659,681,1,9,0,11,0,0,0,0,-459.1,0,0,0,0,0,0,8,0.5105,4.63,36.58,46.93
658.5,11,585499,0.2927,22.02,112.78,668,735,1,14,0,10,0,0,0,0,-459.1,0,0,0,0,0,0,3,0.5115,0.00,0.00,0.00
658.75,11,585519,0.2927,22.10,114.30,673,699,4,6,2,4,0,0,0,0,-459.1,0,0,0,0,0,0,2,0.5128,0.00,0.00,0.00
659,11,585572,0.2927,22.44,114.46,662,729,2,14,0,9,0,0,0,0,-459.1,0,0,0,0,0,0,3,0.5138,0.00,0.00,0.00
659.25,11,585561,0.2927,22.56,113.95,790,788,1,9,0,5,0,0,0,0,-459.1,0,0,0,0,0,0,4,0.5145,0.00,0.00,0.00
659.5,11,585590,0.2926,23.11,111.94,774,824,1,21,0,5,0,0,0,0,-459.1,0,0,0,0,0,0,5,0.5150,0.00,0.00,0.00
659.75,11,585650,0.2926,23.17,109.03,766,836,4,10,0,7,0,0,0,0,-459.1,0,0,0,0,0,0,5,0.5154,0.00,0.00,0.00
660,11,585643,0.2926,23.64,123.20,822,833,4,18,0,8,0,0,0,0,-459.1,0,0,0,0,0,0,5,0.5159,0.00,0.00,0.00
660.25,11,585613,0.2926,23.63,135.22,831,818,0,17,0,11,0,0,0,0,-407.2,0,0,0,0,0,0,7,0.5157,2.72,35.56,48.64
660.5,11,585578,0.2926,24.07,145.43,896,876,1,15,0,4,0,0,0,0,-407.2,0,0,0,0,0,0,3,0.5168,0.00,0.00,0.00
660.75,11,585622,0.2926,24.16,153.97,856,914,1,14,0,14,0,0,0,0,-407.2,0,0,0,0,0,0,10,0.5158,0.00,0.00,0.00
661,11,585591,0.2926,24.62,160.83,897,881,1,15,0,10,0,0,0,0,-407.2,0,0,0,0,0,0,8,0.5154,0.00,0.00,0.00
661.25,11,585587,0.2926,24.85,166.90,910,916,6,11,0,14,0,0,0,0,-407.2,0,0,0,0,0,1,6,0.5156,0.00,0.00,0.00
661.5,10,585577,0.2926,24.83,172.09,915,916,2,11,0,20,0,0,0,0,-407.2,0,0,0,0,0,1,18,0.5122,0.00,0.00,0.00
661.75,10,585591,0.2927,24.58,176.47,915,938,9,9,0,38,0,0,0,0,-407.2,0,0,0,0,0,0,35,0.5039,0.00,0.00,0.00
662,10,585547,0.2927,24.26,180.09,905,871,1,10,0,23,0,0,0,0,-407.2,0,0,0,0,0,0,20,0.4999,0.00,0.00,0.00
662.25,10,585552,0.2927,23.71,183.12,884,910,5,21,0,11,0,0,0,0,-407.2,0,0,0,0,0,0,8,0.4995,3.35,36.10,50.13
662.5,10,585511,0.2927,23.09,185.70,907,885,8,19,0,10,0,0,0,0,-407.2,0,0,0,0,0,0,4,0.5003,0.00,0.00,0.00
662.75,10,585505,0.2927,23.38,187.86,876,885,9,15,1,15,0,0,0,0,-407.2,0,0,0,0,0,0,9,0.4996,0.00,0.00,0.00
663,10,585509,0.2927,22.77,189.52,830,855,3,21,0,9,0,0,0,0,-407.2,0,0,0,0,0,0,5,0.5002,0.00,0.00,0.00
663.25,10,585587,0.2926,23.23,186.97,834,930,4,18,0,11,0,0,0,0,-407.2,0,0,0,0,0,0,8,0.4998,0.00,0.00,0.00
663.5,10,585576,0.2926,22.64,188.20,849,852,6,14,0,9,0,0,0,0,-407.2,0,0,0,0,0,0,8,0.4994,0.00,0.00,0.00
663.75,10,585544,0.2926,23.13,188.98,871,857,4,18,0,8,0,0,0,0,-407.2,0,0,0,0,0,0,3,0.5005,0.00,0.00,0.00
664,10,585526,0.2926,22.58,189.76,895,889,0,12,0,17,0,0,0,0,-407.2,0,0,0,0,0,0,8,0.5001,0.00,0.00,0.00
664.25,10,585483,0.2927,23.18,190.01,892,859,2,10,0,17,0,0,0,0,-407.2,0,0,0,0,0,0,15,0.4977,3.36,14.38,42.37
664.5,10,585524,0.2926,22.15,191.04,870,926,5,15,0,14,0,0,0,0,-407.2,0,0,0,0,0,0,13,0.4958,0.00,0.00,0.00
664.75,10,585493,0.2926,22.99,191.89,877,861,5,15,0,10,0,0,0,0,-407.2,0,0,0,0,0,0,8,0.4954,0.00,0.00,0.00
665,10,585517,0.2926,22.35,192.61,884,921,3,13,0,14,0,0,0,0,-407.2,0,0,0,0,0,0,9,0.4948,0.00,0.00,0.00
665.25,10,585479,0.2927,22.68,193.22,906,878,2,10,0,10,0,0,0,0,-407.2,0,0,0,0,0,0,9,0.4941,0.00,0.00,0.00
665.5,10,585484,0.2927,21.49,193.75,905,919,9,9,0,8,0,0,0,0,-407.2,0,0,0,0,0,0,7,0.4940,0.00,0.00,0.00
665.75,10,585470,0.2926,21.78,194.31,841,842,3,15,0,7,0,0,0,0,-407.2,0,0,0,0,0,0,5,0.4946,0.00,0.00,0.00
666,10,585421,0.2926,20.83,194.71,895,867,5,21,0,10,0,0,0,0,-407.2,0,0,0,0,0,0,7,0.4945,0.00,0.00,0.00
666.25,10,585436,0.2926,21.12,195.06,836,860,8,9,0,10,0,0,0,0,-407.2,0,0,0,0,0,0,8,0.4941,2.96,17.50,39.12
666.5,10,585452,0.2926,20.46,195.39,840,870,5,15,0,10,0,0,0,0,-407.2,0,0,0,0,0,0,8,0.4938,0.00,0.00,0.00
666.75,10,585492,0.2926,20.77,195.79,768,818,0,10,0,5,0,0,0,0,-407.2,0,0,0,0,0,0,2,0.4952,0.00,0.00,0.00
667,10,585486,0.2926,19.83,196.12,842,848,8,12,0,6,0,0,0,0,-407.2,0,0,0,0,0,0,5,0.4957,0.00,0.00,0.00
667.25,10,585478,0.2926,20.91,196.32,796,796,3,8,0,5,0,0,0,0,-407.2,0,0,0,0,0,0,3,0.4969,0.00,0.00,0.00
667.5,10,585426,0.2926,19.76,196.32,851,823,4,24,0,5,0,0,0,0,-407.2,0,0,0,0,0,0,2,0.4983,0.00,0.00,0.00
667.75,10,585445,0.2926,20.29,196.26,783,814,0,12,0,7,0,0,0,0,-407.2,0,0,0,0,0,0,4,0.4992,0.00,0.00,0.00
668,10,585431,0.2926,19.92,195.99,806,809,2,17,0,6,0,0,0,0,-407.2,0,0,0,0,0,0,5,0.4997,0.00,0.00,0.00
668.25,10,585482,0.2925,20.72,195.64,801,863,2,11,0,5,0,0,0,0,-407.2,0,0,0,0,0,0,3,0.5009,2.88,19.31,43.22
668.5,10,585499,0.2925,20.06,195.33,809,841,5,15,0,7,0,0,0,0,-407.2,0,0,0,0,0,0,4,0.5017,0.00,0.00,0.00
668.75,10,585473,0.2925,21.25,194.91,846,828,6,9,0,12,0,0,0,0,-407.2,0,0,0,0,0,0,9,0.5011,0.00,0.00,0.00
669,10,585444,0.2925,20.25,194.45,874,856,9,12,0,9,0,0,0,0,-407.2,0,0,0,0,0,0,3,0.5023,0.00,0.00,0.00
669.25,10,585459,0.2925,21.38,193.93,816,844,4,13,0,8,0,0,0,0,-407.2,0,0,0,0,0,0,4,0.5032,0.00,0.00,0.00
669.5,10,585468,0.2925,21.60,193.36,851,879,6,19,0,10,0,0,0,0,-407.2,0,0,0,0,0,0,7,0.5031,0.00,0.00,0.00
669.75,10,585461,0.2925,21.18,192.52,869,874,4,13,0,7,0,0,0,0,-407.2,0,0,0,0,0,0,4,0.5040,0.00,0.00,0.00
670,10,585411,0.2925,21.36,191.91,818,784,24,16,0,9,0,0,0,0,-407.2,0,0,0,0,0,0,5,0.5046,0.00,0.00,0.00
670.25,10,585378,0.2925,20.78,191.26,891,872,1,14,0,9,0,0,0,0,-389.9,0,0,0,0,0,0,7,0.5046,3.09,21.38,43.71
670.5,10,585420,0.2925,20.65,191.05,836,889,0,11,0,2,0,0,0,0,-389.9,0,0,0,0,0,0,0,0.5067,0.00,0.00,0.00
670.75,10,585407,0.2925,20.07,190.17,860,855,7,8,0,7,0,0,0,0,-389.9,0,0,0,0,0,0,4,0.5076,0.00,0.00,0.00
671,10,585343,0.2925,20.05,189.88,839,786,2,11,0,10,0,0,0,0,-389.9,0,0,0,0,0,0,6,0.5079,0.00,0.00,0.00
671.25,10,585395,0.2925,20.90,188.80,824,890,3,14,0,3,0,0,0,0,-389.9,0,0,0,0,0,0,2,0.5094,0.00,0.00,0.00
671.5,10,585391,0.2924,19.60,188.62,855,872,2,21,0,9,0,0,0,0,-389.9,0,0,0,0,0,0,4,0.5103,0.00,0.00,0.00
671.75,10,585402,0.2924,20.20,188.22,780,802,3,11,0,5,0,0,0,0,-389.9,0,0,0,0,0,0,2,0.5118,0.00,0.00,0.00
672,10,585335,0.2924,20.32,187.84,818,766,4,15,0,2,0,0,0,0,-389.9,0,0,0,0,0,0,1,0.5136,0.00,0.00,0.00
672.25,10,585358,0.2924,19.93,186.77,805,837,2,9,0,7,0,0,0,1,-389.9,0,0,0,0,0,0,2,0.5151,2.41,19.39,40.31
672.5,10,585328,0.2924,20.26,186.27,794,774,9,10,0,2,0,0,0,0,-389.9,0,0,0,0,0,0,1,0.5169,0.00,0.00,0.00
672.75,10,585272,0.2924,20.25,187.14,790,752,3,18,0,6,0,0,0,0,-389.9,0,0,0,0,0,0,3,0.5181,0.00,0.00,0.00
673,10,585276,0.2924,20.14,186.33,785,801,2,12,0,5,0,0,0,0,-389.9,0,0,0,0,0,0,4,0.5190,0.00,0.00,0.00
673.25,10,585316,0.2924,20.57,187.15,716,767,2,11,0,6,0,0,0,0,-389.9,0,0,0,0,0,0,3,0.5202,0.00,0.00,0.00
673.5,10,585313,0.2924,20.64,186.88,752,762,12,13,0,9,0,0,0,0,-389.9,0,0,0,0,0,0,7,0.5203,0.00,0.00,0.00
673.75,10,585293,0.2924,19.99,187.93,778,764,1,6,0,9,0,0,0,0,-389.9,0,0,0,0,0,0,7,0.5203,0.00,0.00,0.00
674,10,585319,0.2924,20.20,183.88,730,768,3,12,0,12,0,0,0,0,-389.9,0,0,0,0,0,0,9,0.5197,0.00,0.00,0.00
674.25,10,585370,0.2923,19.52,181.36,714,780,3,15,0,9,0,0,0,0,-389.9,0,0,0,0,0,0,5,0.5204,2.91,20.10,24.28
674.5,10,585410,0.2923,19.35,182.31,741,793,3,12,0,8,0,0,0,0,-389.9,0,0,0,0,0,0,5,0.5210,0.00,0.00,0.00
674.75,10,585405,0.2923,18.71,182.66,754,765,8,16,0,7,0,0,0,0,-389.9,0,0,0,0,0,0,5,0.5216,0.00,0.00,0.00
675,10,585380,0.2923,18.68,181.18,757,744,7,12,0,6,0,0,0,0,-389.9,0,0,0,0,0,0,2,0.5231,0.00,0.00,0.00
675.25,10,585358,0.2923,18.95,182.45,733,726,5,15,0,9,0,0,0,0,-389.9,0,0,0,0,0,0,6,0.5234,0.00,0.00,0.00
675.5,10,585350,0.2923,18.37,182.73,678,685,5,15,0,9,0,0,0,0,-389.9,0,0,0,0,0,0,6,0.5238,0.00,0.00,0.00
675.75,10,585344,0.2923,19.73,184.52,693,710,3,23,0,8,0,0,0,0,-389.9,0,0,0,0,0,0,6,0.5241,0.00,0.00,0.00
676,10,585318,0.2923,18.80,186.23,696,678,3,8,0,8,0,0,0,0,-389.9,0,0,0,0,0,0,7,0.5242,0.00,0.00,0.00
676.25,10,585309,0.2923,20.68,186.90,714,721,6,16,0,7,0,0,0,0,-389.9,0,0,0,0,0,0,4,0.5251,2.65,19.68,30.42
676.5,10,585275,0.2923,19.98,188.22,738,721,3,17,0,6,0,0,0,0,-389.9,0,0,0,0,0,0,4,0.5261,0.00,0.00,0.00
676.75,10,585291,0.2923,21.27,189.36,709,734,2,9,1,4,0,0,0,0,-389.9,0,0,0,0,0,0,4,0.5270,0.00,0.00,0.00
677,10,585269,0.2923,20.93,189.26,761,754,4,15,0,4,0,0,0,0,-389.9,0,0,0,0,0,0,3,0.5283,0.00,0.00,0.00
677.25,10,585275,0.2923,23.85,190.30,750,765,2,9,0,9,0,0,0,0,-389.9,0,0,0,0,0,0,5,0.5289,0.00,0.00,0.00
677.5,10,585276,0.2923,24.22,191.30,778,788,3,9,0,11,0,0,0,0,-389.9,0,0,0,0,0,0,8,0.5287,0.00,0.00,0.00
677.75,10,585238,0.2923,25.32,192.09,834,805,2,9,0,5,0,0,0,0,-389.9,0,0,0,0,0,0,3,0.5299,0.00,0.00,0.00
678,10,585175,0.2923,25.80,192.68,867,815,3,11,0,10,0,0,0,0,-389.9,0,0,0,0,0,0,4,0.5309,0.00,0.00,0.00
678.25,10,585151,0.2923,26.38,193.61,873,858,0,9,0,6,0,0,0,0,-389.9,0,0,0,0,0,0,4,0.5318,2.29,13.91,17.82
678.5,10,585139,0.2923,26.97,194.58,847,843,2,8,0,3,0,0,0,0,-389.9,0,0,0,0,0,0,2,0.5334,0.00,0.00,0.00
678.75,10,585169,0.2923,27.32,195.36,908,946,1,8,0,11,0,0,0,0,-389.9,0,0,0,0,0,0,4,0.5343,0.00,0.00,0.00
679,10,585077,0.2923,27.09,195.81,927,850,1,15,1,6,0,0,0,0,-389.9,0,0,0,0,0,0,6,0.5347,0.00,0.00,0.00
679.25,10,585111,0.2923,27.12,196.11,911,950,1,5,2,6,0,0,0,0,-389.9,0,0,0,0,0,0,1,0.5365,0.00,0.00,0.00
679.5,10,585059,0.2923,26.63,196.35,932,888,1,8,8,8,0,0,0,0,-389.9,0,0,0,0,0,0,4,0.5374,0.00,0.00,0.00
679.75,10,585073,0.2923,26.34,196.79,950,972,0,8,3,4,0,0,0,0,-389.9,0,0,0,0,0,0,4,0.5384,0.00,0.00,0.00
680,10,585115,0.2923,25.50,196.88,891,939,5,6,6,5,0,0,0,0,-389.9,0,0,0,0,0,0,2,0.5399,0.00,0.00,0.00
680.25,10,585117,0.2922,25.13,197.31,869,882,2,11,8,6,0,0,0,1,-388.0,0,0,0,0,0,0,2,0.5414,3.72,17.65,20.94
680.5,10,585087,0.2922,24.57,197.49,922,902,8,11,10,7,0,0,0,1,-388.0,0,0,0,0,0,0,5,0.5420,0.00,0.00,0.00
680.75,10,585112,0.2922,23.89,197.41,866,904,4,13,8,7,0,0,0,1,-388.0,0,0,0,0,0,0,2,0.5435,0.00,0.00,0.00
681,10,585078,0.2922,22.98,197.47,897,876,3,13,11,5,0,0,0,1,-388.0,0,0,0,0,0,0,3,0.5447,0.00,0.00,0.00
681.25,10,585033,0.2922,22.52,196.66,881,850,7,14,5,10,0,0,0,1,-388.0,0,0,0,0,0,0,4,0.5457,0.00,0.00,0.00
681.5,10,584992,0.2922,22.45,196.86,881,850,84,10,11,10,0,0,0,1,-388.0,0,0,0,0,0,0,5,0.5463,0.00,0.00,0.00
681.75,10,584984,0.2922,23.35,196.78,858,857,3,7,5,5,0,0,0,1,-388.0,0,0,0,0,0,0,3,0.5475,0.00,0.00,0.00
682,10,584949,0.2922,24.26,197.26,920,899,3,14,12,15,0,0,0,1,-388.0,0,0,0,0,0,0,12,0.5461,0.00,0.00,0.00
682.25,10,584990,0.2922,25.55,197.37,851,900,5,8,1,7,0,0,0,1,-388.0,0,0,0,0,0,0,5,0.5467,2.75,22.57,23.96
682.5,10,584971,0.2922,26.23,197.53,954,945,1,10,6,17,0,0,0,1,-388.0,0,0,0,0,0,0,11,0.5456,0.00,0.00,0.00
682.75,10,585015,0.2922,26.45,197.29,877,930,0,9,0,17,0,0,0,1,-388.0,0,0,0,0,0,0,12,0.5441,0.00,0.00,0.00
683,10,585034,0.2921,26.96,197.71,914,944,4,11,3,12,0,0,0,1,-388.0,0,0,0,0,0,0,10,0.5433,0.00,0.00,0.00
683.25,10,585038,0.2922,27.13,197.95,897,907,2,6,4,9,0,0,0,1,-388.0,0,0,0,0,0,0,7,0.5433,0.00,0.00,0.00
683.5,10,585017,0.2922,28.10,198.23,934,923,1,10,4,9,0,0,0,1,-388.0,0,0,0,0,0,0,7,0.5433,0.00,0.00,0.00
683.75,10,585030,0.2921,27.76,198.41,906,930,1,11,3,12,0,0,0,1,-388.0,0,0,0,0,0,0,9,0.5428,0.00,0.00,0.00
684,10,585062,0.2921,28.91,198.60,899,943,12,12,0,5,0,0,0,1,-388.0,0,0,0,0,0,0,3,0.5440,0.00,0.00,0.00
684.25,10,585068,0.2921,28.24,198.78,898,913,4,9,4,10,0,0,0,1,-388.0,0,0,0,0,0,0,8,0.5437,1.16,6.64,25.61
684.5,10,585054,0.2921,28.77,198.82,845,843,3,12,0,13,0,0,0,1,-388.0,0,0,0,0,0,0,7,0.5438,0.00,0.00,0.00
684.75,10,585080,0.2921,28.33,198.95,926,957,7,5,3,10,0,0,0,1,-388.0,0,0,0,0,0,0,7,0.5438,0.00,0.00,0.00
685,10,585060,0.2921,28.58,199.11,881,867,1,6,1,17,0,0,0,1,-388.0,0,0,0,0,0,0,12,0.5424,0.00,0.00,0.00
685.25,10,585035,0.2921,28.43,198.41,905,895,5,15,1,13,0,0,0,1,-388.0,0,0,0,0,0,0,9,0.5418,0.00,0.00,0.00
685.5,10,585050,0.2921,29.16,198.41,840,864,3,9,3,14,0,0,0,1,-388.0,0,0,0,0,0,0,12,0.5404,0.00,0.00,0.00
685.75,10,585134,0.2921,28.85,198.15,894,993,3,15,1,18,0,0,0,1,-388.0,0,0,0,0,0,0,10,0.5395,0.00,0.00,0.00
686,10,585130,0.2921,28.81,198.41,853,859,2,10,5,16,0,0,0,1,-388.0,0,0,0,0,0,0,14,0.5375,0.00,0.00,0.00
686.25,10,585134,0.2921,28.53,198.04,882,898,1,12,1,12,0,0,0,1,-388.0,0,0,0,0,0,0,9,0.5370,1.19,8.88,28.22
686.5,10,585178,0.2921,28.90,198.13,851,901,2,6,2,12,0,0,0,1,-388.0,0,0,0,0,0,0,9,0.5364,0.00,0.00,0.00
686.75,10,585138,0.2921,28.50,197.39,903,875,3,12,2,11,0,0,0,1,-388.0,0,0,0,0,0,0,9,0.5359,0.00,0.00,0.00
687,10,585138,0.2921,28.70,196.80,875,891,4,16,1,17,0,0,0,1,-388.0,0,0,0,0,0,0,16,0.5333,0.00,0.00,0.00
687.25,10,585147,0.2921,30.07,193.25,852,866,20571,5,2,20,0,0,1,1,-388.0,0,0,0,0,0,0,15,0.5310,0.00,0.00,0.00
687.5,10,585012,0.2922,32.62,192.17,1141,1010,1372,4,4,14,0,0,0,1,-388.0,0,0,0,0,0,1,12,0.5295,0.00,0.00,0.00
687.75,9,585033,0.2924,35.65,189.69,1149,1165,20683,4,43,162,0,0,0,1,-388.0,0,0,0,0,0,1,160,0.4845,0.00,0.00,0.00
688,9,584955,0.2925,34.86,190.50,1186,1140,45,37,13,74,0,0,0,1,-388.0,0,0,0,0,0,0,71,0.4657,0.00,0.00,0.00
688.25,9,584897,0.2926,34.05,184.37,1072,1030,11,16,4,57,0,0,0,1,-388.0,0,0,0,0,0,0,56,0.4513,1.36,4.52,16.47
688.5,9,584868,0.2927,34.87,185.72,1043,1019,9,5,1,39,0,0,0,1,-388.0,0,0,0,0,0,0,35,0.4431,0.00,0.00,0.00
688.75,9,584910,0.2927,33.45,187.62,1101,1168,15,25,4,27,0,0,0,1,-388.0,0,0,0,0,0,0,27,0.4372,0.00,0.00,0.00
689,9,584831,0.2927,33.84,185.36,1007,930,0,2,0,24,0,0,0,1,-388.0,0,0,0,0,0,0,23,0.4325,0.00,0.00,0.00
689.25,9,584755,0.2927,33.44,186.77,1054,1011,8,33,10,28,0,0,0,1,-388.0,0,0,0,0,0,0,20,0.4287,0.00,0.00,0.00
689.5,9,584752,0.2928,33.33,186.35,1014,1016,3,5,0,15,0,0,0,1,-388.0,0,0,0,0,0,0,13,0.4269,0.00,0.00,0.00
689.75,9,584764,0.2927,33.55,187.82,969,1000,13,19,8,13,0,0,0,1,-388.0,0,0,0,0,0,0,13,0.4252,0.00,0.00,0.00
690,9,584761,0.2928,33.52,187.73,1005,1006,4,4,1,14,0,0,0,1,-388.0,0,0,0,0,0,0,11,0.4240,0.00,0.00,0.00
690.25,9,584729,0.2927,33.34,188.52,1024,1046,17,54,7,20,0,0,0,2,-368.2,0,0,0,0,0,0,18,0.4208,1.38,9.36,17.32
690.5,9,584726,0.2927,33.37,186.93,978,976,0,1,0,18,0,0,0,2,-368.2,0,0,0,0,0,0,16,0.4182,0.00,0.00,0.00
690.75,9,584737,0.2927,32.43,187.85,1035,1071,14,25,13,18,0,0,0,2,-368.2,0,0,0,0,0,0,15,0.4158,0.00,0.00,0.00
691,9,584697,0.2927,33.66,184.92,982,944,3,2,1,17,0,0,0,2,-368.2,0,0,0,0,0,0,16,0.4132,0.00,0.00,0.00
691.25,9,584687,0.2927,32.58,186.04,1033,1044,8,21,14,12,0,0,0,2,-368.2,0,0,0,0,0,0,11,0.4121,0.00,0.00,0.00
691.5,9,584636,0.2927,32.80,187.82,1008,958,0,1,1,13,0,0,0,2,-368.2,0,0,0,0,0,0,12,0.4106,0.00,0.00,0.00
691.75,9,584615,0.2927,32.33,189.69,1032,1029,12,19,10,17,0,0,0,2,-368.2,0,0,0,0,0,0,12,0.4092,0.00,0.00,0.00
692,9,584577,0.2928,32.52,186.62,1000,965,0,3,0,7,0,0,0,2,-368.2,0,0,0,0,0,0,4,0.4101,0.00,0.00,0.00
692.25,9,584543,0.2928,31.89,186.09,1021,1001,6,14,2,10,0,0,0,2,-368.2,0,0,0,0,0,0,7,0.4101,1.12,4.63,21.55
692.5,9,584590,0.2928,32.86,186.15,928,977,2,2,0,14,0,0,0,2,-368.2,0,0,0,0,0,0,9,0.4095,0.00,0.00,0.00
692.75,9,584608,0.2927,32.56,187.18,1004,1038,4,16,2,10,0,0,0,2,-368.2,0,0,0,0,0,0,9,0.4090,0.00,0.00,0.00
693,9,584601,0.2928,31.89,186.88,974,971,0,4,1,13,0,0,0,2,-368.2,0,0,0,0,0,0,10,0.4081,0.00,0.00,0.00
693.25,9,584609,0.2928,32.34,187.50,935,944,3,2,0,16,0,0,0,2,-368.2,0,0,0,0,0,0,12,0.4067,0.00,0.00,0.00
693.5,9,584565,0.2928,32.21,186.67,968,928,11,4,1,14,0,0,0,2,-368.2,0,0,0,0,0,0,10,0.4058,0.00,0.00,0.00
693.75,9,584562,0.2928,32.64,187.27,966,966,2,3,1,12,0,0,0,2,-368.2,0,0,0,0,0,0,7,0.4058,0.00,0.00,0.00
694,9,584521,0.2929,32.80,187.81,994,954,9,1,3,8,0,0,0,2,-368.2,0,0,0,0,0,0,6,0.4061,0.00,0.00,0.00
694.25,9,584516,0.2929,33.34,188.88,968,968,1,5,0,11,0,0,0,2,-368.2,0,0,0,0,0,0,10,0.4052,1.06,4.44,19.01
694.5,9,584489,0.2929,33.04,188.84,1041,1020,9,6,0,13,0,0,0,2,-368.2,0,0,0,0,0,0,12,0.4037,0.00,0.00,0.00
694.75,9,584483,0.2929,33.29,189.16,977,973,1,2,0,5,0,0,0,2,-368.2,0,0,0,0,0,0,3,0.4049,0.00,0.00,0.00
695,9,584434,0.2929,33.18,186.23,1051,1008,7,6,3,8,0,0,0,2,-368.2,0,0,0,0,0,0,3,0.4061,0.00,0.00,0.00
695.25,9,584434,0.2929,33.34,186.49,1010,1015,4,5,0,6,0,0,0,2,-368.2,0,0,0,0,0,0,4,0.4069,0.00,0.00,0.00
695.5,9,584395,0.2930,33.10,188.49,1059,1025,8,5,0,12,0,0,0,2,-368.2,0,0,0,0,0,0,10,0.4060,0.00,0.00,0.00
695.75,9,584363,0.2930,33.15,190.11,1018,990,6,4,0,9,0,0,0,2,-368.2,0,0,0,0,0,0,3,0.4072,0.00,0.00,0.00
696,9,584374,0.2930,33.31,191.49,990,1007,4,6,0,9,0,0,0,2,-368.2,0,0,0,0,0,0,6,0.4075,0.00,0.00,0.00
696.25,9,584353,0.2930,32.31,192.11,1055,1038,6,4,4,10,0,0,0,2,-368.2,0,0,0,0,0,0,7,0.4074,1.29,4.63,19.94
696.5,9,584331,0.2930,33.28,193.21,994,978,4,6,0,8,0,0,0,2,-368.2,0,0,0,0,0,0,5,0.4080,0.00,0.00,0.00
696.75,9,584330,0.2930,33.62,193.83,1046,1049,1,4,2,8,0,0,0,2,-368.2,0,0,0,0,0,0,4,0.4088,0.00,0.00,0.00
697,9,584327,0.2930,33.56,194.61,994,993,1,2,1,14,0,0,0,2,-368.2,0,0,0,0,0,0,9,0.4082,0.00,0.00,0.00
697.25,9,584296,0.2931,33.28,195.41,1069,1045,11,7,3,12,0,0,0,2,-368.2,0,0,0,0,0,0,10,0.4073,0.00,0.00,0.00
697.5,9,584331,0.2931,33.85,196.13,959,997,3,3,0,8,0,0,0,2,-368.2,0,0,0,0,0,0,6,0.4075,0.00,0.00,0.00
697.75,9,584313,0.2931,33.38,196.66,997,992,13,13,5,11,0,0,0,2,-368.2,0,0,0,0,0,0,7,0.4075,0.00,0.00,0.00
698,9,584341,0.2930,33.60,197.14,965,998,1,5,2,10,0,0,0,2,-368.2,0,0,0,0,0,0,10,0.4066,0.00,0.00,0.00
698.25,9,584319,0.2930,33.70,197.41,1023,1016,9,16,6,9,0,0,0,2,-368.2,0,0,0,0,0,0,8,0.4062,1.37,5.55,25.10
698.5,9,584400,0.2930,33.19,197.74,907,991,0,3,0,8,0,0,0,2,-368.2,0,0,0,0,0,0,5,0.4068,0.00,0.00,0.00
698.75,8,584352,0.2930,34.14,197.70,1017,986,8,17,3,6,0,0,0,2,-368.2,0,0,0,0,0,1,5,0.4073,0.00,0.00,0.00
699,8,584395,0.2931,33.51,197.83,907,953,3,3,1,63,0,0,0,2,-368.2,0,0,0,0,0,0,61,0.3914,0.00,0.00,0.00
699.25,8,584379,0.2931,35.03,198.11,988,984,6,12,4,28,0,0,0,2,-368.2,0,0,0,0,0,0,27,0.3854,0.00,0.00,0.00
699.5,8,584373,0.2932,33.81,198.29,942,941,7,6,2,23,0,0,0,2,-368.2,0,0,0,0,0,0,21,0.3813,0.00,0.00,0.00
699.75,8,584411,0.2931,35.65,198.28,932,977,6,7,3,10,0,0,0,2,-368.2,0,0,0,0,0,0,6,0.3815,0.00,0.00,0.00
700,8,584382,0.2931,33.91,198.47,963,944,9,10,3,7,0,0,0,2,-368.2,0,0,0,0,0,0,5,0.3821,0.00,0.00,0.00
700.25,8,584358,0.2932,36.06,198.61,939,922,3,7,1,16,0,0,0,2,-314.0,0,0,0,0,0,0,9,0.3814,1.23,3.97,23.72
700.5,8,584385,0.2931,34.27,198.78,931,970,8,12,3,8,0,0,0,2,-314.0,0,0,0,0,0,0,5,0.3819,0.00,0.00,0.00
700.75,8,584434,0.2931,36.33,198.94,883,936,1,4,1,10,0,0,0,2,-314.0,0,0,0,0,0,0,7,0.3819,0.00,0.00,0.00
701,8,584361,0.2932,34.64,199.08,985,922,22,10,5,9,0,0,0,2,-314.0,0,0,0,0,0,0,8,0.3815,0.00,0.00,0.00
701.25,8,584404,0.2931,36.52,199.19,878,926,7,6,0,2,0,0,0,2,-314.0,0,0,0,0,0,0,0,0.3835,0.00,0.00,0.00
701.5,8,584407,0.2931,34.69,199.31,964,984,9,17,6,8,0,0,0,2,-314.0,0,0,0,0,0,0,5,0.3840,0.00,0.00,0.00
701.75,8,584391,0.2931,35.91,199.42,904,895,3,7,1,4,0,0,0,2,-314.0,0,0,0,0,0,0,1,0.3857,0.00,0.00,0.00
702,8,584376,0.2931,34.35,199.47,927,919,10,7,3,5,0,0,0,2,-314.0,0,0,0,0,0,0,4,0.3865,0.00,0.00,0.00
702.25,8,584377,0.2931,35.64,199.53,914,923,5,8,0,7,0,0,0,2,-314.0,0,0,0,0,0,0,5,0.3871,1.05,4.15,17.27
702.5,8,584451,0.2930,35.00,199.59,875,961,5,12,2,7,0,0,0,2,-314.0,0,0,0,0,0,0,4,0.3879,0.00,0.00,0.00
702.75,8,584444,0.2931,36.02,199.60,940,937,2,4,1,9,0,0,0,2,-314.0,0,0,0,0,0,0,8,0.3875,0.00,0.00,0.00
703,8,584427,0.2931,35.66,199.61,971,964,1,10,1,6,0,0,0,2,-314.0,0,0,0,0,0,0,2,0.3889,0.00,0.00,0.00
703.25,8,584445,0.2930,36.69,199.62,950,981,9,13,5,9,0,0,0,2,-314.0,0,0,0,0,0,0,6,0.3892,0.00,0.00,0.00
703.5,8,584446,0.2930,36.20,199.65,956,968,5,11,2,3,0,0,0,2,-314.0,0,0,0,0,0,0,0,0.3912,0.00,0.00,0.00
703.75,8,584400,0.2930,36.75,199.70,1029,993,6,10,5,3,0,0,0,2,-314.0,0,0,0,0,0,0,0,0.3932,0.00,0.00,0.00
704,8,584364,0.2930,36.17,199.74,989,958,3,5,2,7,0,0,0,2,-314.0,0,0,0,0,0,0,6,0.3934,0.00,0.00,0.00
704.25,8,584417,0.2930,36.66,199.77,934,1003,7,16,2,4,0,0,0,2,-314.0,0,0,0,0,0,0,2,0.3949,1.01,4.10,20.83
704.5,8,584417,0.2930,35.89,199.80,958,970,5,12,1,6,0,0,0,2,-314.0,0,0,0,0,0,0,6,0.3951,0.00,0.00,0.00
704.75,8,584393,0.2930,35.87,199.82,986,973,3,11,4,11,0,0,0,2,-314.0,0,0,0,0,0,0,8,0.3948,0.00,0.00,0.00
705,8,584342,0.2930,35.30,199.84,992,948,3,7,0,10,0,0,0,2,-314.0,0,0,0,0,0,0,6,0.3951,0.00,0.00,0.00
705.25,8,584330,0.2930,36.09,199.85,990,993,3,15,8,8,0,0,0,2,-314.0,0,0,0,0,0,0,6,0.3953,0.00,0.00,0.00
705.5,8,584336,0.2930,34.55,199.82,936,949,2,7,1,9,0,0,0,2,-314.0,0,0,0,0,0,0,8,0.3950,0.00,0.00,0.00
705.75,8,584357,0.2930,34.90,199.79,893,928,2,14,1,12,0,0,0,2,-314.0,0,0,0,0,0,0,8,0.3947,0.00,0.00,0.00
706,8,584259,0.2930,32.71,199.64,945,855,5,8,1,5,0,0,0,2,-314.0,0,0,0,0,0,0,5,0.3953,0.00,0.00,0.00
706.25,8,584149,0.2931,33.18,199.58,981,879,13,9,3,7,0,0,0,3,-314.0,0,0,0,0,0,0,6,0.3955,1.13,4.52,23.56
706.5,8,584009,0.2931,31.53,199.39,926,798,9,12,4,6,0,0,0,3,-314.0,0,0,0,0,0,0,3,0.3967,0.00,0.00,0.00
706.75,9,584008,0.2931,32.93,198.84,856,874,9,19,4,2,1,0,0,2,-314.0,0,0,0,0,0,0,0,0.3988,0.00,0.00,0.00
707,9,583960,0.2931,31.73,199.01,822,791,4,17,2,5,0,0,3,2,-314.0,0,0,0,0,0,0,4,0.3996,0.00,0.00,0.00
707.25,9,583990,0.2930,32.54,199.15,756,809,5,23,4,7,0,0,0,2,-314.0,0,0,0,0,0,0,4,0.4005,0.00,0.00,0.00
707.5,9,583949,0.2930,31.50,199.15,779,744,1,6,0,4,0,0,0,2,-314.0,0,0,0,0,0,0,2,0.4020,0.00,0.00,0.00
707.75,9,583953,0.2930,32.41,182.83,790,808,5,14,0,9,0,0,0,2,-314.0,0,0,0,0,0,0,6,0.4023,0.00,0.00,0.00
708,10,583995,0.2930,31.61,163.47,819,871,9,10,0,5,1,0,0,1,-314.0,0,0,0,0,0,0,3,0.4035,0.00,0.00,0.00
708.25,10,583974,0.2930,42.38,149.59,856,849,10,14,2,5,0,0,8,2,-314.0,0,0,0,0,0,0,1,0.4053,1.77,27.84,108.25
708.5,10,583741,0.2929,28.92,157.39,1005,925,6,153,2,9,0,0,1,2,-314.0,0,0,0,0,0,0,2,0.4069,0.00,0.00,0.00
708.75,10,583793,0.2928,38.29,104.53,858,916,7,6,2,4,0,0,0,2,-314.0,0,0,0,0,0,0,4,0.4078,0.00,0.00,0.00
709,10,583734,0.2927,27.93,119.62,995,1014,11,78,2,9,0,0,0,2,-314.0,0,0,0,0,0,0,5,0.4085,0.00,0.00,0.00
709.25,10,583785,0.2927,27.12,132.31,795,859,9,13,0,13,0,0,0,2,-314.0,0,0,0,0,0,0,6,0.4089,0.00,0.00,0.00
709.5,11,583816,0.2927,32.22,142.44,866,899,8,2,0,6,1,0,0,1,-314.0,0,0,0,0,0,0,3,0.4102,0.00,0.00,0.00
709.75,11,583833,0.2927,29.33,151.48,907,945,11,21,4,4,0,0,9,1,-314.0,0,0,0,0,0,0,1,0.4121,0.00,0.00,0.00
710,11,583544,0.2925,29.94,107.07,918,793,17,164,1,5,0,0,0,1,-314.0,0,0,0,0,0,0,0,0.4143,0.00,0.00,0.00
710.25,11,583624,0.2925,25.83,119.36,860,951,8,12,1,6,0,0,0,1,-321.8,0,0,0,0,0,0,3,0.4157,0.81,13.25,20.57
710.5,11,583629,0.2925,24.41,132.06,793,806,28,11,0,4,0,0,0,1,-321.8,0,0,0,0,0,0,2,0.4173,0.00,0.00,0.00
710.75,11,583653,0.2924,23.97,142.75,829,861,6,9,5,3,0,0,0,1,-321.8,0,0,0,0,0,0,3,0.4186,0.00,0.00,0.00
711,11,583746,0.2923,20.49,124.26,744,865,13,29,0,3,0,0,0,1,-321.8,0,0,0,0,0,0,1,0.4206,0.00,0.00,0.00
711.25,11,583718,0.2923,22.07,127.55,793,785,9,20,2,7,0,0,0,1,-321.8,0,0,0,0,0,0,0,0.4228,0.00,0.00,0.00
711.5,11,583749,0.2923,17.72,126.94,732,779,6,16,2,8,0,0,0,1,-321.8,0,0,0,0,0,0,4,0.4239,0.00,0.00,0.00
711.75,11,583751,0.2923,21.88,120.79,710,721,5,9,1,6,0,0,0,1,-321.8,0,0,0,0,0,0,2,0.4255,0.00,0.00,0.00
712,11,583745,0.2922,16.49,118.67,723,750,12,33,1,3,0,0,0,1,-321.8,0,0,0,0,0,0,1,0.4275,0.00,0.00,0.00
712.25,11,583688,0.2922,21.56,123.11,741,705,7,21,2,6,0,0,0,1,-321.8,0,0,0,0,0,0,4,0.4285,1.32,11.54,36.54
712.5,11,583657,0.2922,17.67,116.28,817,803,40,17,0,8,0,0,0,1,-321.8,0,0,0,0,0,0,8,0.4284,0.00,0.00,0.00
712.75,11,583673,0.2922,22.59,116.08,782,805,6,7,6,6,0,0,0,1,-321.8,0,0,0,0,0,0,3,0.4298,0.00,0.00,0.00
713,11,583683,0.2922,20.10,121.02,859,898,17,29,2,6,0,0,0,1,-321.8,0,0,0,0,0,0,4,0.4309,0.00,0.00,0.00
713.25,11,583616,0.2922,21.62,126.59,869,811,19,9,13,6,0,0,0,1,-321.8,0,0,0,0,0,0,6,0.4313,0.00,0.00,0.00
713.5,11,583662,0.2921,22.09,130.72,859,917,20,12,2,6,0,0,0,1,-321.8,0,0,0,0,0,0,3,0.4327,0.00,0.00,0.00
713.75,11,583678,0.2921,20.87,134.79,891,910,25,4,13,7,0,0,0,1,-321.8,0,0,0,0,0,0,4,0.4338,0.00,0.00,0.00
714,12,583642,0.2921,25.11,137.10,925,909,9,20,3,8,0,0,0,1,-321.8,1,1,0,0,0,0,5,0.4345,0.00,0.00,0.00
714.25,12,583629,0.2921,21.92,139.52,899,905,17,20,2,10,0,0,5,1,-321.8,0,1,0,0,0,0,8,0.4344,1.16,21.87,70.09
714.5,12,583715,0.2921,28.23,140.54,787,880,11,8,1,9,0,0,1,1,-321.8,0,1,0,0,0,0,5,0.4352,0.00,0.00,0.00
714.75,12,583689,0.2920,22.21,141.95,949,960,25,40,4,9,0,0,1,1,-321.8,0,1,0,0,0,0,4,0.4363,0.00,0.00,0.00
715,12,583736,0.2920,26.84,141.31,830,882,11,5,4,12,0,0,0,1,-321.8,0,1,0,0,0,0,7,0.4364,0.00,0.00,0.00
715.25,12,583700,0.2920,21.86,138.84,935,932,18,33,2,8,0,0,0,1,-321.8,0,1,0,0,0,0,6,0.4369,0.00,0.00,0.00
715.5,12,583702,0.2920,25.55,138.23,847,855,26,6,1,11,0,0,1,1,-321.8,0,1,0,0,0,0,6,0.4374,0.00,0.00,0.00
715.75,12,583646,0.2920,22.25,140.38,972,944,21,28,0,6,0,0,0,1,-321.8,0,1,0,0,0,0,3,0.4388,0.00,0.00,0.00
716,12,583692,0.2919,24.47,141.07,827,876,16,3,0,9,0,0,0,1,-321.8,0,1,0,0,0,0,5,0.4396,0.00,0.00,0.00
716.25,12,583637,0.2919,22.58,142.17,909,890,16,36,1,7,0,0,0,1,-321.8,0,1,0,0,0,0,6,0.4402,1.45,18.96,34.45
716.5,12,583660,0.2919,23.16,144.18,825,856,17,9,0,12,0,0,0,1,-321.8,0,1,0,0,0,0,5,0.4410,0.00,0.00,0.00
716.75,12,583598,0.2919,23.76,147.36,960,912,17,14,4,10,0,0,0,1,-321.8,0,1,0,0,0,0,8,0.4409,0.00,0.00,0.00
717,12,583589,0.2919,22.92,148.81,905,910,12,14,3,13,0,0,0,1,-321.8,0,1,0,0,0,0,11,0.4400,0.00,0.00,0.00
717.25,12,583522,0.2920,25.46,149.51,941,885,12,11,2,8,0,0,0,1,-321.8,0,1,0,0,0,0,6,0.4405,0.00,0.00,0.00
717.5,12,583544,0.2919,22.86,145.65,993,1029,14,14,1,10,0,0,0,1,-321.8,0,1,0,0,0,0,7,0.4407,0.00,0.00,0.00
717.75,12,583574,0.2919,26.06,143.46,908,949,6,11,0,12,0,0,0,1,-321.8,0,1,0,0,0,0,9,0.4404,0.00,0.00,0.00
718,12,583563,0.2919,22.85,141.84,1018,1022,12,16,2,19,0,0,0,1,-321.8,0,1,0,0,0,0,15,0.4383,0.00,0.00,0.00
718.25,12,583640,0.2919,25.76,144.48,895,984,8,12,1,27,0,0,0,2,-321.8,0,1,0,0,0,0,21,0.4344,1.81,16.71,34.16
718.5,13,583566,0.2919,23.68,147.41,1013,970,22,31,6,14,1,0,0,0,-321.8,0,1,0,0,0,0,11,0.4334,0.00,0.00,0.00
718.75,13,583561,0.2919,25.43,151.79,936,944,6,13,0,19,0,0,1,0,-321.8,0,1,0,0,0,0,16,0.4310,0.00,0.00,0.00
719,13,583498,0.2919,23.30,154.25,1015,990,15,39,2,18,0,0,0,0,-321.8,0,1,0,0,0,0,17,0.4283,0.00,0.00,0.00
719.25,13,583543,0.2919,25.49,159.67,872,925,3,8,2,19,0,0,1,0,-321.8,0,1,0,0,0,0,16,0.4260,0.00,0.00,0.00
719.5,13,583515,0.2919,23.80,161.98,969,959,16,18,3,14,0,0,0,0,-321.8,0,1,0,0,0,0,13,0.4245,0.00,0.00,0.00
719.75,13,583546,0.2919,25.27,163.88,909,957,7,17,2,14,0,0,0,0,-321.8,0,1,0,0,0,0,9,0.4241,0.00,0.00,0.00
720,13,583514,0.2919,24.50,166.77,937,923,9,18,2,13,0,0,0,0,-321.8,0,1,0,0,0,0,10,0.4235,0.00,0.00,0.00
720.25,13,583538,0.2919,23.87,167.07,900,947,11,23,1,9,0,0,0,0,-366.5,0,1,0,0,0,0,6,0.4241,2.63,24.39,69.24
720.5,13,583563,0.2918,24.23,166.14,885,930,14,22,0,13,0,0,0,0,-366.5,0,1,0,0,0,0,11,0.4232,0.00,0.00,0.00
720.75,13,583469,0.2919,22.06,166.91,974,892,38,13,5,8,0,0,0,0,-366.5,0,1,0,0,0,0,6,0.4238,0.00,0.00,0.00
721,14,583497,0.2918,25.22,167.04,847,896,14,21,2,9,0,0,0,0,-366.5,1,2,0,0,0,0,8,0.4238,0.00,0.00,0.00
721.25,14,583476,0.2918,22.21,166.19,952,943,13,13,2,14,0,0,5,0,-366.5,0,2,0,0,0,0,13,0.4223,0.00,0.00,0.00
721.5,14,583514,0.2918,24.91,161.30,871,920,8,11,0,12,0,0,1,0,-366.5,0,2,0,0,0,0,6,0.4229,0.00,0.00,0.00
721.75,14,583479,0.2918,21.87,157.17,952,927,14,10,1,9,0,0,0,0,-366.5,0,2,0,0,0,0,7,0.4232,0.00,0.00,0.00
722,14,583535,0.2918,24.98,153.70,863,930,7,11,0,10,0,0,0,0,-366.5,0,2,0,0,0,0,6,0.4237,0.00,0.00,0.00
722.25,14,583481,0.2918,21.89,157.25,970,937,7,21,1,3,0,0,0,0,-366.5,0,2,0,0,0,0,1,0.4258,0.92,16.82,58.70
722.5,14,583507,0.2918,24.78,157.50,905,935,24,4,1,12,0,0,0,0,-366.5,0,2,0,0,0,0,9,0.4255,0.00,0.00,0.00
722.75,14,583428,0.2918,22.34,157.55,998,936,15,17,7,12,0,0,0,0,-366.5,0,2,0,0,0,0,10,0.4249,0.00,0.00,0.00
723,14,583443,0.2918,24.68,152.05,893,920,52,12,4,10,0,0,0,0,-366.5,0,2,0,0,0,0,8,0.4249,0.00,0.00,0.00
723.25,14,583417,0.2918,22.76,146.58,1002,1000,14,24,2,18,0,0,0,0,-366.5,0,2,0,0,0,0,13,0.4234,0.00,0.00,0.00
723.5,14,583423,0.2918,24.57,140.93,912,936,9,18,2,13,0,0,0,0,-366.5,0,2,0,0,0,0,9,0.4231,0.00,0.00,0.00
723.75,14,583388,0.2918,24.06,146.30,992,975,14,18,5,12,0,0,0,0,-366.5,0,2,0,0,0,0,9,0.4228,0.00,0.00,0.00
724,14,583407,0.2918,24.60,138.36,946,986,10,21,2,12,0,0,0,0,-366.5,0,2,0,0,0,0,10,0.4222,0.00,0.00,0.00
724.25,14,583452,0.2917,25.10,139.63,968,1028,10,15,3,10,0,0,0,0,-366.5,0,2,0,0,0,0,9,0.4219,2.28,21.60,58.78
724.5,14,583455,0.2917,24.86,136.91,1008,1018,8,7,0,10,0,0,0,0,-366.5,0,2,0,0,0,0,4,0.4231,0.00,0.00,0.00
724.75,14,583471,0.2917,26.49,136.87,982,1017,8,19,7,14,0,0,1,0,-366.5,0,2,0,0,0,1,12,0.4219,0.00,0.00,0.00
725,14,583492,0.2917,24.81,135.14,976,1017,10,21,2,7,0,0,0,0,-366.5,0,2,0,0,0,1,6,0.4225,0.00,0.00,0.00
725.25,13,583495,0.2916,27.37,134.30,959,985,8,23,8,10,0,0,0,0,-366.5,0,2,0,0,0,1,6,0.4231,0.00,0.00,0.00
725.5,13,583559,0.2916,24.43,133.27,959,1045,25,23,2,11,0,0,0,0,-366.5,0,2,0,0,0,0,9,0.4228,0.00,0.00,0.00
725.75,13,583530,0.2916,27.11,133.11,979,966,8,16,5,15,0,0,0,0,-366.5,0,2,0,0,0,0,11,0.4220,0.00,0.00,0.00
726,13,583574,0.2915,24.33,131.48,974,1044,20,26,7,18,0,0,0,0,-366.5,0,2,0,0,0,0,15,0.4199,0.00,0.00,0.00
726.25,13,583556,0.2915,26.80,130.69,961,964,8,21,3,15,0,0,0,0,-366.5,0,2,0,0,0,0,13,0.4185,2.93,25.28,75.43
726.5,13,583608,0.2915,24.28,129.96,937,1012,13,23,4,14,0,0,0,0,-366.5,0,2,0,0,0,0,9,0.4182,0.00,0.00,0.00
726.75,13,583614,0.2914,25.72,130.21,932,957,10,19,8,15,0,0,0,0,-366.5,0,2,0,0,0,0,12,0.4171,0.00,0.00,0.00
727,13,583621,0.2914,24.93,128.60,885,916,17,24,1,12,0,0,0,0,-366.5,0,2,0,0,0,0,9,0.4169,0.00,0.00,0.00
727.25,13,583617,0.2914,24.43,127.11,891,905,5,18,0,14,0,0,0,0,-366.5,0,2,0,0,0,0,10,0.4164,0.00,0.00,0.00
727.5,13,583693,0.2914,25.56,126.10,805,897,18,16,1,11,0,0,0,0,-366.5,0,2,0,0,0,0,8,0.4164,0.00,0.00,0.00
727.75,13,583650,0.2914,24.05,125.32,894,869,7,18,1,14,0,0,0,0,-366.5,0,2,0,0,0,0,7,0.4168,0.00,0.00,0.00
728,13,583706,0.2913,27.39,125.17,831,899,9,12,4,9,0,0,0,0,-366.5,0,2,0,0,0,0,7,0.4172,0.00,0.00,0.00
728.25,13,583722,0.2913,24.25,125.74,923,955,10,16,1,8,0,0,0,0,-366.5,0,2,0,0,0,0,7,0.4175,1.85,25.50,72.96
728.5,13,583710,0.2913,28.27,125.90,887,891,9,16,2,10,0,0,0,0,-366.5,0,2,0,0,0,0,7,0.4179,0.00,0.00,0.00
728.75,13,583727,0.2913,24.82,131.82,962,1013,11,34,2,10,0,0,0,0,-366.5,0,2,0,0,0,0,7,0.4183,0.00,0.00,0.00
729,13,583789,0.2912,28.60,134.57,870,945,8,13,1,8,0,0,0,0,-366.5,0,2,0,0,0,0,5,0.4192,0.00,0.00,0.00
729.25,13,583838,0.2912,25.65,136.23,918,995,19,29,0,10,0,0,0,0,-366.5,0,2,0,0,0,0,6,0.4199,0.00,0.00,0.00
729.5,13,583850,0.2911,28.39,138.97,919,947,4,16,0,12,0,0,0,0,-366.5,0,2,0,0,0,0,8,0.4200,0.00,0.00,0.00
729.75,13,583797,0.2912,26.81,135.86,1015,984,11,23,2,13,0,0,0,0,-366.5,0,2,0,0,0,0,12,0.4190,0.00,0.00,0.00
730,13,583883,0.2911,27.78,136.47,905,1005,5,14,0,15,0,0,0,0,-366.5,0,2,0,0,0,0,10,0.4185,0.00,0.00,0.00
730.25,13,583866,0.2911,27.87,130.53,958,955,12,14,2,14,0,0,0,0,-369.4,0,2,0,0,0,0,10,0.4180,1.89,21.71,52.37
730.5,13,583941,0.2911,27.11,130.10,911,995,9,9,2,17,0,0,0,0,-369.4,0,2,0,0,0,0,11,0.4172,0.00,0.00,0.00
730.75,13,583974,0.2911,29.16,129.66,936,985,4,16,1,16,0,0,0,0,-369.4,0,2,0,0,0,0,11,0.4164,0.00,0.00,0.00
731,13,583995,0.2911,26.21,129.38,968,1004,13,15,1,15,0,0,0,0,-369.4,0,2,0,0,0,0,11,0.4157,0.00,0.00,0.00
731.25,13,583942,0.2911,29.76,134.51,971,935,7,17,0,16,0,0,0,0,-369.4,0,2,0,0,0,0,13,0.4143,0.00,0.00,0.00
731.5,13,583938,0.2911,25.04,133.95,980,996,9,20,0,20,0,0,0,0,-369.4,0,2,0,0,0,0,13,0.4130,0.00,0.00,0.00
731.75,13,583975,0.2911,29.96,137.30,911,956,10,8,2,13,0,0,0,0,-369.4,0,2,0,0,0,0,8,0.4131,0.00,0.00,0.00
732,13,583975,0.2910,24.45,137.21,978,1011,13,33,4,11,0,0,0,0,-369.4,0,2,0,0,0,0,8,0.4132,0.00,0.00,0.00
732.25,13,584045,0.2910,28.72,142.82,849,922,7,4,3,8,0,0,0,0,-369.4,0,2,0,0,0,0,5,0.4142,1.76,23.00,40.60
732.5,13,584023,0.2910,23.65,149.44,987,989,22,25,1,9,0,0,0,0,-369.4,0,2,0,0,0,0,7,0.4147,0.00,0.00,0.00
732.75,13,584005,0.2910,27.92,154.86,913,903,12,8,1,6,0,0,0,0,-369.4,0,2,0,0,0,0,1,0.4168,0.00,0.00,0.00
733,13,583974,0.2910,23.51,147.92,975,967,6,23,1,11,0,0,0,0,-369.4,0,2,0,0,0,0,8,0.4170,0.00,0.00,0.00
733.25,13,584050,0.2909,25.41,150.49,828,908,10,5,3,5,0,0,0,0,-369.4,0,2,0,0,0,0,2,0.4189,0.00,0.00,0.00
733.5,13,584045,0.2909,22.96,153.68,909,925,13,21,7,10,0,0,0,0,-369.4,0,2,0,0,0,0,3,0.4205,0.00,0.00,0.00
733.75,13,584088,0.2909,24.14,158.65,823,873,5,7,4,9,0,0,0,0,-369.4,0,2,0,0,0,0,5,0.4216,0.00,0.00,0.00
734,13,584119,0.2909,23.54,165.07,843,885,7,11,0,9,0,0,0,0,-369.4,0,2,0,0,0,0,2,0.4235,0.00,0.00,0.00
734.25,13,584103,0.2909,23.69,168.59,846,837,6,7,2,4,0,0,0,0,-369.4,0,2,0,0,0,0,2,0.4254,1.24,24.97,87.62
734.5,13,584133,0.2908,23.66,158.71,823,871,9,18,3,7,0,0,0,0,-369.4,0,2,0,0,0,0,3,0.4270,0.00,0.00,0.00
734.75,13,584144,0.2908,22.70,129.15,835,852,6,6,0,6,0,0,0,0,-369.4,0,2,0,0,0,0,4,0.4283,0.00,0.00,0.00
735,13,584207,0.2908,24.01,131.56,799,881,12,19,1,13,0,0,0,0,-369.4,0,2,0,0,0,0,10,0.4279,0.00,0.00,0.00
735.25,13,584218,0.2908,23.20,133.16,803,827,6,13,1,12,0,0,0,0,-369.4,0,2,0,0,0,0,8,0.4280,0.00,0.00,0.00
735.5,13,584172,0.2908,25.08,134.46,852,821,6,15,1,5,0,0,0,0,-369.4,0,2,0,0,0,0,5,0.4291,0.00,0.00,0.00
735.75,13,584130,0.2908,25.00,136.23,840,802,8,5,1,8,0,0,0,0,-369.4,0,2,0,0,0,0,4,0.4304,0.00,0.00,0.00
736,13,584075,0.2908,26.78,139.64,888,843,5,11,0,10,0,0,0,0,-369.4,0,2,0,0,0,0,6,0.4311,0.00,0.00,0.00
736.25,13,584064,0.2908,27.31,149.12,926,926,7,11,3,5,0,0,0,0,-369.4,0,2,0,0,0,0,2,0.4330,1.23,24.84,92.94
736.5,13,584089,0.2908,27.80,156.84,918,950,7,7,1,11,0,0,0,0,-369.4,0,2,0,0,0,0,3,0.4347,0.00,0.00,0.00
736.75,13,584108,0.2908,29.28,154.66,938,963,6,6,0,16,0,0,0,0,-369.4,0,2,0,0,0,0,8,0.4348,0.00,0.00,0.00
737,13,584114,0.2908,29.10,158.35,983,995,4,6,0,8,0,0,0,0,-369.4,0,2,0,0,0,0,4,0.4361,0.00,0.00,0.00
737.25,13,584033,0.2909,29.97,160.40,1023,951,5,9,1,14,0,0,0,0,-369.4,0,2,0,0,0,0,10,0.4356,0.00,0.00,0.00
737.5,13,583994,0.2909,30.85,147.68,1068,1043,8,14,0,15,0,0,0,0,-369.4,0,2,0,0,0,0,11,0.4349,0.00,0.00,0.00
737.75,13,583957,0.2909,28.98,148.59,1065,1052,7,24,1,11,0,0,0,0,-369.4,0,2,0,0,0,0,6,0.4356,0.00,0.00,0.00
738,13,583961,0.2909,31.16,155.66,982,1002,10,16,0,17,0,0,0,0,-369.4,0,2,0,0,0,0,10,0.4352,0.00,0.00,0.00
738.25,13,583907,0.2909,28.33,155.30,1098,1057,11,13,4,11,0,0,0,0,-369.4,0,2,0,0,0,0,7,0.4356,1.97,22.00,89.41
738.5,13,583947,0.2909,30.42,156.40,975,1023,5,8,4,7,0,0,0,0,-369.4,0,2,0,0,0,0,4,0.4369,0.00,0.00,0.00
738.75,13,583940,0.2908,28.04,159.42,1065,1077,9,19,4,7,0,0,0,0,-369.4,0,2,0,0,0,0,3,0.4385,0.00,0.00,0.00
739,13,583940,0.2908,30.04,160.25,1007,1012,7,5,9,7,0,0,0,0,-369.4,0,2,0,0,0,0,4,0.4399,0.00,0.00,0.00
739.25,13,583939,0.2908,28.01,165.90,1054,1074,8,21,3,4,0,0,0,0,-369.4,0,2,0,0,0,0,2,0.4418,0.00,0.00,0.00
739.5,13,583922,0.2908,29.55,170.94,994,980,6,3,6,11,0,0,0,0,-369.4,0,2,0,0,0,0,4,0.4431,0.00,0.00,0.00
739.75,13,583895,0.2908,27.15,174.67,1066,1064,10,25,5,11,0,0,0,0,-369.4,0,2,0,0,0,0,6,0.4438,0.00,0.00,0.00
740,13,583957,0.2907,26.85,176.68,954,1019,7,3,8,5,0,0,0,0,-369.4,0,2,0,0,0,0,2,0.4458,0.00,0.00,0.00
740.25,13,583867,0.2908,25.04,180.09,1010,934,7,14,5,9,0,0,0,0,-359.1,0,2,0,0,0,0,4,0.4471,1.83,18.47,35.81
740.5,13,583914,0.2907,23.42,182.74,946,1003,11,10,4,9,0,0,0,0,-359.1,0,2,0,0,0,0,3,0.4487,0.00,0.00,0.00
740.75,13,583907,0.2907,23.53,183.06,914,925,5,19,8,8,0,0,0,0,-359.1,0,2,0,0,0,0,5,0.4498,0.00,0.00,0.00
741,13,583979,0.2907,23.71,185.70,938,1015,9,5,5,10,0,0,0,0,-359.1,0,2,0,0,0,0,5,0.4508,0.00,0.00,0.00
741.25,13,583975,0.2907,24.09,187.73,880,889,7,13,1,12,0,0,0,0,-359.1,0,2,0,0,0,0,4,0.4521,0.00,0.00,0.00
741.5,13,584010,0.2907,23.95,189.68,857,896,8,4,2,11,0,0,0,0,-359.1,0,2,0,0,0,0,4,0.4535,0.00,0.00,0.00
741.75,13,583973,0.2907,24.95,191.29,916,892,11,13,1,10,0,0,0,0,-359.1,0,2,0,0,0,0,5,0.4545,0.00,0.00,0.00
742,13,583981,0.2907,24.38,191.46,949,976,8,19,0,9,0,0,0,0,-359.1,0,2,0,0,0,0,3,0.4562,0.00,0.00,0.00
742.25,13,583966,0.2907,25.51,192.81,953,947,9,9,2,10,0,0,0,0,-359.1,0,2,0,0,0,0,7,0.4566,0.80,22.84,28.39
742.5,13,584032,0.2906,24.56,193.35,969,1050,6,15,2,8,0,0,0,0,-359.1,0,2,0,0,0,0,6,0.4574,0.00,0.00,0.00
742.75,13,583941,0.2907,25.91,193.36,1006,933,9,18,3,19,0,0,0,0,-359.1,0,2,0,0,0,0,11,0.4567,0.00,0.00,0.00
743,13,583930,0.2906,24.10,190.69,1017,1028,6,22,1,9,0,0,0,0,-359.1,0,2,0,0,0,0,6,0.4574,0.00,0.00,0.00
743.25,13,583971,0.2906,25.90,185.98,975,1031,8,15,1,14,0,0,0,0,-359.1,0,2,0,0,0,0,11,0.4568,0.00,0.00,0.00
743.5,13,583971,0.2906,23.65,184.51,994,1019,13,25,1,19,0,0,0,0,-359.1,0,2,0,0,0,0,14,0.4552,0.00,0.00,0.00
743.75,13,584006,0.2906,24.86,182.59,901,950,3,14,1,9,0,0,0,0,-359.1,0,2,0,0,0,0,6,0.4560,0.00,0.00,0.00
744,13,583942,0.2906,23.12,182.55,993,951,13,22,2,7,0,0,0,0,-359.1,0,2,0,0,0,0,4,0.4574,0.00,0.00,0.00
744.25,13,583975,0.2906,24.40,183.08,914,961,4,14,1,14,0,0,0,0,-359.1,0,2,0,0,0,0,6,0.4582,0.73,25.18,104.14
744.5,13,584028,0.2905,22.42,182.70,909,994,5,32,0,10,0,0,0,0,-359.1,0,2,0,0,0,0,5,0.4594,0.00,0.00,0.00
744.75,13,584028,0.2905,23.19,182.74,928,939,4,11,2,8,0,0,0,0,-359.1,0,2,0,0,0,0,6,0.4602,0.00,0.00,0.00
745,13,584063,0.2904,22.05,181.38,861,924,5,28,0,8,0,0,0,0,-359.1,0,2,0,0,0,0,5,0.4614,0.00,0.00,0.00
745.25,13,584052,0.2905,22.32,179.62,886,888,10,13,0,13,0,0,0,0,-359.1,0,2,0,0,0,0,9,0.4614,0.00,0.00,0.00
745.5,13,584130,0.2904,21.71,177.24,903,1000,7,19,1,8,0,0,0,0,-359.1,0,2,0,0,0,0,3,0.4631,0.00,0.00,0.00
745.75,13,584132,0.2904,21.00,175.26,867,888,5,19,0,24,0,0,0,0,-359.1,0,2,0,0,0,0,21,0.4596,0.00,0.00,0.00
746,13,584117,0.2904,20.08,171.59,835,838,1,18,0,14,0,0,0,0,-359.1,0,2,0,0,0,0,7,0.4602,0.00,0.00,0.00
746.25,13,584105,0.2904,20.85,169.56,836,829,4,5,2,13,0,0,0,1,-359.1,0,2,0,0,0,0,8,0.4605,1.00,26.47,77.60
746.5,13,584100,0.2904,19.38,166.34,828,849,4,26,1,7,0,0,0,1,-359.1,0,2,0,0,0,0,4,0.4620,0.00,0.00,0.00
746.75,13,584092,0.2904,20.98,163.31,775,780,7,13,0,9,0,0,0,1,-359.1,0,2,0,0,0,0,4,0.4635,0.00,0.00,0.00
747,13,584085,0.2904,19.28,158.74,828,844,6,23,0,13,0,0,0,1,-359.1,0,2,0,0,0,0,5,0.4647,0.00,0.00,0.00
747.25,13,584131,0.2903,20.64,155.04,778,839,6,15,1,7,0,0,0,1,-359.1,0,2,0,0,0,0,2,0.4668,0.00,0.00,0.00
747.5,13,584177,0.2903,18.48,151.61,771,840,5,23,0,10,0,0,0,1,-359.1,0,2,0,0,0,0,5,0.4680,0.00,0.00,0.00
747.75,13,584236,0.2903,20.42,148.01,729,799,4,12,0,10,0,0,0,1,-359.1,0,2,0,0,0,0,6,0.4690,0.00,0.00,0.00
748,13,584240,0.2902,18.11,145.00,810,846,7,33,0,10,0,0,0,1,-359.1,0,2,0,0,0,0,6,0.4699,0.00,0.00,0.00
748.25,13,584249,0.2902,19.80,144.05,713,727,3,5,1,5,0,0,0,1,-359.1,0,2,0,0,0,0,2,0.4721,1.00,28.51,85.45
748.5,13,584220,0.2902,17.70,141.73,776,771,7,24,1,6,0,0,0,0,-359.1,0,2,0,0,0,0,4,0.4736,0.00,0.00,0.00
748.75,13,584282,0.2902,20.17,141.33,698,768,4,8,0,9,0,0,0,0,-359.1,0,2,0,0,0,0,3,0.4755,0.00,0.00,0.00
749,13,584315,0.2901,17.66,140.01,734,784,7,17,1,6,0,0,0,0,-359.1,0,2,0,0,0,0,2,0.4776,0.00,0.00,0.00
749.25,13,584340,0.2901,20.98,138.08,665,693,2,3,1,7,0,0,0,0,-359.1,0,2,0,0,0,0,3,0.4795,0.00,0.00,0.00
749.5,13,584346,0.2901,19.38,135.06,740,772,2,26,2,8,0,0,0,0,-359.1,0,2,0,0,0,0,6,0.4805,0.00,0.00,0.00
749.75,13,584379,0.2901,21.91,136.66,702,738,3,3,1,6,0,0,0,0,-359.1,0,2,0,0,0,0,4,0.4820,0.00,0.00,0.00
750,13,584419,0.2900,21.54,136.35,785,849,6,25,5,12,0,0,0,0,-359.1,0,2,0,0,0,0,8,0.4824,0.00,0.00,0.00
750.25,13,584428,0.2900,20.90,136.42,740,763,5,14,3,7,0,0,0,1,-350.2,0,2,0,0,0,0,5,0.4837,1.06,27.66,33.85
750.5,14,584379,0.2900,21.31,135.42,773,742,5,18,3,11,1,0,0,0,-350.2,0,2,0,0,0,0,6,0.4847,0.00,0.00,0.00
750.75,14,584349,0.2900,21.34,133.47,774,764,4,20,3,7,0,0,12,0,-350.2,0,2,0,0,0,0,3,0.4866,0.00,0.00,0.00
751,14,584341,0.2900,20.51,133.43,771,784,5,21,7,11,0,0,0,0,-350.2,0,2,0,0,0,0,5,0.4879,0.00,0.00,0.00
751.25,14,584314,0.2900,21.29,131.89,814,797,3,10,5,8,0,0,0,0,-350.2,0,2,0,0,0,0,4,0.4895,0.00,0.00,0.00
751.5,14,584299,0.2899,22.19,130.91,826,826,4,15,7,6,0,0,0,0,-350.2,0,2,0,0,0,0,3,0.4914,0.00,0.00,0.00
751.75,14,584266,0.2899,21.34,127.55,834,821,6,20,2,10,0,0,0,0,-350.2,0,2,0,0,0,0,6,0.4925,0.00,0.00,0.00
752,14,584291,0.2899,24.01,126.35,809,842,7,8,3,8,0,0,0,0,-350.2,0,2,0,0,0,0,4,0.4941,0.00,0.00,0.00
752.25,14,584270,0.2899,22.18,123.93,924,916,2,13,2,9,0,0,0,0,-350.2,0,2,0,0,0,0,4,0.4957,0.99,31.39,38.05
752.5,14,584305,0.2899,24.15,122.72,890,940,5,15,0,13,0,0,0,0,-350.2,0,2,0,0,0,0,4,0.4973,0.00,0.00,0.00
752.75,14,584301,0.2899,21.25,122.22,927,945,4,22,2,8,0,0,0,0,-350.2,0,2,0,0,0,0,5,0.4986,0.00,0.00,0.00
753,14,584362,0.2898,23.76,122.54,769,838,2,8,0,7,0,0,0,0,-350.2,0,2,0,0,0,0,3,0.5006,0.00,0.00,0.00
753.25,14,584350,0.2898,21.00,120.71,894,896,6,14,1,4,0,0,0,0,-350.2,0,2,0,0,0,0,0,0.5034,0.00,0.00,0.00
753.5,14,584401,0.2898,23.04,122.38,808,869,4,10,0,4,0,0,0,0,-350.2,0,2,0,0,0,0,1,0.5059,0.00,0.00,0.00
753.75,14,584407,0.2898,21.40,124.42,879,903,6,18,3,7,0,0,0,0,-350.2,0,2,0,0,0,0,3,0.5078,0.00,0.00,0.00
754,14,584466,0.2897,23.06,124.53,813,882,3,10,0,9,0,0,0,0,-350.2,0,2,0,0,0,0,6,0.5088,0.00,0.00,0.00
754.25,13,584410,0.2898,22.28,126.05,980,937,13,15,1,10,0,1,0,0,-350.2,0,1,0,0,1,0,5,0.5101,4.02,31.07,38.69
754.5,13,584466,0.2898,23.61,128.54,894,972,6,22,0,74,0,0,0,0,-350.2,0,1,0,0,0,0,71,0.4920,0.00,0.00,0.00
754.75,13,584448,0.2899,23.04,129.72,988,977,15,8,1,25,0,0,0,0,-350.2,0,1,0,0,0,1,19,0.4893,0.00,0.00,0.00
755,12,584464,0.2901,24.96,133.59,921,950,5,13,0,122,0,0,0,0,-350.2,0,1,0,0,0,1,118,0.4573,0.00,0.00,0.00
755.25,12,584454,0.2901,23.81,136.10,1011,1013,8,13,2,41,0,0,0,0,-350.2,0,1,0,0,0,0,38,0.4489,0.00,0.00,0.00
755.5,12,584466,0.2902,26.18,135.64,913,941,3,16,0,40,0,0,0,0,-350.2,0,1,0,0,0,0,35,0.4414,0.00,0.00,0.00
755.75,12,584492,0.2902,24.36,140.80,1010,1059,6,24,2,27,0,0,0,0,-350.2,0,1,0,0,0,0,23,0.4374,0.00,0.00,0.00
756,12,584462,0.2902,26.91,135.70,1018,1005,10,18,0,20,0,0,0,0,-350.2,0,1,0,0,0,0,16,0.4355,0.00,0.00,0.00
756.25,12,584473,0.2902,24.54,137.57,1023,1065,8,31,2,23,0,0,0,0,-350.2,0,1,0,0,0,0,20,0.4324,7.26,31.68,46.00
756.5,12,584455,0.2901,26.73,136.99,1050,1057,12,25,0,16,0,0,0,0,-350.2,0,1,0,0,0,0,15,0.4308,0.00,0.00,0.00
756.75,12,584396,0.2902,24.37,136.78,1086,1045,13,18,9,14,0,0,0,0,-350.2,0,1,0,0,0,0,11,0.4303,0.00,0.00,0.00
757,12,584400,0.2901,26.60,134.12,1064,1098,7,30,2,19,0,0,0,0,-350.2,0,1,0,0,0,0,14,0.4290,0.00,0.00,0.00
757.25,12,584399,0.2901,24.63,134.53,1034,1060,7,27,4,22,0,0,0,0,-350.2,0,1,0,0,0,0,17,0.4268,0.00,0.00,0.00
757.5,12,584352,0.2902,26.77,134.14,1106,1079,8,20,2,27,0,0,0,0,-350.2,0,1,0,0,0,0,22,0.4232,0.00,0.00,0.00
757.75,12,584344,0.2901,24.72,138.65,1031,1046,7,24,4,19,0,0,0,0,-350.2,0,1,0,0,0,0,15,0.4216,0.00,0.00,0.00
758,12,584335,0.2901,26.63,139.23,1061,1076,8,24,1,17,0,0,0,0,-350.2,0,1,0,0,0,0,11,0.4212,0.00,0.00,0.00
758.25,12,584327,0.2901,24.82,138.85,1054,1064,6,18,4,8,0,0,0,0,-350.2,0,1,0,0,0,0,4,0.4228,5.69,33.42,40.40
758.5,12,584308,0.2901,25.96,140.92,1064,1054,10,9,0,14,0,0,0,0,-350.2,0,1,0,0,0,0,10,0.4227,0.00,0.00,0.00
758.75,12,584320,0.2901,24.14,144.12,1050,1088,5,26,2,19,0,0,0,0,-350.2,0,1,0,0,0,0,15,0.4211,0.00,0.00,0.00
759,12,584308,0.2901,25.05,147.31,1001,1016,8,29,1,14,0,0,0,0,-350.2,0,1,0,0,0,0,10,0.4211,0.00,0.00,0.00
759.25,12,584299,0.2901,23.35,149.67,1070,1082,10,23,6,12,0,0,0,0,-350.2,0,1,0,0,0,0,9,0.4213,0.00,0.00,0.00
759.5,12,584301,0.2901,24.84,147.97,963,987,8,22,3,18,0,0,0,0,-350.2,0,1,0,0,0,0,14,0.4200,0.00,0.00,0.00
759.75,12,584268,0.2900,24.16,147.95,1044,1045,11,34,5,9,0,0,0,0,-350.2,0,1,0,0,0,0,7,0.4208,0.00,0.00,0.00
760,12,584285,0.2900,25.66,153.03,956,997,10,24,6,13,0,0,0,0,-350.2,0,1,0,0,0,0,10,0.4208,0.00,0.00,0.00
760.25,12,584290,0.2900,24.97,157.33,962,987,11,22,6,18,0,0,0,0,-366.5,0,1,0,0,0,0,11,0.4204,4.15,36.43,42.22
760.5,12,584265,0.2900,26.32,154.26,978,975,5,22,5,12,0,0,0,0,-366.5,0,1,0,0,0,0,9,0.4207,0.00,0.00,0.00
760.75,12,584202,0.2900,25.30,155.74,981,939,6,21,6,9,0,0,0,0,-366.5,0,1,0,0,0,0,7,0.4216,0.00,0.00,0.00
761,12,584246,0.2899,25.76,155.36,897,964,5,23,1,10,0,0,0,0,-366.5,0,1,0,0,0,0,6,0.4227,0.00,0.00,0.00
761.25,11,584284,0.2899,25.03,157.62,866,917,3,13,9,10,0,1,0,0,-366.5,0,0,0,0,1,0,7,0.4235,0.00,0.00,0.00
761.5,11,584260,0.2899,25.44,161.33,878,875,10,21,2,7,0,0,0,0,-366.5,0,0,0,0,0,0,4,0.4253,0.00,0.00,0.00
761.75,11,584338,0.2898,24.96,166.77,780,869,2,11,7,9,0,0,0,0,-366.5,0,0,0,0,0,0,7,0.4261,0.00,0.00,0.00
762,11,584340,0.2898,24.62,170.81,845,865,1,18,4,10,0,0,0,0,-366.5,0,0,0,0,0,0,5,0.4276,0.00,0.00,0.00
762.25,11,584352,0.2898,24.95,170.10,770,792,7,10,7,13,0,0,0,1,-366.5,0,0,0,0,0,0,10,0.4275,2.72,30.87,35.27
762.5,11,584338,0.2898,25.33,173.73,836,837,9,15,3,6,0,0,0,1,-366.5,0,0,0,0,0,0,5,0.4289,0.00,0.00,0.00
762.75,12,584401,0.2897,25.97,177.31,817,889,6,9,6,13,1,0,0,0,-366.5,0,0,0,0,0,0,10,0.4289,0.00,0.00,0.00
763,12,584376,0.2897,28.01,178.81,883,872,7,14,6,10,0,0,6,0,-366.5,0,0,0,0,0,0,9,0.4291,0.00,0.00,0.00
763.25,12,584414,0.2897,27.66,172.71,892,939,10,9,7,19,0,0,1,0,-366.5,0,0,0,0,0,0,16,0.4273,0.00,0.00,0.00
763.5,12,584444,0.2897,28.55,176.36,896,931,7,5,4,14,0,0,1,0,-366.5,0,0,0,0,0,0,10,0.4272,0.00,0.00,0.00
763.75,12,584429,0.2897,27.98,179.15,931,927,6,11,5,15,0,0,0,0,-366.5,0,0,0,0,0,0,12,0.4266,0.00,0.00,0.00
764,12,584437,0.2897,28.55,182.34,944,967,4,15,7,10,0,0,0,0,-366.5,0,0,0,0,0,0,8,0.4271,0.00,0.00,0.00
764.25,12,584454,0.2897,27.76,185.12,920,948,9,11,2,17,0,0,0,0,-366.5,0,0,0,0,0,0,15,0.4255,3.63,30.80,34.76
764.5,12,584398,0.2897,27.82,182.76,960,914,1,10,4,11,0,0,0,0,-366.5,0,0,0,0,0,0,11,0.4252,0.00,0.00,0.00
764.75,12,584532,0.2896,27.94,181.99,840,985,6,11,6,21,0,0,0,0,-366.5,0,0,0,0,0,0,19,0.4225,0.00,0.00,0.00
765,12,584476,0.2897,28.19,181.67,962,916,6,10,2,14,0,0,0,0,-366.5,0,0,0,0,0,0,12,0.4218,0.00,0.00,0.00
765.25,12,584588,0.2896,28.69,182.43,891,1013,5,10,5,12,0,0,0,0,-366.5,0,0,0,0,0,0,10,0.4217,0.00,0.00,0.00
765.5,12,584538,0.2897,28.58,179.91,1005,966,4,11,7,34,0,0,0,0,-366.5,0,0,0,0,0,0,31,0.4154,0.00,0.00,0.00
765.75,12,584618,0.2896,29.49,174.83,893,978,1,5,2,12,0,0,0,0,-366.5,0,0,0,0,0,0,11,0.4151,0.00,0.00,0.00
766,12,584585,0.2896,29.20,175.81,973,958,6,18,5,17,0,0,0,0,-366.5,0,0,0,0,0,0,14,0.4138,0.00,0.00,0.00
766.25,12,584614,0.2896,29.73,171.47,966,1011,4,16,4,13,0,0,0,0,-366.5,0,0,0,0,0,1,13,0.4128,3.43,28.85,34.77
766.5,11,584634,0.2896,29.49,141.55,912,943,4,11,5,21,0,0,0,0,-366.5,0,0,0,0,0,1,16,0.4110,0.00,0.00,0.00
766.75,11,584676,0.2896,30.29,143.00,921,975,2,12,3,9,0,0,0,0,-366.5,0,0,0,0,0,0,8,0.4115,0.00,0.00,0.00
767,11,584671,0.2896,29.94,140.00,946,946,5,5,1,17,0,0,0,0,-366.5,0,0,0,0,0,0,16,0.4096,0.00,0.00,0.00
767.25,11,584740,0.2896,30.97,139.20,921,1002,8,12,4,13,0,0,0,0,-366.5,0,0,0,0,0,0,8,0.4101,0.00,0.00,0.00
767.5,11,584659,0.2896,30.36,137.70,993,931,5,19,0,13,0,0,0,0,-366.5,0,0,0,0,0,0,12,0.4094,0.00,0.00,0.00
767.75,11,584689,0.2896,30.84,134.80,939,979,5,10,1,10,0,0,0,0,-366.5,0,0,0,0,0,0,10,0.4093,0.00,0.00,0.00
768,11,584673,0.2896,29.66,131.46,959,964,3,21,1,18,0,0,0,0,-366.5,0,0,0,0,0,0,14,0.4080,0.00,0.00,0.00
768.25,11,584708,0.2896,29.96,126.65,885,925,5,6,2,13,0,0,0,0,-366.5,0,0,0,0,0,0,8,0.4085,3.05,29.11,37.86
768.5,11,584725,0.2896,29.49,122.75,903,935,4,15,1,14,0,0,0,0,-366.5,0,0,0,0,0,0,10,0.4084,0.00,0.00,0.00
768.75,11,584683,0.2896,30.17,119.45,913,883,4,12,0,14,0,0,0,0,-366.5,0,0,0,0,0,0,10,0.4083,0.00,0.00,0.00
769,11,584716,0.2896,29.24,115.15,871,914,3,10,2,16,0,0,0,0,-366.5,0,0,0,0,0,0,16,0.4065,0.00,0.00,0.00
769.25,11,584661,0.2896,30.40,113.94,907,860,7,8,0,16,0,0,0,0,-366.5,0,0,0,0,0,0,10,0.4064,0.00,0.00,0.00
769.5,11,584673,0.2896,28.97,109.60,905,930,5,13,1,20,0,0,0,0,-366.5,0,0,0,0,0,0,15,0.4048,0.00,0.00,0.00
769.75,11,584644,0.2896,30.51,112.87,879,864,3,14,0,15,0,0,0,0,-366.5,0,0,0,0,0,0,8,0.4053,0.00,0.00,0.00
770,11,584555,0.2897,29.56,108.42,1049,975,9,15,2,16,0,0,0,0,-366.5,0,0,0,0,0,0,12,0.4046,0.00,0.00,0.00
770.25,11,584627,0.2896,29.82,109.49,917,995,3,6,0,10,0,0,0,0,-378.9,0,0,0,0,0,0,8,0.4050,4.90,27.86,43.55
770.5,11,584614,0.2896,30.78,109.75,1064,1064,15,13,3,12,0,0,0,0,-378.9,0,0,0,0,0,0,10,0.4049,0.00,0.00,0.00
770.75,11,584695,0.2896,30.49,109.58,1003,1092,11,8,0,9,0,0,0,0,-378.9,0,0,0,0,0,0,6,0.4059,0.00,0.00,0.00
771,11,584649,0.2896,31.67,111.96,1103,1071,19,14,8,9,0,0,0,0,-378.9,0,0,0,0,0,0,7,0.4067,0.00,0.00,0.00
771.25,11,584691,0.2896,31.86,124.80,1038,1092,4,12,1,10,0,0,0,0,-378.9,0,0,0,0,0,0,4,0.4083,0.00,0.00,0.00
771.5,11,584673,0.2896,32.58,136.56,1056,1060,13,23,8,14,0,0,0,0,-378.9,0,0,0,0,0,0,10,0.4082,0.00,0.00,0.00
771.75,11,584709,0.2895,32.40,146.05,1026,1081,3,19,1,9,0,0,0,0,-378.9,0,0,0,0,0,0,7,0.4089,0.00,0.00,0.00
772,11,584686,0.2895,32.91,154.61,1097,1088,9,14,3,21,0,0,0,0,-378.9,0,0,0,0,0,0,18,0.4064,0.00,0.00,0.00
772.25,11,584714,0.2895,32.62,160.81,1064,1103,17,11,0,17,0,0,0,0,-378.9,0,0,0,0,0,0,14,0.4051,3.74,25.14,35.24
772.5,11,584701,0.2895,33.16,166.03,1000,1006,9,20,0,16,0,0,0,0,-378.9,0,0,0,0,0,0,13,0.4041,0.00,0.00,0.00
772.75,11,584709,0.2895,32.28,171.40,1066,1098,13,25,0,16,0,0,0,0,-378.9,0,0,0,0,0,0,13,0.4031,0.00,0.00,0.00
773,11,584689,0.2895,32.52,128.80,979,976,5,17,1,28,0,0,0,0,-378.9,0,0,0,0,0,0,26,0.3983,0.00,0.00,0.00
773.25,11,584695,0.2895,30.94,128.70,1039,1072,11,27,2,16,0,0,0,0,-378.9,0,0,0,0,0,0,14,0.3970,0.00,0.00,0.00
773.5,11,584650,0.2896,30.17,127.27,978,943,3,10,0,16,0,0,0,0,-378.9,0,0,0,0,0,0,15,0.3954,0.00,0.00,0.00
773.75,11,584693,0.2895,29.99,124.03,1019,1070,26,8,7,12,0,0,0,0,-378.9,0,0,0,0,0,0,11,0.3950,0.00,0.00,0.00
774,11,584726,0.2895,29.34,122.55,990,1034,7,11,1,16,0,0,0,0,-378.9,0,0,0,0,0,0,12,0.3943,0.00,0.00,0.00
774.25,11,584684,0.2895,29.60,121.89,1046,1019,11,16,7,20,0,0,0,0,-378.9,0,0,0,0,0,0,19,0.3915,2.53,97.74,172.82
774.5,11,584693,0.2895,29.99,123.42,1110,1135,6,16,0,12,0,0,0,0,-378.9,0,0,0,0,0,0,10,0.3914,0.00,0.00,0.00
774.75,11,584682,0.2895,31.01,121.32,1090,1096,11,17,4,18,0,0,0,0,-378.9,0,0,0,0,0,0,15,0.3898,0.00,0.00,0.00
775,12,584668,0.2895,33.11,121.22,1153,1154,17,15,0,19,0,0,0,0,-378.9,1,1,0,0,0,0,15,0.3882,0.00,0.00,0.00
775.25,12,584699,0.2895,32.14,120.52,1134,1185,15,20,8,14,0,0,6,0,-378.9,0,1,0,0,0,0,9,0.3884,0.00,0.00,0.00
775.5,12,584634,0.2895,34.12,125.43,1129,1095,15,31,1,20,0,0,1,0,-378.9,0,1,0,0,0,0,16,0.3865,0.00,0.00,0.00
775.75,12,584601,0.2895,33.15,123.30,1069,1052,11,16,6,24,0,0,0,0,-378.9,0,1,0,0,0,0,21,0.3831,0.00,0.00,0.00
776,12,584449,0.2896,34.36,130.18,1193,1062,14,22,1,19,0,0,0,0,-378.9,0,1,0,0,0,0,17,0.3809,0.00,0.00,0.00
776.25,12,584452,0.2896,34.06,124.33,1031,1051,11,19,8,11,0,0,0,0,-378.9,0,1,0,0,0,0,7,0.3817,3.86,112.75,167.38
776.5,12,584359,0.2896,34.90,129.32,1059,986,6,20,2,13,0,0,0,0,-378.9,0,1,0,0,0,0,11,0.3812,0.00,0.00,0.00
776.75,12,584336,0.2896,34.24,136.33,1049,1038,8,12,4,8,0,0,0,0,-378.9,0,1,0,0,0,0,7,0.3820,0.00,0.00,0.00
777,12,584337,0.2896,34.67,142.18,981,994,1,12,4,9,0,0,0,0,-378.9,0,1,0,0,0,0,6,0.3830,0.00,0.00,0.00
777.25,12,584319,0.2896,33.98,139.31,1031,1024,10,11,2,13,0,0,0,0,-378.9,0,1,0,0,0,0,9,0.3832,0.00,0.00,0.00
777.5,12,584281,0.2896,32.55,139.02,1097,1068,3,9,4,13,0,0,2,0,-378.9,0,1,0,0,0,0,13,0.3822,0.00,0.00,0.00
777.75,12,584290,0.2896,32.69,135.43,1008,1022,6,5,2,8,0,0,0,0,-378.9,0,1,0,0,0,0,8,0.3826,0.00,0.00,0.00
778,12,584220,0.2896,32.34,132.79,1134,1074,3,10,4,15,0,0,0,0,-378.9,0,1,0,0,0,0,9,0.3828,0.00,0.00,0.00
778.25,12,584316,0.2896,29.47,131.15,1003,1109,4,10,1,7,0,0,0,0,-378.9,0,1,0,0,0,0,3,0.3847,8.27,36.29,190.76
778.5,12,584246,0.2896,31.36,127.34,1082,1026,7,14,2,8,0,0,0,0,-378.9,0,1,0,0,0,0,5,0.3860,0.00,0.00,0.00
778.75,12,584319,0.2896,30.23,123.45,1069,1147,19349,5,4,7,0,0,0,0,-378.9,0,1,0,0,0,0,6,0.3870,0.00,0.00,0.00
779,12,584177,0.2896,33.33,119.33,1347,1226,22,21,4,6,0,0,0,0,-378.9,0,1,0,0,0,0,4,0.3886,0.00,0.00,0.00
779.25,12,584259,0.2895,28.43,115.68,1342,1440,21,17,2,5,0,0,0,0,-378.9,0,1,0,0,0,0,2,0.3908,0.00,0.00,0.00
779.5,12,584123,0.2896,31.58,112.37,1426,1314,17,24,9,10,0,0,0,0,-378.9,0,1,0,0,0,0,7,0.3915,0.00,0.00,0.00
779.75,12,584120,0.2896,27.33,109.34,1340,1359,8,22,1,7,0,0,0,0,-378.9,0,1,0,0,0,0,4,0.3931,0.00,0.00,0.00
780,12,584146,0.2895,31.16,107.03,1267,1309,14,16,3,14,0,0,0,0,-378.9,0,1,0,0,0,0,12,0.3923,0.00,0.00,0.00
780.25,12,584103,0.2895,26.86,105.91,1307,1283,13,20,1,11,0,0,0,0,-389.7,0,1,0,0,0,0,9,0.3925,3.75,29.01,154.60
780.5,12,584170,0.2895,30.74,104.39,1230,1317,5,20,4,13,0,0,0,0,-389.7,0,1,0,0,0,0,12,0.3917,0.00,0.00,0.00
780.75,12,584116,0.2895,26.68,109.85,1265,1237,17,26,1,17,0,0,0,0,-389.7,0,1,0,0,0,0,14,0.3904,0.00,0.00,0.00
781,12,584127,0.2895,31.04,101.55,1203,1224,8,10,4,11,0,0,0,0,-389.7,0,1,0,0,0,0,9,0.3905,0.00,0.00,0.00
781.25,12,584126,0.2894,27.95,113.34,1216,1246,10,32,3,13,0,0,0,0,-389.7,0,1,0,0,0,0,8,0.3910,0.00,0.00,0.00
781.5,12,584254,0.2894,31.50,107.69,1132,1270,3,10,0,17,0,0,0,0,-389.7,0,1,0,0,0,0,9,0.3912,0.00,0.00,0.00
781.75,12,584199,0.2894,28.81,118.85,1183,1152,10,24,0,10,0,0,0,0,-389.7,0,1,0,0,0,0,8,0.3916,0.00,0.00,0.00
782,12,584270,0.2894,31.72,130.84,1129,1209,6,9,0,13,0,0,0,0,-389.7,0,1,0,0,0,0,12,0.3909,0.00,0.00,0.00
782.25,12,584251,0.2894,28.72,122.78,1168,1173,10,24,1,14,0,0,0,1,-389.7,0,1,0,0,0,0,11,0.3905,2.06,29.90,150.46
782.5,12,584344,0.2893,32.31,123.97,1197,1299,6,9,0,12,0,0,1,1,-389.7,0,1,0,0,0,0,10,0.3904,0.00,0.00,0.00
782.75,12,584316,0.2893,29.69,129.87,1292,1284,10,20,2,12,0,0,0,1,-389.7,0,1,0,0,0,0,10,0.3903,0.00,0.00,0.00
783,12,584355,0.2893,32.48,135.03,1230,1279,5,10,0,18,0,0,0,1,-389.7,0,1,0,0,0,0,16,0.3884,0.00,0.00,0.00
783.25,12,584348,0.2893,31.68,140.43,1339,1348,5,16,0,23,0,0,0,1,-389.7,0,1,0,0,0,0,20,0.3854,0.00,0.00,0.00
783.5,12,584397,0.2893,34.28,144.50,1346,1403,7,8,0,20,0,0,0,1,-389.7,0,1,0,0,0,0,17,0.3832,0.00,0.00,0.00
783.75,12,584310,0.2894,33.28,147.24,1472,1397,6,12,1,21,0,0,0,1,-389.7,0,1,0,0,0,0,18,0.3807,0.00,0.00,0.00
784,12,584266,0.2894,36.73,146.89,1453,1428,16,19,0,19,0,0,0,1,-389.7,0,1,0,0,0,0,14,0.3795,0.00,0.00,0.00
784.25,12,584268,0.2894,35.70,146.96,1411,1425,14,14,3,16,0,0,0,1,-389.7,0,1,0,0,0,0,11,0.3791,2.11,32.58,40.12
784.5,12,584197,0.2894,37.89,145.48,1442,1397,17,28,1,11,0,0,0,1,-389.7,0,1,0,0,0,0,8,0.3796,0.00,0.00,0.00
784.75,12,584160,0.2894,36.06,148.10,1455,1440,13,22,2,9,0,0,0,1,-389.7,0,1,0,0,0,0,7,0.3804,0.00,0.00,0.00
785,12,584128,0.2894,38.27,150.72,1361,1356,16,29,0,12,0,0,0,1,-389.7,0,1,0,0,0,0,10,0.3803,0.00,0.00,0.00
785.25,12,584061,0.2894,37.13,151.87,1381,1339,14,26,5,12,0,0,0,1,-389.7,0,1,0,0,0,0,4,0.3820,0.00,0.00,0.00
785.5,12,584075,0.2894,38.76,144.15,1266,1301,17,22,1,12,0,0,0,1,-389.7,0,1,0,0,0,0,9,0.3822,0.00,0.00,0.00
785.75,12,584043,0.2893,37.26,133.49,1256,1253,15,31,7,8,0,0,0,1,-389.7,0,1,0,0,0,0,6,0.3834,0.00,0.00,0.00
786,12,584041,0.2893,38.89,123.85,1198,1218,6,22,4,14,0,0,0,1,-389.7,0,1,0,0,0,0,12,0.3827,0.00,0.00,0.00
786.25,12,584060,0.2893,37.18,114.58,1160,1191,7,12,5,11,0,0,0,2,-389.7,0,1,0,0,0,0,10,0.3827,4.47,21.40,30.76
786.5,13,584075,0.2893,38.28,112.83,1105,1136,8,17,1,14,1,0,0,1,-389.7,0,1,0,0,0,0,8,0.3832,0.00,0.00,0.00
786.75,13,584058,0.2893,37.08,111.59,1178,1166,5,5,0,8,0,0,9,1,-389.7,0,1,0,0,0,0,6,0.3843,0.00,0.00,0.00
787,13,583937,0.2894,37.92,116.15,1375,1260,10,7,2,8,0,0,0,1,-389.7,0,1,0,0,0,0,5,0.3858,0.00,0.00,0.00
787.25,13,583943,0.2894,37.42,127.83,1220,1235,5,9,0,14,0,0,0,1,-389.7,0,1,0,0,0,0,12,0.3851,0.00,0.00,0.00
787.5,13,583987,0.2893,37.86,133.73,1323,1380,7,13,0,12,0,0,1,1,-389.7,0,1,0,0,0,0,6,0.3862,0.00,0.00,0.00
787.75,13,583859,0.2894,40.93,169.43,1379,1259,22237,8,0,8,0,0,0,1,-389.7,0,1,0,0,0,0,6,0.3873,0.00,0.00,0.00
788,13,583736,0.2895,42.86,153.18,1687,1579,12,15,5,11,0,0,0,1,-389.7,0,1,0,0,0,0,9,0.3876,0.00,0.00,0.00
788.25,13,583640,0.2895,41.94,140.65,1649,1561,11,8,0,4,0,0,0,1,-389.7,0,1,0,0,0,0,4,0.3893,6.36,20.74,31.82
788.5,13,583620,0.2895,43.07,134.00,1655,1652,13,17,1,13,0,0,0,1,-389.7,0,1,0,0,0,0,10,0.3892,0.00,0.00,0.00
788.75,13,583571,0.2895,42.98,142.62,1671,1643,19,22,0,7,0,0,0,1,-389.7,0,1,0,0,0,0,4,0.3909,0.00,0.00,0.00
789,13,583532,0.2895,43.20,143.61,1669,1658,17,29,3,33,0,0,0,1,-389.7,0,1,0,0,0,0,29,0.3852,0.00,0.00,0.00
789.25,13,583450,0.2896,43.35,152.21,1712,1647,15,18,0,32,0,0,0,1,-389.7,0,1,0,0,0,0,30,0.3793,0.00,0.00,0.00
789.5,13,583346,0.2896,44.75,150.20,1713,1634,17,25,3,31,0,0,0,1,-389.7,0,1,0,0,0,0,26,0.3745,0.00,0.00,0.00
789.75,13,583373,0.2896,44.89,153.16,1666,1715,16,22,1,20,0,0,0,1,-389.7,0,1,0,0,0,0,17,0.3724,0.00,0.00,0.00
790,13,583248,0.2897,45.80,153.85,1765,1665,10,25,0,40,0,0,0,1,-389.7,0,1,0,0,0,0,36,0.3647,0.00,0.00,0.00
790.25,13,583175,0.2897,45.23,158.84,1796,1757,13,34,0,28,0,0,0,1,-342.1,0,1,0,0,0,0,25,0.3603,4.75,17.20,30.50
790.5,13,583051,0.2898,45.78,156.95,1726,1618,9,16,0,26,0,0,0,1,-342.1,0,1,0,0,0,1,24,0.3561,0.00,0.00,0.00
790.75,12,582877,0.2899,44.57,163.56,1776,1655,268,54,0,31,0,0,0,1,-342.1,0,1,0,0,0,1,29,0.3506,0.00,0.00,0.00
791,12,582695,0.2900,44.57,164.96,1697,1525,8,10,1,20,0,0,0,1,-342.1,0,1,0,0,0,0,17,0.3485,0.00,0.00,0.00
791.25,12,582646,0.2899,50.43,170.53,1641,1625,25442,39,0,17,0,0,0,1,-342.1,0,1,0,0,0,0,12,0.3480,0.00,0.00,0.00
791.5,13,582572,0.2900,52.12,173.73,1885,1832,7,21,0,28,1,0,0,0,-342.1,0,1,0,0,0,0,25,0.3436,0.00,0.00,0.00
791.75,13,582443,0.2901,53.57,169.74,2156,2038,9,11,1,39,0,0,1,0,-342.1,0,1,0,0,0,0,37,0.3357,0.00,0.00,0.00
792,13,582257,0.2901,54.68,163.37,2238,2139,7,87,0,33,0,0,0,0,-342.1,0,1,0,0,0,0,30,0.3298,0.00,0.00,0.00
792.25,13,582150,0.2902,55.17,156.27,2161,2073,5,19,0,29,0,0,0,0,-342.1,0,1,0,0,0,0,24,0.3258,2.61,10.08,26.91
792.5,13,582088,0.2903,56.48,156.57,2177,2125,12,10,0,32,0,0,0,0,-342.1,0,1,0,0,0,0,30,0.3199,0.00,0.00,0.00
792.75,13,581969,0.2903,56.91,156.48,2205,2109,7,24,0,39,0,0,0,0,-342.1,0,1,0,0,0,0,37,0.3120,0.00,0.00,0.00
793,13,581861,0.2904,57.37,156.82,2188,2104,8,24,1,40,0,0,0,0,-342.1,0,1,0,0,0,0,36,0.3044,0.00,0.00,0.00
793.25,13,581723,0.2905,57.93,150.16,2162,2034,15,11,0,30,0,0,0,0,-342.1,0,1,0,0,0,0,29,0.2989,0.00,0.00,0.00
793.5,13,581554,0.2906,58.05,139.40,2227,2082,917,24,1,41,0,0,1,0,-342.1,0,1,0,0,0,0,36,0.2913,0.00,0.00,0.00
793.75,13,581414,0.2907,58.23,134.15,2259,2138,44,19,1,28,0,0,0,0,-342.1,0,1,0,0,0,0,28,0.2860,0.00,0.00,0.00
794,13,581269,0.2908,59.01,129.86,2243,2112,8,16,1,26,0,0,0,0,-342.1,0,1,0,0,0,0,23,0.2823,0.00,0.00,0.00
794.25,13,581124,0.2909,58.28,123.43,2338,2206,8,14,3,23,0,0,0,0,-342.1,0,1,0,0,0,0,19,0.2797,2.65,11.14,35.78
794.5,13,581027,0.2909,58.23,118.65,2226,2145,8,16,4,21,0,0,0,0,-342.1,0,1,0,0,0,0,19,0.2771,0.00,0.00,0.00
794.75,13,580820,0.2910,56.82,122.56,2362,2192,10,37,4,24,0,0,0,0,-342.1,0,1,0,0,0,0,20,0.2742,0.00,0.00,0.00
795,13,580682,0.2910,56.15,134.86,2253,2147,6,32,7,17,0,0,0,0,-342.1,0,1,0,0,0,0,15,0.2728,0.00,0.00,0.00
795.25,13,580549,0.2911,54.95,143.27,2281,2176,13,29,6,16,0,0,0,0,-342.1,0,1,0,0,0,0,11,0.2726,0.00,0.00,0.00
795.5,13,580410,0.2911,54.36,152.06,2289,2182,8,32,8,26,0,0,0,0,-342.1,0,1,0,0,0,0,19,0.2701,0.00,0.00,0.00
795.75,13,580322,0.2911,53.85,159.64,2237,2178,10,29,11,23,0,0,0,0,-342.1,0,1,0,0,0,0,22,0.2666,0.00,0.00,0.00
796,13,580247,0.2911,53.37,165.92,2269,2227,11,33,10,19,0,0,0,0,-342.1,0,1,0,0,0,0,12,0.2662,0.00,0.00,0.00
796.25,13,580051,0.2912,55.82,144.32,2374,2208,22507,30,11,31,0,0,0,0,-342.1,0,1,0,0,0,0,26,0.2616,1.70,6.24,18.37
796.5,13,579924,0.2912,57.68,130.57,2483,2386,8241,30,8,16,0,0,0,0,-342.1,0,1,0,0,0,0,14,0.2605,0.00,0.00,0.00
796.75,13,579722,0.2913,59.62,121.09,2701,2523,10,24,6,22,0,0,0,0,-342.1,0,1,0,0,0,0,22,0.2571,0.00,0.00,0.00
797,13,579510,0.2914,60.92,115.65,2836,2658,8,35,2,25,0,0,0,0,-342.1,0,1,0,0,0,0,24,0.2530,0.00,0.00,0.00
797.25,13,579334,0.2915,61.35,127.85,2863,2707,14,21,1,32,0,0,0,0,-342.1,0,1,0,0,0,0,27,0.2481,0.00,0.00,0.00
797.5,13,579144,0.2916,61.68,138.76,2869,2703,14,24,1,30,0,0,0,0,-342.1,0,1,0,0,0,0,24,0.2441,0.00,0.00,0.00
797.75,13,578985,0.2917,62.09,147.23,2936,2807,7,30,0,29,0,0,0,0,-342.1,0,1,0,0,0,0,27,0.2392,0.00,0.00,0.00
798,13,578789,0.2918,62.07,154.86,2919,2747,7,25,0,26,0,0,0,0,-342.1,0,1,0,0,0,0,22,0.2358,0.00,0.00,0.00
798.25,13,578479,0.2920,62.22,159.11,3005,2713,16,19,0,26,0,0,0,0,-342.1,0,1,0,0,0,0,26,0.2311,3.31,7.67,17.19
798.5,13,578192,0.2921,61.58,163.36,2964,2697,11,20,0,26,0,0,0,0,-342.1,0,1,0,0,0,0,21,0.2280,0.00,0.00,0.00
798.75,13,578031,0.2922,61.05,168.04,2818,2692,26,35,0,30,0,0,0,0,-342.1,0,1,0,0,0,0,29,0.2225,0.00,0.00,0.00
799,13,577871,0.2922,60.32,170.71,2849,2739,18,51,1,26,0,0,0,0,-342.1,0,1,0,0,0,0,20,0.2197,0.00,0.00,0.00
799.25,13,577658,0.2923,60.48,172.59,2906,2731,18,38,0,29,0,0,0,0,-342.1,0,1,0,0,0,0,26,0.2151,0.00,0.00,0.00
799.5,13,577390,0.2924,59.82,174.81,2870,2641,23,41,1,18,0,0,0,0,-342.1,0,1,0,0,0,0,15,0.2137,0.00,0.00,0.00
799.75,13,577207,0.2925,60.00,177.28,2815,2664,17,34,2,25,0,0,0,0,-342.1,0,1,0,0,0,0,22,0.2103,0.00,0.00,0.00
800,13,576977,0.2926,60.51,178.90,2794,2594,1779,32,0,14,0,0,0,0,-342.1,0,1,0,0,0,0,12,0.2099,0.00,0.00,0.00
800.25,13,576738,0.2927,61.76,180.76,2967,2757,16,30,2,23,0,0,0,0,-159.2,0,1,0,0,0,0,20,0.2071,1.15,4.00,10.86
800.5,13,576538,0.2928,62.81,182.65,2918,2746,18,29,0,22,0,0,0,0,-159.2,0,1,0,0,0,0,16,0.2055,0.00,0.00,0.00
800.75,13,576345,0.2929,62.87,184.24,2992,2824,23,26,1,22,0,0,0,0,-159.2,0,1,0,0,0,0,15,0.2042,0.00,0.00,0.00
801,13,576109,0.2930,62.89,185.64,3021,2806,9,21,0,13,0,0,0,0,-159.2,0,1,0,0,0,0,10,0.2044,0.00,0.00,0.00
801.25,14,575906,0.2931,63.37,186.86,2978,2799,7,24,2,28,0,0,0,0,-159.2,1,2,0,0,0,0,25,0.2001,0.00,0.00,0.00
801.5,14,575773,0.2932,62.64,187.76,2986,2865,7,12,0,50,0,0,2,0,-159.2,0,2,0,0,0,0,46,0.1897,0.00,0.00,0.00
801.75,14,575602,0.2934,62.73,188.22,2983,2830,12,18,1,61,0,0,1,0,-159.2,0,2,0,0,0,0,57,0.1760,0.00,0.00,0.00
802,14,575449,0.2935,62.30,188.93,3005,2884,15,34,0,45,0,0,0,0,-159.2,0,2,0,0,0,0,43,0.1664,0.00,0.00,0.00
802.25,14,575238,0.2936,61.95,189.73,3037,2857,7,31,0,29,0,0,1,1,-159.2,0,2,0,0,0,0,28,0.1613,3.29,7.99,16.74
802.5,14,575145,0.2936,61.57,189.89,2938,2878,5,33,0,28,0,0,0,1,-159.2,0,2,0,0,0,0,24,0.1573,0.00,0.00,0.00
802.75,14,575037,0.2937,61.62,190.42,2961,2882,4,29,0,26,0,0,0,1,-159.2,0,2,0,0,0,0,20,0.1546,0.00,0.00,0.00
803,14,574973,0.2937,60.91,189.73,2926,2877,13,17,1,24,0,0,0,1,-159.2,0,2,0,0,0,0,18,0.1524,0.00,0.00,0.00
803.25,14,574854,0.2938,60.75,188.72,2991,2898,15,28,1,26,0,0,0,1,-159.2,0,2,0,0,0,0,23,0.1487,0.00,0.00,0.00
803.5,14,574729,0.2938,61.79,188.24,2972,2884,6,37,1,23,0,0,0,1,-159.2,0,2,0,0,0,0,21,0.1457,0.00,0.00,0.00
803.75,14,574647,0.2938,61.42,187.52,2978,2931,6,36,0,29,0,0,0,1,-159.2,0,2,0,0,0,0,23,0.1421,0.00,0.00,0.00
804,14,574585,0.2939,61.51,186.86,2943,2904,6,23,0,23,0,0,1,1,-159.2,0,2,0,0,0,0,20,0.1393,0.00,0.00,0.00
804.25,14,574488,0.2939,60.64,187.14,2957,2878,12,19,0,16,0,0,0,1,-159.2,0,2,0,0,0,0,14,0.1384,3.58,8.22,12.16
804.5,14,574340,0.2940,61.30,185.90,3019,2887,21,16,1,23,0,0,0,1,-159.2,0,2,0,0,0,0,19,0.1359,0.00,0.00,0.00
804.75,14,574299,0.2940,60.44,186.17,2949,2923,13,16,2,23,0,0,0,1,-159.2,0,2,0,0,0,0,18,0.1337,0.00,0.00,0.00
805,14,574224,0.2941,60.66,187.03,2966,2905,12,14,1,27,0,0,0,1,-159.2,0,2,0,0,0,0,20,0.1310,0.00,0.00,0.00
805.25,14,574208,0.2941,59.88,186.84,2876,2882,16,22,1,16,0,0,0,1,-159.2,0,2,0,0,0,0,16,0.1294,0.00,0.00,0.00
805.5,14,574089,0.2941,57.21,187.41,2980,2893,8,32,0,28,0,0,0,1,-159.2,0,2,0,0,0,0,22,0.1260,0.00,0.00,0.00
805.75,14,573978,0.2942,56.40,187.92,2915,2833,9,31,0,16,0,0,0,1,-159.2,0,2,0,0,0,0,13,0.1253,0.00,0.00,0.00
806,14,573831,0.2942,55.28,188.89,2891,2770,67,26,0,21,0,0,0,1,-159.2,0,2,0,0,0,0,15,0.1240,0.00,0.00,0.00
806.25,14,573771,0.2943,55.03,190.37,2764,2743,13,40,0,26,0,0,0,1,-159.2,0,2,0,0,0,0,24,0.1201,4.44,10.85,25.19
806.5,14,573659,0.2944,54.29,191.78,2815,2745,20,42,0,80,0,0,0,1,-159.2,0,2,0,0,0,0,74,0.1015,0.00,0.00,0.00
806.75,14,573525,0.2945,61.48,192.92,2763,2656,30147,27,0,53,0,0,0,1,-159.2,0,2,0,0,0,1,51,0.0896,0.00,0.00,0.00
807,15,573392,0.2946,62.76,193.82,3014,2913,7,33,0,58,1,0,0,0,-159.2,0,2,0,0,0,1,51,0.0778,0.00,0.00,0.00
807.25,14,573281,0.2947,65.56,194.69,3022,2936,29,27,0,51,0,0,13,0,-159.2,0,2,0,0,0,1,46,0.0674,0.00,0.00,0.00
807.5,14,572934,0.2949,63.96,195.39,3242,2927,22,33,1,47,0,0,0,0,-159.2,0,2,0,0,0,0,46,0.0570,0.00,0.00,0.00
807.75,14,572769,0.2950,64.02,195.99,3252,3102,28,22,0,49,0,0,0,0,-159.2,0,2,0,0,0,0,42,0.0478,0.00,0.00,0.00
808,14,572567,0.2952,63.17,196.59,3267,3091,18,26,0,39,0,0,0,0,-159.2,0,2,0,0,0,0,34,0.0410,0.00,0.00,0.00
808.25,14,572496,0.2952,62.44,197.12,3177,3133,15,28,0,40,0,0,0,1,-159.2,0,2,0,0,0,0,36,0.0336,3.89,12.61,23.76
808.5,14,572365,0.2953,61.92,197.38,3202,3099,15,28,0,26,0,0,0,1,-159.2,0,2,0,0,0,0,25,0.0294,0.00,0.00,0.00
808.75,14,572180,0.2954,61.97,197.61,3172,3013,10,26,0,38,0,0,0,1,-159.2,0,2,0,0,0,0,34,0.0226,0.00,0.00,0.00
809,14,572062,0.2955,61.29,197.73,3210,3119,14,27,0,28,0,0,0,1,-159.2,0,2,0,0,0,0,24,0.0187,0.00,0.00,0.00
809.25,14,571962,0.2955,61.89,198.08,3169,3090,9,21,0,24,0,0,0,1,-159.2,0,2,0,0,0,0,24,0.0148,0.00,0.00,0.00
809.5,14,571909,0.2956,61.72,198.12,3214,3181,8,20,0,32,0,0,0,1,-159.2,0,2,0,0,0,0,30,0.0091,0.00,0.00,0.00
809.75,14,571810,0.2957,62.30,197.81,3181,3103,6,21,0,35,0,0,0,1,-159.2,0,2,0,0,0,0,31,0.0032,0.00,0.00,0.00
810,14,571703,0.2957,62.39,197.74,3177,3091,12,21,0,23,0,0,0,1,-159.2,0,2,0,0,0,0,20,0.0004,0.00,0.00,0.00
810.25,14,571499,0.2958,62.62,197.64,3284,3109,10,30,0,16,0,0,0,2,51.1,0,2,0,0,0,0,12,0.0001,2.97,9.46,15.71
810.5,14,571438,0.2958,63.34,197.72,3190,3141,1,12,0,13,0,0,0,2,51.1,0,2,0,0,0,0,10,0.0003,0.00,0.00,0.00
810.75,14,571382,0.2959,63.58,197.62,3182,3145,4,19,0,17,0,0,0,1,51.1,0,2,0,0,0,0,11,0.0002,0.00,0.00,0.00
811,14,571296,0.2959,62.66,197.30,3136,3063,7,13,0,14,0,0,0,1,51.1,0,2,0,0,0,0,11,0.0001,0.00,0.00,0.00
811.25,14,571214,0.2960,61.88,197.44,3169,3095,10,9,0,15,0,0,0,1,51.1,0,2,0,0,0,0,11,0.0000,0.00,0.00,0.00
811.5,14,570990,0.2961,60.21,197.59,3178,2976,10,22,0,19,0,0,0,1,51.1,0,2,0,0,0,0,10,0.0002,0.00,0.00,0.00
811.75,14,570872,0.2961,58.97,197.86,3134,3035,8,20,0,15,0,0,0,1,51.1,0,2,0,0,0,0,11,0.0001,0.00,0.00,0.00
812,14,570749,0.2962,58.07,198.16,3111,3010,513,22,0,15,0,0,0,1,51.1,0,2,0,0,0,0,11,0.0001,0.00,0.00,0.00
812.25,14,570608,0.2962,58.13,198.28,3076,2955,13,21,1,17,0,0,0,2,51.1,0,2,0,0,0,0,10,0.0003,2.35,9.78,16.58
812.5,14,570479,0.2963,57.48,198.49,3045,2930,9,14,0,15,0,0,0,2,51.1,0,2,0,0,0,0,11,0.0002,0.00,0.00,0.00
812.75,14,570353,0.2964,57.09,198.52,3028,2920,9,18,0,17,0,0,0,2,51.1,0,2,0,0,0,0,11,0.0001,0.00,0.00,0.00
813,14,570248,0.2964,56.67,198.35,2975,2884,6,14,1,15,0,0,0,2,51.1,0,2,0,0,0,0,11,0.0000,0.00,0.00,0.00
813.25,14,570241,0.2964,56.64,198.00,2914,2917,9,11,0,11,0,0,0,2,51.1,0,2,0,0,0,0,10,0.0002,0.00,0.00,0.00
813.5,14,570158,0.2965,56.92,197.80,3006,2937,10,14,0,16,0,0,0,2,51.1,0,2,0,0,0,0,11,0.0001,0.00,0.00,0.00
813.75,14,570206,0.2965,57.48,197.61,2853,2923,10,22,0,13,0,0,0,2,51.1,0,2,0,0,0,0,11,0.0000,0.00,0.00,0.00
814,14,570175,0.2965,57.06,197.69,2875,2860,4,16,0,15,0,0,0,2,51.1,0,2,0,0,0,0,10,0.0002,0.00,0.00,0.00
814.25,14,570179,0.2965,56.59,197.88,2914,2933,1,15,0,13,0,0,0,2,51.1,0,2,0,0,0,0,11,0.0001,2.30,10.55,21.95
814.5,14,570091,0.2965,56.08,197.98,2962,2881,8,7,0,16,0,0,0,2,51.1,0,2,0,0,0,0,10,0.0003,0.00,0.00,0.00
814.75,14,570080,0.2965,55.22,197.84,2864,2865,5,12,0,16,0,0,0,2,51.1,0,2,0,0,0,0,11,0.0002,0.00,0.00,0.00
815,14,570010,0.2966,54.42,197.94,2861,2802,3,11,2,20,0,0,0,2,51.1,0,2,0,0,0,0,11,0.0000,0.00,0.00,0.00
815.25,13,569948,0.2966,56.28,198.01,2795,2746,6,13,1,14,0,1,0,2,51.1,0,1,0,0,1,0,10,0.0002,0.00,0.00,0.00
815.5,13,569962,0.2966,55.11,198.17,2704,2735,10,17,0,12,0,0,0,2,51.1,0,1,0,0,0,0,11,0.0000,0.00,0.00,0.00
815.75,13,569919,0.2966,54.91,198.32,2686,2664,8,22,0,12,0,0,0,2,51.1,0,1,0,0,0,0,10,0.0002,0.00,0.00,0.00
816,13,569926,0.2966,55.17,198.50,2633,2659,6,19,0,15,0,0,0,2,51.1,0,1,0,0,0,0,11,0.0001,0.00,0.00,0.00
816.25,13,569842,0.2966,55.10,198.53,2654,2585,14,15,3,11,0,0,0,2,51.1,0,1,0,0,0,0,10,0.0002,3.29,11.33,24.76
816.5,13,569861,0.2966,55.97,198.74,2506,2543,4202,18,1,14,0,0,0,2,51.1,0,1,0,0,0,0,11,0.0001,0.00,0.00,0.00
816.75,13,569779,0.2967,57.66,198.76,2580,2513,5,15,1,12,0,0,0,2,51.1,0,1,0,0,0,0,10,0.0002,0.00,0.00,0.00
817,13,569842,0.2966,59.91,198.88,2538,2616,18,15,0,17,0,0,0,2,51.1,0,1,0,0,0,0,11,0.0001,0.00,0.00,0.00
817.25,13,569851,0.2966,60.36,199.01,2582,2611,9,20,0,14,0,0,0,2,51.1,0,1,0,0,0,0,10,0.0003,0.00,0.00,0.00
817.5,13,569882,0.2966,60.80,199.15,2517,2574,5,26,1,14,0,0,0,2,51.1,0,1,0,0,0,0,11,0.0001,0.00,0.00,0.00
817.75,13,569962,0.2965,61.87,199.15,2509,2613,8,24,0,16,0,0,0,2,51.1,0,1,0,0,0,0,11,0.0000,0.00,0.00,0.00
818,13,569904,0.2965,61.01,199.25,2570,2534,8,22,0,10,0,0,0,2,51.1,0,1,0,0,0,0,10,0.0002,0.00,0.00,0.00
818.25,13,570001,0.2965,61.32,199.37,2470,2589,7,23,0,16,0,0,0,2,51.1,0,1,0,0,0,0,11,0.0001,2.85,13.13,33.71
818.5,13,570028,0.2965,60.87,199.46,2495,2538,3,16,0,16,0,0,0,2,51.1,0,1,0,0,0,0,10,0.0002,0.00,0.00,0.00
818.75,13,569996,0.2965,60.82,199.51,2504,2482,5,11,0,14,0,0,0,2,51.1,0,1,0,0,0,0,11,0.0001,0.00,0.00,0.00
819,13,569950,0.2965,59.26,199.58,2497,2472,6,21,0,18,0,0,0,2,51.1,0,1,0,0,0,0,10,0.0003,0.00,0.00,0.00
819.25,13,569919,0.2965,58.28,199.64,2444,2431,4,18,0,14,0,0,0,2,51.1,0,1,0,0,0,0,11,0.0002,0.00,0.00,0.00
819.5,13,569949,0.2965,58.43,199.67,2392,2441,7,19,0,15,0,0,1,2,51.1,0,1,0,0,0,0,11,0.0001,0.00,0.00,0.00
819.75,13,569835,0.2966,55.50,199.66,2400,2305,9,20,0,15,0,0,0,2,51.1,0,1,0,0,0,0,10,0.0002,0.00,0.00,0.00
820,13,569780,0.2966,56.41,199.65,2356,2334,7,33,0,17,0,0,0,2,51.1,0,1,0,0,0,0,11,0.0001,0.00,0.00,0.00
820.25,13,569753,0.2966,55.54,199.63,2237,2232,7,22,1,11,0,0,0,2,169.1,0,1,0,0,0,0,11,0.0001,2.86,8.56,29.78
820.5,13,569727,0.2966,55.68,199.46,2230,2226,6,22,1,14,0,0,0,1,169.1,0,1,0,0,0,0,10,0.0003,0.00,0.00,0.00
820.75,13,569709,0.2966,55.30,199.49,2196,2194,8408,17,0,12,0,0,0,1,169.1,0,1,0,0,0,0,11,0.0002,0.00,0.00,0.00
821,13,569719,0.2965,54.46,199.57,2232,2262,5,20,0,16,0,0,0,1,169.1,0,1,0,0,0,0,11,0.0001,0.00,0.00,0.00
821.25,13,569746,0.2965,55.10,199.51,2218,2256,9,11,0,12,0,0,0,1,169.1,0,1,0,0,0,0,11,0.0000,0.00,0.00,0.00
821.5,13,569772,0.2965,55.49,198.17,2205,2247,10,17,0,17,0,0,1,1,169.1,0,1,0,0,0,0,10,0.0002,0.00,0.00,0.00
821.75,13,569818,0.2965,55.02,194.76,2175,2240,5,20,0,16,0,0,0,1,169.1,0,1,0,0,0,0,11,0.0002,0.00,0.00,0.00
822,13,569803,0.2965,54.70,191.94,2280,2276,7,11,0,16,0,0,0,1,169.1,0,1,0,0,0,0,11,0.0001,0.00,0.00,0.00
822.25,13,569869,0.2965,53.80,189.61,2202,2284,8,16,0,13,0,0,0,1,169.1,0,1,0,0,0,0,10,0.0003,1.15,8.31,25.71
822.5,13,569825,0.2965,52.80,190.23,2245,2223,11,22,0,14,0,0,0,1,169.1,0,1,0,0,0,0,11,0.0002,0.00,0.00,0.00
822.75,13,569882,0.2965,51.33,189.64,2146,2224,6,22,4,16,0,0,0,1,169.1,0,1,0,0,0,0,11,0.0002,0.00,0.00,0.00
823,13,569984,0.2964,50.69,190.26,2169,2289,13,18,5,14,0,0,0,1,169.1,0,1,0,0,0,0,11,0.0001,0.00,0.00,0.00
823.25,13,569993,0.2964,51.13,191.66,2146,2176,16,21,3,15,0,0,0,1,169.1,0,1,0,0,0,0,11,0.0000,0.00,0.00,0.00
823.5,13,569991,0.2964,50.47,192.55,2158,2174,14,18,2,14,0,0,0,1,169.1,0,1,0,0,0,0,10,0.0003,0.00,0.00,0.00
823.75,13,569889,0.2964,50.38,193.61,2209,2130,18,26,1,14,0,0,0,1,169.1,0,1,0,0,0,0,11,0.0002,0.00,0.00,0.00
824,13,569931,0.2963,51.17,194.41,2138,2211,7,31,1,18,0,0,0,1,169.1,0,1,0,0,0,0,11,0.0002,0.00,0.00,0.00
824.25,13,569900,0.2964,52.30,194.98,2196,2189,12,24,0,16,0,0,0,2,169.1,0,1,0,0,0,0,11,0.0002,1.83,9.05,32.22
824.5,13,569927,0.2963,52.64,195.18,2239,2289,8,23,0,18,0,0,0,2,169.1,0,1,0,0,0,0,11,0.0001,0.00,0.00,0.00
824.75,12,569929,0.2963,52.84,195.20,2264,2288,13,23,0,15,0,1,0,2,169.1,0,1,0,1,0,0,11,0.0001,0.00,0.00,0.00
825,12,569886,0.2963,53.38,195.24,2218,2197,2,22,0,17,0,0,0,2,169.1,0,1,0,0,0,0,11,0.0001,0.00,0.00,0.00
825.25,12,569930,0.2963,53.53,195.29,2235,2302,9,23,0,14,0,0,0,2,169.1,0,1,0,0,0,0,11,0.0001,0.00,0.00,0.00
825.5,12,569915,0.2963,52.48,195.28,2272,2281,5,24,0,16,0,0,0,2,169.1,0,1,0,0,0,0,11,0.0001,0.00,0.00,0.00
825.75,12,569935,0.2963,51.82,195.72,2237,2276,7,19,0,15,0,0,0,2,169.1,0,1,0,0,0,0,11,0.0001,0.00,0.00,0.00
826,12,569961,0.2963,50.06,196.26,2186,2228,936,16,0,14,0,0,0,2,169.1,0,1,0,0,0,0,11,0.0001,0.00,0.00,0.00
826.25,12,569812,0.2964,49.14,188.93,2407,2276,5,18,0,14,0,0,0,2,169.1,0,1,0,0,0,0,11,0.0001,1.22,5.84,18.51
826.5,12,569673,0.2964,49.26,186.96,2306,2180,6,13,5,19,0,0,0,2,169.1,0,1,0,0,0,0,11,0.0001,0.00,0.00,0.00
826.75,12,569583,0.2965,50.01,187.95,2344,2268,4,14,4,13,0,0,0,2,169.1,0,1,0,0,0,0,11,0.0001,0.00,0.00,0.00
827,12,569597,0.2965,49.61,188.82,2210,2233,0,9,4,16,0,0,0,2,169.1,0,1,0,0,0,0,11,0.0001,0.00,0.00,0.00
827.25,12,569570,0.2965,49.87,190.43,2248,2229,2,8,4,13,0,0,0,2,169.1,0,1,0,0,0,0,11,0.0000,0.00,0.00,0.00
827.5,12,569565,0.2965,49.68,191.39,2238,2236,3,3,7,14,0,0,0,2,169.1,0,1,0,0,0,0,10,0.0003,0.00,0.00,0.00
827.75,12,569567,0.2965,51.38,191.35,2395,2404,9,8,4,13,0,0,0,2,169.1,0,1,0,0,0,0,11,0.0002,0.00,0.00,0.00
828,12,569549,0.2965,51.48,192.08,2245,2234,9,7,4,14,0,0,0,2,169.1,0,1,0,0,0,0,11,0.0002,0.00,0.00,0.00
828.25,12,569523,0.2966,52.83,193.18,2375,2354,8,6,1,14,0,0,0,2,169.1,0,1,0,0,0,0,11,0.0001,1.50,6.30,18.71
828.5,12,569443,0.2966,52.15,194.14,2316,2240,1344,4,1,17,0,0,0,2,169.1,0,1,0,0,0,0,11,0.0001,0.00,0.00,0.00
828.75,12,569520,0.2966,54.29,194.87,2324,2406,3,5,2,13,0,0,0,2,169.1,0,1,0,0,0,0,10,0.0003,0.00,0.00,0.00
829,13,569476,0.2966,53.40,195.57,2417,2379,3,6,1,15,1,0,0,1,169.1,0,1,0,0,0,0,11,0.0002,0.00,0.00,0.00
829.25,13,569453,0.2967,53.99,196.24,2416,2399,2,6,1,16,0,0,4,1,169.1,0,1,0,0,0,0,11,0.0001,0.00,0.00,0.00
829.5,13,569429,0.2967,53.71,196.81,2426,2404,4,2,2,16,0,0,0,1,169.1,0,1,0,0,0,0,11,0.0000,0.00,0.00,0.00
829.75,13,569366,0.2968,54.37,197.27,2484,2428,5,7,0,13,0,0,0,1,169.1,0,1,0,0,0,0,10,0.0002,0.00,0.00,0.00
830,13,569271,0.2968,53.94,197.68,2473,2381,9,4,3,17,0,0,0,1,169.1,0,1,0,0,0,0,11,0.0001,0.00,0.00,0.00
830.25,13,569373,0.2968,53.76,198.00,2381,2490,12,7,0,15,0,0,0,2,171.6,0,1,0,0,0,0,10,0.0003,2.50,7.34,18.87
830.5,13,569342,0.2968,54.40,198.28,2535,2517,11,13,0,13,0,0,0,2,171.6,0,1,0,0,0,0,11,0.0001,0.00,0.00,0.00
830.75,14,569333,0.2968,53.16,197.79,2412,2408,9,5,0,12,1,0,0,1,171.6,0,1,0,0,0,0,10,0.0003,0.00,0.00,0.00
831,14,569321,0.2969,51.83,197.97,2415,2411,8,8,0,14,0,0,10,1,171.6,0,1,0,0,0,0,11,0.0002,0.00,0.00,0.00
831.25,15,569205,0.2969,51.71,198.24,2537,2425,6,4,0,18,1,0,0,0,171.6,0,1,0,0,0,0,11,0.0000,0.00,0.00,0.00
831.5,15,569071,0.2970,51.33,197.98,2543,2419,12,11,0,13,0,0,8,0,171.6,0,1,0,0,0,0,10,0.0002,0.00,0.00,0.00
831.75,15,569059,0.2970,51.90,195.23,2535,2537,13,14,0,12,0,0,1,0,171.6,0,1,0,0,0,0,11,0.0000,0.00,0.00,0.00
832,15,568948,0.2971,52.59,195.79,2520,2424,15,15,1,11,0,0,0,0,171.6,0,1,0,0,0,0,10,0.0002,0.00,0.00,0.00
832.25,15,568905,0.2971,52.45,196.34,2552,2525,20,17,0,13,0,0,0,1,171.6,0,1,0,0,0,0,11,0.0000,4.45,9.51,21.55
832.5,15,568689,0.2972,53.11,196.74,2588,2386,8,14,0,15,0,0,0,1,171.6,0,1,0,0,0,0,10,0.0002,0.00,0.00,0.00
832.75,15,568678,0.2972,53.27,196.97,2571,2578,12,18,0,16,0,0,0,1,171.6,0,1,0,0,0,0,11,0.0000,0.00,0.00,0.00
833,16,568674,0.2972,53.51,197.38,2509,2516,8,11,0,13,1,0,0,0,171.6,0,1,0,0,0,0,10,0.0002,0.00,0.00,0.00
833.25,16,568568,0.2973,55.98,197.57,2564,2470,7,12,0,13,0,0,15,0,171.6,0,1,0,0,0,0,11,0.0000,0.00,0.00,0.00
833.5,16,568493,0.2973,55.85,197.55,2678,2621,6,18,0,17,0,0,0,0,171.6,0,1,0,0,0,0,10,0.0002,0.00,0.00,0.00
833.75,16,568384,0.2974,56.10,197.83,2810,2711,52,11,0,17,0,0,0,0,171.6,0,1,0,0,0,0,11,0.0001,0.00,0.00,0.00
834,16,568330,0.2974,56.91,198.07,2875,2832,2,11,0,11,0,0,0,0,171.6,0,1,0,0,0,0,10,0.0002,0.00,0.00,0.00
834.25,16,568435,0.2974,56.73,198.21,2847,2965,2,13,0,14,0,0,0,0,171.6,0,1,0,0,0,0,11,0.0001,1.38,13.17,22.91
834.5,16,568364,0.2974,56.62,198.42,3001,2937,2,7,0,17,0,0,0,0,171.6,0,1,0,0,0,0,10,0.0002,0.00,0.00,0.00
834.75,16,568296,0.2975,55.46,198.65,2989,2939,10,18,0,16,0,0,0,0,171.6,0,1,0,0,0,0,11,0.0001,0.00,0.00,0.00
835,16,568192,0.2975,54.58,198.74,2984,2892,24,15,0,13,0,0,0,0,171.6,0,1,0,0,0,0,10,0.0002,0.00,0.00,0.00
835.25,16,568200,0.2975,55.00,198.85,2940,2957,23,13,0,12,0,0,0,0,171.6,0,1,0,0,0,0,11,0.0001,0.00,0.00,0.00
835.5,16,567991,0.2976,53.91,198.87,3022,2852,22,41,0,15,0,0,1,0,171.6,0,1,0,0,0,0,10,0.0003,0.00,0.00,0.00
835.75,16,567991,0.2975,54.52,198.79,2832,2874,14,42,0,14,0,0,0,0,171.6,0,1,0,0,0,0,11,0.0001,0.00,0.00,0.00
836,16,567889,0.2976,54.37,198.82,2806,2738,14,34,3,17,0,0,0,0,171.6,0,1,0,0,0,0,11,0.0000,0.00,0.00,0.00
836.25,16,567810,0.2976,54.82,198.80,2803,2758,15,35,3,16,0,0,0,0,171.6,0,1,0,0,0,0,10,0.0003,1.96,6.61,23.08
836.5,16,567796,0.2975,57.42,198.77,2783,2811,12,42,4,13,0,0,0,0,171.6,0,1,0,0,0,0,11,0.0002,0.00,0.00,0.00
836.75,16,567803,0.2975,55.72,198.31,2759,2811,13,45,3,12,0,0,0,0,171.6,0,1,0,0,0,0,11,0.0002,0.00,0.00,0.00
837,16,567793,0.2974,55.01,198.24,2745,2776,23,41,1,14,0,0,0,0,171.6,0,1,0,0,0,0,11,0.0001,0.00,0.00,0.00
837.25,16,567796,0.2974,53.87,197.67,2681,2724,9,41,0,15,0,0,0,0,171.6,0,1,0,0,0,0,11,0.0001,0.00,0.00,0.00
837.5,16,567570,0.2975,54.33,197.78,2749,2554,16,31,3,15,0,0,0,0,171.6,0,1,0,0,0,0,11,0.0001,0.00,0.00,0.00
837.75,16,567482,0.2975,52.77,197.60,2702,2646,21,36,2,13,0,0,0,0,171.6,0,1,0,0,0,0,11,0.0001,0.00,0.00,0.00
838,16,567410,0.2975,55.77,197.69,2498,2450,25525,28,1,14,0,0,0,0,171.6,0,1,0,0,0,0,11,0.0001,0.00,0.00,0.00
838.25,16,567290,0.2976,54.34,197.89,2654,2563,13,29,0,14,0,0,0,0,171.6,0,1,0,0,0,0,11,0.0001,2.22,6.19,25.64
838.5,16,567275,0.2976,54.32,197.94,2590,2599,12,24,0,15,0,0,0,0,171.6,0,1,0,0,0,0,11,0.0002,0.00,0.00,0.00
838.75,16,567283,0.2975,55.75,198.12,2594,2627,10,25,0,18,0,0,0,0,171.6,0,1,0,0,0,0,11,0.0002,0.00,0.00,0.00
839,16,567299,0.2975,56.29,198.08,2610,2641,2294,15,2,13,0,0,0,0,171.6,0,1,0,0,0,1,11,0.0002,0.00,0.00,0.00
839.25,15,567373,0.2975,57.38,198.03,2681,2767,6,13,3,13,0,0,0,0,171.6,0,1,0,0,0,1,11,0.0003,0.00,0.00,0.00
839.5,15,567355,0.2975,59.29,198.16,2816,2816,9,18,0,19,0,0,0,0,171.6,0,1,0,0,0,0,12,0.0000,0.00,0.00,0.00
839.75,15,567328,0.2975,61.45,198.18,3015,3008,7,20,1,15,0,0,0,0,171.6,0,1,0,0,0,0,11,0.0001,0.00,0.00,0.00
840,15,567404,0.2975,63.36,198.13,3066,3156,7,14,0,15,0,0,0,0,171.6,0,1,0,0,0,0,11,0.0001,0.00,0.00,0.00
840.25,15,567452,0.2975,65.89,197.96,3151,3208,7,9,0,15,0,0,0,0,137.8,0,1,0,0,0,0,11,0.0002,2.16,9.22,18.48
840.5,15,567517,0.2975,66.34,197.97,3232,3308,8,11,1,15,0,0,0,0,137.8,0,1,0,0,0,0,11,0.0002,0.00,0.00,0.00
840.75,15,567448,0.2975,67.59,197.31,3345,3295,15,19,0,18,0,0,0,0,137.8,0,1,0,0,0,0,11,0.0002,0.00,0.00,0.00
841,15,567407,0.2975,66.97,196.63,3427,3411,19,25,0,11,0,0,0,0,137.8,0,1,0,0,0,0,11,0.0003,0.00,0.00,0.00
841.25,15,567220,0.2976,68.57,195.91,3515,3356,14,28,0,15,0,0,0,0,137.8,0,1,0,0,0,0,12,0.0000,0.00,0.00,0.00
841.5,14,567032,0.2977,70.65,195.48,3614,3446,13,21,0,12,0,1,0,0,137.8,0,0,0,0,1,0,11,0.0001,0.00,0.00,0.00
841.75,14,566895,0.2977,72.05,194.80,3564,3446,13,20,1,15,0,0,0,0,137.8,0,0,0,0,0,0,11,0.0001,0.00,0.00,0.00
842,14,566710,0.2978,72.58,193.67,3576,3408,13,18,1,14,0,0,0,0,137.8,0,0,0,0,0,0,11,0.0002,0.00,0.00,0.00
842.25,14,566617,0.2979,71.43,191.97,3581,3505,25,20,0,14,0,0,0,1,137.8,0,0,0,0,0,0,11,0.0003,1.82,4.79,22.02
842.5,15,566452,0.2979,71.31,191.92,3560,3427,34,35,0,18,1,0,0,0,137.8,0,0,0,0,0,0,12,0.0000,0.00,0.00,0.00
842.75,15,566169,0.2980,70.34,192.11,3549,3311,33,47,0,16,0,0,9,0,137.8,0,0,0,0,0,0,11,0.0001,0.00,0.00,0.00
843,15,565897,0.2981,68.52,191.39,3561,3353,22,66,1,12,0,0,0,0,137.8,0,0,0,0,0,0,11,0.0003,0.00,0.00,0.00
843.25,15,565682,0.2982,65.92,191.17,3451,3282,24,49,1,20,0,0,0,0,137.8,0,0,0,0,0,0,12,0.0001,0.00,0.00,0.00
843.5,15,565538,0.2982,64.25,190.84,3405,3289,26,33,4,13,0,0,0,0,137.8,0,0,0,0,0,0,12,0.0000,0.00,0.00,0.00
843.75,15,565480,0.2982,63.04,189.92,3232,3201,25,28,5,14,0,0,0,0,137.8,0,0,0,0,0,0,11,0.0002,0.00,0.00,0.00
844,15,565472,0.2982,62.43,189.58,3204,3224,15,29,2,15,0,0,0,0,137.8,0,0,0,0,0,0,12,0.0001,0.00,0.00,0.00
844.25,15,565344,0.2982,62.46,189.43,3247,3152,16,34,3,20,0,0,0,0,137.8,0,0,0,0,0,0,12,0.0001,2.36,8.44,31.45
844.5,15,565305,0.2982,61.75,189.06,3295,3292,14,36,4,15,0,0,1,0,137.8,0,0,0,0,0,0,12,0.0000,0.00,0.00,0.00
844.75,15,565298,0.2981,60.69,189.54,3229,3259,18,39,2,12,0,0,0,0,137.8,0,0,0,0,0,0,11,0.0003,0.00,0.00,0.00
845,15,565262,0.2981,61.03,190.45,3207,3206,12,36,2,16,0,0,0,0,137.8,0,0,0,0,0,0,12,0.0002,0.00,0.00,0.00
845.25,15,565011,0.2982,59.66,189.90,3361,3143,19,34,1,18,0,0,0,0,137.8,0,0,0,0,0,0,12,0.0002,0.00,0.00,0.00
845.5,15,564883,0.2982,58.46,189.55,3281,3204,15,52,3,13,0,0,0,0,137.8,0,0,0,0,0,0,12,0.0002,0.00,0.00,0.00
845.75,15,564751,0.2983,56.56,187.11,3217,3122,22,38,1,15,0,0,0,0,137.8,0,0,0,0,0,0,12,0.0002,0.00,0.00,0.00
846,15,564627,0.2983,53.86,187.15,3116,3032,21372,41,1,17,0,0,0,0,137.8,0,0,0,0,0,1,12,0.0003,0.00,0.00,0.00
846.25,14,564534,0.2983,52.23,188.04,3039,2984,25,39,1,16,0,0,0,0,137.8,0,0,0,0,0,1,13,0.0000,1.86,6.62,30.74
846.5,14,564415,0.2983,52.70,188.30,3122,3026,49,29,0,16,0,0,0,0,137.8,0,0,0,0,0,0,12,0.0001,0.00,0.00,0.00
846.75,14,564294,0.2984,50.13,189.15,3037,2957,16,41,2,15,0,0,0,0,137.8,0,0,0,0,0,0,12,0.0001,0.00,0.00,0.00
847,14,564283,0.2984,51.34,189.13,2987,3000,12,26,0,16,0,0,0,0,137.8,0,0,0,0,0,0,12,0.0002,0.00,0.00,0.00
847.25,14,564099,0.2984,49.10,189.61,3179,3055,18,60,0,14,0,0,0,0,137.8,0,0,0,0,0,0,12,0.0002,0.00,0.00,0.00
847.5,14,564100,0.2984,48.50,189.70,3012,3040,16,28,3,18,0,0,0,0,137.8,0,0,0,0,0,0,13,0.0000,0.00,0.00,0.00
847.75,14,564003,0.2984,46.63,190.89,3145,3094,27,49,0,14,0,0,0,0,137.8,0,0,0,0,0,0,12,0.0001,0.00,0.00,0.00
848,14,564049,0.2983,53.30,189.25,2901,2989,30378,45,2,19,0,0,0,0,137.8,0,0,0,0,0,0,12,0.0002,0.00,0.00,0.00
848.25,14,563959,0.2983,50.73,189.27,3328,3275,15,39,0,17,0,0,0,0,137.8,0,0,0,0,0,0,13,0.0001,2.03,4.92,30.22
848.5,14,563982,0.2983,51.04,183.83,3120,3175,18,33,1,18,0,0,0,0,137.8,0,0,0,0,0,0,12,0.0002,0.00,0.00,0.00
848.75,14,563946,0.2982,49.29,184.36,3163,3180,15,53,2,16,0,0,0,0,137.8,0,0,0,0,0,0,13,0.0001,0.00,0.00,0.00
849,14,564006,0.2982,50.29,178.79,3204,3287,25,25,2,16,0,0,0,0,137.8,0,0,0,0,0,0,12,0.0003,0.00,0.00,0.00
849.25,14,563903,0.2982,49.40,176.13,3269,3205,12,40,4,17,0,0,0,0,137.8,0,0,0,0,0,0,13,0.0001,0.00,0.00,0.00
849.5,14,563964,0.2982,49.69,173.33,3144,3230,13,26,6,20,0,0,0,0,137.8,0,0,0,0,0,0,13,0.0000,0.00,0.00,0.00
849.75,14,563909,0.2981,48.78,176.63,3225,3216,29,48,7,16,0,0,0,0,137.8,0,0,0,0,0,0,12,0.0002,0.00,0.00,0.00
850,15,563889,0.2981,49.06,179.88,3185,3199,16,34,9,19,0,0,0,0,137.8,1,1,0,0,0,0,13,0.0001,0.00,0.00,0.00
850.25,15,563871,0.2980,48.47,182.80,3202,3223,18,39,12,19,0,0,3,2,209.5,0,1,0,0,0,0,13,0.0001,2.44,5.89,29.92
850.5,16,563858,0.2980,49.20,185.17,3202,3227,6700,41,8,12,1,0,1,0,209.5,0,1,0,0,0,0,12,0.0003,0.00,0.00,0.00
850.75,16,563714,0.2980,50.94,187.12,3329,3232,19,49,3,16,0,0,12,0,209.5,0,1,0,0,0,0,13,0.0002,0.00,0.00,0.00
851,16,563698,0.2980,51.51,189.09,3410,3440,22,47,3,16,0,0,0,0,209.5,0,1,0,0,0,0,13,0.0002,0.00,0.00,0.00
851.25,16,563530,0.2980,51.39,190.76,3569,3452,26,54,0,18,0,0,0,0,209.5,0,1,0,0,0,0,13,0.0001,0.00,0.00,0.00
851.5,16,563589,0.2979,52.03,192.21,3523,3631,26,49,0,16,0,0,0,0,209.5,0,1,0,0,0,0,13,0.0001,0.00,0.00,0.00
851.75,16,563629,0.2978,52.49,193.41,3569,3657,30,48,0,16,0,0,0,0,209.5,0,1,0,0,0,0,13,0.0001,0.00,0.00,0.00
852,16,563586,0.2978,53.08,193.20,3529,3544,21,59,1,14,0,0,0,0,209.5,0,1,0,0,0,0,13,0.0001,0.00,0.00,0.00
852.25,16,563497,0.2978,54.70,194.14,3683,3632,147,39,0,21,0,0,0,0,209.5,0,1,0,0,0,0,13,0.0001,0.90,4.80,25.42
852.5,16,563394,0.2978,56.90,194.01,3721,3655,23,38,0,17,0,0,0,0,209.5,0,1,0,0,0,0,13,0.0001,0.00,0.00,0.00
852.75,16,563354,0.2978,58.79,194.69,3795,3801,30,50,0,13,0,0,1,0,209.5,0,1,0,0,0,0,13,0.0001,0.00,0.00,0.00
853,16,563252,0.2978,61.13,195.13,3763,3702,19,41,0,16,0,0,0,0,209.5,0,1,0,0,0,0,13,0.0001,0.00,0.00,0.00
853.25,16,563200,0.2978,63.21,195.80,3888,3884,33,49,0,16,0,0,0,0,209.5,0,1,0,0,0,0,13,0.0001,0.00,0.00,0.00
853.5,16,563102,0.2978,65.64,196.13,3982,3922,35,41,0,22,0,0,0,0,209.5,0,1,0,0,0,0,13,0.0001,0.00,0.00,0.00
853.75,16,562931,0.2978,66.03,196.62,4077,3955,21,50,0,17,0,0,0,0,209.5,0,1,0,0,0,0,13,0.0001,0.00,0.00,0.00
854,16,562990,0.2978,66.52,196.55,4021,4122,15,42,0,18,0,0,0,0,209.5,0,1,0,0,0,0,13,0.0001,0.00,0.00,0.00
854.25,16,562883,0.2978,66.74,196.86,4112,4054,23,49,1,16,0,0,0,0,209.5,0,1,0,0,0,0,13,0.0002,1.60,5.12,23.47
854.5,16,562761,0.2978,66.86,197.05,4074,3981,13,29,0,16,0,0,0,0,209.5,0,1,0,0,0,0,13,0.0002,0.00,0.00,0.00
854.75,16,562701,0.2978,66.38,197.45,4103,4087,19,45,4,18,0,0,0,0,209.5,0,1,0,0,0,0,13,0.0002,0.00,0.00,0.00
855,16,562450,0.2979,65.56,197.64,4179,3958,20,33,2,17,0,0,0,0,209.5,0,1,0,0,0,0,13,0.0002,0.00,0.00,0.00
855.25,16,562253,0.2979,65.14,197.42,4164,4010,36,45,7,18,0,0,0,0,209.5,0,1,0,0,0,0,13,0.0003,0.00,0.00,0.00
855.5,16,562186,0.2980,63.88,196.30,3950,3924,44,43,3,21,0,0,0,0,209.5,0,1,0,0,0,0,14,0.0000,0.00,0.00,0.00
855.75,16,562079,0.2979,63.11,195.84,3980,3940,46,72,2,17,0,0,0,0,209.5,0,1,0,0,0,0,13,0.0001,0.00,0.00,0.00
856,16,562048,0.2979,62.63,195.93,3897,3919,30,55,4,18,0,0,0,0,209.5,0,1,0,0,0,0,13,0.0001,0.00,0.00,0.00
856.25,16,561931,0.2978,62.19,193.30,3935,3881,32,67,2,15,0,0,0,0,209.5,0,1,0,0,0,0,13,0.0003,0.75,5.23,18.54
856.5,16,561899,0.2978,61.35,190.12,3845,3865,26,52,0,18,0,0,0,0,209.5,0,1,0,0,0,0,14,0.0001,0.00,0.00,0.00
856.75,16,561653,0.2979,60.06,191.62,3898,3703,29,51,0,17,0,0,1,0,209.5,0,1,0,0,0,0,13,0.0003,0.00,0.00,0.00
857,16,561684,0.2978,59.27,192.53,3677,3750,10,42,0,15,0,0,0,0,209.5,0,1,0,0,0,0,14,0.0002,0.00,0.00,0.00
857.25,16,561609,0.2978,58.72,193.36,3710,3673,21,38,4,17,0,0,0,0,209.5,0,1,0,0,0,0,14,0.0001,0.00,0.00,0.00
857.5,16,561527,0.2978,57.74,194.31,3724,3672,20,30,2,15,0,0,0,0,209.5,0,1,0,0,0,0,13,0.0003,0.00,0.00,0.00
857.75,16,561532,0.2978,57.01,195.07,3493,3528,11,30,2,21,0,0,0,0,209.5,0,1,0,0,0,0,14,0.0002,0.00,0.00,0.00
858,16,561569,0.2978,55.21,195.50,3540,3611,30,36,5,16,0,0,0,0,209.5,0,1,0,0,0,0,14,0.0001,0.00,0.00,0.00
858.25,16,561597,0.2977,54.17,196.07,3464,3529,17,40,3,15,0,0,0,0,209.5,0,1,0,0,0,0,14,0.0000,0.80,6.65,18.54
858.5,16,561655,0.2976,52.73,196.43,3409,3496,20,33,0,17,0,0,0,0,209.5,0,1,0,0,0,0,13,0.0003,0.00,0.00,0.00
858.75,16,561590,0.2976,53.12,193.62,3396,3378,23,48,0,20,0,0,0,0,209.5,0,1,0,0,0,0,14,0.0002,0.00,0.00,0.00
859,16,561582,0.2976,51.26,194.28,3273,3300,19,36,0,16,0,0,0,0,209.5,0,1,0,0,0,0,14,0.0002,0.00,0.00,0.00
859.25,16,561517,0.2976,51.82,194.93,3292,3274,14,47,0,17,0,0,0,0,209.5,0,1,0,0,0,0,14,0.0002,0.00,0.00,0.00
859.5,16,561585,0.2975,52.33,195.18,3212,3321,22,42,1,18,0,0,0,0,209.5,0,1,0,0,0,0,14,0.0002,0.00,0.00,0.00
859.75,16,561630,0.2975,52.61,195.70,3160,3237,14,32,0,20,0,0,0,0,209.5,0,1,0,0,0,0,14,0.0002,0.00,0.00,0.00
860,16,561693,0.2974,52.34,195.81,3250,3345,16,33,1,17,0,0,0,0,209.5,0,1,0,0,0,0,14,0.0003,0.00,0.00,0.00
860.25,16,561671,0.2974,53.57,196.03,3225,3229,7,26,2,17,0,0,0,1,255.8,0,1,0,0,0,0,14,0.0003,3.81,8.44,17.68
860.5,16,561781,0.2974,53.71,196.08,3139,3265,767,18,0,18,0,0,0,1,255.8,0,1,0,0,0,0,15,0.0000,0.00,0.00,0.00
860.75,16,561857,0.2973,55.58,196.34,3272,3366,11,19,0,18,0,0,0,1,255.8,0,1,0,0,0,0,14,0.0000,0.00,0.00,0.00
861,16,561936,0.2973,56.71,196.66,3310,3410,10,21,1,18,0,0,0,1,255.8,0,1,0,0,0,0,14,0.0000,0.00,0.00,0.00
861.25,16,561811,0.2974,58.60,196.98,3541,3436,27,21,4,19,0,0,1,1,255.8,0,1,0,0,0,0,14,0.0001,0.00,0.00,0.00
861.5,16,561876,0.2973,58.62,197.14,3463,3549,19,22,1,17,0,0,0,1,255.8,0,1,0,0,0,0,14,0.0001,0.00,0.00,0.00
861.75,16,561896,0.2973,58.43,197.29,3610,3660,5560,31,5,16,0,0,0,1,255.8,0,1,0,0,0,0,14,0.0001,0.00,0.00,0.00
862,16,561766,0.2974,59.18,196.66,3854,3748,6637,24,4,16,0,0,0,1,255.8,0,1,0,0,0,0,14,0.0001,0.00,0.00,0.00
862.25,16,561568,0.2975,58.73,196.32,4070,3890,16,18,7,16,0,0,0,1,255.8,0,1,0,0,0,0,14,0.0001,2.30,10.95,21.18
862.5,16,561591,0.2975,59.25,196.51,3954,3997,19,20,11,24,0,0,0,1,255.8,0,1,0,0,0,0,14,0.0001,0.00,0.00,0.00
862.75,16,561505,0.2975,59.01,195.13,4142,4091,19,36,10,15,0,0,0,1,255.8,0,1,0,0,0,0,14,0.0001,0.00,0.00,0.00
863,16,561433,0.2974,58.56,195.41,4055,4032,21,49,13,20,0,0,0,1,255.8,0,1,0,0,0,0,14,0.0001,0.00,0.00,0.00
863.25,16,561296,0.2974,58.37,195.13,4151,4075,25,62,9,18,0,0,0,1,255.8,0,1,0,0,0,0,14,0.0002,0.00,0.00,0.00
863.5,16,561264,0.2974,58.19,173.87,4074,4110,25,68,8,17,0,0,0,1,255.8,0,1,0,0,0,0,14,0.0003,0.00,0.00,0.00
863.75,16,561198,0.2973,60.91,168.97,4141,4136,66,62,5,20,0,0,0,1,255.8,0,1,0,0,0,0,15,0.0001,0.00,0.00,0.00
864,16,561183,0.2972,62.50,168.85,4194,4247,21,68,2,22,0,0,0,1,255.8,0,1,0,0,0,0,14,0.0002,0.00,0.00,0.00
864.25,16,561094,0.2972,64.65,173.65,4296,4261,30,55,0,23,0,0,1,2,255.8,0,1,0,0,0,0,15,0.0001,1.83,7.00,23.57
864.5,16,560898,0.2973,66.77,176.52,4435,4277,21,38,2,16,0,0,0,2,255.8,0,1,0,0,0,0,14,0.0003,0.00,0.00,0.00
864.75,17,560830,0.2973,67.98,176.75,4521,4476,21,26,1,17,1,0,0,1,255.8,0,1,0,0,0,0,15,0.0002,0.00,0.00,0.00
865,17,560611,0.2974,69.51,178.35,4660,4481,20,42,0,17,0,0,8,1,255.8,0,1,0,0,0,0,15,0.0001,0.00,0.00,0.00
865.25,17,560463,0.2974,71.89,179.15,4690,4577,19,35,0,17,0,0,0,1,255.8,0,1,0,0,0,0,14,0.0003,0.00,0.00,0.00
865.5,17,560310,0.2975,73.80,178.99,4938,4816,32,34,1,20,0,0,0,1,255.8,0,1,0,0,0,0,15,0.0002,0.00,0.00,0.00
865.75,17,560220,0.2975,73.86,179.25,5013,4963,22,40,0,20,0,0,0,1,255.8,0,1,0,0,0,0,15,0.0002,0.00,0.00,0.00
866,17,560092,0.2976,73.06,180.68,5002,4913,27,43,0,20,0,0,0,1,255.8,0,1,0,0,0,0,15,0.0001,0.00,0.00,0.00
866.25,17,560012,0.2975,70.84,182.05,4949,4914,37,48,0,16,0,0,0,2,255.8,0,1,0,0,0,0,15,0.0001,1.42,8.49,21.95
866.5,17,559808,0.2976,68.93,184.45,4890,4735,32,51,0,23,0,0,2,1,255.8,0,1,0,0,0,0,15,0.0001,0.00,0.00,0.00
866.75,17,559524,0.2977,67.72,184.77,4833,4600,18,51,0,17,0,0,0,1,255.8,0,1,0,0,0,0,15,0.0001,0.00,0.00,0.00
867,17,559249,0.2978,67.01,186.70,4666,4449,36,59,0,22,0,0,0,1,255.8,0,1,0,0,0,0,15,0.0001,0.00,0.00,0.00
867.25,17,559206,0.2978,64.72,188.56,4408,4414,30,51,0,19,0,0,0,1,255.8,0,1,0,0,0,0,15,0.0002,0.00,0.00,0.00
867.5,17,558983,0.2979,63.42,189.62,4405,4219,26,38,1,17,0,0,0,1,255.8,0,1,0,0,0,0,15,0.0002,0.00,0.00,0.00
867.75,17,558896,0.2979,63.19,191.06,4329,4289,27,47,0,21,0,0,0,1,255.8,0,1,0,0,0,0,16,0.0000,0.00,0.00,0.00
868,17,558696,0.2979,61.02,191.77,4300,4136,23,36,3,18,0,0,1,1,255.8,0,1,0,0,0,0,15,0.0001,0.00,0.00,0.00
868.25,17,558550,0.2980,61.00,192.05,4300,4190,24,37,4,17,0,0,0,1,255.8,0,1,0,0,0,0,15,0.0003,1.78,13.54,25.97
868.5,17,558563,0.2980,60.51,190.79,4133,4174,17,28,1,20,0,0,0,1,255.8,0,1,0,0,0,0,16,0.0001,0.00,0.00,0.00
868.75,17,558626,0.2979,60.04,190.95,4137,4228,27,31,6,22,0,0,0,1,255.8,0,1,0,0,0,0,15,0.0002,0.00,0.00,0.00
869,17,558494,0.2980,57.94,191.88,4157,4057,21,33,1,22,0,0,0,1,255.8,0,1,0,0,0,0,16,0.0001,0.00,0.00,0.00
869.25,17,558495,0.2979,58.36,192.60,4021,4056,25,35,5,20,0,0,0,1,255.8,0,1,0,0,0,0,15,0.0002,0.00,0.00,0.00
869.5,17,558511,0.2979,56.95,193.51,3975,4026,13,37,3,21,0,0,0,1,255.8,0,1,0,0,0,0,16,0.0001,0.00,0.00,0.00
869.75,17,558464,0.2979,56.97,194.12,4006,3993,21,35,2,20,0,0,0,1,255.8,0,1,0,0,0,0,15,0.0002,0.00,0.00,0.00
870,17,558483,0.2979,55.18,194.61,3881,3927,15,27,2,24,0,0,0,1,255.8,0,1,0,0,0,0,16,0.0001,0.00,0.00,0.00
870.25,17,558511,0.2979,55.85,194.99,3798,3866,8,41,0,21,0,0,0,1,367.1,0,1,0,0,0,0,15,0.0003,1.47,17.94,24.09
870.5,17,558529,0.2978,54.45,195.56,3830,3880,14,33,1,18,0,0,0,1,367.1,0,1,0,0,0,0,16,0.0002,0.00,0.00,0.00
870.75,17,558379,0.2979,54.75,196.05,3815,3694,16,29,1,21,0,0,0,1,367.1,0,1,0,0,0,0,16,0.0001,0.00,0.00,0.00
871,17,558373,0.2979,54.33,196.55,3705,3734,9,35,0,18,0,0,0,1,367.1,0,1,0,0,0,0,15,0.0003,0.00,0.00,0.00
871.25,17,558424,0.2978,54.47,196.92,3675,3756,7,30,1,18,0,0,1,1,367.1,0,1,0,0,0,0,16,0.0002,0.00,0.00,0.00
871.5,17,558436,0.2978,53.43,197.07,3619,3665,17,36,0,18,0,0,0,1,367.1,0,1,0,0,0,0,16,0.0001,0.00,0.00,0.00
871.75,17,558466,0.2977,51.83,197.34,3573,3647,15,45,0,20,0,0,1,1,367.1,0,1,0,0,0,0,16,0.0000,0.00,0.00,0.00
872,17,558367,0.2978,50.73,197.66,3466,3406,11,39,0,19,0,0,0,1,367.1,0,1,0,0,0,0,15,0.0003,0.00,0.00,0.00
872.25,17,558363,0.2977,52.29,197.40,3386,3410,8,28,0,21,0,0,0,1,367.1,0,1,0,0,0,0,16,0.0002,0.59,6.20,19.32
872.5,17,558321,0.2978,50.80,197.55,3378,3367,8,31,0,20,0,0,0,1,367.1,0,1,0,0,0,0,16,0.0002,0.00,0.00,0.00
872.75,17,558366,0.2977,50.93,197.64,3251,3330,10,34,0,19,0,0,0,1,367.1,0,1,0,0,0,0,16,0.0002,0.00,0.00,0.00
873,17,558296,0.2977,49.87,197.79,3301,3266,15,35,0,23,0,0,0,1,367.1,0,1,0,0,0,0,16,0.0002,0.00,0.00,0.00
873.25,17,558409,0.2977,50.56,197.74,3116,3250,15,22,2,21,0,0,0,1,367.1,0,1,0,0,0,0,16,0.0002,0.00,0.00,0.00
873.5,17,558502,0.2976,49.38,197.82,3147,3282,24,43,2,23,0,0,0,1,367.1,0,1,0,0,0,0,16,0.0001,0.00,0.00,0.00
873.75,17,558539,0.2976,50.70,197.53,3095,3154,11,22,3,21,0,0,1,1,367.1,0,1,0,0,0,0,16,0.0001,0.00,0.00,0.00
874,17,558503,0.2976,49.56,197.58,3102,3101,8,35,2,19,0,0,0,1,367.1,0,1,0,0,0,0,16,0.0001,0.00,0.00,0.00
874.25,17,558614,0.2975,50.59,197.50,2900,3042,12,31,0,22,0,0,0,2,367.1,0,1,0,0,0,0,16,0.0001,1.78,14.19,32.97
874.5,17,558651,0.2974,49.49,197.69,2960,3032,16,37,0,22,0,0,0,2,367.1,0,1,0,0,0,0,16,0.0001,0.00,0.00,0.00
874.75,18,558644,0.2974,50.23,197.49,3012,3024,14,20,2,21,1,0,0,1,367.1,0,1,0,0,0,0,16,0.0001,0.00,0.00,0.00
875,18,558670,0.2974,51.18,197.64,2975,3037,13,36,0,20,0,0,15,1,367.1,0,1,0,0,0,0,16,0.0001,0.00,0.00,0.00
875.25,18,558795,0.2973,51.27,197.46,3016,3164,12,23,0,20,0,0,0,1,367.1,0,1,0,0,0,0,16,0.0001,0.00,0.00,0.00
875.5,18,558813,0.2973,51.55,197.47,3161,3191,8,12,0,21,0,0,0,1,367.1,0,1,0,0,0,0,16,0.0001,0.00,0.00,0.00
875.75,18,559016,0.2972,51.57,197.32,3140,3361,9,18,1,17,0,0,0,1,367.1,0,1,0,0,0,0,16,0.0001,0.00,0.00,0.00
876,18,559099,0.2972,51.08,197.56,3248,3350,14,19,3,18,0,0,0,1,367.1,0,1,0,0,0,0,16,0.0001,0.00,0.00,0.00
876.25,18,559217,0.2971,51.88,197.68,3326,3454,9,10,1,19,0,0,0,1,367.1,0,1,0,0,0,0,16,0.0001,0.91,9.43,19.19
876.5,18,559221,0.2971,50.93,197.93,3480,3497,14,14,1,17,0,0,0,1,367.1,0,1,0,0,0,0,16,0.0000,0.00,0.00,0.00
876.75,18,559374,0.2971,51.17,197.83,3364,3534,23,20,1,22,0,0,0,1,367.1,0,1,0,0,0,0,15,0.0003,0.00,0.00,0.00
877,18,559472,0.2970,51.52,198.05,3418,3536,3740,20,0,18,0,0,0,1,367.1,0,1,0,0,0,0,16,0.0002,0.00,0.00,0.00
877.25,18,559384,0.2971,54.20,198.07,3690,3614,26690,12,1,17,0,0,0,1,367.1,0,1,0,0,0,0,16,0.0002,0.00,0.00,0.00
877.5,18,559248,0.2972,54.57,197.91,3793,3669,6,13,0,17,0,0,0,1,367.1,0,1,0,0,0,0,16,0.0001,0.00,0.00,0.00
877.75,18,559014,0.2973,55.34,197.60,4046,3829,11,18,0,17,0,0,0,1,367.1,0,1,0,0,0,0,16,0.0001,0.00,0.00,0.00
878,18,559041,0.2973,56.18,197.90,3892,3945,18,27,0,18,0,0,0,1,367.1,0,1,0,0,0,0,15,0.0003,0.00,0.00,0.00
878.25,18,559022,0.2973,57.80,197.57,4037,4038,16,21,0,17,0,0,0,1,367.1,0,1,0,0,0,0,16,0.0002,0.63,9.41,24.13
878.5,18,558921,0.2973,58.75,190.33,4190,4120,8,32,0,18,0,0,0,1,367.1,0,1,0,0,0,0,16,0.0002,0.00,0.00,0.00
878.75,18,558927,0.2973,59.38,191.56,4232,4260,20,24,0,19,0,0,1,1,367.1,0,1,0,0,0,0,16,0.0001,0.00,0.00,0.00
879,18,558903,0.2974,59.28,192.59,4222,4218,14,20,0,19,0,0,0,1,367.1,0,1,0,0,0,0,16,0.0001,0.00,0.00,0.00
879.25,18,558853,0.2974,61.05,193.43,4312,4288,18,27,0,19,0,0,0,1,367.1,0,1,0,0,0,0,16,0.0001,0.00,0.00,0.00
879.5,18,558733,0.2974,59.88,194.24,4387,4291,12,25,2,17,0,0,0,1,367.1,0,1,0,0,0,0,16,0.0000,0.00,0.00,0.00
879.75,18,558555,0.2975,61.69,194.85,4410,4268,17,37,0,19,0,0,0,1,367.1,0,1,0,0,0,0,16,0.0000,0.00,0.00,0.00
880,18,558412,0.2976,60.56,195.46,4404,4284,11,23,3,18,0,0,0,1,367.1,0,1,0,0,0,0,15,0.0003,0.00,0.00,0.00
880.25,18,558299,0.2976,61.99,196.04,4437,4349,18,25,2,20,0,0,0,1,402.8,0,1,0,0,0,0,16,0.0003,0.89,9.04,28.00
880.5,18,558228,0.2977,60.33,196.29,4443,4394,20,23,1,18,0,0,0,1,402.8,0,1,0,0,0,0,16,0.0003,0.00,0.00,0.00
880.75,18,558099,0.2977,61.01,196.49,4316,4223,20,37,3,20,0,0,0,1,402.8,0,1,0,0,0,0,16,0.0003,0.00,0.00,0.00
881,18,557981,0.2977,59.71,196.83,4391,4305,15,32,3,17,0,0,0,1,402.8,0,1,0,0,0,0,16,0.0003,0.00,0.00,0.00
881.25,18,557758,0.2978,60.94,197.04,4355,4184,17,54,0,21,0,0,0,1,402.8,0,1,0,0,0,0,16,0.0003,0.00,0.00,0.00
881.5,18,557561,0.2979,58.91,197.33,4411,4261,15,47,3,22,0,0,0,1,402.8,0,1,0,0,0,0,17,0.0000,0.00,0.00,0.00
881.75,18,557412,0.2979,59.93,197.60,4335,4222,14,38,0,18,0,0,0,1,402.8,0,1,0,0,0,0,16,0.0000,0.00,0.00,0.00
882,18,557284,0.2979,58.20,197.93,4376,4290,16,43,1,19,0,0,0,1,402.8,0,1,0,0,0,0,16,0.0001,0.00,0.00,0.00
882.25,18,557149,0.2980,60.05,198.16,4265,4176,16,47,1,20,0,0,0,1,402.8,0,1,0,0,0,0,16,0.0001,0.68,5.55,21.23
882.5,18,557025,0.2980,57.79,198.30,4329,4261,15,57,1,20,0,0,0,1,402.8,0,1,0,0,0,1,16,0.0001,0.00,0.00,0.00
882.75,17,556869,0.2980,59.29,198.55,4096,4004,20,64,1,20,0,0,0,1,402.8,0,1,0,0,0,1,16,0.0002,0.00,0.00,0.00
883,17,556699,0.2980,58.00,198.67,4200,4082,28,54,1,17,0,0,0,1,402.8,0,1,0,0,0,0,16,0.0003,0.00,0.00,0.00
883.25,17,556655,0.2980,60.05,198.81,3935,3951,26,60,3,20,0,0,0,1,402.8,0,1,0,0,0,0,17,0.0001,0.00,0.00,0.00
883.5,17,556627,0.2979,57.87,198.93,4008,4035,19,55,0,19,0,0,0,1,402.8,0,1,0,0,0,0,16,0.0002,0.00,0.00,0.00
883.75,17,556491,0.2980,59.75,199.00,3980,3891,23,51,0,18,0,0,0,1,402.8,0,1,0,0,0,0,17,0.0000,0.00,0.00,0.00
884,17,556368,0.2980,57.29,199.08,4007,3934,10,50,3,17,0,0,0,1,402.8,0,1,0,0,0,0,16,0.0002,0.00,0.00,0.00
884.25,18,556228,0.2980,59.19,199.09,3877,3788,21,52,1,19,1,0,0,0,402.8,0,1,0,0,0,0,17,0.0001,0.57,6.27,30.18
884.5,18,556163,0.2980,58.94,199.01,3906,3869,20,28,4,19,0,0,6,0,402.8,0,1,0,0,0,0,16,0.0002,0.00,0.00,0.00
884.75,18,555888,0.2981,60.76,199.01,4151,3918,9126,42,0,22,0,0,2,0,402.8,0,1,0,0,0,0,17,0.0001,0.00,0.00,0.00
885,18,555673,0.2981,57.21,198.99,4142,4046,24,121,0,18,0,0,0,0,402.8,0,1,0,0,0,0,17,0.0000,0.00,0.00,0.00
885.25,18,555394,0.2982,55.40,198.80,4199,3970,22,50,2,20,0,0,0,0,402.8,0,1,0,0,0,0,16,0.0002,0.00,0.00,0.00
885.5,18,555293,0.2982,55.42,198.17,3928,3878,28,52,2,19,0,0,0,0,402.8,0,1,0,0,0,0,17,0.0002,0.00,0.00,0.00
885.75,18,555227,0.2982,54.44,197.91,3945,3914,18,37,2,23,0,0,0,0,402.8,0,1,0,0,0,0,17,0.0001,0.00,0.00,0.00
886,18,555185,0.2982,55.70,197.86,3876,3870,13,36,0,21,0,0,0,0,402.8,0,1,0,0,0,0,17,0.0001,0.00,0.00,0.00
886.25,18,555096,0.2982,52.41,197.97,3933,3879,17,35,3,19,0,0,0,1,402.8,0,1,0,0,0,0,17,0.0000,1.67,8.39,20.15
886.5,18,554942,0.2983,54.28,198.01,3862,3731,47,23,2,21,0,0,0,1,402.8,0,1,0,0,0,0,16,0.0003,0.00,0.00,0.00
886.75,18,555001,0.2982,51.02,197.94,3714,3824,13,51,3,22,0,0,0,1,402.8,0,1,0,0,0,0,17,0.0002,0.00,0.00,0.00
887,18,554881,0.2982,52.79,197.61,3745,3657,12,32,2,22,0,0,0,1,402.8,0,1,0,0,0,0,17,0.0002,0.00,0.00,0.00
887.25,18,554967,0.2982,49.17,196.36,3758,3876,19,35,0,18,0,0,0,1,402.8,0,1,0,0,0,0,17,0.0001,0.00,0.00,0.00
887.5,18,554953,0.2982,51.05,196.41,3585,3603,14,33,0,23,0,0,0,1,402.8,0,1,0,0,0,0,17,0.0001,0.00,0.00,0.00
887.75,18,554947,0.2982,49.92,196.98,3684,3705,22,27,0,23,0,0,0,1,402.8,0,1,0,0,0,0,17,0.0001,0.00,0.00,0.00
888,18,554935,0.2982,50.60,197.26,3600,3616,19,28,1,24,0,0,0,1,402.8,0,1,0,0,0,0,17,0.0000,0.00,0.00,0.00
888.25,18,554988,0.2981,50.31,197.45,3583,3667,18,32,0,21,0,0,0,2,402.8,0,1,0,0,0,0,17,0.0000,1.44,5.75,24.52
888.5,18,554942,0.2981,50.50,197.59,3583,3572,19,36,0,19,0,0,0,1,402.8,0,1,0,0,0,0,16,0.0003,0.00,0.00,0.00
888.75,18,554920,0.2981,50.82,195.05,3653,3658,12,27,1,18,0,0,0,1,402.8,0,1,0,0,0,0,17,0.0003,0.00,0.00,0.00
889,18,554821,0.2982,50.18,195.71,3536,3464,17,28,0,23,0,0,0,1,402.8,0,1,0,0,0,0,17,0.0002,0.00,0.00,0.00
889.25,18,554797,0.2982,50.37,196.22,3588,3598,19,34,1,18,0,0,0,1,402.8,0,1,0,0,0,0,17,0.0002,0.00,0.00,0.00
889.5,18,554553,0.2983,51.15,196.43,3613,3401,13,33,0,20,0,0,0,1,402.8,0,1,0,0,0,0,17,0.0002,0.00,0.00,0.00
889.75,18,554536,0.2983,52.27,196.52,3540,3546,15,23,3,20,0,0,0,1,402.8,0,1,0,0,0,0,17,0.0001,0.00,0.00,0.00
890,18,554482,0.2983,52.79,196.90,3663,3631,12,23,0,21,0,0,0,1,402.8,0,1,0,0,0,0,17,0.0001,0.00,0.00,0.00
890.25,17,554519,0.2983,55.63,197.20,3508,3571,8,26,4,23,0,1,0,2,485.4,0,0,0,0,1,0,17,0.0001,1.90,8.97,17.38
890.5,17,554588,0.2982,56.82,197.56,3668,3761,11,24,1,18,0,0,0,2,485.4,0,0,0,0,0,0,17,0.0000,0.00,0.00,0.00
890.75,17,554709,0.2982,57.97,197.86,3659,3801,15,21,4,24,0,0,0,2,485.4,0,0,0,0,0,0,17,0.0000,0.00,0.00,0.00
891,17,554693,0.2981,58.96,198.09,3755,3774,16,35,1,19,0,0,0,2,485.4,0,0,0,0,0,0,16,0.0003,0.00,0.00,0.00
891.25,17,554666,0.2981,59.91,198.21,3817,3815,20,29,6,21,0,0,0,2,485.4,0,0,0,0,0,0,17,0.0002,0.00,0.00,0.00
891.5,17,554697,0.2981,59.91,198.39,3867,3940,19,44,0,23,0,0,0,2,485.4,0,0,0,0,0,0,17,0.0002,0.00,0.00,0.00
891.75,17,554719,0.2980,60.60,197.82,3828,3878,23618,29,5,21,0,0,0,2,485.4,0,0,0,0,0,0,17,0.0002,0.00,0.00,0.00
892,17,554506,0.2982,60.66,197.59,4108,3922,21,27,0,22,0,0,0,2,485.4,0,0,0,0,0,0,17,0.0002,0.00,0.00,0.00
892.25,17,554432,0.2982,61.48,197.52,4039,3998,1937,33,2,20,0,0,0,3,485.4,0,0,0,0,0,0,17,0.0002,1.01,5.16,13.08
892.5,17,554418,0.2982,60.82,197.31,4140,4151,22,26,0,17,0,0,0,3,485.4,0,0,0,0,0,0,17,0.0002,0.00,0.00,0.00
892.75,17,554397,0.2982,62.57,197.10,4181,4192,8,32,1,20,0,0,0,2,485.4,0,0,0,0,0,0,17,0.0002,0.00,0.00,0.00
893,18,554450,0.2981,64.82,197.07,4184,4259,1453,23,2,20,1,0,0,1,485.4,0,0,0,0,0,0,17,0.0002,0.00,0.00,0.00
893.25,18,554267,0.2982,64.35,196.70,4338,4191,23,37,2,19,0,0,10,1,485.4,0,0,0,0,0,0,17,0.0002,0.00,0.00,0.00
893.5,18,554268,0.2982,64.30,195.93,4355,4389,12,34,3,21,0,0,0,1,485.4,0,0,0,0,0,0,17,0.0002,0.00,0.00,0.00
893.75,18,554051,0.2983,65.39,195.54,4495,4306,1408,30,1,22,0,0,0,1,485.4,0,0,0,0,0,0,17,0.0002,0.00,0.00,0.00
894,18,553928,0.2983,69.40,195.84,4598,4503,37133,28,3,25,0,0,2,1,485.4,0,0,0,0,0,0,17,0.0002,0.00,0.00,0.00
894.25,18,553620,0.2985,71.97,196.50,4967,4683,18,25,4,21,0,0,1,1,485.4,0,0,0,0,0,0,17,0.0002,1.23,3.87,16.61
894.5,18,553602,0.2985,73.56,197.01,4897,4911,23,34,2,20,0,0,0,1,485.4,0,0,0,0,0,0,17,0.0002,0.00,0.00,0.00
894.75,18,553478,0.2985,72.67,197.30,4936,4847,541,36,7,21,0,0,0,1,485.4,0,0,0,0,0,0,17,0.0002,0.00,0.00,0.00
895,18,553335,0.2986,73.51,197.65,4933,4825,21,36,4,23,0,0,1,1,485.4,0,0,0,0,0,0,17,0.0002,0.00,0.00,0.00
895.25,18,553342,0.2986,73.21,197.93,4937,4981,41,37,6,20,0,0,0,0,485.4,0,0,0,0,0,0,17,0.0003,0.00,0.00,0.00
895.5,18,553311,0.2985,75.58,198.25,4943,4962,42,52,8,20,0,0,0,0,485.4,0,0,0,0,0,0,17,0.0003,0.00,0.00,0.00
895.75,18,553267,0.2985,74.05,198.26,5114,5123,28,53,3,26,0,0,1,0,485.4,0,0,0,0,0,0,18,0.0000,0.00,0.00,0.00
896,18,553086,0.2986,75.58,198.41,5056,4915,25,40,1,23,0,0,0,0,485.4,0,0,0,0,0,0,17,0.0000,0.00,0.00,0.00
896.25,18,552849,0.2987,74.64,198.55,5094,4891,23,34,4,23,0,0,0,0,485.4,0,0,0,0,0,0,17,0.0000,1.79,7.07,21.36
896.5,18,552655,0.2988,75.85,198.67,5011,4848,16,32,0,24,0,0,0,0,485.4,0,0,0,0,0,0,17,0.0000,0.00,0.00,0.00
896.75,18,552553,0.2988,74.93,197.26,5018,4950,22,35,3,24,0,0,0,0,485.4,0,0,0,0,0,0,17,0.0001,0.00,0.00,0.00
897,18,552331,0.2989,74.76,196.83,5053,4864,27,36,2,20,0,0,0,0,485.4,0,0,0,0,0,0,17,0.0001,0.00,0.00,0.00
897.25,18,552375,0.2989,74.28,196.70,4823,4894,14,27,7,24,0,0,1,0,485.4,0,0,0,0,0,0,17,0.0001,0.00,0.00,0.00
897.5,18,552241,0.2989,74.16,197.06,4854,4744,34,28,12,21,0,0,0,0,485.4,0,0,0,0,0,0,17,0.0001,0.00,0.00,0.00
897.75,18,552182,0.2989,74.93,197.35,4924,4897,28,33,14,24,0,0,0,0,485.4,0,0,0,0,0,0,17,0.0001,0.00,0.00,0.00
898,18,552118,0.2989,74.65,197.48,4873,4847,40,38,12,20,0,0,0,0,485.4,0,0,0,0,0,0,17,0.0001,0.00,0.00,0.00
898.25,18,552133,0.2988,71.44,197.66,4822,4891,24,55,1,21,0,0,0,0,485.4,0,0,0,0,0,0,17,0.0001,2.37,6.97,23.95
898.5,18,552072,0.2988,70.21,197.92,4815,4792,37,39,1,19,0,0,0,0,485.4,0,0,0,0,0,0,17,0.0001,0.00,0.00,0.00
898.75,18,552004,0.2988,68.09,198.24,4697,4660,426,34,1,17,0,0,0,0,485.4,0,0,0,0,0,0,17,0.0001,0.00,0.00,0.00
899,18,551866,0.2989,66.68,198.47,4812,4708,30,35,1,24,0,0,0,0,485.4,0,0,0,0,0,0,17,0.0001,0.00,0.00,0.00
899.25,18,551783,0.2989,64.75,198.66,4670,4626,27,39,5,21,0,0,0,0,485.4,0,0,0,0,0,0,17,0.0001,0.00,0.00,0.00
899.5,18,551818,0.2988,66.04,198.84,4632,4701,44,37,10,23,0,0,0,0,485.4,0,0,0,0,0,0,17,0.0002,0.00,0.00,0.00
899.75,18,551715,0.2988,64.11,198.92,4758,4695,27,41,14,21,0,0,0,0,485.4,0,0,0,0,0,0,17,0.0002,0.00,0.00,0.00
900,18,551681,0.2988,64.49,199.08,4669,4672,34,41,11,23,0,0,0,0,485.4,0,0,0,0,0,0,17,0.0002,0.00,0.00,0.00
900.25,18,551582,0.2988,64.75,199.07,4574,4503,24,28,13,21,0,0,0,0,571.2,0,0,0,0,0,0,17,0.0003,2.58,7.28,20.26
900.5,18,551609,0.2988,64.00,198.04,4556,4612,22,30,16,22,0,0,0,0,571.2,0,0,0,0,0,0,18,0.0000,0.00,0.00,0.00
900.75,18,551500,0.2988,64.74,197.68,4537,4461,17,34,3,18,0,0,0,0,571.2,0,0,0,0,0,0,17,0.0001,0.00,0.00,0.00
901,18,551554,0.2988,66.16,197.81,4508,4601,26,42,6,24,0,0,0,0,571.2,0,0,0,0,0,0,17,0.0002,0.00,0.00,0.00
901.25,18,551481,0.2987,66.44,197.92,4576,4545,33,46,5,23,0,0,0,0,571.2,0,0,0,0,0,0,17,0.0003,0.00,0.00,0.00
901.5,18,551403,0.2987,66.77,198.11,4505,4470,22,43,11,21,0,0,0,0,571.2,0,0,0,0,0,0,18,0.0001,0.00,0.00,0.00
901.75,18,551491,0.2986,67.37,198.21,4468,4596,64,41,6,23,0,0,0,0,571.2,0,0,0,0,0,0,17,0.0002,0.00,0.00,0.00
902,18,551443,0.2986,66.69,198.09,4581,4580,22,47,5,25,0,0,0,0,571.2,0,0,0,0,0,0,18,0.0000,0.00,0.00,0.00
902.25,18,551388,0.2986,66.14,198.34,4624,4610,1139,43,10,19,0,0,0,0,571.2,0,0,0,0,0,0,17,0.0002,1.89,6.71,19.83
902.5,18,551435,0.2986,63.40,198.36,4592,4675,30,37,2,26,0,0,1,0,571.2,0,0,0,0,0,0,18,0.0000,0.00,0.00,0.00
902.75,18,551206,0.2987,62.97,198.06,4479,4276,30,28,2,24,0,0,0,0,571.2,0,0,0,0,0,0,17,0.0002,0.00,0.00,0.00
903,18,551141,0.2987,63.76,198.11,4286,4256,29,39,8,23,0,0,0,0,571.2,0,0,0,0,0,0,18,0.0001,0.00,0.00,0.00
903.25,18,551200,0.2986,62.74,198.25,4215,4317,33,46,7,21,0,0,0,0,571.2,0,0,0,0,0,0,17,0.0002,0.00,0.00,0.00
903.5,18,551263,0.2985,64.35,197.90,4131,4223,1136,34,6,23,0,0,0,0,571.2,0,0,0,0,0,0,18,0.0001,0.00,0.00,0.00
903.75,18,551317,0.2985,66.22,198.00,4121,4222,38,51,4,18,0,0,0,0,571.2,0,0,0,0,0,0,17,0.0003,0.00,0.00,0.00
904,18,551225,0.2984,69.88,197.96,4313,4277,41,60,2,22,0,0,0,0,571.2,0,0,0,0,0,0,18,0.0002,0.00,0.00,0.00
904.25,18,551254,0.2983,72.36,198.19,4350,4437,40,63,7,24,0,0,0,0,571.2,0,0,0,0,0,0,18,0.0001,2.70,7.36,26.54
904.5,18,551377,0.2982,74.70,198.29,4179,4366,334,64,2,23,0,0,0,0,571.2,0,0,0,0,0,0,18,0.0000,0.00,0.00,0.00
904.75,18,551454,0.2981,78.72,198.34,4362,4488,33,50,5,22,0,0,0,0,571.2,0,0,0,0,0,0,18,0.0000,0.00,0.00,0.00
905,18,551407,0.2981,81.09,198.45,4509,4497,23,36,3,25,0,0,0,0,571.2,0,0,0,0,0,0,17,0.0003,0.00,0.00,0.00
905.25,18,551405,0.2980,83.28,198.55,4494,4551,40,59,5,20,0,0,0,0,571.2,0,0,0,0,0,0,18,0.0002,0.00,0.00,0.00
905.5,18,551364,0.2980,84.87,198.55,4531,4558,38,69,4,23,0,0,0,0,571.2,0,0,0,0,0,0,18,0.0002,0.00,0.00,0.00
905.75,18,551455,0.2978,84.04,198.74,4497,4658,21,72,7,21,0,0,0,0,571.2,0,0,0,0,0,0,18,0.0002,0.00,0.00,0.00
906,18,551354,0.2977,84.42,198.83,4516,4503,96,90,9,21,0,0,1,0,571.2,0,0,0,0,0,0,19,0.0000,0.00,0.00,0.00
906.25,18,551413,0.2977,82.77,198.95,4546,4660,17743,55,6,22,0,0,0,0,571.2,0,0,0,0,0,0,18,0.0001,1.07,3.29,18.67
906.5,18,551385,0.2977,79.87,198.99,4918,4917,13,27,1,23,0,0,0,0,571.2,0,0,0,0,0,0,18,0.0002,0.00,0.00,0.00
906.75,18,551397,0.2976,78.46,199.06,4955,5014,34,47,4,20,0,0,0,0,571.2,0,0,0,0,0,0,18,0.0003,0.00,0.00,0.00
907,18,551202,0.2977,76.92,198.91,5086,4937,27,46,10,20,0,0,0,0,571.2,0,0,0,0,0,0,19,0.0000,0.00,0.00,0.00
907.25,18,551065,0.2977,75.79,198.81,5114,5023,27,53,7,22,0,0,0,0,571.2,0,0,0,0,0,0,18,0.0001,0.00,0.00,0.00
907.5,18,551045,0.2977,72.56,198.51,5019,5033,405,37,1,21,0,0,0,0,571.2,0,0,0,0,0,0,18,0.0002,0.00,0.00,0.00
907.75,18,550914,0.2977,70.27,198.49,4944,4857,33,48,3,28,0,0,0,0,571.2,0,0,0,0,0,0,19,0.0000,0.00,0.00,0.00
908,18,550805,0.2977,68.91,198.26,4915,4868,34,64,4,21,0,0,0,0,571.2,0,0,0,0,0,0,18,0.0001,0.00,0.00,0.00
908.25,18,550653,0.2977,66.75,198.24,4821,4722,32,54,1,22,0,0,0,0,571.2,0,0,0,0,0,0,18,0.0003,1.01,5.89,14.90
908.5,18,550599,0.2977,66.49,198.28,4753,4744,23,47,1,24,0,0,0,0,571.2,0,0,0,0,0,0,19,0.0001,0.00,0.00,0.00
908.75,18,550474,0.2977,67.28,197.65,4780,4693,33,39,1,22,0,0,0,0,571.2,0,0,0,0,0,0,18,0.0003,0.00,0.00,0.00
909,18,550522,0.2977,67.50,197.55,4695,4789,24,47,3,20,0,0,0,0,571.2,0,0,0,0,0,0,19,0.0001,0.00,0.00,0.00
909.25,18,550589,0.2976,68.25,197.14,4670,4774,25,37,1,21,0,0,0,0,571.2,0,0,0,0,0,0,18,0.0003,0.00,0.00,0.00
909.5,18,550547,0.2976,67.09,197.12,4757,4768,31,55,3,22,0,0,0,0,571.2,0,0,0,0,0,0,19,0.0001,0.00,0.00,0.00
909.75,18,550424,0.2976,67.32,196.98,4742,4665,463,50,3,25,0,0,0,0,571.2,0,0,0,0,0,0,19,0.0000,0.00,0.00,0.00
910,18,550363,0.2976,66.82,196.74,4697,4669,31,34,0,21,0,0,0,0,571.2,0,0,0,0,0,1,18,0.0002,0.00,0.00,0.00
910.25,17,550326,0.2976,66.24,196.63,4641,4640,34,40,1,27,0,0,0,0,628.0,0,0,0,0,0,1,19,0.0001,1.14,4.46,13.30
910.5,17,550194,0.2977,65.24,194.18,4667,4559,33,25,1,25,0,0,0,0,628.0,0,0,0,0,0,0,19,0.0000,0.00,0.00,0.00
910.75,17,550135,0.2977,65.27,194.60,4539,4519,23,40,1,22,0,0,0,0,628.0,0,0,0,0,0,0,18,0.0002,0.00,0.00,0.00
911,17,550191,0.2976,63.89,192.53,4418,4522,26,49,0,22,0,0,0,0,628.0,0,0,0,0,0,0,19,0.0002,0.00,0.00,0.00
911.25,17,550212,0.2976,63.48,193.38,4545,4609,34,48,0,22,0,0,0,0,628.0,0,0,0,0,0,0,19,0.0001,0.00,0.00,0.00
911.5,17,550181,0.2975,61.70,193.37,4409,4421,30,47,2,21,0,0,0,0,628.0,0,0,0,0,0,0,19,0.0001,0.00,0.00,0.00
911.75,17,550176,0.2975,62.24,193.68,4478,4521,8367,51,0,23,0,0,0,0,628.0,0,0,0,0,0,0,19,0.0001,0.00,0.00,0.00
912,17,550088,0.2975,60.25,187.48,4383,4341,24,46,1,22,0,0,0,0,628.0,0,0,0,0,0,0,19,0.0001,0.00,0.00,0.00
912.25,17,550108,0.2975,60.61,189.25,4272,4339,21,47,2,24,0,0,0,0,628.0,0,0,0,0,0,0,19,0.0001,1.30,4.26,10.58
912.5,17,550234,0.2973,59.35,187.88,4173,4352,30,54,1,21,0,0,0,0,628.0,0,0,0,0,0,0,19,0.0001,0.00,0.00,0.00
912.75,17,550156,0.2973,59.91,186.65,4257,4223,29828,48,2,24,0,0,0,0,628.0,0,0,0,0,0,0,19,0.0002,0.00,0.00,0.00
913,17,549981,0.2974,59.92,187.54,4407,4284,31,54,1,25,0,0,0,0,628.0,0,0,0,0,0,0,19,0.0002,0.00,0.00,0.00
913.25,17,549927,0.2974,63.01,188.92,4366,4356,10013,50,2,21,0,0,0,0,628.0,0,0,0,0,0,0,19,0.0003,0.00,0.00,0.00
913.5,17,549891,0.2973,64.06,188.93,4371,4385,89,59,34,34,0,0,0,0,628.0,0,0,0,0,0,0,20,0.0000,0.00,0.00,0.00
913.75,17,549732,0.2972,64.47,189.26,4387,4335,87,113,22,23,0,0,0,0,628.0,0,0,0,0,0,0,19,0.0001,0.00,0.00,0.00
914,17,549766,0.2971,65.36,190.33,4261,4363,49,71,8,24,0,0,0,0,628.0,0,0,0,0,0,0,19,0.0003,0.00,0.00,0.00
914.25,17,549755,0.2969,67.80,191.85,4455,4526,31,84,9,25,0,0,0,0,628.0,0,0,0,0,0,0,20,0.0001,3.49,8.46,20.53
914.5,17,549667,0.2969,69.52,192.83,4484,4459,25,64,10,20,0,0,1,0,628.0,0,0,0,0,0,0,19,0.0003,0.00,0.00,0.00
914.75,17,549716,0.2968,70.83,193.95,4580,4683,26,54,5,23,0,0,0,0,628.0,0,0,0,0,0,0,20,0.0002,0.00,0.00,0.00
915,17,549673,0.2968,70.59,194.88,4602,4602,26,44,7,25,0,0,0,0,628.0,0,0,0,0,0,0,20,0.0000,0.00,0.00,0.00
915.25,17,549619,0.2968,71.22,195.54,4727,4719,34,47,4,24,0,0,0,0,628.0,0,0,0,0,0,0,19,0.0002,0.00,0.00,0.00
915.5,17,549803,0.2966,71.41,196.16,4616,4839,25,41,4,24,0,0,0,0,628.0,0,0,0,0,0,0,20,0.0001,0.00,0.00,0.00
915.75,17,549769,0.2966,71.42,196.73,4731,4734,27,38,3,26,0,0,0,0,628.0,0,0,0,0,0,0,19,0.0002,0.00,0.00,0.00
916,17,549810,0.2966,70.29,197.14,4724,4800,26,36,8,23,0,0,0,0,628.0,0,0,0,0,0,0,20,0.0001,0.00,0.00,0.00
916.25,16,549752,0.2966,69.77,197.51,4753,4730,24,38,4,23,0,1,0,0,628.0,0,0,0,1,0,0,19,0.0002,1.43,6.18,11.41
916.5,16,549519,0.2967,68.53,197.86,4539,4339,20542,34,10,26,0,0,0,0,628.0,0,0,0,0,0,0,20,0.0001,0.00,0.00,0.00
916.75,16,549467,0.2967,68.68,198.17,4599,4588,29,42,4,21,0,0,0,0,628.0,0,0,0,0,0,0,19,0.0003,0.00,0.00,0.00
917,16,549333,0.2967,69.69,198.41,4579,4480,36,35,3,22,0,0,0,0,628.0,0,0,0,0,0,0,20,0.0001,0.00,0.00,0.00
917.25,16,549180,0.2967,69.83,198.59,4728,4622,63,52,4,25,0,0,0,0,628.0,0,0,0,0,0,0,20,0.0000,0.00,0.00,0.00
917.5,16,549293,0.2966,70.46,198.78,4578,4728,39,39,6,22,0,0,0,0,628.0,0,0,0,0,0,0,19,0.0002,0.00,0.00,0.00
917.75,16,549387,0.2965,70.81,198.93,4606,4751,42,53,4,30,0,0,0,0,628.0,0,0,0,0,0,0,20,0.0001,0.00,0.00,0.00
918,16,549381,0.2965,70.64,199.10,4678,4716,41,49,10,24,0,0,0,0,628.0,0,0,0,0,0,0,20,0.0000,0.00,0.00,0.00
918.25,16,549362,0.2964,70.35,199.19,4592,4651,31,81,5,24,0,0,0,0,628.0,0,0,0,0,0,0,19,0.0003,1.53,4.48,18.97
918.5,16,549326,0.2964,70.35,199.30,4617,4637,33,57,4,29,0,0,0,0,628.0,0,0,0,0,0,0,20,0.0002,0.00,0.00,0.00
918.75,16,549297,0.2963,69.50,199.36,4591,4624,25,63,4,23,0,0,0,0,628.0,0,0,0,0,0,0,20,0.0002,0.00,0.00,0.00
919,16,549282,0.2962,68.31,199.41,4483,4532,27,64,5,24,0,0,0,0,628.0,0,0,0,0,0,0,20,0.0002,0.00,0.00,0.00
919.25,16,549255,0.2962,67.80,199.46,4520,4536,26,43,2,25,0,0,0,0,628.0,0,0,0,0,0,0,20,0.0002,0.00,0.00,0.00
919.5,16,549235,0.2961,65.42,199.52,4362,4410,21,69,3,25,0,0,0,0,628.0,0,0,0,0,0,0,20,0.0002,0.00,0.00,0.00
919.75,16,549290,0.2961,64.16,199.56,4305,4402,20,42,3,21,0,0,0,0,628.0,0,0,0,0,0,0,20,0.0002,0.00,0.00,0.00
920,16,549199,0.2961,62.03,199.63,4252,4202,22,42,3,30,0,0,0,0,628.0,0,0,0,0,0,0,20,0.0003,0.00,0.00,0.00
920.25,16,549317,0.2960,60.30,199.67,4121,4281,818,44,3,24,0,0,0,1,607.7,0,0,0,0,0,0,21,0.0000,1.22,3.36,19.31
920.5,16,549338,0.2960,58.18,199.72,4109,4166,28,40,8,26,0,0,0,1,607.7,0,0,0,0,0,0,20,0.0000,0.00,0.00,0.00
920.75,16,549241,0.2960,56.11,199.71,4115,4070,25,52,2,23,0,0,0,1,607.7,0,0,0,0,0,0,20,0.0001,0.00,0.00,0.00
921,16,549089,0.2960,55.57,177.04,4026,3915,37,48,3,23,0,0,0,0,607.7,0,0,0,0,0,0,20,0.0001,0.00,0.00,0.00
921.25,16,548953,0.2960,54.32,175.88,3910,3813,30,40,4,29,0,0,0,0,607.7,0,0,0,0,0,0,20,0.0002,0.00,0.00,0.00
921.5,16,549017,0.2960,54.12,179.00,3675,3779,31,43,2,27,0,0,0,0,607.7,0,0,0,0,0,0,20,0.0002,0.00,0.00,0.00
921.75,16,548956,0.2959,53.42,180.43,3717,3725,39,71,3,27,0,0,0,0,607.7,0,0,0,0,0,0,21,0.0000,0.00,0.00,0.00
922,16,548999,0.2959,54.30,174.38,3561,3647,19,45,3,26,0,0,0,0,607.7,0,0,0,0,0,0,20,0.0001,0.00,0.00,0.00
922.25,16,549041,0.2958,53.39,178.37,3577,3671,24,53,3,24,0,0,0,2,607.7,0,0,0,0,0,0,20,0.0002,2.98,5.34,20.25
922.5,16,548922,0.2958,53.54,181.48,3701,3637,24,55,1,25,0,0,0,0,607.7,0,0,0,0,0,0,21,0.0000,0.00,0.00,0.00
922.75,16,548975,0.2957,52.81,184.31,3557,3670,17,62,0,27,0,0,1,0,607.7,0,0,0,0,0,0,20,0.0001,0.00,0.00,0.00
923,16,548992,0.2957,53.10,185.86,3512,3586,18,58,2,24,0,0,0,0,607.7,0,0,0,0,0,0,20,0.0003,0.00,0.00,0.00
923.25,16,549068,0.2956,52.50,187.96,3536,3660,22,51,1,25,0,0,0,0,607.7,0,0,0,0,0,0,21,0.0001,0.00,0.00,0.00
923.5,16,549088,0.2955,53.61,187.27,3519,3600,22,61,1,26,0,0,0,0,607.7,0,0,0,0,0,0,20,0.0002,0.00,0.00,0.00
923.75,16,549050,0.2955,52.74,180.95,3503,3521,21,57,1,24,0,0,0,0,607.7,0,0,0,0,0,0,21,0.0001,0.00,0.00,0.00
924,16,549007,0.2955,52.57,179.15,3433,3448,24,59,3,25,0,0,0,0,607.7,0,0,0,0,0,0,20,0.0003,0.00,0.00,0.00
924.25,16,548970,0.2954,51.61,182.34,3392,3419,16,64,1,23,0,0,0,0,607.7,0,0,0,0,0,0,21,0.0001,1.81,5.15,16.54
924.5,16,548940,0.2953,51.60,184.07,3252,3284,14,62,0,22,0,0,0,0,607.7,0,0,0,0,0,0,21,0.0000,0.00,0.00,0.00
924.75,16,548956,0.2953,51.62,185.23,3166,3229,550,47,1,24,0,0,0,0,607.7,0,0,0,0,0,0,20,0.0002,0.00,0.00,0.00
925,16,548982,0.2953,52.12,186.37,3100,3162,14,37,1,22,0,0,0,0,607.7,0,0,0,0,0,0,21,0.0001,0.00,0.00,0.00
925.25,16,549150,0.2952,51.19,186.91,3091,3279,10,20,3,24,0,0,0,0,607.7,0,0,0,0,0,0,20,0.0003,0.00,0.00,0.00
925.5,16,549056,0.2952,51.46,187.98,3246,3186,13,34,1,25,0,0,0,0,607.7,0,0,0,0,0,0,21,0.0001,0.00,0.00,0.00
925.75,16,549187,0.2952,52.88,189.25,3117,3270,26181,23,3,29,0,0,0,0,607.7,0,0,0,0,0,0,20,0.0003,0.00,0.00,0.00
926,16,549214,0.2951,54.18,190.51,3433,3499,17,39,1,23,0,0,0,0,607.7,0,0,0,0,0,1,21,0.0001,0.00,0.00,0.00
926.25,15,549336,0.2951,54.28,191.83,3472,3612,15,18,0,24,0,0,0,0,607.7,0,0,0,0,0,1,20,0.0003,1.65,3.96,13.78
926.5,15,549333,0.2950,54.89,191.10,3545,3573,14,32,1,22,0,0,0,0,607.7,0,0,0,0,0,0,21,0.0001,0.00,0.00,0.00
926.75,15,549577,0.2949,55.15,192.17,3403,3663,9,16,0,24,0,0,0,0,607.7,0,0,0,0,0,0,20,0.0003,0.00,0.00,0.00
927,15,549678,0.2949,55.89,191.22,3572,3700,15,29,0,23,0,0,0,0,607.7,0,0,0,0,0,0,21,0.0001,0.00,0.00,0.00
927.25,15,549784,0.2949,55.95,191.87,3651,3773,10,16,0,28,0,0,0,0,607.7,0,0,0,0,0,0,20,0.0002,0.00,0.00,0.00
927.5,15,549778,0.2949,57.23,191.02,3804,3822,17,24,1,24,0,0,0,0,607.7,0,0,0,0,0,0,21,0.0000,0.00,0.00,0.00
927.75,15,549867,0.2948,57.04,191.52,3776,3888,13,23,1,23,0,0,0,0,607.7,0,0,0,0,0,0,20,0.0001,0.00,0.00,0.00
928,15,549898,0.2948,58.39,192.34,3855,3907,99,23,7,27,0,0,0,0,607.7,0,0,0,0,0,0,20,0.0002,0.00,0.00,0.00
928.25,15,549948,0.2948,58.70,193.15,3904,3968,45,15,1,21,0,0,0,0,607.7,0,0,0,0,0,0,20,0.0002,1.27,3.84,12.14
928.5,15,549999,0.2948,59.79,194.09,3958,4027,13,18,1,25,0,0,0,0,607.7,0,0,0,0,0,0,20,0.0002,0.00,0.00,0.00
928.75,15,550011,0.2948,60.04,194.58,3983,4013,23,18,2,25,0,0,0,0,607.7,0,0,0,0,0,0,20,0.0003,0.00,0.00,0.00
929,15,550073,0.2948,61.07,195.30,4023,4102,15,17,2,26,0,0,0,0,607.7,0,0,0,0,0,0,20,0.0003,0.00,0.00,0.00
929.25,15,549982,0.2948,60.78,195.81,4108,4029,11,12,1,26,0,0,0,0,607.7,0,0,0,0,0,0,20,0.0002,0.00,0.00,0.00
929.5,15,550006,0.2948,61.09,196.32,4133,4169,11,12,2,23,0,0,0,0,607.7,0,0,0,0,0,0,20,0.0002,0.00,0.00,0.00
929.75,15,549895,0.2949,61.01,196.70,4149,4049,15,11,2,30,0,0,0,0,607.7,0,0,0,0,0,0,20,0.0002,0.00,0.00,0.00
930,15,549838,0.2950,61.04,197.09,4121,4082,15,19,5,27,0,0,0,0,607.7,0,0,0,0,0,0,20,0.0001,0.00,0.00,0.00
930.25,15,549734,0.2950,59.91,197.49,4090,4008,19,23,5,24,0,0,0,0,604.0,0,0,0,0,0,0,19,0.0003,0.83,2.15,17.25
930.5,15,549779,0.2950,59.49,197.76,3998,4063,58,23,4,25,0,0,0,0,604.0,0,0,0,0,0,0,20,0.0002,0.00,0.00,0.00
930.75,15,549723,0.2950,57.89,197.93,4037,4003,39,27,0,24,0,0,0,0,604.0,0,0,0,0,0,0,20,0.0001,0.00,0.00,0.00
931,15,549709,0.2950,57.11,198.18,3965,3992,36,47,0,23,0,0,0,0,604.0,0,0,0,0,0,0,19,0.0003,0.00,0.00,0.00
931.25,15,549632,0.2950,56.28,198.26,3969,3928,30,39,0,24,0,0,0,0,604.0,0,0,0,0,0,0,20,0.0001,0.00,0.00,0.00
931.5,15,549526,0.2951,55.39,198.46,3836,3770,25,41,0,29,0,0,0,0,604.0,0,0,0,0,0,0,20,0.0000,0.00,0.00,0.00
931.75,15,549559,0.2950,53.84,198.45,3728,3806,17,45,1,25,0,0,0,0,604.0,0,0,0,0,0,0,19,0.0002,0.00,0.00,0.00
932,15,549454,0.2950,52.26,198.50,3687,3632,17,50,1,23,0,0,0,0,604.0,0,0,0,0,0,0,20,0.0002,0.00,0.00,0.00
932.25,15,549362,0.2950,50.51,198.53,3617,3579,17,54,0,22,0,0,0,1,604.0,0,0,0,0,0,0,20,0.0001,0.58,4.67,18.88
932.5,15,549442,0.2949,51.14,198.51,3413,3550,14,58,5,24,0,0,0,0,604.0,0,0,0,0,0,0,20,0.0001,0.00,0.00,0.00
932.75,15,549379,0.2949,51.27,198.48,3468,3469,25,64,1,22,0,0,0,0,604.0,0,0,0,0,0,0,20,0.0001,0.00,0.00,0.00
933,15,549266,0.2949,52.91,198.43,3437,3369,21,46,0,27,0,0,0,0,604.0,0,0,0,0,0,0,20,0.0001,0.00,0.00,0.00
933.25,15,549147,0.2950,51.52,198.44,3447,3360,12,32,2,23,0,0,0,0,604.0,0,0,0,0,0,0,20,0.0002,0.00,0.00,0.00
933.5,15,549127,0.2950,53.52,198.48,3336,3332,12,16,0,22,0,0,0,0,604.0,0,0,0,0,0,0,20,0.0002,0.00,0.00,0.00
933.75,15,549254,0.2950,52.46,198.53,3332,3477,6,18,0,21,0,0,0,0,604.0,0,0,0,0,0,0,20,0.0002,0.00,0.00,0.00
934,15,549196,0.2950,52.22,198.68,3396,3358,16,20,0,22,0,0,0,0,604.0,0,0,0,0,0,0,20,0.0002,0.00,0.00,0.00
934.25,15,549298,0.2950,53.48,198.72,3338,3450,6,10,0,25,0,0,0,0,604.0,0,0,0,0,0,0,20,0.0002,0.84,2.65,13.18
934.5,15,549351,0.2949,52.60,198.85,3324,3398,17,25,0,23,0,0,0,0,604.0,0,0,0,0,0,0,20,0.0001,0.00,0.00,0.00
934.75,15,549491,0.2949,51.53,198.79,3275,3435,11,21,0,22,0,0,0,0,604.0,0,0,0,0,0,0,20,0.0001,0.00,0.00,0.00
935,15,549436,0.2949,52.92,198.78,3390,3360,17,25,0,26,0,0,0,0,604.0,0,0,0,0,0,0,20,0.0001,0.00,0.00,0.00
935.25,15,549545,0.2948,51.50,198.69,3287,3424,13,29,0,23,0,0,0,0,604.0,0,0,0,0,0,0,20,0.0001,0.00,0.00,0.00
935.5,15,549549,0.2948,52.18,198.69,3397,3427,12,27,3,21,0,0,0,0,604.0,0,0,0,0,0,0,20,0.0001,0.00,0.00,0.00
935.75,15,549562,0.2948,51.29,198.57,3368,3405,14,24,2,24,0,0,0,0,604.0,0,0,0,0,0,0,20,0.0000,0.00,0.00,0.00
936,15,549620,0.2948,52.16,198.45,3318,3399,20173,27,4,22,0,0,0,0,604.0,0,0,0,0,0,0,20,0.0000,0.00,0.00,0.00
936.25,15,549689,0.2947,45.36,198.45,3437,3514,20929,19,35,22,0,0,0,1,604.0,0,0,0,0,0,0,20,0.0000,2.04,15.97,24.43
936.5,15,549626,0.2946,47.86,198.22,3324,3324,20052,65,36,24,0,0,0,0,604.0,0,0,0,0,0,0,20,0.0000,0.00,0.00,0.00
936.75,15,549742,0.2945,49.11,198.11,3357,3516,25,44,3,22,0,0,0,0,604.0,0,0,0,0,0,0,20,0.0000,0.00,0.00,0.00
937,15,549719,0.2945,49.58,198.02,3250,3252,12,25,2,24,0,0,0,0,604.0,0,0,0,0,0,0,20,0.0000,0.00,0.00,0.00
937.25,15,549778,0.2945,47.24,197.86,3284,3369,20045,27,1,22,0,0,0,0,604.0,0,0,0,0,0,0,20,0.0000,0.00,0.00,0.00
937.5,15,549682,0.2945,44.93,197.95,3397,3348,23,47,2,22,0,0,0,0,604.0,0,0,0,0,0,0,20,0.0000,0.00,0.00,0.00
937.75,15,549697,0.2944,45.74,197.96,3146,3198,16,39,1,25,0,0,0,0,604.0,0,0,0,0,0,0,20,0.0000,0.00,0.00,0.00
938,15,549724,0.2944,46.89,198.10,3060,3112,15,26,2,27,0,0,0,0,604.0,0,0,0,0,0,0,19,0.0003,0.00,0.00,0.00
938.25,15,549821,0.2944,47.17,197.89,3012,3133,12,24,3,23,0,0,0,0,604.0,0,0,0,0,0,0,20,0.0003,1.06,3.44,9.07
938.5,15,549875,0.2944,47.61,198.14,3093,3167,69,20,2,25,0,0,0,0,604.0,0,0,0,0,0,0,20,0.0002,0.00,0.00,0.00
938.75,15,550047,0.2943,48.52,198.17,3061,3257,8,24,2,21,0,0,0,0,604.0,0,0,0,0,0,0,20,0.0002,0.00,0.00,0.00
939,15,550163,0.2942,48.84,198.19,3092,3234,7,26,1,26,0,0,0,0,604.0,0,0,0,0,0,0,20,0.0001,0.00,0.00,0.00
939.25,15,550214,0.2942,49.39,198.13,3191,3263,12,22,3,26,0,0,0,0,604.0,0,0,0,0,0,0,20,0.0001,0.00,0.00,0.00
939.5,15,550346,0.2941,49.73,198.14,3125,3277,9,20,10,21,0,0,0,0,604.0,0,0,0,0,0,0,20,0.0001,0.00,0.00,0.00
939.75,15,550417,0.2940,50.49,198.28,3253,3346,8,22,15,24,0,0,0,0,604.0,0,0,0,0,0,0,20,0.0000,0.00,0.00,0.00
940,15,550544,0.2939,50.90,198.18,3232,3391,18,35,17,21,0,0,0,0,604.0,0,0,0,0,0,0,19,0.0003,0.00,0.00,0.00
940.25,15,550597,0.2939,51.91,198.05,3283,3366,7,30,15,26,0,0,0,1,528.5,0,0,0,0,0,0,20,0.0002,1.25,4.48,8.04
940.5,16,550657,0.2938,52.10,197.98,3350,3442,22,33,16,27,1,0,0,0,528.5,0,0,0,0,0,0,20,0.0002,0.00,0.00,0.00
940.75,16,550675,0.2938,52.70,198.08,3360,3411,16,34,9,21,0,0,11,0,528.5,0,0,0,0,0,0,20,0.0002,0.00,0.00,0.00
941,16,550634,0.2937,53.28,198.16,3431,3441,12,51,21,25,0,0,0,0,528.5,0,0,0,0,0,0,20,0.0001,0.00,0.00,0.00
941.25,16,550639,0.2936,54.45,198.31,3425,3469,21,42,30,26,0,0,0,0,528.5,0,0,0,0,0,0,20,0.0001,0.00,0.00,0.00
941.5,16,550655,0.2935,56.60,198.38,3443,3541,19,82,23,24,0,0,0,0,528.5,0,0,0,0,0,0,20,0.0001,0.00,0.00,0.00
941.75,16,550667,0.2934,58.48,198.52,3527,3574,15,35,18,21,0,0,1,0,528.5,0,0,0,0,0,0,20,0.0001,0.00,0.00,0.00
942,16,550699,0.2933,59.51,198.60,3494,3580,27,59,9,26,0,0,0,0,528.5,0,0,0,0,0,0,20,0.0002,0.00,0.00,0.00
942.25,16,550713,0.2933,59.05,198.66,3463,3526,19,49,7,24,0,0,0,0,528.5,0,0,0,0,0,0,20,0.0002,2.31,7.02,18.78
942.5,16,550719,0.2932,58.97,198.78,3431,3471,12,34,10,22,0,0,0,0,528.5,0,0,0,0,0,0,20,0.0003,0.00,0.00,0.00
942.75,16,550703,0.2932,57.11,198.94,3424,3461,18,53,8,29,0,0,0,0,528.5,0,0,0,0,0,0,21,0.0000,0.00,0.00,0.00
943,16,550777,0.2932,57.21,199.00,3252,3352,18,26,8,25,0,0,0,0,528.5,0,0,0,0,0,0,20,0.0001,0.00,0.00,0.00
943.25,16,550742,0.2932,56.56,199.01,3209,3202,9282,28,9,21,0,0,0,0,528.5,0,0,0,0,0,0,20,0.0001,0.00,0.00,0.00
943.5,16,550609,0.2932,55.74,199.08,3460,3353,17,30,7,24,0,0,0,0,528.5,0,0,0,0,0,0,20,0.0002,0.00,0.00,0.00
943.75,16,550734,0.2931,55.24,199.06,3253,3405,12,27,4,25,0,0,0,0,528.5,0,0,0,0,0,0,20,0.0002,0.00,0.00,0.00
944,16,550798,0.2931,52.84,199.14,3259,3344,13,21,8,23,0,0,0,0,528.5,0,0,0,0,0,0,20,0.0003,0.00,0.00,0.00
944.25,16,550937,0.2930,51.06,199.14,3267,3427,13,21,2,25,0,0,0,0,528.5,0,0,0,0,0,0,21,0.0000,1.46,3.09,9.50
944.5,16,550929,0.2930,53.36,199.25,3409,3428,36906,28,0,24,0,0,0,0,528.5,0,0,0,0,0,0,20,0.0001,0.00,0.00,0.00
944.75,16,550876,0.2930,50.72,199.26,3690,3683,25,46,5,22,0,0,0,0,528.5,0,0,0,0,0,0,20,0.0001,0.00,0.00,0.00
945,16,550652,0.2931,50.62,199.31,3908,3728,16,44,2,23,0,0,0,0,528.5,0,0,0,0,0,0,20,0.0002,0.00,0.00,0.00
945.25,16,550638,0.2931,53.26,199.41,3817,3838,22,36,5,21,0,0,0,0,528.5,0,0,0,0,0,0,20,0.0002,0.00,0.00,0.00
945.5,16,550594,0.2931,54.66,199.47,3930,3923,13,37,6,29,0,0,0,0,528.5,0,0,0,0,0,0,21,0.0000,0.00,0.00,0.00
945.75,16,550573,0.2931,57.11,199.37,4045,4061,15,38,6,23,0,0,0,0,528.5,0,0,0,0,0,0,20,0.0001,0.00,0.00,0.00
946,16,550637,0.2930,57.15,199.07,3940,4017,23,16,6,25,0,0,0,0,528.5,0,0,0,0,0,0,20,0.0002,0.00,0.00,0.00
946.25,16,550643,0.2930,58.54,198.83,4076,4107,1966,25,2,26,0,0,0,0,528.5,0,0,0,0,0,0,20,0.0002,0.77,5.00,13.14
946.5,16,550494,0.2932,58.27,198.52,4173,4042,17,18,0,29,0,0,0,0,528.5,0,0,0,0,0,0,21,0.0000,0.00,0.00,0.00
946.75,16,550465,0.2932,58.12,198.20,4202,4191,15,18,4,24,0,0,0,0,528.5,0,0,0,0,0,0,20,0.0001,0.00,0.00,0.00
947,16,550353,0.2932,58.08,198.04,4222,4126,14,16,7,21,0,0,0,0,528.5,0,0,0,0,0,0,20,0.0001,0.00,0.00,0.00
947.25,16,550312,0.2933,58.69,197.85,4187,4167,18,21,1,24,0,0,0,0,528.5,0,0,0,0,0,0,20,0.0001,0.00,0.00,0.00
947.5,16,550374,0.2932,58.58,197.91,4149,4226,22,16,4,22,0,0,0,0,528.5,0,0,0,0,0,0,20,0.0001,0.00,0.00,0.00
947.75,16,550288,0.2933,58.22,197.85,4176,4114,16,24,3,23,0,0,0,0,528.5,0,0,0,0,0,0,20,0.0001,0.00,0.00,0.00
948,16,550452,0.2932,57.30,197.88,3909,4098,13,26,5,25,0,0,0,0,528.5,0,0,0,0,0,0,20,0.0001,0.00,0.00,0.00
948.25,16,550318,0.2932,57.03,198.04,4019,3914,15,29,2,22,0,0,0,0,528.5,0,0,0,0,0,0,20,0.0001,0.81,2.63,14.26
948.5,16,550317,0.2933,58.44,198.13,3971,3988,17,20,3,23,0,0,0,0,528.5,0,0,0,0,0,0,20,0.0001,0.00,0.00,0.00
948.75,16,550315,0.2933,58.80,198.31,3952,3970,19,20,2,26,0,0,0,0,528.5,0,0,0,0,0,0,20,0.0000,0.00,0.00,0.00
949,16,550220,0.2933,59.70,198.32,3939,3865,26,21,3,22,0,0,0,0,528.5,0,0,0,0,0,0,19,0.0003,0.00,0.00,0.00
949.25,16,550174,0.2933,61.84,198.43,3982,3957,23,21,5,23,0,0,0,0,528.5,0,0,0,0,0,0,20,0.0002,0.00,0.00,0.00
949.5,16,550221,0.2933,62.31,198.62,3851,3926,20,29,2,23,0,0,0,0,528.5,0,0,0,0,0,0,20,0.0002,0.00,0.00,0.00
949.75,16,550167,0.2933,63.21,198.74,3925,3894,28,24,5,24,0,0,0,0,528.5,0,0,0,0,0,0,20,0.0001,0.00,0.00,0.00
950,16,550191,0.2933,62.59,198.70,3823,3872,38,27,6,25,0,0,1,0,528.5,0,0,0,0,0,0,20,0.0000,0.00,0.00,0.00
950.25,16,550108,0.2933,64.02,198.91,3821,3771,32,34,8,23,0,0,1,2,504.1,0,0,0,0,0,0,19,0.0002,1.26,2.96,12.45
950.5,17,550118,0.2933,64.68,198.96,3746,3792,26,36,4,22,1,0,0,0,504.1,0,0,0,0,0,0,20,0.0001,0.00,0.00,0.00
950.75,17,549989,0.2933,63.54,199.05,3837,3743,34,38,3,24,0,0,3,0,504.1,0,0,0,0,0,0,20,0.0001,0.00,0.00,0.00
951,17,549982,0.2933,63.94,199.08,3742,3763,39,31,8,28,0,0,1,0,504.1,0,0,0,0,0,0,19,0.0003,0.00,0.00,0.00
951.25,17,549966,0.2933,63.22,198.98,3721,3749,36,45,10,20,0,0,0,0,504.1,0,0,0,0,0,0,20,0.0002,0.00,0.00,0.00
951.5,17,549844,0.2933,62.87,199.02,3683,3607,30,49,1,22,0,0,0,0,504.1,0,0,0,0,0,0,20,0.0002,0.00,0.00,0.00
951.75,17,549708,0.2933,61.32,199.19,3758,3673,26,53,12,25,0,0,0,0,504.1,0,0,0,0,0,0,20,0.0002,0.00,0.00,0.00
952,17,549670,0.2932,59.72,199.17,3616,3627,20,50,2,24,0,0,1,0,504.1,0,0,0,0,0,0,20,0.0002,0.00,0.00,0.00
952.25,17,549627,0.2932,58.65,199.05,3611,3605,31,38,5,26,0,0,0,0,504.1,0,0,0,0,0,0,20,0.0002,1.25,8.08,16.45
952.5,17,549547,0.2932,57.47,198.95,3545,3512,21,48,5,23,0,0,0,0,504.1,0,0,0,0,0,0,20,0.0002,0.00,0.00,0.00
952.75,17,549516,0.2932,57.54,198.93,3503,3524,19,54,6,25,0,0,0,0,504.1,0,0,0,0,0,0,20,0.0002,0.00,0.00,0.00
953,17,549401,0.2932,57.09,198.69,3574,3502,20,43,9,21,0,0,0,0,504.1,0,0,0,0,0,0,20,0.0002,0.00,0.00,0.00
953.25,17,549440,0.2931,58.60,198.72,3427,3523,4020,57,7,22,0,0,0,0,504.1,0,0,0,0,0,0,20,0.0003,0.00,0.00,0.00
953.5,17,549397,0.2931,60.38,198.88,3640,3635,22,39,13,23,0,0,0,0,504.1,0,0,0,0,0,0,21,0.0000,0.00,0.00,0.00
953.75,17,549450,0.2930,62.91,198.92,3554,3657,19,50,9,24,0,0,0,0,504.1,0,0,0,0,0,0,20,0.0001,0.00,0.00,0.00
954,17,549507,0.2929,64.12,199.03,3667,3780,18,58,5,22,0,0,0,0,504.1,0,0,0,0,0,0,20,0.0002,0.00,0.00,0.00
954.25,17,549563,0.2928,64.84,199.09,3716,3819,17,47,4,22,0,0,0,1,504.1,0,0,0,0,0,0,20,0.0002,2.61,5.75,16.85
954.5,17,549557,0.2928,66.00,199.09,3847,3879,21,39,9,24,0,0,0,1,504.1,0,0,0,0,0,0,21,0.0000,0.00,0.00,0.00
954.75,18,549530,0.2927,66.56,199.13,3889,3911,17,50,9,21,1,0,0,0,504.1,0,0,0,0,0,0,20,0.0001,0.00,0.00,0.00
955,18,549483,0.2927,66.50,199.18,3887,3889,14,49,3,25,0,0,15,0,504.1,0,0,0,0,0,0,20,0.0002,0.00,0.00,0.00
955.25,18,549402,0.2927,66.93,199.20,3947,3904,18,38,1,23,0,0,0,0,504.1,0,0,0,0,0,0,20,0.0003,0.00,0.00,0.00
955.5,18,549413,0.2927,67.18,199.17,3943,3995,11,41,1,23,0,0,1,0,504.1,0,0,0,0,0,0,21,0.0001,0.00,0.00,0.00
955.75,18,549377,0.2926,67.51,199.28,4032,4050,18,55,2,24,0,0,0,0,504.1,0,0,0,0,0,0,20,0.0001,0.00,0.00,0.00
956,18,549266,0.2927,67.46,199.36,4005,3938,11,45,2,22,0,0,0,0,504.1,0,0,0,0,0,0,20,0.0002,0.00,0.00,0.00
956.25,18,549320,0.2926,67.49,199.45,3922,4016,14,40,1,23,0,0,1,0,504.1,0,0,0,0,0,0,21,0.0000,1.37,7.72,22.36
956.5,18,549406,0.2925,69.37,199.48,3875,4001,21,41,0,23,0,0,0,0,504.1,0,0,0,0,0,0,20,0.0001,0.00,0.00,0.00
956.75,18,549316,0.2925,69.49,192.63,4024,3971,15,37,2,22,0,0,0,0,504.1,0,0,0,0,0,0,20,0.0002,0.00,0.00,0.00
957,18,549477,0.2924,70.29,192.44,3942,4135,18,32,0,25,0,0,0,0,504.1,0,0,0,0,0,0,20,0.0002,0.00,0.00,0.00
957.25,18,549393,0.2925,71.22,192.13,4100,4049,407,33,2,23,0,0,0,0,504.1,0,0,0,0,0,0,20,0.0003,0.00,0.00,0.00
957.5,18,549463,0.2924,71.64,191.37,4040,4133,30,26,2,26,0,0,0,0,504.1,0,0,0,0,0,0,21,0.0000,0.00,0.00,0.00
957.75,18,549574,0.2924,74.13,191.36,3974,4110,7048,25,3,21,0,0,0,0,504.1,0,0,0,0,0,0,20,0.0000,0.00,0.00,0.00
958,18,549520,0.2924,74.55,191.33,4286,4245,15,13,1,22,0,0,0,0,504.1,0,0,0,0,0,0,20,0.0000,0.00,0.00,0.00
958.25,18,549591,0.2924,76.42,190.21,4313,4412,15,28,5,23,0,0,0,0,504.1,0,0,0,0,0,0,20,0.0000,0.73,3.77,11.05
958.5,18,549548,0.2924,77.48,190.21,4500,4470,12,15,2,22,0,0,0,0,504.1,0,0,0,0,0,0,19,0.0003,0.00,0.00,0.00
958.75,18,549675,0.2924,79.24,186.40,4558,4696,13,13,1,25,0,0,0,0,504.1,0,0,0,0,0,0,20,0.0002,0.00,0.00,0.00
959,18,549694,0.2924,80.22,185.89,4700,4742,13,23,3,26,0,0,0,0,504.1,0,0,0,0,0,0,20,0.0002,0.00,0.00,0.00
959.25,18,549611,0.2925,81.37,187.82,4795,4729,21,17,2,24,0,0,0,0,504.1,0,0,0,0,0,0,20,0.0001,0.00,0.00,0.00
959.5,18,549539,0.2925,80.75,189.28,4862,4806,28,21,0,22,0,0,0,0,504.1,0,0,0,0,0,0,19,0.0003,0.00,0.00,0.00
959.75,18,549498,0.2925,79.49,190.95,4839,4832,28,39,0,23,0,0,0,0,504.1,0,0,0,0,0,0,20,0.0002,0.00,0.00,0.00
960,18,549388,0.2925,78.14,192.12,4745,4681,20,47,1,21,0,0,0,0,504.1,0,0,0,0,0,0,20,0.0001,0.00,0.00,0.00
960.25,18,549378,0.2925,77.21,192.80,4672,4724,17,62,2,23,0,0,0,0,544.4,0,0,0,0,0,0,20,0.0001,2.15,5.64,13.14
960.5,18,549354,0.2924,75.98,192.53,4714,4746,26,58,5,20,0,0,0,0,544.4,0,0,0,0,0,0,19,0.0003,0.00,0.00,0.00
960.75,18,549265,0.2924,75.60,193.36,4752,4716,24,53,2,23,0,0,0,0,544.4,0,0,0,0,0,0,20,0.0002,0.00,0.00,0.00
961,18,549268,0.2923,75.25,193.78,4685,4748,25,62,0,21,0,0,0,0,544.4,0,0,0,0,0,0,20,0.0002,0.00,0.00,0.00
961.25,18,549350,0.2922,73.11,191.42,4611,4748,22,56,2,21,0,0,0,0,544.4,0,0,0,0,0,0,20,0.0002,0.00,0.00,0.00
961.5,18,549017,0.2923,71.14,192.23,4791,4519,17,63,1,22,0,0,0,0,544.4,0,0,0,0,0,0,20,0.0002,0.00,0.00,0.00
961.75,18,548860,0.2924,73.22,193.26,4586,4472,26700,45,5,23,0,0,0,0,544.4,0,0,0,0,0,0,20,0.0001,0.00,0.00,0.00
962,18,548725,0.2924,71.77,193.18,4670,4596,22,62,13,21,0,0,0,0,544.4,0,0,0,0,0,0,20,0.0001,0.00,0.00,0.00
962.25,18,548478,0.2924,72.42,192.65,4682,4488,17,53,5,24,0,0,0,0,544.4,0,0,0,0,0,0,20,0.0001,2.24,8.37,14.95
962.5,18,548410,0.2924,70.77,192.74,4693,4665,19,40,11,21,0,0,0,0,544.4,0,0,0,0,0,0,20,0.0001,0.00,0.00,0.00
962.75,18,548294,0.2925,70.86,193.83,4690,4606,23,33,12,22,0,0,0,0,544.4,0,0,0,0,0,0,20,0.0001,0.00,0.00,0.00
963,18,548220,0.2925,71.05,194.25,4605,4559,21,29,14,26,0,0,0,0,544.4,0,0,0,0,0,0,20,0.0000,0.00,0.00,0.00
963.25,18,548252,0.2924,72.09,194.08,4573,4643,22,38,11,23,0,0,0,0,544.4,0,0,0,0,0,0,19,0.0003,0.00,0.00,0.00
963.5,18,548205,0.2924,71.12,193.42,4551,4544,20,42,6,23,0,0,0,0,544.4,0,0,0,0,0,1,20,0.0003,0.00,0.00,0.00
963.75,17,548122,0.2924,69.84,194.24,4609,4569,23,45,6,24,0,0,0,0,544.4,0,0,0,0,0,1,20,0.0002,0.00,0.00,0.00
964,17,548009,0.2924,68.64,193.01,4576,4514,21971,52,6,26,0,0,0,0,544.4,0,0,0,0,0,0,20,0.0002,0.00,0.00,0.00
964.25,17,547871,0.2925,68.45,192.02,4590,4492,19694,42,1,24,0,0,0,0,544.4,0,0,0,0,0,0,20,0.0002,2.00,6.81,14.90
964.5,17,547685,0.2925,67.91,192.76,4641,4481,15,26,7,25,0,0,0,0,544.4,0,0,0,0,0,0,20,0.0001,0.00,0.00,0.00
964.75,17,547561,0.2926,68.52,193.36,4740,4636,8,20,12,22,0,0,0,0,544.4,0,0,0,0,0,0,20,0.0001,0.00,0.00,0.00
965,17,547639,0.2925,68.46,193.40,4642,4745,10,26,28,24,0,0,0,0,544.4,0,0,0,0,0,0,20,0.0000,0.00,0.00,0.00
965.25,17,547641,0.2925,69.09,193.34,4794,4810,10,14,36,21,0,0,0,0,544.4,0,0,0,0,0,0,19,0.0002,0.00,0.00,0.00
965.5,17,547688,0.2924,68.62,193.51,4750,4811,18,15,50,24,0,0,0,0,544.4,0,0,0,0,0,0,20,0.0002,0.00,0.00,0.00
965.75,17,547751,0.2922,68.94,193.54,4771,4861,23,29,46,23,0,0,0,0,544.4,0,0,0,0,0,0,20,0.0001,0.00,0.00,0.00
966,17,547760,0.2918,71.21,194.56,4744,4766,26736,22,230,23,0,0,0,0,544.4,0,0,0,0,0,0,19,0.0002,0.00,0.00,0.00
966.25,17,547689,0.2915,69.80,194.09,4849,4794,26500,40,164,26,0,0,0,0,544.4,0,0,0,0,0,0,20,0.0001,1.40,8.23,28.20
966.5,17,547613,0.2913,66.15,194.50,4705,4675,26347,56,136,23,0,0,0,0,544.4,0,0,0,0,0,0,19,0.0003,0.00,0.00,0.00
966.75,17,547506,0.2912,65.94,194.40,4721,4659,30,46,30,25,0,0,0,0,544.4,0,0,0,0,0,0,20,0.0002,0.00,0.00,0.00
967,17,547304,0.2912,66.26,194.62,4751,4604,21,55,30,24,0,0,0,0,544.4,0,0,0,0,0,0,20,0.0000,0.00,0.00,0.00
967.25,17,547266,0.2912,65.22,194.32,4540,4550,24,49,28,22,0,0,0,0,544.4,0,0,0,0,0,0,19,0.0002,0.00,0.00,0.00
967.5,17,547152,0.2911,65.47,194.43,4570,4502,15,47,25,23,0,0,0,0,544.4,0,0,0,0,0,0,20,0.0001,0.00,0.00,0.00
967.75,17,547166,0.2910,65.92,193.97,4315,4392,411,63,20,24,0,0,0,0,544.4,0,0,0,0,0,0,19,0.0003,0.00,0.00,0.00
968,17,547124,0.2910,66.28,193.76,4353,4366,27,55,14,24,0,0,0,0,544.4,0,0,0,0,0,0,20,0.0002,0.00,0.00,0.00
968.25,17,547240,0.2908,67.17,194.54,4261,4429,4000,52,16,23,0,0,0,1,544.4,0,0,0,0,0,0,20,0.0001,1.88,6.12,27.38
968.5,17,547270,0.2908,68.16,194.20,4336,4421,29,55,8,22,0,0,0,0,544.4,0,0,0,0,0,0,20,0.0000,0.00,0.00,0.00
968.75,17,547393,0.2907,67.25,191.58,4349,4507,17,35,9,22,0,0,0,0,544.4,0,0,0,0,0,0,19,0.0002,0.00,0.00,0.00
969,17,547504,0.2905,67.80,190.69,4366,4520,33,47,8,21,0,0,0,0,544.4,0,0,0,0,0,0,20,0.0002,0.00,0.00,0.00
969.25,17,547273,0.2906,67.47,191.09,4456,4261,27,37,8,23,0,0,0,0,544.4,0,0,0,0,0,0,20,0.0001,0.00,0.00,0.00
969.5,17,547281,0.2906,66.54,190.56,4343,4383,40,38,8,26,0,0,0,0,544.4,0,0,0,0,0,0,20,0.0001,0.00,0.00,0.00
969.75,17,547368,0.2905,65.28,191.05,4186,4321,36,49,8,24,0,0,0,0,544.4,0,0,0,0,0,0,20,0.0000,0.00,0.00,0.00
970,17,547288,0.2904,63.86,191.18,4154,4139,36,68,7,24,0,0,0,0,544.4,0,0,0,0,0,0,20,0.0000,0.00,0.00,0.00
970.25,17,547064,0.2904,62.18,191.51,4182,4036,65,81,3,23,0,0,0,0,549.5,0,0,0,0,0,0,20,0.0000,1.67,3.52,18.79
970.5,17,547037,0.2904,59.65,190.89,3937,3966,30,57,3,23,0,0,0,0,549.5,0,0,0,0,0,0,20,0.0001,0.00,0.00,0.00
970.75,17,547063,0.2903,59.97,188.97,3712,3784,21976,48,11,24,0,0,0,0,549.5,0,0,0,0,0,0,20,0.0002,0.00,0.00,0.00
971,17,547007,0.2903,56.43,188.27,3847,3834,32,46,1,23,0,0,0,0,549.5,0,0,0,0,0,0,20,0.0002,0.00,0.00,0.00
971.25,17,547083,0.2902,56.20,188.00,3706,3827,33,49,6,24,0,0,0,0,549.5,0,0,0,0,0,1,20,0.0003,0.00,0.00,0.00
971.5,16,547094,0.2901,54.54,187.62,3686,3757,29,62,1,25,0,0,0,0,549.5,0,0,0,0,0,1,21,0.0001,0.00,0.00,0.00
971.75,16,547124,0.2901,55.07,187.77,3680,3757,36,51,1,23,0,0,0,0,549.5,0,0,0,0,0,0,20,0.0002,0.00,0.00,0.00
972,16,547158,0.2900,54.23,186.63,3621,3720,57,66,2,23,0,0,0,0,549.5,0,0,0,0,0,0,21,0.0000,0.00,0.00,0.00
972.25,16,547250,0.2899,54.97,186.68,3688,3832,28,54,0,25,0,0,0,1,549.5,0,0,0,0,0,0,20,0.0002,1.11,3.08,19.08
972.5,17,547192,0.2899,55.40,186.38,3767,3757,29,48,1,24,1,0,0,0,549.5,0,0,0,0,0,1,21,0.0000,0.00,0.00,0.00
972.75,16,547264,0.2898,57.71,185.98,3640,3743,26,32,0,24,0,0,9,0,549.5,0,0,0,0,0,1,20,0.0002,0.00,0.00,0.00
973,16,547345,0.2897,56.03,185.53,3718,3836,31,42,1,25,0,0,0,0,549.5,0,0,0,0,0,0,21,0.0000,0.00,0.00,0.00
973.25,16,547461,0.2896,57.02,185.78,3719,3876,17,41,1,22,0,0,0,0,549.5,0,0,0,0,0,0,20,0.0002,0.00,0.00,0.00
973.5,16,547568,0.2896,58.39,184.02,3867,4008,37,37,0,23,0,0,0,0,549.5,0,0,0,0,0,0,21,0.0001,0.00,0.00,0.00
973.75,16,547649,0.2895,60.26,184.27,3912,4022,47,36,3,21,0,0,0,0,549.5,0,0,0,0,0,0,20,0.0003,0.00,0.00,0.00
974,16,547691,0.2894,61.20,184.80,3951,4043,43,53,5,24,0,0,0,0,549.5,0,0,0,0,0,0,21,0.0002,0.00,0.00,0.00
974.25,16,547635,0.2894,62.56,185.40,4037,4031,46,54,9,25,0,0,0,0,549.5,0,0,0,0,0,0,21,0.0001,0.85,3.30,29.62
974.5,16,547601,0.2893,63.22,187.43,4047,4072,37,59,9,26,0,0,0,0,549.5,0,0,0,0,0,0,21,0.0001,0.00,0.00,0.00
974.75,16,547538,0.2893,61.80,189.30,4026,4010,31,48,9,26,0,0,0,0,549.5,0,0,0,0,0,0,21,0.0000,0.00,0.00,0.00
975,16,547604,0.2892,62.62,190.81,3972,4071,16,33,9,24,0,0,0,0,549.5,0,0,0,0,0,0,21,0.0000,0.00,0.00,0.00
975.25,16,547600,0.2892,63.43,192.22,3972,3997,27,31,8,26,0,0,0,0,549.5,0,0,0,0,0,0,21,0.0000,0.00,0.00,0.00
975.5,16,547738,0.2891,62.96,193.27,3929,4100,17,34,8,24,0,0,0,0,549.5,0,0,0,0,0,0,21,0.0000,0.00,0.00,0.00
975.75,16,547751,0.2891,63.79,194.26,4032,4074,16,29,5,25,0,0,0,0,549.5,0,0,0,0,0,0,20,0.0003,0.00,0.00,0.00
976,16,547772,0.2891,63.89,194.96,4065,4108,63,25,7,29,0,0,0,0,549.5,0,0,0,0,0,0,21,0.0003,0.00,0.00,0.00
976.25,16,547851,0.2890,64.34,195.59,3949,4058,14,31,6,25,0,0,0,1,549.5,0,0,0,0,0,0,21,0.0003,1.97,3.56,9.71
976.5,16,547773,0.2890,63.68,196.22,4104,4067,8,41,5,25,0,0,0,1,549.5,0,0,0,0,0,0,21,0.0003,0.00,0.00,0.00
976.75,16,547796,0.2890,63.25,196.77,4015,4070,13,32,2,24,0,0,0,1,549.5,0,0,0,0,0,0,21,0.0003,0.00,0.00,0.00
977,16,547782,0.2890,68.48,197.18,3967,3980,71362,29,3,27,0,0,0,1,549.5,0,0,0,0,0,0,21,0.0002,0.00,0.00,0.00
977.25,16,547745,0.2890,66.35,197.50,4150,4155,18,43,0,27,0,0,0,1,549.5,0,0,0,0,0,0,21,0.0002,0.00,0.00,0.00
977.5,16,547668,0.2890,64.67,197.85,4254,4205,32,31,0,26,0,0,0,1,549.5,0,0,0,0,0,0,21,0.0002,0.00,0.00,0.00
977.75,16,547713,0.2890,62.69,198.16,4090,4163,21,29,0,24,0,0,0,1,549.5,0,0,0,0,0,0,21,0.0001,0.00,0.00,0.00
978,15,547831,0.2889,61.25,198.20,3994,4133,13,21,0,26,0,1,0,1,549.5,0,0,0,1,0,0,21,0.0001,0.00,0.00,0.00
978.25,15,547867,0.2889,59.54,198.43,4100,4158,54,22,0,23,0,0,2,1,549.5,0,0,0,0,0,0,21,0.0000,1.24,4.22,18.99
978.5,15,547837,0.2890,58.17,198.64,4043,4029,24,16,1,24,0,0,0,1,549.5,0,0,0,0,0,0,20,0.0003,0.00,0.00,0.00
978.75,15,547910,0.2889,56.30,198.83,3843,3939,19,23,0,25,0,0,0,1,549.5,0,0,0,0,0,0,21,0.0002,0.00,0.00,0.00
979,15,548009,0.2889,55.05,199.00,3821,3941,23,22,1,27,0,0,0,1,549.5,0,0,0,0,0,0,21,0.0001,0.00,0.00,0.00
979.25,15,547940,0.2889,53.93,199.15,3706,3659,20,23,1,27,0,0,0,1,549.5,0,0,0,0,0,0,20,0.0003,0.00,0.00,0.00
979.5,15,547943,0.2889,53.96,199.17,3650,3688,20,35,0,25,0,0,0,1,549.5,0,0,0,0,0,0,21,0.0002,0.00,0.00,0.00
979.75,15,547858,0.2889,53.44,199.26,3770,3719,22,34,0,23,0,0,0,1,549.5,0,0,0,0,0,0,21,0.0001,0.00,0.00,0.00
980,15,547873,0.2889,52.85,199.35,3596,3644,17,34,0,24,0,0,0,1,549.5,0,0,0,0,0,0,20,0.0003,0.00,0.00,0.00
980.25,15,547897,0.2889,51.47,199.43,3541,3588,7,23,0,23,0,0,0,1,483.0,0,0,0,0,0,0,21,0.0002,0.90,5.38,23.43
980.5,15,547860,0.2890,50.90,199.49,3481,3456,17,12,0,25,0,0,0,1,483.0,0,0,0,0,0,0,21,0.0000,0.00,0.00,0.00
980.75,15,547864,0.2890,50.27,199.50,3468,3490,5,18,0,24,0,0,0,1,483.0,0,0,0,0,0,0,20,0.0002,0.00,0.00,0.00
981,15,547880,0.2890,49.95,199.46,3388,3420,16,16,0,27,0,0,0,1,483.0,0,0,0,0,0,0,21,0.0000,0.00,0.00,0.00
981.25,15,547843,0.2890,49.35,199.44,3323,3315,7,29,0,25,0,0,0,1,483.0,0,0,0,0,0,0,20,0.0002,0.00,0.00,0.00
981.5,15,547897,0.2890,48.52,199.50,3283,3349,9,12,1,25,0,0,0,1,483.0,0,0,0,0,0,0,20,0.0003,0.00,0.00,0.00
981.75,15,548029,0.2890,47.60,196.84,3122,3269,7,15,2,24,0,0,0,1,483.0,0,0,0,0,0,0,21,0.0001,0.00,0.00,0.00
982,15,548000,0.2890,46.82,197.15,3192,3178,12,15,2,24,0,0,0,1,483.0,0,0,0,0,0,0,20,0.0002,0.00,0.00,0.00
982.25,15,548138,0.2890,46.13,197.37,3066,3219,18,15,2,25,0,0,0,1,483.0,0,0,0,0,0,0,20,0.0003,0.76,4.14,16.41
982.5,15,548243,0.2889,45.66,197.59,2975,3106,3,26,2,27,0,0,1,1,483.0,0,0,0,0,0,0,21,0.0000,0.00,0.00,0.00
982.75,15,548348,0.2889,45.28,197.72,2936,3052,6,11,3,23,0,0,0,1,483.0,0,0,0,0,0,0,20,0.0001,0.00,0.00,0.00
983,15,548393,0.2889,45.10,197.93,2952,3011,13,14,3,21,0,0,0,1,483.0,0,0,0,0,0,0,20,0.0001,0.00,0.00,0.00
983.25,15,548500,0.2889,46.01,198.06,2818,2935,8,10,2,26,0,0,0,1,483.0,0,0,0,0,0,0,20,0.0002,0.00,0.00,0.00
983.5,15,548582,0.2889,47.59,198.22,3016,3107,11,10,0,24,0,0,0,1,483.0,0,0,0,0,0,0,20,0.0002,0.00,0.00,0.00
983.75,15,548669,0.2888,48.72,198.30,2921,3026,16,18,1,22,0,0,0,1,483.0,0,0,0,0,0,0,20,0.0002,0.00,0.00,0.00
984,15,548797,0.2888,50.03,198.35,2944,3088,10,17,1,20,0,0,0,1,483.0,0,0,0,0,0,0,20,0.0002,0.00,0.00,0.00
984.25,15,548848,0.2888,50.54,196.73,3054,3127,18,22,0,26,0,0,0,1,483.0,0,0,0,0,0,0,20,0.0002,1.06,5.96,13.57
984.5,15,548932,0.2888,51.36,196.77,3111,3221,14,26,2,24,0,0,0,1,483.0,0,0,0,0,0,0,20,0.0001,0.00,0.00,0.00
984.75,15,548895,0.2888,51.70,196.11,3228,3212,18,22,2,22,0,0,0,1,483.0,0,0,0,0,0,0,20,0.0001,0.00,0.00,0.00
985,15,548937,0.2888,50.86,196.09,3173,3238,12,23,2,21,0,0,0,1,483.0,0,0,0,0,0,0,20,0.0001,0.00,0.00,0.00
985.25,15,548920,0.2888,50.84,195.79,3207,3218,14,28,3,22,0,0,0,1,483.0,0,0,0,0,0,0,20,0.0001,0.00,0.00,0.00
985.5,15,548829,0.2889,49.70,196.17,3197,3130,20,24,2,23,0,0,0,1,483.0,0,0,0,0,0,0,20,0.0001,0.00,0.00,0.00
985.75,15,548711,0.2890,49.98,196.63,3243,3151,18,26,1,21,0,0,0,1,483.0,0,0,0,0,0,0,20,0.0000,0.00,0.00,0.00
986,15,548754,0.2889,48.80,193.33,3170,3234,17,22,2,20,0,0,0,1,483.0,0,0,0,0,0,0,19,0.0003,0.00,0.00,0.00
986.25,16,548750,0.2890,48.35,191.54,3094,3107,30,17,2,21,1,0,0,0,483.0,0,0,0,0,0,1,20,0.0002,1.01,5.68,12.48
986.5,15,548749,0.2890,48.01,190.94,2998,3017,32,20,1,21,0,0,9,0,483.0,0,0,0,0,0,1,20,0.0001,0.00,0.00,0.00
986.75,15,548701,0.2890,46.94,191.15,3081,3076,18,45,2,25,0,0,1,0,483.0,0,0,0,0,0,0,20,0.0000,0.00,0.00,0.00
987,15,548682,0.2890,46.30,191.78,3022,3023,20,20,0,22,0,0,0,0,483.0,0,0,0,0,0,0,19,0.0002,0.00,0.00,0.00
987.25,15,548558,0.2890,45.97,192.56,3182,3105,11,50,0,22,0,0,0,0,483.0,0,0,0,0,0,0,20,0.0001,0.00,0.00,0.00
987.5,15,548552,0.2890,47.72,193.40,3139,3151,21961,19,2,22,0,0,0,0,483.0,0,0,0,0,0,0,20,0.0000,0.00,0.00,0.00
987.75,15,548434,0.2891,47.07,194.14,3294,3192,19,19,1,21,0,0,0,0,483.0,0,0,0,0,0,0,19,0.0002,0.00,0.00,0.00
988,15,548394,0.2891,47.09,194.74,3246,3233,22,28,6,23,0,0,0,0,483.0,0,0,0,0,0,0,20,0.0001,0.00,0.00,0.00
988.25,15,548319,0.2892,46.46,195.06,3362,3317,24,30,4,23,0,0,0,0,483.0,0,0,0,0,0,0,20,0.0000,1.32,4.98,23.94
988.5,15,548315,0.2891,46.71,195.41,3263,3292,17,34,10,22,0,0,0,0,483.0,0,0,0,0,0,0,19,0.0002,0.00,0.00,0.00
988.75,15,548289,0.2891,46.21,195.83,3286,3305,19,45,9,25,0,0,0,0,483.0,0,0,0,0,0,0,20,0.0001,0.00,0.00,0.00
989,15,548285,0.2891,46.42,196.13,3298,3325,24,33,10,23,0,0,0,0,483.0,0,0,0,0,0,0,20,0.0000,0.00,0.00,0.00
989.25,15,548233,0.2890,48.40,196.43,3267,3263,15,48,12,21,0,0,0,0,483.0,0,0,0,0,0,0,19,0.0002,0.00,0.00,0.00
989.5,15,548210,0.2890,48.57,196.45,3282,3312,17,54,21,23,0,0,0,0,483.0,0,0,0,0,0,0,20,0.0001,0.00,0.00,0.00
989.75,15,548248,0.2889,49.18,196.38,3154,3225,14,33,13,24,0,0,0,0,483.0,0,0,0,0,0,0,19,0.0002,0.00,0.00,0.00
990,15,548149,0.2889,50.28,196.36,3347,3295,22,48,14,24,0,0,0,0,483.0,0,0,0,0,0,0,20,0.0001,0.00,0.00,0.00
990.25,15,548226,0.2888,52.24,196.26,3156,3258,29,25,9,22,0,0,0,0,424.6,0,0,0,0,0,0,19,0.0002,1.40,6.14,23.30
990.5,15,548125,0.2889,52.92,195.90,3259,3177,26,21,11,23,0,0,0,0,424.6,0,0,0,0,0,0,20,0.0000,0.00,0.00,0.00
990.75,15,548249,0.2888,53.05,195.40,3094,3244,19,26,5,22,0,0,0,0,424.6,0,0,0,0,0,0,19,0.0001,0.00,0.00,0.00
991,15,548172,0.2889,53.52,194.85,3239,3177,25,16,3,24,0,0,0,0,424.6,0,0,0,0,0,0,19,0.0002,0.00,0.00,0.00
991.25,15,548231,0.2888,52.80,193.32,3123,3208,24,29,3,22,0,0,0,0,424.6,0,0,0,0,0,0,20,0.0000,0.00,0.00,0.00
991.5,15,548314,0.2888,53.58,193.78,3090,3185,61,12,0,22,0,0,0,0,424.6,0,0,0,0,0,0,19,0.0001,0.00,0.00,0.00
991.75,15,548291,0.2888,52.76,194.77,3136,3127,25,16,0,19,0,0,0,0,424.6,0,0,0,0,0,0,19,0.0001,0.00,0.00,0.00
992,15,548223,0.2889,53.77,195.60,3258,3200,14,10,1,24,0,0,0,0,424.6,0,0,0,0,0,0,19,0.0002,0.00,0.00,0.00
992.25,15,548248,0.2889,52.38,196.30,3093,3128,15,10,0,22,0,0,0,0,424.6,0,0,0,0,0,0,19,0.0002,0.34,3.07,22.29
992.5,15,548393,0.2889,52.47,196.88,3104,3260,15,11,1,23,0,0,0,0,424.6,0,0,0,0,0,0,19,0.0002,0.00,0.00,0.00
992.75,15,548378,0.2890,51.83,197.37,3207,3200,5,9,0,22,0,0,0,0,424.6,0,0,0,0,0,0,19,0.0002,0.00,0.00,0.00
993,15,548456,0.2889,51.60,197.78,3162,3245,10,5,0,20,0,0,0,0,424.6,0,0,0,0,0,0,19,0.0002,0.00,0.00,0.00
993.25,15,548391,0.2890,50.17,198.10,3148,3099,11,16,0,20,0,0,0,0,424.6,0,0,0,0,0,0,19,0.0002,0.00,0.00,0.00
993.5,15,548360,0.2890,49.65,198.35,3107,3090,13,14,3,21,0,0,0,0,424.6,0,0,0,0,0,0,19,0.0002,0.00,0.00,0.00
993.75,15,548457,0.2890,48.35,198.37,3000,3111,16,15,0,21,0,0,0,0,424.6,0,0,0,0,0,0,19,0.0001,0.00,0.00,0.00
994,15,548521,0.2890,46.95,195.29,2962,3039,13,14,2,19,0,0,0,0,424.6,0,0,0,0,0,0,19,0.0001,0.00,0.00,0.00
994.25,15,548507,0.2890,45.76,195.95,3010,3008,33,16,1,22,0,0,0,0,424.6,0,0,0,0,0,0,19,0.0000,1.39,5.39,18.96
994.5,15,548464,0.2890,44.06,196.38,2920,2896,27,24,1,22,0,0,0,0,424.6,0,0,0,0,0,0,18,0.0003,0.00,0.00,0.00
994.75,15,548521,0.2890,43.23,196.81,2847,2921,59,19,2,21,0,0,0,0,424.6,0,0,0,0,0,0,19,0.0002,0.00,0.00,0.00
995,15,548486,0.2890,42.67,197.15,2793,2789,36,34,3,26,0,0,0,0,424.6,0,0,0,0,0,0,19,0.0002,0.00,0.00,0.00
995.25,15,548597,0.2889,43.18,197.49,2627,2770,27,34,2,22,0,0,0,0,424.6,0,0,0,0,0,0,19,0.0001,0.00,0.00,0.00
995.5,15,548636,0.2889,43.12,197.70,2638,2704,24,30,3,21,0,0,0,0,424.6,0,0,0,0,0,0,19,0.0001,0.00,0.00,0.00
995.75,15,548726,0.2888,44.78,197.35,2625,2749,25,34,2,23,0,0,0,0,424.6,0,0,0,0,0,0,19,0.0000,0.00,0.00,0.00
996,15,548874,0.2888,45.64,197.44,2584,2753,20,22,2,20,0,0,0,0,424.6,0,0,0,0,0,0,18,0.0002,0.00,0.00,0.00
996.25,15,548931,0.2887,47.58,197.57,2589,2671,25,25,2,19,0,0,0,0,424.6,0,0,0,0,0,0,19,0.0002,1.06,2.30,12.72
996.5,15,549004,0.2887,48.71,197.66,2664,2761,23,24,1,19,0,0,0,0,424.6,0,0,0,0,0,0,19,0.0001,0.00,0.00,0.00
996.75,15,548998,0.2887,50.08,197.56,2618,2634,17,22,1,21,0,0,0,0,424.6,0,0,0,0,0,0,19,0.0000,0.00,0.00,0.00
997,15,549146,0.2886,52.15,197.50,2570,2739,17,21,1,21,0,0,0,0,424.6,0,0,0,0,0,0,18,0.0002,0.00,0.00,0.00
997.25,15,549172,0.2886,53.66,197.44,2753,2796,25,19,0,22,0,0,0,0,424.6,0,0,0,0,0,0,19,0.0001,0.00,0.00,0.00
997.5,15,549200,0.2886,54.85,197.52,2859,2904,23,18,1,19,0,0,1,0,424.6,0,0,0,0,0,0,19,0.0000,0.00,0.00,0.00
997.75,15,549318,0.2885,55.67,197.44,2786,2922,18,18,0,19,0,0,0,0,424.6,0,0,0,0,0,0,18,0.0002,0.00,0.00,0.00
998,15,549275,0.2886,56.01,197.28,3051,3035,15,27,1,22,0,0,0,0,424.6,0,0,0,0,0,0,19,0.0001,0.00,0.00,0.00
998.25,15,549303,0.2886,55.60,197.21,2877,2917,21,14,0,22,0,0,0,0,424.6,0,0,0,0,0,0,19,0.0000,0.49,1.78,11.44
998.5,15,549325,0.2886,55.04,197.27,2974,3015,21,21,1,21,0,0,0,0,424.6,0,0,0,0,0,0,18,0.0002,0.00,0.00,0.00
998.75,15,549353,0.2885,53.51,197.14,2857,2906,15,23,0,22,0,0,0,0,424.6,0,0,0,0,0,0,19,0.0000,0.00,0.00,0.00
999,15,549400,0.2885,53.88,197.23,2766,2840,7,27,0,22,0,0,0,0,424.6,0,0,0,0,0,0,18,0.0002,0.00,0.00,0.00
999.25,15,549297,0.2886,52.73,197.19,2818,2736,18,21,0,22,0,0,0,0,424.6,0,0,0,0,0,0,19,0.0001,0.00,0.00,0.00
999.5,15,549271,0.2886,53.31,197.30,2745,2736,7,17,0,23,0,0,0,0,424.6,0,0,0,0,0,0,18,0.0002,0.00,0.00,0.00
999.75,15,549262,0.2886,52.62,197.20,2759,2765,15,15,0,24,0,0,0,0,424.6,0,0,0,0,0,0,19,0.0001,0.00,0.00,0.00
1000,15,549255,0.2886,52.94,197.18,2716,2720,21,11,0,20,0,0,0,0,424.6,0,0,0,0,0,0,18,0.0002,0.00,0.00,0.00
