t,plates,parcels,cont_frac,mean_v,max_v,subducted,created,accreted,absorbed,cont_lost,cont_grown,rifts,merges,initiations,active_rifts,sea_level,backarcs,arc_plates,weld_static,weld_locked,retired,dissolved,deposited,sediment
0.25,12,639662,0.2744,18.26,45.42,92,2,2,248,0,3,0,0,11,0,0.0,0,0,0,0,0,0,3,0.0001
0.5,12,638861,0.2746,19.18,55.34,805,49,0,45,0,3,0,0,6,0,0.0,0,0,0,0,0,0,3,0.0002
0.75,12,638479,0.2747,24.00,68.94,509,199,2,72,0,4,0,0,5,0,0.0,0,0,0,0,0,0,3,0.0003
1,12,638200,0.2748,27.01,82.15,541,280,1,18,0,4,0,0,3,0,0.0,0,0,0,0,0,0,4,0.0001
1.25,12,637940,0.2749,30.16,96.53,707,450,0,3,0,3,0,0,2,0,0.0,0,0,0,0,0,0,3,0.0002
1.5,12,637713,0.2750,33.14,109.05,1023,796,0,0,0,4,0,0,0,0,0.0,0,0,0,0,0,0,4,0.0001
1.75,12,637687,0.2750,36.26,120.25,903,877,0,0,0,3,0,0,1,0,0.0,0,0,0,0,0,0,3,0.0002
2,12,637596,0.2751,39.36,129.46,1032,941,0,0,0,5,0,0,1,0,0.0,0,0,0,0,0,0,4,0.0000
2.25,12,637512,0.2751,41.69,137.44,1132,1048,0,0,0,4,0,0,0,0,0.0,0,0,0,0,0,0,3,0.0001
2.5,12,637356,0.2752,43.60,146.14,1185,1029,0,0,0,4,0,0,0,0,0.0,0,0,0,0,0,0,3,0.0002
2.75,12,637112,0.2753,45.66,153.77,1425,1181,0,0,0,4,0,0,0,0,0.0,0,0,0,0,0,0,4,0.0000
3,12,636827,0.2754,47.46,160.23,1425,1140,0,0,0,6,0,0,0,0,0.0,0,0,0,0,0,0,3,0.0001
3.25,12,636669,0.2755,49.08,165.81,1384,1226,0,0,0,3,0,0,1,0,0.0,0,0,0,0,0,0,3,0.0002
3.5,12,636501,0.2756,50.36,170.60,1410,1242,0,0,0,4,0,0,0,0,0.0,0,0,0,0,0,0,3,0.0003
3.75,12,636157,0.2757,51.55,174.31,1620,1276,0,0,0,4,0,0,0,0,0.0,0,0,0,0,0,0,4,0.0001
4,12,635914,0.2758,52.30,177.78,1544,1301,0,0,0,3,0,0,0,0,0.0,0,0,0,0,0,0,3,0.0001
4.25,12,635638,0.2760,53.29,180.09,1593,1317,0,0,0,4,0,0,0,0,0.0,0,0,0,0,0,0,3,0.0002
4.5,12,635314,0.2761,54.33,182.49,1737,1413,0,0,0,4,0,0,0,0,0.0,0,0,0,0,0,0,3,0.0003
4.75,12,634994,0.2763,54.98,184.45,1741,1421,1,0,0,4,0,0,0,0,0.0,0,0,0,0,0,0,4,0.0001
5,12,634693,0.2764,55.75,185.99,1720,1419,0,0,0,5,0,0,0,0,0.0,0,0,0,0,0,0,3,0.0001
5.25,12,634362,0.2766,56.24,187.63,1795,1464,0,0,0,4,0,0,0,0,0.0,0,0,0,0,0,0,3,0.0002
5.5,12,634043,0.2767,56.44,188.02,1807,1489,0,1,0,3,0,0,0,0,0.0,0,0,0,0,0,0,3,0.0002
5.75,12,633805,0.2768,56.99,188.71,1736,1498,0,0,0,4,0,0,0,0,0.0,0,0,0,0,0,0,3,0.0003
6,12,633471,0.2770,57.12,188.83,1833,1500,1,1,0,4,0,0,0,0,0.0,0,0,0,0,0,0,4,0.0000
6.25,12,633144,0.2771,57.49,189.52,1850,1523,0,0,0,5,0,0,0,0,0.0,0,0,0,0,0,0,3,0.0001
6.5,12,632801,0.2773,57.68,189.97,1892,1549,0,0,0,3,0,0,0,0,0.0,0,0,0,0,0,0,3,0.0001
6.75,12,632418,0.2774,57.78,190.40,1923,1540,0,0,0,3,0,0,0,0,0.0,0,0,0,0,0,0,3,0.0002
7,12,632127,0.2776,58.19,190.57,1852,1562,0,1,0,3,0,0,0,0,0.0,0,0,0,0,0,0,3,0.0002
7.25,12,631680,0.2778,58.19,190.85,2034,1587,0,0,0,5,0,0,0,0,0.0,0,0,0,0,0,0,3,0.0003
7.5,12,631386,0.2779,58.52,191.65,1897,1603,0,0,0,4,0,0,0,0,0.0,0,0,0,0,0,0,4,0.0000
7.75,12,630963,0.2781,58.43,192.98,2005,1582,0,0,0,5,0,0,0,0,0.0,0,0,0,0,0,0,3,0.0000
8,12,630585,0.2783,58.67,194.09,1943,1565,0,0,0,3,0,0,0,0,0.0,0,0,0,0,0,0,3,0.0001
8.25,12,630210,0.2784,58.47,195.03,1962,1587,0,0,0,4,0,0,0,0,0.0,0,0,0,0,0,0,3,0.0001
8.5,12,629927,0.2786,58.67,195.81,1930,1647,0,0,0,6,0,0,0,0,0.0,0,0,0,0,0,0,3,0.0001
8.75,12,629468,0.2788,58.48,196.48,2067,1608,0,0,0,6,0,0,0,0,0.0,0,0,0,0,0,0,3,0.0002
9,12,629122,0.2790,58.64,197.03,1969,1623,0,0,0,3,0,0,0,0,0.0,0,0,0,0,0,0,3,0.0002
9.25,12,628752,0.2791,58.46,197.49,2009,1640,1,1,0,4,0,0,0,0,0.0,0,0,0,0,0,0,3,0.0002
9.5,12,628463,0.2793,58.57,197.86,1922,1634,0,1,0,3,0,0,0,0,0.0,0,0,0,0,0,0,3,0.0002
9.75,12,628105,0.2794,58.37,198.20,1998,1640,0,0,0,4,0,0,0,0,0.0,0,0,0,0,0,0,3,0.0002
10,12,627759,0.2796,58.64,198.48,1979,1633,0,0,0,5,0,0,0,0,0.0,0,0,0,0,0,0,3,0.0003
10.25,12,627463,0.2797,58.49,198.72,1980,1685,2,1,0,4,0,0,0,0,0.0,0,0,0,0,0,0,3,0.0003
10.5,12,627073,0.2799,58.67,197.68,2013,1623,0,0,0,3,0,0,0,0,0.0,0,0,0,0,0,0,3,0.0003
10.75,12,626774,0.2800,58.50,196.42,1953,1656,1,2,0,5,0,0,0,0,0.0,0,0,0,0,0,0,4,0.0000
11,12,626365,0.2802,58.76,194.45,2062,1653,0,0,0,9,0,0,0,0,0.0,0,0,0,0,0,0,3,0.0000
11.25,12,626085,0.2804,58.48,194.19,1946,1666,0,0,0,4,0,0,0,0,0.0,0,0,0,0,0,0,3,0.0000
11.5,12,625832,0.2805,58.55,194.28,1942,1689,0,0,0,3,0,0,0,0,0.0,0,0,0,0,0,0,3,0.0000
11.75,12,625411,0.2807,58.24,195.01,2063,1644,1,2,0,5,0,0,0,0,0.0,0,0,0,0,0,0,3,0.0000
12,12,625095,0.2808,58.23,193.59,1963,1648,0,1,0,4,0,0,0,0,0.0,0,0,0,0,0,0,3,0.0000
12.25,12,624776,0.2810,57.86,191.86,1958,1640,1,1,0,5,0,0,0,0,0.0,0,0,0,0,0,0,3,0.0000
12.5,12,624493,0.2811,57.62,190.06,1936,1657,0,4,0,3,0,0,0,0,0.0,0,0,0,0,0,0,3,0.0000
12.75,12,624061,0.2813,57.30,190.01,2028,1596,2,0,0,3,0,0,0,0,0.0,0,0,0,0,0,0,3,0.0000
13,12,623842,0.2814,57.21,189.87,1899,1685,0,5,0,3,0,0,0,0,0.0,0,0,0,0,0,0,3,0.0000
13.25,12,623518,0.2815,56.95,190.31,1922,1601,0,3,1,4,0,0,0,0,0.0,0,0,0,0,0,0,3,0.0000
13.5,12,623118,0.2817,56.94,190.23,2000,1601,0,1,0,7,0,0,0,0,0.0,0,0,0,0,0,0,3,0.0000
13.75,12,622816,0.2819,56.61,190.36,1918,1622,0,6,0,4,0,0,0,0,0.0,0,0,0,0,0,0,3,0.0000
14,12,622471,0.2820,56.54,190.13,1937,1592,1,0,0,8,0,0,0,0,0.0,0,0,0,0,0,0,3,0.0000
14.25,12,622254,0.2821,56.12,190.49,1851,1636,1,2,0,4,0,0,0,0,0.0,0,0,0,0,0,0,3,0.0000
14.5,12,621974,0.2823,56.32,190.56,1902,1622,0,0,0,3,0,0,0,0,0.0,0,0,0,0,0,0,3,0.0000
14.75,12,621662,0.2824,55.94,190.41,1933,1622,1,1,0,5,0,0,0,0,0.0,0,0,0,0,0,0,3,0.0000
15,12,621392,0.2825,56.02,190.58,1878,1609,0,1,0,4,0,0,0,0,0.0,0,0,0,0,0,0,3,0.0000
15.25,12,621049,0.2827,55.58,190.38,1949,1607,2,1,0,2,0,0,0,0,0.0,0,0,0,0,0,0,2,0.0003
15.5,12,620751,0.2828,55.49,190.66,1866,1568,0,0,0,5,0,0,0,0,0.0,0,0,0,0,0,0,3,0.0003
15.75,12,620507,0.2830,55.30,190.79,1844,1604,0,4,0,6,0,0,0,0,0.0,0,0,0,0,0,0,3,0.0003
16,12,620235,0.2831,55.34,190.76,1889,1618,0,1,0,3,0,0,0,0,0.0,0,0,0,0,0,0,3,0.0003
16.25,12,619918,0.2832,55.26,191.14,1864,1547,0,0,0,3,0,0,0,0,0.0,0,0,0,0,0,0,3,0.0002
16.5,12,619562,0.2834,55.42,190.79,1944,1588,0,0,0,5,0,0,0,0,0.0,0,0,0,0,0,0,3,0.0002
16.75,12,619335,0.2835,55.42,191.16,1856,1631,1,2,0,4,0,0,0,0,0.0,0,0,0,0,0,0,3,0.0002
17,12,619097,0.2836,55.49,191.07,1839,1602,0,1,0,4,0,0,0,0,0.0,0,0,0,0,0,0,3,0.0002
17.25,12,618779,0.2838,55.51,190.78,1923,1606,0,1,0,5,0,0,0,0,0.0,0,0,0,0,0,0,3,0.0002
17.5,12,618492,0.2839,55.59,191.15,1860,1574,0,1,0,4,0,0,0,0,0.0,0,0,0,0,0,0,3,0.0002
17.75,12,618223,0.2840,55.38,191.60,1898,1631,0,2,0,4,0,0,0,0,0.0,0,0,0,0,0,0,3,0.0002
18,12,617887,0.2842,55.52,191.87,1919,1583,1,0,0,4,0,0,0,0,0.0,0,0,0,0,0,0,3,0.0001
18.25,12,617618,0.2843,55.15,192.49,1868,1603,4,5,5,4,0,0,0,0,0.0,0,0,0,0,0,0,3,0.0001
18.5,12,617375,0.2844,55.27,193.10,1831,1593,3,5,3,4,0,0,0,0,0.0,0,0,0,0,0,0,3,0.0001
18.75,12,617082,0.2845,55.19,193.82,1872,1585,4,6,5,5,0,0,0,0,0.0,0,0,0,0,0,0,3,0.0001
19,12,616831,0.2847,55.40,194.39,1835,1588,0,4,0,4,0,0,0,0,0.0,0,0,0,0,0,0,3,0.0001
19.25,12,616546,0.2848,55.36,195.17,1858,1578,1,5,2,3,0,0,0,0,0.0,0,0,0,0,0,0,3,0.0000
19.5,12,616325,0.2849,55.20,195.77,1832,1611,0,0,0,3,0,0,0,0,0.0,0,0,0,0,0,0,3,0.0000
19.75,12,616055,0.2850,54.98,196.14,1849,1580,1,1,0,4,0,0,0,0,0.0,0,0,0,0,0,0,3,0.0000
20,12,615794,0.2851,54.92,196.71,1859,1601,0,3,0,4,0,0,0,0,0.0,0,0,0,0,0,0,2,0.0003
20.25,12,615545,0.2853,54.82,197.14,1803,1555,0,1,2,3,0,0,0,0,0.0,0,0,0,0,0,0,3,0.0003
20.5,12,615197,0.2854,54.81,197.58,1923,1576,0,1,0,4,0,0,0,0,0.0,0,0,0,0,0,0,3,0.0002
20.75,12,614898,0.2856,54.76,197.90,1854,1557,1,2,0,3,0,0,0,0,0.0,0,0,0,0,0,0,3,0.0002
21,12,614663,0.2857,54.64,198.11,1819,1584,1,0,0,5,0,0,0,0,0.0,0,0,0,0,0,0,3,0.0002
21.25,12,614393,0.2858,54.46,198.40,1835,1566,2,1,0,4,0,0,0,0,0.0,0,0,0,0,0,0,3,0.0002
21.5,12,614142,0.2859,54.37,198.52,1843,1593,1,1,0,6,0,0,0,0,0.0,0,0,0,0,0,0,3,0.0001
21.75,12,613858,0.2861,54.32,198.38,1857,1575,0,2,0,4,0,0,0,0,0.0,0,0,0,0,0,0,3,0.0001
22,12,613690,0.2862,54.28,198.19,1812,1645,0,1,0,3,0,0,0,0,0.0,0,0,0,0,0,0,3,0.0001
22.25,12,613403,0.2863,54.13,197.98,1856,1571,0,2,0,3,0,0,0,0,0.0,0,0,0,0,0,0,3,0.0001
22.5,12,613197,0.2864,54.27,197.94,1798,1595,1,3,0,4,0,0,0,0,0.0,0,0,0,0,0,0,3,0.0000
22.75,12,612958,0.2865,54.21,196.86,1793,1559,1,5,0,4,0,0,0,0,0.0,0,0,0,0,0,0,3,0.0000
23,12,612695,0.2866,54.12,196.64,1851,1588,0,0,0,3,0,0,0,0,0.0,0,0,0,0,0,0,2,0.0003
23.25,12,612461,0.2867,54.14,196.52,1832,1603,1,5,0,4,0,0,0,0,0.0,0,0,0,0,0,0,3,0.0003
23.5,12,612231,0.2869,54.25,196.00,1852,1622,0,0,0,4,0,0,0,0,0.0,0,0,0,0,0,0,3,0.0002
23.75,12,611988,0.2870,54.11,196.55,1838,1599,0,4,0,4,0,0,0,0,0.0,0,0,0,0,0,0,3,0.0002
24,12,611770,0.2871,53.87,196.90,1840,1622,0,0,0,3,0,0,0,0,0.0,0,0,0,0,0,0,3,0.0002
24.25,12,611508,0.2872,53.86,197.32,1849,1587,0,0,0,5,0,0,0,0,0.0,0,0,0,0,0,0,3,0.0002
24.5,12,611270,0.2873,53.56,197.66,1811,1575,0,2,0,4,0,0,0,0,0.0,0,0,0,0,0,0,3,0.0001
24.75,12,611123,0.2874,53.75,197.97,1789,1643,0,1,0,3,0,0,0,0,0.0,0,0,0,0,0,0,3,0.0001
25,12,610879,0.2875,53.54,198.18,1836,1593,1,1,0,4,0,0,0,0,0.0,0,0,0,0,0,0,3,0.0001
25.25,12,610602,0.2876,53.68,198.44,1857,1581,1,1,0,4,0,0,0,0,0.0,0,0,0,0,0,0,3,0.0000
25.5,12,610396,0.2877,53.51,198.35,1788,1584,0,2,0,4,0,0,0,0,0.0,0,0,0,0,0,0,3,0.0000
25.75,12,610097,0.2879,53.70,198.47,1830,1531,2,0,0,2,0,0,0,0,0.0,0,0,0,0,0,0,2,0.0003
26,12,609928,0.2880,53.80,198.63,1793,1626,1,2,0,4,0,0,0,0,0.0,0,0,0,0,0,0,3,0.0002
26.25,12,609674,0.2881,53.64,198.78,1811,1557,2,0,0,3,0,0,0,0,0.0,0,0,0,0,0,0,3,0.0002
26.5,12,609521,0.2882,53.59,198.76,1746,1599,0,6,1,3,0,0,0,0,0.0,0,0,0,0,0,0,3,0.0002
26.75,12,609339,0.2883,53.78,198.64,1753,1571,0,0,0,3,0,0,0,0,0.0,0,0,0,0,0,0,3,0.0001
27,12,609073,0.2884,53.56,198.58,1811,1548,0,3,1,3,0,0,0,0,0.0,0,0,0,0,0,0,3,0.0001
27.25,12,608868,0.2885,53.99,198.51,1763,1558,1,0,0,4,0,0,0,0,0.0,0,0,0,0,0,0,3,0.0001
27.5,12,608675,0.2886,53.76,198.15,1771,1586,1,8,0,4,0,0,0,0,0.0,0,0,0,0,0,0,3,0.0000
27.75,12,608513,0.2887,53.92,197.89,1725,1563,0,0,0,3,0,0,0,0,0.0,0,0,0,0,0,0,3,0.0000
28,12,608383,0.2887,53.72,197.25,1706,1577,0,1,0,4,0,0,0,0,0.0,0,0,0,0,0,0,2,0.0003
28.25,12,608300,0.2888,53.14,196.39,1680,1599,0,2,0,4,0,0,0,0,0.0,0,0,0,0,0,0,3,0.0002
28.5,12,608082,0.2889,52.36,194.99,1732,1515,12,2,0,4,0,0,0,0,0.0,0,0,0,0,0,0,3,0.0002
28.75,12,607853,0.2890,51.41,192.36,1739,1512,10,3,0,3,0,0,0,0,0.0,0,0,0,0,0,0,3,0.0002
29,12,607625,0.2891,50.66,188.57,1675,1451,21,9,0,3,0,0,0,0,0.0,0,0,0,0,0,0,3,0.0001
29.25,12,607494,0.2891,49.95,184.78,1578,1470,9,24,0,3,0,0,0,0,0.0,0,0,0,0,0,0,3,0.0001
29.5,12,607334,0.2891,48.97,179.97,1569,1447,14,39,0,4,0,0,0,0,0.0,0,0,0,0,0,0,3,0.0001
29.75,12,607171,0.2892,47.13,174.80,1523,1390,15,32,0,3,0,0,0,0,0.0,0,0,0,0,0,0,3,0.0001
30,12,607091,0.2892,45.65,172.21,1430,1367,3,17,0,3,0,0,0,0,0.0,0,0,0,0,0,0,3,0.0001
30.25,12,606988,0.2892,45.68,170.82,1459,1363,0,7,0,3,0,0,0,0,0.0,0,0,0,0,0,0,3,0.0002
30.5,12,606908,0.2892,45.33,169.86,1395,1324,1,9,0,3,0,0,0,0,0.0,0,0,0,0,0,0,3,0.0002
30.75,12,606819,0.2893,45.44,169.40,1435,1351,2,5,0,4,0,0,0,0,0.0,0,0,0,0,0,0,3,0.0003
31,12,606725,0.2893,45.25,170.41,1419,1332,2,7,0,3,0,0,0,0,0.0,0,0,0,0,0,0,3,0.0003
31.25,12,606560,0.2894,45.07,169.35,1438,1276,0,3,0,4,0,0,0,0,0.0,0,0,0,0,0,0,4,0.0000
31.5,12,606489,0.2894,45.05,169.86,1395,1329,0,5,0,3,0,0,0,0,0.0,0,0,0,0,0,0,3,0.0001
31.75,12,606428,0.2895,45.25,170.62,1372,1314,5,3,0,4,0,0,0,0,0.0,0,0,0,0,0,0,3,0.0001
32,12,606286,0.2895,45.01,170.90,1434,1297,3,5,1,3,0,0,0,0,0.0,0,0,0,0,0,0,3,0.0002
32.25,12,606163,0.2896,44.80,171.79,1424,1304,7,4,0,4,0,0,0,0,0.0,0,0,0,0,0,0,3,0.0002
32.5,12,606083,0.2896,44.27,175.34,1368,1297,9,11,0,4,0,0,0,0,0.0,0,0,0,0,0,0,3,0.0003
32.75,12,605999,0.2896,43.91,178.05,1352,1283,9,16,0,6,0,0,0,0,0.0,0,0,0,0,0,0,4,0.0000
33,12,605930,0.2897,43.74,180.56,1384,1326,4,12,0,5,0,0,0,0,0.0,0,0,0,0,0,0,3,0.0001
33.25,12,605801,0.2897,44.12,182.52,1411,1294,5,13,0,4,0,0,0,0,0.0,0,0,0,0,0,0,3,0.0002
33.5,12,605758,0.2897,44.30,184.25,1331,1303,3,15,0,5,0,0,0,0,0.0,0,0,0,0,0,0,4,0.0000
33.75,12,605687,0.2897,44.66,185.74,1350,1288,2,9,0,5,0,0,0,0,0.0,0,0,0,0,0,0,3,0.0001
34,12,605573,0.2898,44.61,187.05,1401,1293,1,6,0,4,0,0,0,0,0.0,0,0,0,0,0,0,3,0.0002
34.25,12,605492,0.2898,44.82,188.21,1389,1310,1,2,0,5,0,0,0,0,0.0,0,0,0,0,0,0,4,0.0000
34.5,12,605378,0.2899,45.45,189.06,1421,1310,0,3,0,3,0,0,0,0,0.0,0,0,0,0,0,0,3,0.0001
34.75,12,605316,0.2899,45.52,189.69,1392,1334,1,4,0,3,0,0,0,0,0.0,0,0,0,0,0,0,3,0.0002
35,12,605247,0.2899,46.00,190.46,1409,1342,0,2,0,4,0,0,0,0,0.0,0,0,0,0,0,0,4,0.0000
35.25,12,605168,0.2900,46.20,191.08,1461,1382,1,0,0,3,0,0,0,0,0.0,0,0,0,0,0,0,3,0.0001
35.5,12,605141,0.2900,46.42,191.73,1420,1394,0,1,0,5,0,0,0,0,0.0,0,0,0,0,0,0,3,0.0002
35.75,12,605052,0.2901,46.72,192.29,1493,1406,0,2,0,4,0,0,0,0,0.0,0,0,0,0,0,0,4,0.0000
36,12,605004,0.2901,47.10,192.64,1472,1424,0,0,0,4,0,0,0,0,0.0,0,0,0,0,0,0,3,0.0001
36.25,12,604919,0.2901,47.33,193.12,1532,1447,1,0,0,4,0,0,0,0,0.0,0,0,0,0,0,0,3,0.0002
36.5,12,604904,0.2901,47.52,193.66,1421,1408,1,2,0,4,0,0,0,0,0.0,0,0,0,0,0,0,4,0.0000
36.75,12,604802,0.2902,47.94,193.85,1480,1379,0,1,0,3,0,0,0,0,0.0,0,0,0,0,0,0,3,0.0001
37,12,604752,0.2902,48.14,189.70,1483,1434,0,1,0,3,0,0,0,0,0.0,0,0,0,0,0,0,3,0.0002
37.25,12,604633,0.2903,48.28,181.53,1544,1424,3,0,0,4,0,0,0,0,0.0,0,0,0,0,0,0,3,0.0003
37.5,12,604496,0.2904,48.43,179.91,1562,1427,2,2,0,4,0,0,0,0,0.0,0,0,0,0,0,0,4,0.0001
37.75,12,604378,0.2904,48.83,182.64,1530,1414,3,2,0,3,0,0,0,0,0.0,0,0,0,0,0,0,3,0.0002
38,12,604365,0.2904,48.75,185.17,1514,1501,0,0,0,3,0,0,0,0,0.0,0,0,0,0,0,0,3,0.0002
38.25,12,604278,0.2905,48.99,187.27,1529,1444,2,2,0,4,0,0,0,0,0.0,0,0,0,0,0,0,4,0.0000
38.5,12,604190,0.2905,49.01,189.07,1589,1503,2,2,0,5,0,0,0,0,0.0,0,0,0,0,0,0,3,0.0001
38.75,12,604017,0.2906,49.05,190.60,1638,1467,0,2,0,6,0,0,0,0,0.0,0,0,0,0,0,0,3,0.0002
39,12,603948,0.2906,48.80,191.86,1543,1478,1,4,0,3,0,0,0,0,0.0,0,0,0,0,0,0,3,0.0002
39.25,12,603856,0.2907,49.18,193.03,1574,1484,2,2,0,4,0,0,0,0,0.0,0,0,0,0,0,0,4,0.0000
39.5,12,603764,0.2907,49.12,194.04,1582,1496,1,6,0,3,0,0,0,0,0.0,0,0,0,0,0,0,3,0.0001
39.75,12,603653,0.2908,49.39,193.26,1546,1440,3,5,0,4,0,0,0,0,0.0,0,0,0,0,0,0,3,0.0002
40,12,603655,0.2908,49.51,194.01,1536,1542,2,4,0,3,0,0,0,0,0.0,0,0,0,0,0,0,3,0.0003
40.25,12,603555,0.2908,49.64,191.92,1518,1424,0,6,0,4,0,0,0,0,0.0,0,0,0,0,0,0,4,0.0000
40.5,12,603491,0.2909,49.70,192.69,1506,1443,1,1,0,3,0,0,0,0,0.0,0,0,0,0,0,0,3,0.0001
40.75,12,603393,0.2909,49.66,192.85,1545,1449,2,2,0,3,0,0,0,0,0.0,0,0,0,0,0,0,3,0.0002
41,12,603264,0.2910,49.58,192.62,1562,1436,0,3,0,3,0,0,0,0,0.0,0,0,0,0,0,0,3,0.0003
41.25,13,603161,0.2910,49.41,193.19,1560,1462,1,5,0,4,0,0,0,0,0.0,1,1,0,0,0,0,4,0.0000
41.5,13,603120,0.2910,49.49,193.40,1520,1481,0,2,0,4,0,0,1,0,0.0,0,1,0,0,0,0,3,0.0001
41.75,13,603053,0.2911,48.92,194.03,1511,1447,0,3,0,4,0,0,1,0,0.0,0,1,0,0,0,0,3,0.0002
42,13,602969,0.2911,48.62,194.94,1545,1465,0,4,0,4,0,0,0,0,0.0,0,1,0,0,0,0,3,0.0003
42.25,13,602916,0.2912,47.42,195.64,1484,1433,0,2,1,4,0,0,0,0,0.0,0,1,0,0,0,0,4,0.0000
42.5,13,602791,0.2912,46.37,196.24,1592,1469,1,2,4,5,0,0,0,0,0.0,0,1,0,0,0,0,3,0.0001
42.75,13,602808,0.2912,45.09,196.83,1465,1484,0,2,3,5,0,0,0,0,0.0,0,1,0,0,0,0,3,0.0002
43,13,602708,0.2912,44.30,197.30,1483,1386,0,3,3,5,0,0,0,0,0.0,0,1,0,0,0,0,3,0.0003
43.25,13,602589,0.2913,45.03,196.92,1503,1386,0,2,1,7,0,0,0,0,0.0,0,1,0,0,0,0,4,0.0000
43.5,13,602508,0.2914,44.18,197.06,1463,1388,2,6,0,5,0,0,0,0,0.0,0,1,0,0,0,0,3,0.0001
43.75,13,602484,0.2914,43.66,197.39,1418,1396,0,2,0,3,0,0,0,0,0.0,0,1,0,0,0,0,3,0.0002
44,13,602454,0.2914,44.98,197.33,1419,1392,0,3,0,3,0,0,0,0,0.0,0,1,0,0,0,0,3,0.0003
44.25,13,602350,0.2914,44.51,197.66,1450,1350,1,4,0,4,0,0,0,0,0.0,0,1,0,0,0,0,4,0.0000
44.5,13,602387,0.2914,44.59,197.96,1381,1420,0,2,0,3,0,0,0,0,0.0,0,1,0,0,0,0,3,0.0001
44.75,13,602319,0.2915,44.51,198.16,1489,1423,0,2,0,4,0,0,1,0,0.0,0,1,0,0,0,0,3,0.0002
45,13,602264,0.2915,45.14,198.23,1440,1387,0,2,0,3,0,0,0,0,0.0,0,1,0,0,0,0,3,0.0003
45.25,13,602224,0.2915,45.20,197.15,1467,1429,0,2,0,4,0,0,0,0,0.0,0,1,0,0,0,0,4,0.0000
45.5,13,602166,0.2915,45.73,197.59,1472,1415,0,1,0,3,0,0,0,0,0.0,0,1,0,0,0,0,3,0.0001
45.75,13,602067,0.2916,46.03,197.77,1508,1413,0,4,0,3,0,0,0,0,0.0,0,1,0,0,0,0,3,0.0002
46,13,602035,0.2916,46.13,196.56,1465,1433,0,0,0,3,0,0,0,0,0.0,0,1,0,0,0,0,3,0.0002
46.25,13,601991,0.2916,46.14,195.39,1488,1446,0,2,0,5,0,0,0,0,0.0,0,1,0,0,0,0,4,0.0000
46.5,13,601988,0.2916,46.69,195.76,1459,1458,0,2,0,3,0,0,0,0,0.0,0,1,0,0,0,0,3,0.0001
46.75,13,601996,0.2916,46.76,196.20,1419,1427,0,0,0,4,0,0,0,0,0.0,0,1,0,0,0,0,3,0.0001
47,13,601999,0.2916,47.29,196.64,1471,1476,0,2,0,4,0,0,0,0,0.0,0,1,0,0,0,0,3,0.0002
47.25,13,601957,0.2917,47.01,197.00,1478,1440,0,4,0,4,0,0,0,0,0.0,0,1,0,0,0,0,3,0.0003
47.5,13,601797,0.2917,47.80,197.28,1566,1407,0,1,0,4,0,0,0,0,0.0,0,1,0,0,0,0,4,0.0000
47.75,13,601761,0.2918,47.65,197.16,1516,1481,1,1,0,3,0,0,0,0,0.0,0,1,0,0,0,0,3,0.0001
48,13,601670,0.2918,48.37,197.39,1529,1440,0,2,0,3,0,0,0,0,0.0,0,1,0,0,0,0,3,0.0002
48.25,13,601637,0.2918,47.95,197.71,1494,1461,0,0,0,4,0,0,0,0,0.0,0,1,0,0,0,0,3,0.0002
48.5,13,601518,0.2919,48.55,198.04,1575,1457,1,1,0,3,0,0,0,0,0.0,0,1,0,0,0,0,3,0.0003
48.75,13,601422,0.2919,49.09,198.02,1592,1498,0,2,0,4,0,0,0,0,0.0,0,1,0,0,0,0,4,0.0000
49,13,601327,0.2920,49.32,198.31,1556,1461,2,0,0,4,0,0,0,0,0.0,0,1,0,0,0,0,3,0.0001
49.25,13,601193,0.2921,49.51,198.20,1629,1496,0,1,0,3,0,0,0,0,0.0,0,1,0,0,0,0,3,0.0001
49.5,13,601134,0.2921,50.04,198.47,1555,1497,0,1,0,3,0,0,0,0,0.0,0,1,0,0,0,0,3,0.0002
49.75,13,601046,0.2921,49.82,198.00,1609,1523,0,2,0,3,0,0,0,0,0.0,0,1,0,0,0,0,3,0.0002
50,13,600918,0.2922,49.56,198.10,1584,1456,1,0,0,3,0,0,0,0,0.0,0,1,0,0,0,0,3,0.0003
50.25,13,600810,0.2923,49.54,198.24,1579,1474,0,3,1,4,0,0,0,0,0.0,0,1,0,0,0,0,4,0.0000
50.5,13,600706,0.2923,48.99,197.89,1526,1422,0,0,1,3,0,0,0,0,0.0,0,1,0,0,0,0,3,0.0001
50.75,13,600638,0.2924,48.14,198.02,1547,1480,1,1,1,3,0,0,0,0,0.0,0,1,0,0,0,0,3,0.0001
51,13,600570,0.2924,48.20,197.59,1536,1470,0,2,1,3,0,0,0,0,0.0,0,1,0,0,0,0,3,0.0002
51.25,13,600458,0.2924,47.54,197.87,1539,1430,4,3,2,3,0,0,0,0,0.0,0,1,0,0,0,0,3,0.0002
51.5,13,600391,0.2925,47.60,193.24,1507,1443,2,3,0,4,0,0,0,0,0.0,0,1,0,0,0,0,3,0.0003
51.75,13,600344,0.2925,47.27,194.10,1491,1451,4,7,0,5,0,0,0,0,0.0,0,1,0,0,0,0,4,0.0000
52,13,600314,0.2925,47.04,190.56,1512,1484,3,2,0,3,0,0,0,0,0.0,0,1,0,0,0,0,3,0.0000
52.25,13,600289,0.2925,47.07,190.07,1478,1457,2,4,0,3,0,0,0,0,0.0,0,1,0,0,0,0,3,0.0001
52.5,13,600186,0.2926,47.05,188.57,1529,1430,0,4,0,5,0,0,0,0,0.0,0,1,0,0,0,0,3,0.0001
52.75,13,600167,0.2926,47.48,188.98,1450,1434,0,3,0,3,0,0,0,0,0.0,0,1,0,0,0,0,3,0.0002
53,13,600058,0.2926,47.81,190.54,1497,1393,2,5,0,3,0,0,0,0,0.0,0,1,0,0,0,0,3,0.0002
53.25,13,599956,0.2927,48.08,185.63,1561,1464,4,5,0,3,0,0,0,0,0.0,0,1,0,0,0,0,3,0.0002
53.5,13,599842,0.2927,47.85,187.69,1541,1433,0,6,0,4,0,0,0,0,0.0,0,1,0,0,0,0,3,0.0003
53.75,13,599698,0.2928,47.91,188.29,1556,1417,1,5,0,6,0,0,0,0,0.0,0,1,0,0,0,0,4,0.0000
54,13,599587,0.2928,47.85,188.96,1577,1473,1,7,0,3,0,0,0,0,0.0,0,1,0,0,0,0,3,0.0000
54.25,13,599593,0.2929,47.89,188.62,1470,1478,2,2,0,3,0,0,0,0,0.0,0,1,0,0,0,0,3,0.0001
54.5,13,599478,0.2929,47.41,189.51,1559,1450,2597,6,0,3,0,0,0,0,0.0,0,1,0,0,0,0,3,0.0001
54.75,13,599316,0.2930,47.20,190.27,1560,1401,0,3,0,3,0,0,0,0,0.0,0,1,0,0,0,0,3,0.0002
55,13,599262,0.2930,46.63,191.36,1498,1445,0,1,1,3,0,0,0,0,0.0,0,1,0,0,0,0,3,0.0002
55.25,13,599140,0.2931,46.54,189.60,1506,1385,1,1,0,4,0,0,0,0,0.0,0,1,0,0,0,1,3,0.0002
55.5,12,599078,0.2931,46.45,190.62,1484,1425,2,3,0,4,0,0,0,0,0.0,0,1,0,0,0,1,3,0.0003
55.75,12,599022,0.2931,46.66,191.29,1386,1332,0,2,0,4,0,0,0,0,0.0,0,1,0,0,0,0,4,0.0000
56,12,598885,0.2932,46.56,191.98,1492,1356,0,1,0,5,0,0,0,0,0.0,0,1,0,0,0,0,3,0.0001
56.25,12,598883,0.2932,46.68,191.92,1375,1375,0,2,0,3,0,0,0,0,0.0,0,1,0,0,0,0,3,0.0001
56.5,12,598840,0.2932,46.21,192.91,1376,1336,3,3,0,3,0,0,0,0,0.0,0,1,0,0,0,0,3,0.0001
56.75,12,598719,0.2933,46.81,193.98,1475,1358,1,4,0,3,0,0,0,0,0.0,0,1,0,0,0,0,3,0.0002
57,12,598668,0.2933,46.12,194.83,1415,1368,2,4,0,4,0,0,0,0,0.0,0,1,0,0,0,0,3,0.0002
57.25,12,598582,0.2934,46.02,195.46,1433,1348,0,1,0,3,0,0,0,0,0.0,0,1,0,0,0,0,3,0.0002
57.5,12,598442,0.2934,46.11,196.02,1470,1332,0,2,0,5,0,0,0,0,0.0,0,1,0,0,0,0,3,0.0003
57.75,12,598369,0.2935,45.67,196.64,1439,1367,2,1,0,3,0,0,0,0,0.0,0,1,0,0,0,0,3,0.0003
58,12,598259,0.2935,46.06,197.15,1477,1371,0,4,1,4,0,0,0,0,0.0,0,1,0,0,0,0,4,0.0000
58.25,12,598181,0.2936,45.37,197.55,1446,1369,1,1,0,3,0,0,0,0,0.0,0,1,0,0,0,0,3,0.0001
58.5,12,598168,0.2936,44.84,197.76,1388,1378,0,3,0,5,0,0,0,0,0.0,0,1,0,0,0,0,3,0.0001
58.75,12,598008,0.2937,45.05,196.90,1476,1317,1,1,0,4,0,0,0,0,0.0,0,1,0,0,0,0,3,0.0001
59,12,597968,0.2937,44.73,197.26,1402,1365,0,3,0,4,0,0,0,0,0.0,0,1,0,0,0,0,3,0.0001
59.25,12,597900,0.2937,45.39,197.47,1418,1352,0,2,0,4,0,0,0,0,0.0,0,1,0,0,0,0,3,0.0002
59.5,12,597782,0.2938,45.06,197.84,1491,1375,1,2,0,3,0,0,0,0,0.0,0,1,0,0,0,0,3,0.0002
59.75,12,597742,0.2938,44.93,198.03,1378,1339,0,1,0,3,0,0,0,0,0.0,0,1,0,0,0,0,3,0.0002
60,12,597624,0.2939,44.74,198.34,1473,1357,0,2,1,4,0,0,0,0,0.0,0,1,0,0,0,0,3,0.0002
60.25,12,597568,0.2939,45.31,198.52,1422,1367,2,1,0,4,0,0,0,0,0.0,0,1,0,0,0,0,3,0.0002
60.5,12,597527,0.2939,44.65,198.42,1448,1409,1,2,0,3,0,0,0,0,0.0,0,1,0,0,0,0,3,0.0003
60.75,12,597469,0.2940,44.63,182.12,1416,1360,2,2,0,4,0,0,0,0,0.0,0,1,0,0,0,0,3,0.0003
61,12,597395,0.2940,44.72,163.44,1440,1368,2,2,0,3,0,0,0,0,0.0,0,1,0,0,0,0,3,0.0003
61.25,12,597321,0.2940,44.34,158.27,1380,1309,5,3,1,4,0,0,0,0,0.0,0,1,0,0,0,0,4,0.0000
61.5,12,597232,0.2941,43.69,155.88,1402,1318,5,6,0,4,0,0,0,0,0.0,0,1,0,0,0,0,3,0.0000
61.75,12,597158,0.2941,43.49,154.12,1363,1293,6,4,0,3,0,0,0,0,0.0,0,1,0,0,0,0,3,0.0000
62,12,597086,0.2941,42.63,157.89,1301,1233,7,4,1,3,0,0,0,0,0.0,0,1,0,0,0,0,3,0.0001
62.25,12,597101,0.2941,41.98,154.51,1240,1264,5,9,0,3,0,0,0,0,0.0,0,1,0,0,0,0,3,0.0001
62.5,12,597075,0.2941,41.58,158.48,1255,1236,8,7,0,3,0,0,0,0,0.0,0,1,0,0,0,0,3,0.0001
62.75,12,597001,0.2941,41.44,154.99,1214,1152,5,12,1,4,0,0,0,0,0.0,0,1,0,0,0,0,3,0.0001
63,12,596975,0.2941,41.25,159.74,1155,1138,8,9,3,4,0,0,0,0,0.0,0,1,0,0,0,0,3,0.0002
63.25,12,596911,0.2942,41.59,152.87,1204,1148,5,8,0,4,0,0,0,0,0.0,0,1,0,0,0,0,3,0.0002
63.5,12,596876,0.2942,41.25,157.78,1182,1151,2,4,1,3,0,0,0,0,0.0,0,1,0,0,0,0,3,0.0002
63.75,12,596840,0.2942,41.28,153.64,1161,1127,0,2,2,3,0,0,0,0,0.0,0,1,0,0,0,0,3,0.0003
64,12,596777,0.2942,40.92,158.81,1186,1131,0,8,0,4,0,0,1,0,0.0,0,1,0,0,0,0,4,0.0000
64.25,12,596759,0.2942,41.26,152.90,1131,1117,3,4,0,3,0,0,0,0,0.0,0,1,0,0,0,0,3,0.0000
64.5,12,596746,0.2942,40.89,158.51,1165,1154,1,2,3,3,0,0,0,0,0.0,0,1,0,0,0,0,3,0.0001
64.75,12,596696,0.2943,41.35,153.35,1130,1082,1,2,1,3,0,0,0,0,0.0,0,1,0,0,0,0,3,0.0001
65,12,596750,0.2942,40.70,158.13,1122,1180,0,4,0,4,0,0,0,0,0.0,0,1,0,0,0,0,3,0.0001
65.25,12,596731,0.2943,40.94,153.10,1118,1100,1,1,0,5,0,0,0,0,0.0,0,1,0,0,0,0,3,0.0002
65.5,12,596694,0.2943,40.40,157.86,1183,1148,0,2,0,4,0,0,0,0,0.0,0,1,0,0,0,0,3,0.0002
65.75,12,596654,0.2943,40.73,153.02,1160,1125,1,5,3,4,0,0,0,0,0.0,0,1,0,0,0,0,3,0.0002
66,12,596654,0.2943,40.54,158.44,1163,1167,0,4,1,3,0,0,0,0,0.0,0,1,0,0,0,0,3,0.0003
66.25,12,596593,0.2943,40.31,155.34,1124,1068,0,5,0,5,0,0,0,0,0.0,0,1,0,0,0,0,4,0.0000
66.5,12,596554,0.2943,40.39,160.86,1195,1159,3,3,0,4,0,0,0,0,0.0,0,1,0,0,0,0,3,0.0001
66.75,12,596512,0.2944,39.91,156.14,1132,1092,1,2,0,3,0,0,0,0,0.0,0,1,0,0,0,0,3,0.0001
67,12,596513,0.2944,39.18,160.11,1153,1158,1,4,0,3,0,0,0,0,0.0,0,1,0,0,0,0,3,0.0001
67.25,12,596454,0.2944,39.30,154.38,1130,1074,1,3,0,4,0,0,0,0,0.0,0,1,0,0,0,0,3,0.0002
67.5,12,596395,0.2944,38.81,158.82,1149,1095,2,5,2,3,0,0,0,0,0.0,0,1,0,0,0,0,3,0.0002
67.75,12,596422,0.2944,39.10,154.24,1096,1129,5,6,0,3,0,0,0,0,0.0,0,1,0,0,0,0,3,0.0002
68,12,596421,0.2944,38.21,159.47,1124,1124,2,1,1,5,0,0,0,0,0.0,0,1,0,0,0,0,3,0.0003
68.25,12,596343,0.2944,38.67,153.78,1175,1104,2,7,0,6,0,0,0,0,0.0,0,1,0,0,0,0,4,0.0000
68.5,12,596332,0.2944,37.77,157.83,1134,1131,0,8,1,5,0,0,0,0,0.0,0,1,0,0,0,0,3,0.0001
68.75,12,596251,0.2945,37.91,153.92,1170,1091,4,3,0,3,0,0,0,0,0.0,0,1,0,0,0,0,3,0.0001
69,12,596196,0.2945,37.30,157.89,1142,1097,0,10,0,3,0,0,0,0,0.0,0,1,0,0,0,0,3,0.0002
69.25,12,596249,0.2945,37.51,153.30,1033,1092,1,6,0,5,0,0,0,0,0.0,0,1,0,0,0,0,3,0.0002
69.5,12,596213,0.2945,37.34,157.51,1148,1115,2,3,1,4,0,0,0,0,0.0,0,1,0,0,0,0,3,0.0003
69.75,12,596209,0.2945,37.46,155.55,1118,1121,1,7,1,7,0,0,0,0,0.0,0,1,0,0,0,0,4,0.0000
70,12,596160,0.2945,37.32,157.25,1152,1111,2,8,0,3,0,0,0,0,0.0,0,1,0,0,0,0,3,0.0001
70.25,12,596124,0.2945,37.84,159.96,1159,1132,4,9,0,3,0,0,0,0,0.0,0,1,0,0,0,0,3,0.0002
70.5,12,596125,0.2945,36.98,161.22,1096,1099,2,2,1,3,0,0,0,0,0.0,0,1,0,0,0,0,3,0.0002
70.75,12,596077,0.2945,38.27,162.30,1142,1097,2,3,0,4,0,0,0,0,0.0,0,1,0,0,0,0,3,0.0003
71,12,596073,0.2945,36.97,163.96,1102,1105,4,7,0,4,0,0,0,0,0.0,0,1,0,0,0,0,4,0.0001
71.25,12,596017,0.2946,37.96,165.82,1139,1089,5,6,0,5,0,0,0,0,0.0,0,1,0,0,0,0,3,0.0001
71.5,12,596076,0.2945,36.83,166.01,1101,1161,5,1,0,4,0,0,0,0,0.0,0,1,0,0,0,0,3,0.0002
71.75,12,596060,0.2945,37.71,167.29,1119,1111,2,8,1,3,0,0,0,0,0.0,0,1,0,0,0,0,3,0.0003
72,12,596029,0.2945,36.39,167.62,1109,1085,2,7,0,4,0,0,0,0,0.0,0,1,0,0,0,0,4,0.0000
72.25,12,596030,0.2945,37.09,168.51,1097,1103,3,5,0,5,0,0,0,0,0.0,0,1,0,0,0,0,3,0.0001
72.5,12,596032,0.2945,35.90,169.40,1126,1135,2,7,0,3,0,0,0,0,0.0,0,1,0,0,0,0,3,0.0002
72.75,12,596033,0.2945,37.21,170.73,1089,1096,1,6,1,3,0,0,0,0,0.0,0,1,0,0,0,0,3,0.0002
73,12,596028,0.2945,35.87,172.57,1140,1139,1,4,0,4,0,0,0,0,0.0,0,1,0,0,0,0,4,0.0000
73.25,12,596013,0.2945,37.06,174.17,1095,1086,3,6,0,3,0,0,0,0,0.0,0,1,0,0,0,0,3,0.0001
73.5,12,596028,0.2945,35.56,174.70,1131,1153,5,7,0,4,0,0,0,0,0.0,0,1,0,0,0,0,3,0.0002
73.75,12,595988,0.2945,37.04,175.69,1153,1115,0,2,0,3,0,0,0,0,0.0,0,1,0,0,0,0,3,0.0003
74,12,595977,0.2945,35.36,178.07,1126,1117,1,2,0,4,0,0,0,0,0.0,0,1,0,0,0,0,4,0.0000
74.25,12,595948,0.2946,36.64,178.27,1148,1123,1,4,0,3,0,0,0,0,0.0,0,1,0,0,0,0,3,0.0001
74.5,12,595893,0.2946,34.73,179.80,1228,1180,1,7,0,4,0,0,0,0,0.0,0,1,0,0,0,0,3,0.0002
74.75,12,595969,0.2945,36.76,181.47,1079,1155,0,0,0,3,0,0,0,0,0.0,0,1,0,0,0,0,3,0.0003
75,12,595984,0.2945,34.71,184.13,1144,1160,5,2,0,5,0,0,0,0,0.0,0,1,0,0,0,0,4,0.0001
75.25,12,595904,0.2946,35.58,186.47,1168,1093,2,5,0,3,0,0,0,0,0.0,0,1,0,0,0,0,3,0.0001
75.5,12,595863,0.2946,35.02,188.22,1138,1102,2,5,0,4,0,0,0,0,0.0,0,1,0,0,0,0,3,0.0002
75.75,12,595895,0.2946,35.45,189.85,1075,1111,0,4,0,4,0,0,0,0,0.0,0,1,0,0,0,0,4,0.0000
76,12,595890,0.2946,35.65,190.92,1123,1123,0,5,0,3,0,0,0,0,0.0,0,1,0,0,0,0,3,0.0001
76.25,12,595912,0.2946,36.24,192.01,1108,1131,1,1,0,3,0,0,0,0,0.0,0,1,0,0,0,0,3,0.0002
76.5,12,595967,0.2946,35.31,192.96,1144,1202,1,3,0,3,0,0,0,0,0.0,0,1,0,0,0,0,3,0.0002
76.75,12,595983,0.2946,36.04,193.39,1112,1129,1,1,0,4,0,0,0,0,0.0,0,1,0,0,0,0,4,0.0000
77,12,595998,0.2945,35.27,193.87,1149,1166,0,2,0,3,0,0,0,0,0.0,0,1,0,0,0,0,3,0.0001
77.25,12,595966,0.2946,36.01,193.86,1131,1101,1,2,0,4,0,0,0,0,0.0,0,1,0,0,0,0,3,0.0002
77.5,12,596034,0.2945,35.09,193.96,1120,1189,1,1,0,5,0,0,0,0,0.0,0,1,0,0,0,0,3,0.0002
77.75,12,596073,0.2945,36.12,194.05,1089,1131,2,3,0,4,0,0,0,0,0.0,0,1,0,0,0,0,4,0.0000
78,12,596143,0.2945,35.61,194.00,1128,1202,0,4,0,3,0,0,0,0,0.0,0,1,0,0,0,0,3,0.0001
78.25,12,596178,0.2945,36.34,193.88,1130,1167,1,2,0,4,0,0,0,0,0.0,0,1,0,0,0,0,3,0.0002
78.5,12,596272,0.2944,35.97,193.50,1106,1204,1,4,0,3,0,0,0,0,0.0,0,1,0,0,0,0,3,0.0002
78.75,12,596230,0.2945,36.76,193.04,1166,1124,0,0,0,4,0,0,0,0,0.0,0,1,0,0,0,0,3,0.0003
79,12,596262,0.2944,36.68,192.91,1189,1223,2,2,0,4,0,0,0,0,0.0,0,1,0,0,0,0,4,0.0001
79.25,12,596245,0.2945,37.05,192.51,1161,1144,2,0,0,3,0,0,0,0,0.0,0,1,0,0,0,0,3,0.0001
79.5,12,596259,0.2945,36.68,192.14,1176,1192,1,2,0,4,0,0,0,0,0.0,0,1,0,0,0,0,3,0.0002
79.75,12,596281,0.2945,37.43,191.81,1187,1209,0,0,0,3,0,0,0,0,0.0,0,1,0,0,0,0,3,0.0002
80,12,596332,0.2944,37.16,191.32,1192,1245,0,2,0,4,0,0,0,0,0.0,0,1,0,0,0,0,4,0.0000
80.25,12,596367,0.2944,37.64,190.75,1153,1189,0,1,0,4,0,0,0,0,0.0,0,1,0,0,0,0,3,0.0001
80.5,12,596427,0.2944,37.11,190.36,1203,1263,1,0,0,4,0,0,0,0,0.0,0,1,0,0,0,0,3,0.0001
80.75,12,596430,0.2944,36.88,189.36,1178,1182,0,1,1,3,0,0,0,0,0.0,0,1,0,0,0,0,3,0.0002
81,12,596466,0.2944,35.42,189.04,1196,1237,1,5,3,3,0,0,0,0,0.0,0,1,0,0,0,0,3,0.0002
81.25,12,596435,0.2944,36.38,188.20,1177,1149,1,3,3,3,0,0,0,0,0.0,0,1,0,0,0,0,3,0.0003
81.5,11,596538,0.2943,34.82,187.55,1123,1227,1,1,7,4,0,1,0,0,0.0,0,0,0,0,1,0,4,0.0000
81.75,11,596460,0.2944,35.19,186.79,1138,1061,2,1,8,4,0,0,0,0,0.0,0,0,0,0,0,0,3,0.0001
82,11,596418,0.2944,34.62,185.69,1162,1124,0,4,7,3,0,0,0,0,0.0,0,0,0,0,0,0,3,0.0001
82.25,11,596479,0.2943,35.10,184.60,1058,1119,2,0,7,3,0,0,0,0,0.0,0,0,0,0,0,0,3,0.0002
82.5,11,596506,0.2943,34.23,183.72,1099,1130,4,4,0,4,0,0,0,0,0.0,0,0,0,0,0,0,3,0.0002
82.75,11,596486,0.2943,35.85,183.03,1079,1066,2,7,1,3,0,0,0,0,0.0,0,0,0,0,0,0,3,0.0003
83,11,596501,0.2943,35.07,182.25,1093,1113,3,5,0,4,0,0,0,0,0.0,0,0,0,0,0,0,4,0.0000
83.25,11,596556,0.2943,35.49,181.45,1014,1076,2,7,0,5,0,0,0,0,0.0,0,0,0,0,0,0,3,0.0001
83.5,11,596563,0.2943,34.30,180.77,1095,1109,1,7,0,4,0,0,0,0,0.0,0,0,0,0,0,0,3,0.0001
83.75,11,596560,0.2943,35.67,179.13,1021,1019,1,1,0,3,0,0,0,0,0.0,0,0,0,0,0,0,3,0.0001
84,11,596557,0.2943,34.54,177.51,1044,1047,3,6,0,3,0,0,0,0,0.0,0,0,0,0,0,0,3,0.0002
84.25,11,596571,0.2943,35.22,177.14,980,997,1,3,0,3,0,0,0,0,0.0,0,0,0,0,0,0,3,0.0002
84.5,11,596600,0.2942,34.37,176.75,1000,1033,1,4,0,3,0,0,0,0,0.0,0,0,0,0,0,0,3,0.0003
84.75,11,596707,0.2942,34.46,176.25,915,1024,2,2,0,5,0,0,0,0,0.0,0,0,0,0,0,0,4,0.0000
85,11,596727,0.2942,33.97,176.01,1003,1026,2,3,2,3,0,0,0,0,0.0,0,0,0,0,0,0,3,0.0001
85.25,11,596698,0.2942,34.10,175.46,990,962,4,1,0,3,0,0,0,0,0.0,0,0,0,0,0,0,3,0.0001
85.5,11,596728,0.2942,33.21,175.43,993,1025,1,2,0,4,0,0,0,0,0.0,0,0,0,0,0,0,3,0.0002
85.75,11,596728,0.2942,33.80,174.62,1003,1008,0,5,0,3,0,0,0,0,0.0,0,0,0,0,0,0,3,0.0002
86,11,596760,0.2942,32.91,174.18,1037,1073,2,4,0,4,0,0,0,0,0.0,0,0,0,0,0,0,3,0.0003
86.25,11,596796,0.2942,33.44,174.39,955,991,2,0,0,3,0,0,0,0,0.0,0,0,0,0,0,0,3,0.0003
86.5,11,596811,0.2942,32.48,174.32,1005,1022,0,2,0,5,0,0,0,0,0.0,0,0,0,0,0,0,4,0.0000
86.75,11,596832,0.2942,33.41,174.52,915,936,0,0,1,3,0,0,0,0,0.0,0,0,0,0,0,0,3,0.0001
87,11,596867,0.2941,32.64,174.71,1033,1070,0,2,0,4,0,0,0,0,0.0,0,0,0,0,0,0,3,0.0001
87.25,11,596897,0.2941,33.14,174.72,961,992,1,1,0,3,0,0,0,0,0.0,0,0,0,0,0,0,3,0.0001
87.5,11,596981,0.2941,32.41,175.05,947,1033,0,2,0,4,0,0,0,0,0.0,0,0,0,0,0,0,3,0.0002
87.75,11,597029,0.2941,32.89,172.53,928,976,0,0,0,3,0,0,0,0,0.0,0,0,0,0,0,0,3,0.0002
88,11,597034,0.2941,32.67,176.16,976,982,0,1,0,3,0,0,0,0,0.0,0,0,0,0,0,0,3,0.0002
88.25,11,597033,0.2941,33.05,179.45,975,976,1,2,0,3,0,0,0,0,0.0,0,0,0,0,0,0,3,0.0003
88.5,11,597057,0.2941,32.66,182.60,969,994,0,1,0,3,0,0,0,0,0.0,0,0,0,0,0,0,3,0.0003
88.75,11,597041,0.2941,33.29,185.29,952,936,0,0,1,5,0,0,0,0,0.0,0,0,0,0,0,0,4,0.0000
89,11,597085,0.2941,32.94,187.54,916,960,0,0,0,5,0,0,0,0,0.0,0,0,0,0,0,0,3,0.0000
89.25,11,597068,0.2941,32.95,189.44,1017,1000,0,0,0,3,0,0,0,0,0.0,0,0,0,0,0,0,3,0.0000
89.5,11,597096,0.2941,33.13,191.11,962,991,0,1,0,5,0,0,0,0,0.0,0,0,0,0,0,0,3,0.0001
89.75,11,597118,0.2941,33.58,192.43,963,986,1,1,0,3,0,0,0,0,0.0,0,0,0,0,0,0,3,0.0001
90,11,597106,0.2941,33.54,193.50,967,955,0,0,0,3,0,0,0,0,0.0,0,0,0,0,0,0,3,0.0001
90.25,11,597163,0.2941,33.64,194.52,969,1027,1,1,0,3,0,0,0,0,0.0,0,0,0,0,0,0,3,0.0001
90.5,11,597164,0.2941,33.89,195.35,1000,1003,0,2,0,3,0,0,0,0,0.0,0,0,0,0,0,0,3,0.0001
90.75,11,597220,0.2940,34.24,196.08,965,1021,0,0,0,3,0,0,0,0,0.0,0,0,0,0,0,0,3,0.0001
91,11,597206,0.2940,34.36,196.69,1052,1039,0,1,0,4,0,0,0,0,0.0,0,0,0,0,0,0,3,0.0001
91.25,11,597165,0.2941,34.35,197.21,1049,1010,1,2,0,5,0,0,0,0,0.0,0,0,0,0,0,0,3,0.0001
91.5,11,597220,0.2941,34.06,197.28,962,1017,0,0,0,3,0,0,0,0,0.0,0,0,0,0,0,0,3,0.0001
91.75,11,597230,0.2941,34.93,197.71,1032,1043,0,1,0,3,0,0,0,0,0.0,0,0,0,0,0,0,3,0.0001
92,11,597187,0.2941,34.81,198.01,1095,1052,0,0,0,3,0,0,0,0,0.0,0,0,0,0,0,0,3,0.0002
92.25,11,597130,0.2941,34.54,198.32,1077,1020,1,0,0,3,0,0,0,0,0.0,0,0,0,0,0,0,3,0.0002
92.5,11,597183,0.2941,34.39,198.54,1030,1084,0,1,0,5,0,0,0,0,0.0,0,0,0,0,0,0,3,0.0002
92.75,11,597173,0.2941,33.92,198.55,1085,1076,0,1,0,4,0,0,0,0,0.0,0,0,0,0,0,0,3,0.0001
93,11,597218,0.2941,33.93,198.55,1008,1054,0,1,0,4,0,0,0,0,0.0,0,0,0,0,0,0,3,0.0001
93.25,11,597215,0.2941,34.36,198.68,1055,1052,0,0,0,3,0,0,0,0,0.0,0,0,0,0,0,0,3,0.0001
93.5,11,597253,0.2941,34.94,198.86,1018,1056,0,0,0,3,0,0,0,0,0.0,0,0,0,0,0,0,3,0.0001
93.75,11,597267,0.2941,34.45,198.90,1059,1075,0,2,0,4,0,0,0,0,0.0,0,0,0,0,0,0,3,0.0001
94,11,597285,0.2941,34.71,199.01,1045,1063,0,0,1,3,0,0,0,0,0.0,0,0,0,0,0,0,3,0.0001
94.25,11,597304,0.2941,34.69,199.14,1056,1077,1,2,0,3,0,0,0,0,0.0,0,0,0,0,0,0,3,0.0001
94.5,11,597284,0.2941,35.00,199.24,1099,1082,1,3,0,3,0,0,0,0,0.0,0,0,0,0,0,0,3,0.0001
94.75,11,597276,0.2941,35.04,199.16,1079,1074,1,3,0,3,0,0,0,0,0.0,0,0,0,0,0,0,3,0.0001
95,11,597290,0.2941,35.28,199.13,1060,1076,1,2,0,3,0,0,0,0,0.0,0,0,0,0,0,0,3,0.0001
95.25,11,597306,0.2941,35.49,199.20,1068,1085,0,1,1,3,0,0,0,0,0.0,0,0,0,0,0,0,3,0.0001
95.5,11,597307,0.2941,35.59,199.29,1052,1055,1,2,1,5,0,0,0,0,0.0,0,0,0,0,0,0,3,0.0000
95.75,11,597337,0.2941,36.09,199.37,1057,1090,1,3,0,3,0,0,0,0,0.0,0,0,0,0,0,0,3,0.0000
96,11,597317,0.2941,35.78,199.46,1056,1039,3,3,0,3,0,0,0,0,0.0,0,0,0,0,0,0,3,0.0000
96.25,11,597400,0.2940,36.14,199.48,989,1074,4,2,1,3,0,0,0,0,0.0,0,0,0,0,0,0,2,0.0003
96.5,11,597369,0.2940,36.25,199.37,1080,1055,0,6,0,4,0,0,0,0,0.0,0,0,0,0,0,0,3,0.0003
96.75,11,597411,0.2940,36.18,199.45,1069,1114,1,3,0,3,0,0,0,0,0.0,0,0,0,0,0,0,3,0.0003
97,11,597398,0.2940,36.28,199.24,1108,1099,2,4,0,3,0,0,0,0,0.0,0,0,0,0,0,0,3,0.0002
97.25,11,597488,0.2940,35.90,199.21,1053,1151,1,8,0,3,0,0,0,0,0.0,0,0,0,0,0,0,3,0.0002
97.5,11,597480,0.2940,35.94,199.22,1079,1072,2,1,1,5,0,0,0,0,0.0,0,0,0,0,0,0,3,0.0002
97.75,11,597510,0.2940,35.46,198.97,1058,1091,0,3,0,3,0,0,0,0,0.0,0,0,0,0,0,0,3,0.0002
98,11,597557,0.2940,35.36,199.02,1059,1112,0,6,0,4,0,0,0,0,0.0,0,0,0,0,0,0,3,0.0002
98.25,11,597565,0.2939,34.85,198.97,1067,1079,0,4,1,4,0,0,0,0,0.0,0,0,0,0,0,0,3,0.0002
98.5,11,597507,0.2940,35.10,199.03,1060,1005,1,3,0,3,0,0,0,0,0.0,0,0,0,0,0,0,3,0.0002
98.75,11,597538,0.2940,35.08,199.16,1051,1085,0,3,1,3,0,0,0,0,0.0,0,0,0,0,0,0,3,0.0002
99,11,597545,0.2940,35.73,199.13,1047,1058,0,4,0,4,0,0,0,0,0.0,0,0,0,0,0,0,3,0.0002
99.25,11,597675,0.2939,35.92,199.22,1023,1157,1,4,1,3,0,0,0,0,0.0,0,0,0,0,0,0,3,0.0001
99.5,11,597646,0.2939,35.95,199.20,1070,1042,0,1,0,4,0,0,0,0,0.0,0,0,0,0,0,0,3,0.0001
99.75,11,597719,0.2939,34.95,199.16,1025,1103,0,5,0,3,0,0,0,0,0.0,0,0,0,0,0,0,3,0.0001
100,11,597741,0.2939,34.40,199.11,1082,1107,2,3,0,3,0,0,0,0,0.0,0,0,0,0,0,0,3,0.0001
100.25,11,597724,0.2939,33.63,199.02,1105,1090,0,2,1,3,0,0,0,0,0.0,0,0,0,0,0,0,3,0.0001
100.5,11,597698,0.2939,33.50,199.09,1085,1063,2,4,0,3,0,0,0,0,0.0,0,0,0,0,0,0,3,0.0001
100.75,11,597750,0.2939,33.34,198.83,1045,1101,0,4,0,3,0,0,0,0,0.0,0,0,0,0,0,0,3,0.0001
101,11,597759,0.2939,33.41,199.01,1137,1146,1,0,0,3,0,0,0,0,0.0,0,0,0,0,0,0,3,0.0000
101.25,11,597835,0.2938,32.69,199.06,1065,1144,0,3,0,4,0,0,0,0,0.0,0,0,0,0,0,0,3,0.0000
101.5,11,597860,0.2938,32.57,199.08,1093,1119,1,1,0,3,0,0,0,0,0.0,0,0,0,0,0,0,3,0.0000
101.75,11,597904,0.2938,32.68,199.17,1063,1108,1,1,2,2,0,0,0,0,0.0,0,0,0,0,0,0,2,0.0003
102,11,597936,0.2938,32.34,199.17,1152,1191,1,7,3,3,0,0,0,0,0.0,0,0,0,0,0,0,3,0.0003
102.25,11,597949,0.2938,32.67,198.74,1114,1130,0,3,0,3,0,0,0,0,0.0,0,0,0,0,0,0,3,0.0002
102.5,11,597980,0.2937,32.76,198.89,1126,1159,1,2,2,4,0,0,0,0,0.0,0,0,0,0,0,0,3,0.0002
102.75,11,597985,0.2937,33.01,197.87,1144,1153,1,4,1,3,0,0,0,0,0.0,0,0,0,0,0,0,3,0.0002
103,11,597947,0.2937,33.36,198.19,1155,1121,3,4,2,5,0,0,0,0,0.0,0,0,0,0,0,0,3,0.0002
103.25,11,597933,0.2938,34.15,198.42,1145,1133,3,2,2,4,0,0,0,0,0.0,0,0,0,0,0,0,3,0.0001
103.5,11,597978,0.2937,34.36,198.57,1126,1177,0,6,0,3,0,0,0,0,0.0,0,0,0,0,0,0,3,0.0001
103.75,11,597923,0.2938,34.00,198.57,1214,1161,1,2,0,3,0,0,0,0,0.0,0,0,0,0,0,0,3,0.0001
104,11,597977,0.2937,33.90,198.66,1139,1198,1,5,2,3,0,0,0,0,0.0,0,0,0,0,0,0,3,0.0001
104.25,11,597984,0.2937,33.62,198.14,1176,1186,1,3,0,4,0,0,0,0,0.0,0,0,0,0,0,0,3,0.0000
104.5,11,598037,0.2937,33.93,198.42,1137,1193,0,3,0,3,0,0,0,0,0.0,0,0,0,0,0,0,3,0.0000
104.75,11,597979,0.2937,33.54,198.56,1221,1164,0,1,0,4,0,0,0,0,0.0,0,0,0,0,0,0,3,0.0000
105,11,598014,0.2937,33.30,198.68,1147,1186,1,4,0,2,0,0,0,0,0.0,0,0,0,0,0,0,2,0.0003
105.25,11,598015,0.2937,33.01,198.36,1164,1166,1,1,0,3,0,0,0,0,0.0,0,0,0,0,0,0,3,0.0002
105.5,11,598057,0.2937,32.69,198.62,1133,1177,1,2,0,4,0,0,0,0,0.0,0,0,0,0,0,0,3,0.0002
105.75,11,598050,0.2937,32.69,198.77,1176,1171,0,2,0,3,0,0,0,0,0.0,0,0,0,0,0,0,3,0.0002
106,11,598053,0.2937,32.62,198.90,1131,1135,4,1,0,3,0,0,0,0,0.0,0,0,0,0,0,0,3,0.0002
106.25,11,598076,0.2937,33.16,198.92,1147,1172,2,2,0,4,0,0,0,0,0.0,0,0,0,0,0,0,3,0.0001
106.5,11,598071,0.2937,32.91,198.76,1157,1154,0,2,1,3,0,0,0,0,0.0,0,0,0,0,0,0,3,0.0001
106.75,11,598070,0.2937,32.89,198.35,1145,1146,0,2,0,6,0,0,0,0,0.0,0,0,0,0,0,0,3,0.0001
107,11,598068,0.2937,33.28,198.59,1136,1135,1,1,0,4,0,0,0,0,0.0,0,0,0,0,0,0,3,0.0001
107.25,11,598118,0.2937,32.74,198.50,1091,1143,1,2,0,4,0,0,0,0,0.0,0,0,0,0,0,0,3,0.0000
107.5,11,598170,0.2937,32.72,198.69,1136,1188,2,0,0,2,0,0,0,0,0.0,0,0,0,0,0,0,2,0.0003
107.75,11,598187,0.2937,32.21,198.58,1165,1185,0,3,0,3,0,0,0,0,0.0,0,0,0,0,0,0,3,0.0003
108,11,598191,0.2937,31.86,198.71,1174,1179,2,1,0,4,0,0,0,0,0.0,0,0,0,0,0,0,3,0.0002
108.25,11,598230,0.2936,31.96,198.49,1129,1168,1,0,0,4,0,0,0,0,0.0,0,0,0,0,0,0,3,0.0002
108.5,11,598238,0.2936,31.53,198.55,1211,1221,0,2,0,3,0,0,0,0,0.0,0,0,0,0,0,0,3,0.0002
108.75,11,598219,0.2937,31.21,198.47,1244,1227,1,2,0,3,0,0,0,0,0.0,0,0,0,0,0,0,3,0.0001
109,11,598256,0.2936,30.98,198.67,1165,1204,0,2,0,5,0,0,0,0,0.0,0,0,0,0,0,0,3,0.0001
109.25,11,598279,0.2936,30.69,198.36,1176,1201,2,2,1,3,0,0,0,0,0.0,0,0,0,0,0,0,3,0.0000
109.5,11,598319,0.2936,31.13,198.27,1151,1193,48,2,6,3,0,0,0,0,0.0,0,0,0,0,0,0,3,0.0000
109.75,11,598299,0.2936,31.30,197.44,1189,1171,6,3,6,2,0,0,0,0,0.0,0,0,0,0,0,0,2,0.0003
110,11,598379,0.2936,31.37,197.84,1108,1195,5,7,3,4,0,0,0,0,0.0,0,0,0,0,0,0,3,0.0002
110.25,11,598372,0.2936,30.81,197.89,1173,1169,10573,3,0,4,0,0,0,0,-35.4,0,0,0,0,0,0,3,0.0002
110.5,11,598381,0.2936,30.87,197.69,1126,1136,1,1,0,4,0,0,0,0,-35.4,0,0,0,0,0,0,3,0.0002
110.75,11,598378,0.2936,30.65,197.87,1172,1173,1,4,0,3,0,0,0,0,-35.4,0,0,0,0,0,0,3,0.0001
111,11,598386,0.2936,30.88,198.07,1217,1228,1,3,0,4,0,0,1,0,-35.4,0,0,0,0,0,0,3,0.0001
111.25,11,598422,0.2936,31.30,197.37,1243,1283,0,4,0,4,0,0,0,0,-35.4,0,0,0,0,0,0,3,0.0000
111.5,11,598416,0.2936,31.56,197.08,1284,1280,1590,2,0,4,0,0,0,0,-35.4,0,0,0,0,0,0,3,0.0000
111.75,11,598393,0.2936,32.38,197.25,1377,1357,2,3,0,3,0,0,0,0,-35.4,0,0,0,0,0,0,2,0.0003
112,11,598400,0.2936,33.35,197.23,1405,1413,1,1,0,4,0,0,0,0,-35.4,0,0,0,0,0,0,3,0.0002
112.25,11,598422,0.2936,34.07,197.37,1348,1370,1,0,0,5,0,0,0,0,-35.4,0,0,0,0,0,0,3,0.0002
112.5,11,598403,0.2936,35.04,197.45,1433,1417,0,3,0,3,0,0,0,0,-35.4,0,0,0,0,0,0,3,0.0001
112.75,11,598388,0.2936,35.97,197.43,1484,1469,1,0,0,5,0,0,0,0,-35.4,0,0,0,0,0,0,3,0.0001
113,11,598413,0.2936,36.91,197.41,1500,1528,0,3,0,4,0,0,0,0,-35.4,0,0,0,0,0,0,3,0.0000
113.25,11,598471,0.2936,37.61,197.74,1505,1563,1,0,0,3,0,0,0,0,-35.4,0,0,0,0,0,0,2,0.0003
113.5,11,598535,0.2935,38.18,197.93,1456,1521,1,1,0,3,0,0,0,0,-35.4,0,0,0,0,0,0,3,0.0002
113.75,11,598493,0.2936,38.66,197.39,1522,1483,1,3,0,3,0,0,0,0,-35.4,0,0,0,0,0,0,3,0.0002
114,11,598503,0.2936,39.07,197.61,1522,1533,0,1,0,4,0,0,0,0,-35.4,0,0,0,0,0,0,3,0.0001
114.25,11,598514,0.2936,39.27,197.15,1508,1520,2,1,0,4,0,0,0,0,-35.4,0,0,0,0,0,0,3,0.0001
114.5,11,598510,0.2936,39.46,196.77,1526,1523,3,1,0,2,0,0,0,0,-35.4,0,0,0,0,0,0,2,0.0003
114.75,11,598524,0.2935,39.34,196.49,1464,1484,1,6,0,4,0,0,0,0,-35.4,0,0,0,0,0,0,3,0.0002
115,11,598444,0.2936,39.48,196.61,1562,1486,0,4,0,4,0,0,0,0,-35.4,0,0,0,0,0,0,3,0.0002
115.25,11,598446,0.2936,39.97,196.76,1478,1482,2,2,0,3,0,0,0,0,-35.4,0,0,0,0,0,0,3,0.0001
115.5,11,598445,0.2936,39.58,195.87,1436,1440,0,5,0,3,0,0,0,0,-35.4,0,0,0,0,0,0,3,0.0001
115.75,11,598423,0.2936,39.48,195.52,1533,1519,0,8,0,3,0,0,0,0,-35.4,0,0,0,0,0,0,2,0.0003
116,11,598397,0.2936,39.44,196.19,1451,1433,2,8,0,7,0,0,0,0,-35.4,0,0,0,0,0,0,3,0.0002
116.25,11,598339,0.2936,38.98,195.42,1517,1465,0,6,0,3,0,0,0,0,-35.4,0,0,0,0,0,0,3,0.0002
116.5,11,598312,0.2936,38.78,195.61,1448,1426,2,5,0,3,0,0,0,0,-35.4,0,0,0,0,0,0,3,0.0001
116.75,11,598312,0.2936,38.49,195.39,1434,1436,0,2,0,5,0,0,0,0,-35.4,0,0,0,0,0,0,3,0.0001
117,11,598313,0.2936,38.30,194.99,1472,1477,1,4,0,3,0,0,0,0,-35.4,0,0,0,0,0,0,3,0.0000
117.25,11,598267,0.2937,38.13,194.98,1446,1406,1,6,0,2,0,0,0,0,-35.4,0,0,0,0,0,0,2,0.0003
117.5,11,598246,0.2937,38.41,195.45,1457,1439,1,3,0,3,0,0,0,0,-35.4,0,0,0,0,0,0,3,0.0002
117.75,11,598252,0.2937,38.26,195.21,1453,1465,1,6,0,3,0,0,0,0,-35.4,0,0,0,0,0,0,3,0.0002
118,11,598165,0.2937,38.21,195.77,1533,1451,0,5,0,4,0,0,0,0,-35.4,0,0,0,0,0,0,3,0.0001
118.25,11,598152,0.2937,38.11,195.50,1495,1484,3,2,0,5,0,0,1,0,-35.4,0,0,0,0,0,0,3,0.0001
118.5,11,598116,0.2937,38.04,195.52,1442,1410,1,4,0,6,0,0,0,0,-35.4,0,0,0,0,0,0,3,0.0000
118.75,11,598048,0.2938,38.16,196.15,1523,1462,3,8,0,3,0,0,0,0,-35.4,0,0,0,0,0,0,2,0.0003
119,11,598027,0.2938,38.15,196.48,1458,1440,0,3,0,4,0,0,0,0,-35.4,0,0,0,0,0,0,3,0.0002
119.25,11,598017,0.2938,38.00,196.83,1415,1409,0,4,0,3,0,0,0,0,-35.4,0,0,0,0,0,0,3,0.0002
119.5,11,598009,0.2938,37.87,197.19,1396,1391,0,3,0,3,0,0,1,0,-35.4,0,0,0,0,0,0,3,0.0001
119.75,11,597992,0.2938,37.71,197.53,1388,1374,0,3,0,3,0,0,0,0,-35.4,0,0,0,0,0,0,3,0.0001
120,11,598003,0.2938,37.68,197.81,1389,1405,1,5,0,3,0,0,0,0,-35.4,0,0,0,0,0,0,3,0.0000
120.25,11,597956,0.2938,37.81,198.11,1359,1313,1,1,0,2,0,0,0,0,-33.9,0,0,0,0,0,0,2,0.0002
120.5,11,597902,0.2938,38.09,198.26,1367,1315,1,2,0,3,0,0,0,0,-33.9,0,0,0,0,0,0,3,0.0002
120.75,11,597891,0.2938,38.71,198.49,1386,1378,1,3,0,4,0,0,0,0,-33.9,0,0,0,0,0,0,3,0.0001
121,11,597837,0.2939,39.16,198.63,1368,1314,0,0,0,3,0,0,0,0,-33.9,0,0,0,0,0,0,3,0.0001
121.25,11,597841,0.2939,39.52,198.68,1305,1309,1,0,0,4,0,0,0,0,-33.9,0,0,0,0,0,0,3,0.0000
121.5,11,597777,0.2939,39.22,198.81,1409,1346,0,1,0,3,0,0,0,0,-33.9,0,0,0,0,0,0,2,0.0003
121.75,11,597718,0.2939,39.44,198.70,1378,1320,1,1,0,3,0,0,0,0,-33.9,0,0,0,0,0,0,3,0.0002
122,11,597699,0.2940,39.57,198.71,1350,1333,0,2,0,3,0,0,0,0,-33.9,0,0,0,0,0,0,3,0.0001
122.25,11,597639,0.2940,39.86,198.69,1352,1294,0,2,0,6,0,0,0,0,-33.9,0,0,0,0,0,0,3,0.0001
122.5,11,597629,0.2940,39.69,198.71,1318,1311,0,3,1,2,0,0,0,0,-33.9,0,0,0,0,0,0,2,0.0003
122.75,11,597476,0.2941,39.57,197.80,1423,1273,0,3,0,3,0,0,0,0,-33.9,0,0,0,0,0,0,3,0.0002
123,11,597492,0.2941,39.04,197.35,1344,1361,0,1,2,3,0,0,0,0,-33.9,0,0,0,0,0,0,3,0.0002
123.25,11,597498,0.2941,38.93,197.24,1304,1311,0,1,0,5,0,0,0,0,-33.9,0,0,0,0,0,0,3,0.0001
123.5,11,597458,0.2941,38.98,197.21,1317,1278,1,1,0,3,0,0,0,0,-33.9,0,0,0,0,0,0,3,0.0000
123.75,11,597462,0.2941,38.75,197.11,1291,1295,2,1,0,2,0,0,0,0,-33.9,0,0,0,0,0,0,2,0.0002
124,11,597378,0.2941,38.57,195.51,1356,1273,1,1,0,3,0,0,0,0,-33.9,0,0,0,0,0,0,3,0.0001
124.25,11,597330,0.2942,38.68,194.73,1288,1242,2,2,0,4,0,0,0,0,-33.9,0,0,0,0,0,0,3,0.0001
124.5,11,597327,0.2942,38.68,194.37,1273,1272,0,2,0,2,0,0,0,0,-33.9,0,0,0,0,0,0,2,0.0003
124.75,11,597270,0.2942,38.46,194.07,1327,1271,2,1,0,4,0,0,0,0,-33.9,0,0,0,0,0,0,3,0.0002
125,11,597178,0.2942,38.40,192.87,1281,1191,0,2,1,5,0,0,0,0,-33.9,0,0,0,0,0,0,3,0.0001
125.25,11,597125,0.2943,38.23,192.50,1333,1280,0,0,1,5,0,0,0,0,-33.9,0,0,0,0,0,0,3,0.0000
125.5,11,597086,0.2943,38.13,192.05,1283,1246,1,2,1,2,0,0,0,0,-33.9,0,0,0,0,0,0,2,0.0002
125.75,11,597048,0.2943,37.69,191.77,1297,1260,0,1,0,4,0,0,1,0,-33.9,0,0,0,0,0,0,3,0.0002
126,11,597038,0.2943,37.31,191.41,1232,1223,1,1,1,3,0,0,0,0,-33.9,0,0,0,0,0,0,3,0.0001
126.25,11,596995,0.2944,37.36,190.84,1262,1219,0,0,0,3,0,0,0,0,-33.9,0,0,0,0,0,0,2,0.0003
126.5,11,596936,0.2944,37.06,190.68,1249,1191,1,1,0,3,0,0,0,0,-33.9,0,0,0,0,0,0,3,0.0002
126.75,11,596898,0.2944,36.99,190.35,1263,1225,0,0,0,3,0,0,0,0,-33.9,0,0,0,0,0,0,3,0.0001
127,11,596839,0.2944,37.06,189.75,1255,1197,2,1,0,2,0,0,0,0,-33.9,0,0,0,0,0,0,2,0.0003
127.25,11,596808,0.2945,36.90,189.68,1214,1184,1,1,0,4,0,0,0,0,-33.9,0,0,0,0,0,0,3,0.0002
127.5,11,596809,0.2945,36.94,189.56,1168,1169,2,0,0,3,0,0,0,0,-33.9,0,0,0,0,0,0,3,0.0001
127.75,11,596828,0.2945,36.46,189.67,1135,1156,3,2,0,2,0,0,0,0,-33.9,0,0,0,0,0,0,2,0.0003
128,11,596773,0.2945,35.90,189.22,1198,1149,3,6,0,3,0,0,0,0,-33.9,0,0,0,0,0,0,3,0.0002
128.25,11,596737,0.2945,35.84,189.22,1158,1125,4,3,0,3,0,0,0,0,-33.9,0,0,0,0,0,0,3,0.0001
128.5,11,596715,0.2945,35.90,188.88,1163,1142,1,1,0,3,0,0,0,0,-33.9,0,0,0,0,0,0,2,0.0003
128.75,11,596651,0.2945,36.16,188.54,1199,1135,0,0,0,3,0,0,0,0,-33.9,0,0,0,0,0,0,3,0.0002
129,11,596553,0.2946,36.35,188.48,1204,1107,1,1,0,3,0,0,0,0,-33.9,0,0,0,0,0,0,3,0.0001
129.25,11,596547,0.2946,36.62,188.50,1168,1162,2,0,0,3,0,0,0,0,-33.9,0,0,0,0,0,0,2,0.0003
129.5,11,596487,0.2946,36.95,188.26,1175,1117,2,2,0,3,0,0,0,0,-33.9,0,0,0,0,0,0,3,0.0002
129.75,11,596493,0.2946,37.27,188.28,1183,1189,2,0,0,5,0,0,0,0,-33.9,0,0,0,0,0,0,3,0.0001
130,11,596416,0.2947,37.25,187.84,1180,1105,0,2,0,3,0,0,0,0,-33.9,0,0,0,0,0,0,2,0.0003
130.25,11,596400,0.2947,37.72,187.80,1160,1144,0,0,0,4,0,0,0,0,-52.6,0,0,0,0,0,0,3,0.0002
130.5,11,596403,0.2947,37.69,188.01,1177,1182,0,2,0,4,0,0,0,0,-52.6,0,0,0,0,0,0,3,0.0000
130.75,11,596359,0.2947,37.85,188.27,1190,1148,0,2,0,2,0,0,0,0,-52.6,0,0,0,0,0,0,2,0.0002
131,11,596361,0.2947,38.07,188.64,1134,1137,0,1,0,3,0,0,0,0,-52.6,0,0,0,0,0,0,3,0.0001
131.25,11,596330,0.2947,38.26,188.61,1236,1206,0,1,0,3,0,0,0,0,-52.6,0,0,0,0,0,0,3,0.0000
131.5,11,596289,0.2948,38.62,188.55,1199,1159,1908,1,0,4,0,0,0,0,-52.6,0,0,0,0,0,0,2,0.0002
131.75,11,596243,0.2948,39.00,187.09,1248,1202,0,0,0,6,0,0,0,0,-52.6,0,0,0,0,0,0,3,0.0001
132,11,596075,0.2949,39.21,187.07,1343,1175,0,0,0,5,0,0,0,0,-52.6,0,0,0,0,0,0,2,0.0003
132.25,11,596046,0.2949,39.39,187.12,1267,1238,1,0,0,3,0,0,0,0,-52.6,0,0,0,0,0,0,3,0.0002
132.5,11,595987,0.2949,39.50,186.93,1302,1244,0,1,0,4,0,0,0,0,-52.6,0,0,0,0,0,0,3,0.0001
132.75,11,595953,0.2950,39.52,186.93,1318,1285,2,1,0,5,0,0,0,0,-52.6,0,0,0,0,0,0,2,0.0002
133,11,595947,0.2950,39.78,186.89,1262,1257,0,1,0,3,0,0,0,0,-52.6,0,0,0,0,0,0,3,0.0001
133.25,11,595926,0.2950,39.96,186.98,1289,1269,0,1,0,2,0,0,0,0,-52.6,0,0,0,0,0,0,2,0.0003
133.5,11,595856,0.2950,40.14,187.04,1333,1263,1,0,0,5,0,0,0,0,-52.6,0,0,0,0,0,0,3,0.0002
133.75,11,595773,0.2951,40.38,187.00,1343,1260,0,0,0,3,0,0,0,0,-52.6,0,0,0,0,0,0,3,0.0000
134,11,595685,0.2951,40.62,186.66,1378,1290,0,0,0,4,0,0,0,0,-52.6,0,0,0,0,0,0,2,0.0002
134.25,11,595572,0.2952,40.92,184.82,1424,1312,0,1,0,4,0,0,0,0,-52.6,0,0,0,0,0,0,3,0.0001
134.5,11,595507,0.2952,41.27,184.78,1392,1327,0,0,0,3,0,0,0,0,-52.6,0,0,0,0,0,0,2,0.0002
134.75,11,595456,0.2953,41.42,184.75,1385,1335,1,1,0,3,0,0,0,0,-52.6,0,0,0,0,0,0,3,0.0001
135,11,595300,0.2953,41.70,184.67,1430,1274,0,0,0,2,0,0,0,0,-52.6,0,0,0,0,0,0,2,0.0002
135.25,11,595224,0.2954,41.74,184.56,1396,1320,1,0,0,3,0,0,0,0,-52.6,0,0,0,0,0,0,3,0.0001
135.5,11,595153,0.2954,42.00,186.23,1395,1324,1,0,0,4,0,0,0,0,-52.6,0,0,0,0,0,0,2,0.0003
135.75,11,595049,0.2955,42.08,188.20,1424,1321,2,1,0,4,0,0,0,0,-52.6,0,0,0,0,0,0,3,0.0001
136,11,594936,0.2955,42.19,183.89,1425,1313,1,1,0,2,0,0,0,0,-52.6,0,0,0,0,0,0,2,0.0003
136.25,11,594850,0.2956,41.84,183.55,1398,1317,2,5,0,6,0,0,0,0,-52.6,0,0,0,0,0,0,3,0.0001
136.5,11,594822,0.2956,41.29,183.78,1337,1318,4,9,0,2,0,0,0,0,-52.6,0,0,0,0,0,0,2,0.0003
136.75,11,594745,0.2956,40.22,184.36,1334,1268,6,11,1,5,0,0,0,0,-52.6,0,0,0,0,0,0,3,0.0001
137,11,594651,0.2957,39.02,176.15,1390,1308,8,12,1,3,0,0,0,0,-52.6,0,0,0,0,0,0,2,0.0003
137.25,11,594562,0.2957,43.97,160.48,1331,1258,37399,16,7,3,0,0,0,0,-52.6,0,0,0,0,0,0,3,0.0001
137.5,11,594327,0.2958,42.26,163.28,1525,1301,8,11,4,3,0,0,0,0,-52.6,0,0,0,0,0,0,3,0.0000
137.75,11,594245,0.2958,41.21,166.10,1458,1388,5,12,4,6,0,0,1,0,-52.6,0,0,0,0,0,0,2,0.0002
138,11,594195,0.2958,40.96,170.39,1454,1415,8,13,0,3,0,0,0,0,-52.6,0,0,0,0,0,0,3,0.0000
138.25,11,594126,0.2958,41.23,173.79,1498,1440,4,11,0,5,0,0,0,0,-52.6,0,0,0,0,0,0,2,0.0002
138.5,11,593893,0.2959,43.17,176.41,1611,1381,23989,4,0,3,0,0,1,0,-52.6,0,0,0,0,0,0,3,0.0001
138.75,11,593703,0.2960,42.33,179.09,1658,1476,0,8,0,4,0,0,0,0,-52.6,0,0,0,0,0,0,2,0.0003
139,11,593677,0.2960,42.25,181.62,1623,1598,2,1,0,3,0,0,0,0,-52.6,0,0,0,0,0,0,3,0.0001
139.25,11,593677,0.2960,42.58,184.11,1651,1656,1,5,0,4,0,0,0,0,-52.6,0,0,0,0,0,0,3,0.0000
139.5,11,593695,0.2960,43.07,186.36,1728,1747,1,1,0,3,0,0,0,0,-52.6,0,0,0,0,0,0,2,0.0002
139.75,12,593690,0.2960,43.92,188.44,1731,1729,0,3,0,3,0,0,0,0,-52.6,1,1,0,0,0,0,3,0.0001
140,12,593595,0.2961,44.99,190.20,1918,1824,2,1,0,2,0,0,0,0,-52.6,0,1,0,0,0,0,2,0.0002
140.25,12,593410,0.2962,45.72,191.74,2009,1825,0,1,0,3,0,0,1,0,-40.4,0,1,0,0,0,0,3,0.0001
140.5,12,593241,0.2963,46.31,193.05,2046,1878,0,1,0,2,0,0,0,0,-40.4,0,1,0,0,0,0,2,0.0003
140.75,12,593000,0.2964,46.65,194.15,2103,1862,0,0,0,3,0,0,0,0,-40.4,0,1,0,0,0,0,3,0.0001
141,12,592900,0.2964,46.99,195.01,2044,1944,0,0,0,3,0,0,0,0,-40.4,0,1,0,0,0,0,2,0.0003
141.25,12,592774,0.2965,47.26,195.68,2106,1980,2,0,0,4,0,0,0,0,-40.4,0,1,0,0,0,0,3,0.0001
141.5,12,592661,0.2966,47.42,196.14,2117,2005,1,1,0,4,0,0,0,0,-40.4,0,1,0,0,0,0,2,0.0003
141.75,12,592558,0.2966,47.50,192.54,2098,1995,0,0,0,3,0,0,0,0,-40.4,0,1,0,0,0,0,3,0.0001
142,12,592359,0.2967,47.62,191.89,2180,1981,2,1,0,3,0,0,0,0,-40.4,0,1,0,0,0,0,2,0.0003
142.25,12,592269,0.2968,47.64,189.68,2105,2017,0,2,0,3,0,0,0,0,-40.4,0,1,0,0,0,0,3,0.0001
142.5,12,592091,0.2969,47.70,187.97,2122,1945,1,1,0,3,0,0,0,0,-40.4,0,1,0,0,0,0,2,0.0003
142.75,12,591960,0.2969,47.70,189.43,2116,1987,0,2,0,3,0,0,1,0,-40.4,0,1,0,0,0,0,3,0.0001
143,12,591861,0.2970,47.57,190.76,2055,1958,1,2,0,2,0,0,0,0,-40.4,0,1,0,0,0,0,2,0.0002
143.25,12,591765,0.2971,47.44,191.88,2050,1954,2,0,0,4,0,0,0,0,-40.4,0,1,0,0,0,0,3,0.0001
143.5,12,591555,0.2972,47.30,192.78,2073,1864,2,2,0,5,0,0,0,0,-40.4,0,1,0,0,0,0,2,0.0002
143.75,12,591443,0.2972,47.34,193.65,1999,1889,1,2,0,3,0,0,0,0,-40.4,0,1,0,0,0,0,3,0.0001
144,12,591200,0.2973,47.26,194.34,2135,1896,0,4,0,3,0,0,0,0,-40.4,0,1,0,0,0,0,2,0.0002
144.25,12,591053,0.2974,47.16,194.94,2010,1863,1,0,0,3,0,0,0,0,-40.4,0,1,0,0,0,0,3,0.0000
144.5,12,590915,0.2975,46.93,195.39,2062,1924,1,0,0,3,0,0,0,0,-40.4,0,1,0,0,0,0,2,0.0002
144.75,12,590750,0.2976,46.49,195.79,2026,1861,0,0,0,2,0,0,0,0,-40.4,0,1,0,0,0,0,2,0.0003
145,12,590666,0.2976,45.96,196.14,1962,1878,1,0,0,5,0,0,0,0,-40.4,0,1,0,0,0,0,3,0.0001
145.25,12,590555,0.2977,45.73,196.58,1981,1871,1,1,0,2,0,0,0,0,-40.4,0,1,0,0,0,0,2,0.0003
145.5,12,590411,0.2978,45.38,196.97,1961,1818,0,1,0,5,0,0,0,0,-40.4,0,1,0,0,0,0,3,0.0001
145.75,12,590323,0.2978,45.15,197.31,1880,1792,0,0,0,2,0,0,0,0,-40.4,0,1,0,0,0,0,2,0.0002
146,12,590235,0.2979,44.93,197.63,1932,1845,0,1,0,4,0,0,0,0,-40.4,0,1,0,0,0,0,3,0.0000
146.25,12,590100,0.2979,44.89,197.86,1952,1817,0,0,0,2,0,0,0,0,-40.4,0,1,0,0,0,0,2,0.0002
146.5,12,589963,0.2980,45.10,198.09,1920,1783,0,0,0,4,0,0,0,0,-40.4,0,1,0,0,0,0,2,0.0003
146.75,12,589843,0.2981,45.29,198.26,1904,1784,0,0,0,4,0,0,0,0,-40.4,0,1,0,0,0,0,3,0.0001
147,12,589785,0.2981,44.64,198.45,1863,1805,0,0,0,2,0,0,0,0,-40.4,0,1,0,0,0,0,2,0.0002
147.25,12,589732,0.2981,44.38,198.64,1838,1785,0,0,0,3,0,0,1,0,-40.4,0,1,0,0,0,0,3,0.0000
147.5,12,589663,0.2982,44.14,198.84,1847,1778,0,0,0,2,0,0,0,0,-40.4,0,1,0,0,0,0,2,0.0001
147.75,12,589581,0.2982,43.85,198.99,1873,1793,0,2,0,2,0,0,0,0,-40.4,0,1,0,0,0,0,2,0.0002
148,12,589491,0.2983,43.57,199.15,1886,1796,0,0,0,4,0,0,0,0,-40.4,0,1,0,0,0,0,3,0.0000
148.25,12,589514,0.2983,43.51,199.26,1797,1821,0,1,0,3,0,0,0,0,-40.4,0,1,0,0,0,0,2,0.0002
148.5,12,589417,0.2983,43.22,199.33,1857,1765,0,5,0,2,0,0,0,0,-40.4,0,1,0,0,0,0,2,0.0003
148.75,12,589356,0.2984,43.13,199.38,1814,1753,0,0,0,3,0,0,1,0,-40.4,0,1,0,0,0,0,3,0.0001
149,12,589273,0.2984,42.90,199.43,1801,1720,0,2,0,2,0,0,0,0,-40.4,0,1,0,0,0,0,2,0.0002
149.25,12,589231,0.2984,42.60,199.43,1787,1745,0,0,1,2,0,0,0,0,-40.4,0,1,0,0,0,0,2,0.0003
149.5,12,589112,0.2985,42.32,199.35,1807,1689,0,1,5,3,0,0,0,0,-40.4,0,1,0,0,0,0,3,0.0001
149.75,12,589032,0.2985,42.35,199.17,1767,1687,0,0,1,2,0,0,0,0,-40.4,0,1,0,0,0,0,2,0.0002
150,12,588971,0.2985,42.51,198.93,1705,1646,0,2,0,2,0,0,0,0,-40.4,0,1,0,0,0,0,2,0.0002
150.25,12,588895,0.2986,42.71,199.01,1760,1686,1,2,1,5,0,0,0,0,60.7,0,1,0,0,0,0,3,0.0000
150.5,12,588882,0.2986,42.70,198.93,1718,1709,0,4,0,3,0,0,0,0,60.7,0,1,0,0,0,0,2,0.0001
150.75,13,588841,0.2986,42.74,199.03,1693,1657,0,5,0,3,0,0,0,0,60.7,1,2,0,0,0,0,2,0.0002
151,13,588716,0.2987,42.76,199.12,1787,1670,1,8,0,2,0,0,3,0,60.7,0,2,0,0,0,0,2,0.0003
151.25,13,588592,0.2987,42.70,199.19,1812,1691,0,3,0,4,0,0,1,0,60.7,0,2,0,0,0,0,3,0.0001
151.5,13,588518,0.2988,42.52,199.26,1731,1662,1,5,0,2,0,0,0,0,60.7,0,2,0,0,0,0,2,0.0001
151.75,13,588421,0.2988,42.59,199.30,1767,1671,0,1,0,2,0,0,0,0,60.7,0,2,0,0,0,0,2,0.0002
152,13,588341,0.2989,42.14,199.40,1765,1688,0,3,0,5,0,0,0,0,60.7,0,2,0,0,0,0,3,0.0000
152.25,13,588205,0.2989,42.15,199.37,1762,1627,0,1,0,2,0,0,0,0,60.7,0,2,0,0,0,0,2,0.0001
152.5,13,588140,0.2990,41.64,199.47,1717,1655,0,3,0,4,0,0,0,0,60.7,0,2,0,0,0,0,2,0.0001
152.75,13,588059,0.2990,41.47,199.47,1753,1679,1,7,0,4,0,0,0,0,60.7,0,2,0,0,0,0,2,0.0002
153,13,588001,0.2990,41.01,199.55,1683,1625,3,0,1,2,0,0,1,0,60.7,0,2,0,0,0,0,2,0.0003
153.25,13,587873,0.2991,40.78,199.57,1707,1585,2,6,1,3,0,0,0,0,60.7,0,2,0,0,0,0,3,0.0001
153.5,13,587864,0.2991,40.40,199.64,1569,1567,2,7,0,3,0,0,0,0,60.7,0,2,0,0,0,0,2,0.0001
153.75,13,587793,0.2991,39.99,199.57,1663,1596,1,4,0,2,0,0,0,0,60.7,0,2,0,0,0,0,2,0.0002
154,13,587682,0.2992,39.34,199.59,1676,1571,1,6,0,3,0,0,0,0,60.7,0,2,0,0,0,0,2,0.0002
154.25,13,587608,0.2992,38.95,199.53,1619,1545,3,2,0,3,0,0,0,0,60.7,0,2,0,0,0,1,3,0.0000
154.5,12,587552,0.2992,38.22,199.51,1553,1506,3,9,0,3,0,0,0,0,60.7,0,2,0,0,0,1,2,0.0001
154.75,12,587508,0.2992,37.63,199.48,1564,1527,4,7,0,2,0,0,0,0,60.7,0,2,0,0,0,0,2,0.0002
155,12,587485,0.2993,36.86,199.41,1505,1488,2,6,0,4,0,0,0,0,60.7,0,2,0,0,0,0,2,0.0002
155.25,12,587357,0.2993,36.06,199.40,1507,1383,12,6,0,4,0,0,0,0,60.7,0,2,0,0,0,0,3,0.0000
155.5,12,587280,0.2993,35.23,199.48,1484,1426,9,19,0,2,0,0,0,0,60.7,0,2,0,0,0,0,2,0.0001
155.75,12,587175,0.2994,34.78,199.54,1457,1368,11,17,0,3,0,0,0,0,60.7,0,2,0,0,0,0,2,0.0002
156,12,587173,0.2994,34.56,199.41,1421,1427,23501,8,0,4,0,0,0,0,60.7,0,2,0,0,0,0,3,0.0000
156.25,12,586944,0.2995,34.05,199.40,1594,1376,4,11,1,3,0,0,0,0,60.7,0,2,0,0,0,0,2,0.0001
156.5,12,586892,0.2995,33.62,199.10,1570,1530,7,12,0,3,0,0,0,0,60.7,0,2,0,0,0,0,2,0.0003
156.75,12,586784,0.2995,33.60,198.92,1671,1569,4,7,0,3,0,0,0,0,60.7,0,2,0,0,0,0,3,0.0001
157,13,586654,0.2996,33.75,198.81,1714,1588,4,5,0,3,0,0,0,0,60.7,1,3,0,0,0,0,2,0.0002
157.25,13,586635,0.2996,33.73,198.02,1673,1659,2707,5,0,3,0,0,1,0,60.7,0,3,0,0,0,0,3,0.0001
157.5,13,586459,0.2997,34.40,196.91,1828,1653,5,2,0,3,0,0,2,0,60.7,0,3,0,0,0,0,2,0.0002
157.75,13,586340,0.2997,35.35,195.93,1828,1714,7,5,0,3,0,0,0,0,60.7,0,3,0,0,0,0,3,0.0000
158,13,586179,0.2998,35.99,195.10,1953,1796,7,4,0,3,0,0,0,0,60.7,0,3,0,0,0,0,2,0.0002
158.25,13,586101,0.2999,36.66,193.94,1919,1844,2,3,0,3,0,0,0,0,60.7,0,3,0,0,0,0,3,0.0000
158.5,13,585997,0.2999,37.02,193.50,1954,1851,1,1,0,2,0,0,0,0,60.7,0,3,0,0,0,0,2,0.0001
158.75,13,585869,0.3000,37.25,192.24,2010,1884,3,2,0,4,0,0,0,0,60.7,0,3,0,0,0,0,2,0.0003
159,13,585786,0.3000,37.21,191.42,1951,1873,2,5,0,4,0,0,0,0,60.7,0,3,0,0,0,0,3,0.0001
159.25,13,585691,0.3001,37.14,191.31,2031,1940,9,5,0,4,0,0,0,0,60.7,0,3,0,0,0,0,2,0.0002
159.5,13,585602,0.3001,37.11,191.90,1941,1855,5,3,0,5,0,0,0,0,60.7,0,3,0,0,0,0,3,0.0000
159.75,13,585504,0.3002,37.17,191.87,1988,1892,11,2,1,2,0,0,0,0,60.7,0,3,0,0,0,0,2,0.0002
160,13,585326,0.3003,37.06,192.64,2001,1827,7,5,1,3,0,0,1,0,60.7,0,3,0,0,0,0,2,0.0003
160.25,13,585268,0.3003,36.86,193.80,1934,1884,6,9,1,5,0,0,0,0,112.6,0,3,0,0,0,0,3,0.0001
160.5,13,585100,0.3004,36.36,194.78,1971,1807,9,5,0,3,0,0,0,0,112.6,0,3,0,0,0,0,2,0.0002
160.75,13,584980,0.3004,35.76,195.60,1895,1777,5,2,2,4,0,0,0,0,112.6,0,3,0,0,0,0,3,0.0001
161,13,584856,0.3005,35.65,196.29,1878,1759,8,5,1,2,0,0,0,0,112.6,0,3,0,0,0,0,2,0.0002
161.25,13,584803,0.3005,35.08,196.80,1799,1754,3,8,1,3,0,0,0,0,112.6,0,3,0,0,0,0,3,0.0000
161.5,13,584671,0.3006,34.85,197.15,1804,1675,4,3,2,3,0,0,2,0,112.6,0,3,0,0,0,0,2,0.0002
161.75,13,584641,0.3006,34.47,197.23,1760,1737,3,7,3,4,0,0,0,0,112.6,0,3,0,0,0,0,2,0.0003
162,13,584513,0.3006,34.31,197.24,1773,1654,2,9,1,3,0,0,0,0,112.6,0,3,0,0,0,0,3,0.0001
162.25,13,584543,0.3006,33.95,197.16,1674,1709,7,5,1,3,0,0,0,0,112.6,0,3,0,0,0,0,2,0.0002
162.5,13,584394,0.3007,33.63,197.11,1766,1627,4,10,0,4,0,0,0,0,112.6,0,3,0,0,0,0,3,0.0001
162.75,13,584327,0.3007,33.31,197.12,1662,1609,1,14,3,4,0,0,0,0,112.6,0,3,0,0,0,0,2,0.0002
163,13,584259,0.3007,33.07,197.23,1661,1599,0,6,1,6,0,0,0,0,112.6,0,3,0,0,0,0,3,0.0001
163.25,13,584239,0.3007,33.17,197.07,1600,1584,1,4,1,5,0,0,0,0,112.6,0,3,0,0,0,0,2,0.0002
163.5,13,584148,0.3008,33.04,197.10,1630,1545,2,6,2,3,0,0,0,0,112.6,0,3,0,0,0,0,3,0.0001
163.75,13,584158,0.3008,32.90,197.10,1525,1539,2,4,0,4,0,0,0,0,112.6,0,3,0,0,0,0,2,0.0002
164,13,584106,0.3008,33.38,196.98,1568,1519,0,3,2,3,0,0,0,0,112.6,0,3,0,0,0,0,3,0.0000
164.25,13,584074,0.3008,33.33,197.17,1552,1520,2,0,1,2,0,0,0,0,112.6,0,3,0,0,0,0,2,0.0002
164.5,13,584023,0.3008,33.39,197.47,1547,1500,2,4,2,4,0,0,0,0,112.6,0,3,0,0,0,0,3,0.0000
164.75,13,584022,0.3008,32.87,197.69,1511,1513,2,3,1,2,0,0,0,0,112.6,0,3,0,0,0,0,2,0.0002
165,13,583997,0.3008,33.20,197.99,1456,1432,1,1,0,3,0,0,0,0,112.6,0,3,0,0,0,0,2,0.0003
165.25,13,584031,0.3008,32.60,198.29,1440,1475,0,1,1,4,0,0,0,0,112.6,0,3,0,0,0,0,3,0.0001
165.5,13,583966,0.3009,33.07,198.50,1471,1408,2,2,1,4,0,0,0,0,112.6,0,3,0,0,0,0,2,0.0003
165.75,13,584009,0.3008,32.41,198.71,1407,1455,1,5,2,4,0,0,0,0,112.6,0,3,0,0,0,0,3,0.0001
166,13,583960,0.3008,32.97,198.89,1405,1360,4,4,4,5,0,0,0,0,112.6,0,3,0,0,0,0,2,0.0002
166.25,13,583944,0.3009,32.24,199.04,1397,1385,3,4,3,3,0,0,0,0,112.6,0,3,0,0,0,0,3,0.0001
166.5,13,583968,0.3008,32.91,199.15,1353,1379,6,3,5,4,0,0,0,0,112.6,0,3,0,0,0,0,2,0.0002
166.75,13,583995,0.3008,32.44,199.25,1318,1350,6,5,2,4,0,0,0,0,112.6,0,3,0,0,0,0,3,0.0001
167,13,583997,0.3008,33.14,199.37,1333,1344,0,9,1,4,0,0,0,0,112.6,0,3,0,0,0,0,2,0.0002
167.25,13,583954,0.3008,33.14,199.42,1358,1321,3,6,0,4,0,0,0,0,112.6,0,3,0,0,0,0,3,0.0000
167.5,13,583943,0.3008,33.56,199.47,1329,1329,6,12,1,2,0,0,0,0,112.6,0,3,0,0,0,0,2,0.0002
167.75,13,583929,0.3008,33.23,199.53,1325,1322,3,11,0,4,0,0,0,0,112.6,0,3,0,0,0,0,3,0.0000
168,13,583879,0.3008,33.19,199.60,1342,1297,0,5,1,4,0,0,0,0,112.6,0,3,0,0,0,0,2,0.0002
168.25,13,583811,0.3009,32.43,199.58,1336,1277,0,9,0,5,0,0,0,0,112.6,0,3,0,0,0,0,3,0.0000
168.5,13,583699,0.3009,32.52,199.61,1373,1268,5,7,1,3,0,0,0,0,112.6,0,3,0,0,0,0,2,0.0002
168.75,13,583691,0.3009,31.69,199.66,1281,1282,0,9,0,5,0,0,0,0,112.6,0,3,0,0,0,0,3,0.0000
169,13,583703,0.3009,31.61,199.66,1262,1282,2,8,1,4,0,0,0,0,112.6,0,3,0,0,0,0,2,0.0002
169.25,13,583696,0.3009,30.81,199.71,1269,1274,1,12,1,4,0,0,0,0,112.6,0,3,0,0,0,0,3,0.0001
169.5,13,583692,0.3009,30.97,199.72,1233,1235,1,6,1,2,0,0,0,0,112.6,0,3,0,0,0,0,2,0.0002
169.75,13,583659,0.3009,30.20,199.75,1237,1209,1,5,0,3,0,0,1,0,112.6,0,3,0,0,0,0,3,0.0001
170,13,583669,0.3009,30.60,199.78,1207,1223,2,6,0,3,0,0,0,0,112.6,0,3,0,0,0,0,3,0.0000
170.25,13,583770,0.3008,29.85,199.82,1167,1274,2,6,0,5,0,0,0,0,119.5,0,3,0,0,0,0,2,0.0002
170.5,13,583732,0.3008,30.74,199.84,1235,1202,2,5,0,4,0,0,0,0,119.5,0,3,0,0,0,0,3,0.0001
170.75,13,583753,0.3008,29.93,199.86,1196,1230,1,13,0,2,0,0,0,0,119.5,0,3,0,0,0,0,2,0.0003
171,13,583686,0.3008,30.53,199.88,1237,1178,2,8,0,3,0,0,0,0,119.5,0,3,0,0,0,0,3,0.0002
171.25,13,583646,0.3008,29.80,199.83,1210,1178,1,8,0,4,0,0,0,0,119.5,0,3,0,0,0,0,3,0.0001
171.5,13,583635,0.3009,30.22,199.79,1221,1216,3,6,0,4,0,0,0,0,119.5,0,3,0,0,0,0,2,0.0003
171.75,13,583603,0.3009,28.51,199.80,1206,1179,1,5,0,3,0,0,0,0,119.5,0,3,0,0,0,0,3,0.0002
172,13,583558,0.3009,28.87,199.80,1159,1119,4,5,0,6,0,0,0,0,119.5,0,3,0,0,0,0,3,0.0001
172.25,13,583545,0.3009,29.07,199.82,1171,1166,3,8,0,2,0,0,1,0,119.5,0,3,0,0,0,0,2,0.0003
172.5,13,583512,0.3009,29.45,199.85,1213,1188,5,8,1,3,0,0,0,0,119.5,0,3,0,0,0,0,3,0.0002
172.75,13,583540,0.3009,29.04,199.86,1124,1160,5,8,0,3,0,0,0,0,119.5,0,3,0,0,0,0,3,0.0001
173,13,583533,0.3009,29.44,199.88,1172,1169,1,4,0,6,0,0,0,0,119.5,0,3,0,0,0,0,3,0.0000
173.25,13,583475,0.3009,28.14,199.83,1165,1115,2,8,1,6,0,0,0,0,119.5,0,3,0,0,0,0,2,0.0003
173.5,13,583395,0.3009,28.96,199.85,1160,1082,2,2,0,3,0,0,0,0,119.5,0,3,0,0,0,0,3,0.0002
173.75,13,583392,0.3009,29.10,199.87,1124,1131,2,10,0,4,0,0,0,0,119.5,0,3,0,0,0,0,3,0.0001
174,13,583357,0.3009,29.03,199.88,1154,1126,3,7,0,3,0,0,0,0,119.5,0,3,0,0,0,0,3,0.0000
174.25,13,583333,0.3010,29.20,199.90,1128,1108,3,4,0,2,0,0,0,0,119.5,0,3,0,0,0,0,2,0.0002
174.5,13,583392,0.3009,29.42,199.90,1105,1171,4,7,0,3,0,0,0,0,119.5,0,3,0,0,0,0,3,0.0002
174.75,13,583386,0.3009,28.76,199.89,1117,1114,3,3,0,3,0,0,0,0,119.5,0,3,0,0,0,0,3,0.0001
175,13,583369,0.3009,28.41,199.90,1143,1133,5,7,0,4,0,0,0,0,119.5,0,3,0,0,0,0,3,0.0000
175.25,13,583357,0.3009,29.29,199.92,1088,1079,6,4,0,2,0,0,0,0,119.5,0,3,0,0,0,0,2,0.0002
175.5,13,583347,0.3009,27.68,199.92,1083,1079,4,6,0,5,0,0,0,0,119.5,0,3,0,0,0,0,3,0.0001
175.75,13,583343,0.3009,28.65,199.93,1040,1038,3,2,0,4,0,0,0,0,119.5,0,3,0,0,0,0,3,0.0001
176,13,583380,0.3009,28.02,199.93,1049,1094,1,8,0,2,0,0,0,0,119.5,0,3,0,0,0,0,2,0.0003
176.25,13,583392,0.3009,27.98,199.94,1032,1052,0,8,0,4,0,0,0,0,119.5,0,3,0,0,0,0,3,0.0002
176.5,13,583362,0.3009,28.23,199.91,1051,1028,3,7,2,5,0,0,1,0,119.5,0,3,0,0,0,0,3,0.0002
176.75,13,583361,0.3009,28.73,199.93,1008,1010,1,3,0,5,0,0,0,0,119.5,0,3,0,0,0,0,3,0.0001
177,13,583385,0.3009,28.03,199.94,1010,1037,0,3,0,3,0,0,0,0,119.5,0,3,0,0,0,0,3,0.0000
177.25,13,583328,0.3009,29.28,199.94,1048,993,0,2,0,3,0,0,0,0,119.5,0,3,0,0,0,0,2,0.0003
177.5,13,583372,0.3009,29.03,199.95,1009,1056,2,3,0,5,0,0,0,0,119.5,0,3,0,0,0,0,3,0.0002
177.75,13,583336,0.3009,29.30,199.96,1091,1057,1,2,1,3,0,0,0,0,119.5,0,3,0,0,0,0,3,0.0001
178,13,583339,0.3009,28.57,199.96,1082,1091,0,6,0,4,0,0,0,0,119.5,0,3,0,0,0,0,3,0.0001
178.25,13,583343,0.3009,28.98,199.95,1045,1050,0,1,0,3,0,0,0,0,119.5,0,3,0,0,0,0,2,0.0003
178.5,13,583257,0.3010,27.94,199.95,1070,988,4,4,0,4,0,0,0,0,119.5,0,3,0,0,0,0,3,0.0002
178.75,13,583248,0.3010,28.18,199.95,993,988,2,4,0,4,0,0,0,0,119.5,0,3,0,0,0,0,3,0.0002
179,13,583282,0.3010,28.04,199.86,984,1019,1,1,0,5,0,0,0,0,119.5,0,3,0,0,0,0,3,0.0001
179.25,13,583248,0.3010,28.10,199.88,1000,967,2,1,0,3,0,0,0,0,119.5,0,3,0,0,0,0,3,0.0000
179.5,13,583270,0.3010,27.88,199.70,978,1004,2,4,0,4,0,0,0,0,119.5,0,3,0,0,0,0,2,0.0002
179.75,13,583267,0.3010,27.87,199.49,957,957,2,3,0,4,0,0,0,0,119.5,0,3,0,0,0,0,3,0.0002
180,12,583320,0.3010,27.56,197.35,961,1016,4,2,0,4,0,1,0,0,119.5,0,2,0,0,1,1,3,0.0001
180.25,11,583310,0.3010,27.38,195.99,927,922,8,5,1,6,0,0,0,0,76.9,0,2,0,0,0,1,3,0.0000
180.5,11,583297,0.3010,27.54,194.65,878,865,4,0,0,3,0,0,0,0,76.9,0,1,0,0,0,0,2,0.0003
180.75,11,583267,0.3010,27.27,194.16,902,880,4,8,1,5,0,0,0,0,76.9,0,1,0,0,0,0,3,0.0002
181,11,583346,0.3009,27.11,193.85,866,948,6,3,1,4,0,0,0,0,76.9,0,1,0,0,0,0,3,0.0001
181.25,11,583356,0.3009,27.06,194.45,863,888,4,15,2,3,0,0,0,0,76.9,0,1,0,0,0,0,3,0.0001
181.5,11,583392,0.3009,26.88,195.25,879,917,5,2,0,4,0,0,0,0,76.9,0,1,0,0,0,0,2,0.0003
181.75,11,583362,0.3009,26.49,195.82,912,890,6,8,3,3,0,0,0,0,76.9,0,1,0,0,0,0,3,0.0002
182,11,583384,0.3009,26.55,196.39,882,906,3,2,0,5,0,0,0,0,76.9,0,1,0,0,0,0,3,0.0002
182.25,11,583376,0.3009,26.10,196.94,889,889,1,8,4,4,0,0,0,0,76.9,0,1,0,0,0,0,3,0.0001
182.5,11,583476,0.3008,26.25,197.13,808,911,1,3,1,6,0,0,0,0,76.9,0,1,0,0,0,0,3,0.0000
182.75,11,583490,0.3008,26.07,197.35,846,869,4,9,2,4,0,0,0,0,76.9,0,1,0,0,0,0,2,0.0003
183,11,583494,0.3008,26.32,197.53,882,891,1,5,0,3,0,0,0,0,76.9,0,1,0,0,0,0,3,0.0002
183.25,11,583485,0.3008,26.07,197.73,888,888,1,9,5,3,0,0,0,0,76.9,0,1,0,0,0,0,3,0.0002
183.5,11,583507,0.3008,26.66,197.66,839,864,22183,3,0,3,0,0,0,0,76.9,0,1,0,0,0,0,3,0.0001
183.75,11,583424,0.3008,27.80,197.71,945,872,0,10,1,5,0,0,0,0,76.9,0,1,0,0,0,0,3,0.0001
184,11,583400,0.3008,27.79,197.77,988,965,0,1,1,5,0,0,0,0,76.9,0,1,0,0,0,0,3,0.0000
184.25,11,583409,0.3008,29.04,197.15,1036,1047,0,2,0,2,0,0,0,0,76.9,0,1,0,0,0,0,2,0.0003
184.5,11,583431,0.3008,29.12,196.47,1086,1108,0,0,0,3,0,0,0,0,76.9,0,1,0,0,0,0,3,0.0002
184.75,11,583485,0.3008,29.40,195.85,1126,1181,0,1,0,3,0,0,0,0,76.9,0,1,0,0,0,0,3,0.0002
185,11,583447,0.3008,29.30,194.81,1250,1212,0,0,0,5,0,0,0,0,76.9,0,1,0,0,0,0,3,0.0001
185.25,11,583373,0.3009,29.33,185.87,1290,1217,1,1,0,4,0,0,0,0,76.9,0,1,0,0,0,0,3,0.0000
185.5,11,583363,0.3009,28.29,185.16,1259,1249,1,0,0,3,0,0,0,0,76.9,0,1,0,0,0,0,2,0.0003
185.75,11,583221,0.3010,27.95,186.72,1344,1201,7,1,0,3,0,0,0,0,76.9,0,1,0,0,0,0,3,0.0002
186,11,583149,0.3010,27.30,183.84,1235,1169,5,7,0,4,0,0,0,0,76.9,0,1,0,0,0,0,3,0.0001
186.25,11,583045,0.3010,27.69,184.35,1205,1105,0,4,0,4,0,0,0,0,76.9,0,1,0,0,0,0,3,0.0001
186.5,11,582990,0.3011,27.93,185.85,1200,1145,2,0,0,3,0,0,0,0,76.9,0,1,0,0,0,0,3,0.0000
186.75,11,582914,0.3011,27.88,185.10,1206,1131,0,1,0,3,0,0,0,0,76.9,0,1,0,0,0,0,2,0.0002
187,11,582917,0.3011,28.54,186.41,1251,1255,1,1,0,4,0,0,0,0,76.9,0,1,0,0,0,0,3,0.0002
187.25,11,582845,0.3012,28.74,186.72,1300,1231,0,3,0,3,0,0,0,0,76.9,0,1,0,0,0,0,3,0.0001
187.5,11,582748,0.3012,29.25,188.16,1336,1239,1,0,0,3,0,0,0,0,76.9,0,1,0,0,0,0,3,0.0000
187.75,11,582657,0.3013,29.08,189.10,1364,1274,0,1,0,2,0,0,0,0,76.9,0,1,0,0,0,0,2,0.0002
188,11,582596,0.3013,29.43,190.49,1340,1279,0,0,0,4,0,0,0,0,76.9,0,1,0,0,0,0,3,0.0001
188.25,11,582516,0.3014,29.58,191.83,1388,1308,3,0,0,4,0,0,0,0,76.9,0,1,0,0,0,0,3,0.0000
188.5,11,582446,0.3014,29.79,192.90,1415,1348,0,3,0,5,0,0,0,0,76.9,0,1,0,0,0,0,2,0.0003
188.75,11,582461,0.3014,29.69,193.88,1351,1367,2,1,0,5,0,0,0,0,76.9,0,1,0,0,0,0,3,0.0002
189,11,582396,0.3014,29.90,194.78,1419,1355,1,1,0,5,0,0,0,0,76.9,0,1,0,0,0,0,3,0.0001
189.25,11,582305,0.3015,29.54,195.54,1406,1316,1,1,0,2,0,0,0,0,76.9,0,1,0,0,0,0,2,0.0003
189.5,11,582248,0.3015,29.89,196.14,1378,1323,0,2,0,5,0,0,0,0,76.9,0,1,0,0,0,0,3,0.0002
189.75,11,582212,0.3015,29.65,196.67,1393,1359,2,2,0,4,0,0,0,0,76.9,0,1,0,0,0,0,3,0.0001
190,11,582124,0.3016,29.91,197.15,1403,1317,3,2,0,3,0,0,0,0,76.9,0,1,0,0,0,1,2,0.0003
190.25,11,582089,0.3016,30.04,197.57,1392,1358,1,1,1,3,0,0,0,0,60.6,0,1,0,0,0,1,3,0.0002
190.5,10,582028,0.3016,30.23,197.94,1444,1387,1,4,0,5,0,0,0,0,60.6,0,1,0,0,0,1,3,0.0001
190.75,10,581947,0.3017,30.24,198.25,1411,1330,2,0,0,3,0,0,0,0,60.6,0,1,0,0,0,0,2,0.0003
191,10,581822,0.3018,30.24,198.49,1460,1339,0,4,0,3,0,0,0,0,60.6,0,1,0,0,0,0,3,0.0002
191.25,10,581829,0.3018,30.22,198.70,1319,1327,2,1,0,4,0,0,0,0,60.6,0,1,0,0,0,0,3,0.0001
191.5,10,581786,0.3018,29.91,198.89,1361,1319,0,1,3,4,0,0,0,0,60.6,0,1,0,0,0,0,2,0.0003
191.75,10,581677,0.3018,29.90,199.04,1386,1278,4,2,2,6,0,0,0,0,60.6,0,1,0,0,0,0,3,0.0002
192,10,581607,0.3019,29.80,199.16,1349,1282,0,3,0,4,0,0,1,0,60.6,0,1,0,0,0,0,3,0.0001
192.25,10,581566,0.3019,29.57,199.14,1323,1286,1,4,0,5,0,0,0,0,60.6,0,1,0,0,0,0,2,0.0003
192.5,10,581449,0.3020,29.64,199.07,1346,1233,4,4,0,4,0,0,0,0,60.6,0,1,0,0,0,0,3,0.0002
192.75,10,581396,0.3020,29.47,198.86,1306,1257,2,4,0,5,0,0,0,0,60.6,0,1,0,0,0,0,3,0.0001
193,10,581341,0.3020,29.34,198.47,1288,1239,2,6,1,2,0,0,0,0,60.6,0,1,0,0,0,0,2,0.0003
193.25,10,581289,0.3020,28.87,197.05,1259,1214,0,7,0,3,0,0,0,0,60.6,0,1,0,0,0,0,3,0.0002
193.5,10,581298,0.3020,28.80,196.43,1184,1193,0,0,0,5,0,0,0,0,60.6,0,1,0,0,0,0,3,0.0001
193.75,10,581223,0.3021,28.91,195.87,1258,1187,0,4,0,2,0,0,0,0,60.6,0,1,0,0,0,0,2,0.0003
194,10,581203,0.3021,29.12,195.79,1157,1138,2,1,1,7,0,0,0,0,60.6,0,1,0,0,0,0,3,0.0001
194.25,10,581166,0.3021,28.69,196.12,1192,1160,6,5,0,4,0,0,0,0,60.6,0,1,0,0,0,0,3,0.0000
194.5,10,581139,0.3021,28.62,196.30,1132,1112,1,7,1,3,0,0,0,0,60.6,0,1,0,0,0,0,2,0.0002
194.75,10,581097,0.3021,28.50,196.69,1180,1142,0,4,0,6,0,0,0,0,60.6,0,1,0,0,0,0,3,0.0001
195,10,581062,0.3022,28.51,196.37,1130,1099,1,4,1,5,0,0,0,0,60.6,0,1,0,0,0,0,3,0.0001
195.25,10,581068,0.3022,28.43,196.63,1119,1130,0,5,2,4,0,0,0,0,60.6,0,1,0,0,0,0,2,0.0002
195.5,10,580980,0.3022,28.34,196.69,1139,1056,1,5,0,3,0,0,0,0,60.6,0,1,0,0,0,0,3,0.0002
195.75,10,580988,0.3022,28.59,197.20,1097,1109,1,4,6,4,0,0,0,0,60.6,0,1,0,0,0,0,3,0.0001
196,10,580880,0.3022,28.38,197.09,1157,1056,0,7,3,4,0,0,0,0,60.6,0,1,0,0,0,0,2,0.0003
196.25,10,580884,0.3022,27.80,197.48,1076,1083,791,3,4,5,0,0,0,0,60.6,0,1,0,0,0,0,3,0.0002
196.5,10,580857,0.3022,27.25,197.16,1064,1039,0,2,5,4,0,0,0,0,60.6,0,1,0,0,0,0,3,0.0001
196.75,10,580855,0.3022,27.22,196.80,1065,1067,0,4,3,4,0,0,0,0,60.6,0,1,0,0,0,0,3,0.0000
197,10,580767,0.3023,26.71,197.23,1145,1058,0,1,3,2,0,0,0,0,60.6,0,1,0,0,0,0,2,0.0002
197.25,9,580802,0.3023,26.63,197.52,1002,1038,1,1,6,4,0,1,0,0,60.6,0,0,0,0,1,0,3,0.0001
197.5,9,580743,0.3023,26.75,197.89,1035,978,2,2,1,3,0,0,0,0,60.6,0,0,0,0,0,0,3,0.0000
197.75,9,580783,0.3023,26.95,198.15,936,977,2,1,1,4,0,0,0,0,60.6,0,0,0,0,0,0,2,0.0002
198,9,580715,0.3023,27.23,198.30,1004,937,3,1,3,4,0,0,0,0,60.6,0,0,0,0,0,0,3,0.0001
198.25,9,580737,0.3023,27.54,198.55,930,952,2,0,1,4,0,0,0,0,60.6,0,0,0,0,0,0,3,0.0000
198.5,9,580670,0.3023,27.64,198.76,1013,950,1,4,5,4,0,0,0,0,60.6,0,0,0,0,0,0,2,0.0002
198.75,9,580731,0.3023,28.00,198.86,886,947,0,0,0,3,0,0,0,0,60.6,0,0,0,0,0,0,3,0.0001
199,9,580702,0.3023,27.91,199.01,953,925,0,1,7,4,0,0,0,0,60.6,0,0,0,0,0,0,3,0.0000
199.25,9,580659,0.3024,28.19,199.16,964,922,0,1,0,2,0,0,0,0,60.6,0,0,0,0,0,0,2,0.0002
199.5,9,580655,0.3024,28.09,199.27,950,946,1,0,4,3,0,0,0,0,60.6,0,0,0,0,0,0,3,0.0001
199.75,9,580629,0.3024,28.27,199.36,921,895,0,0,0,2,0,0,0,0,60.6,0,0,0,0,0,0,2,0.0003
200,9,580658,0.3024,28.05,199.46,919,950,2,2,5,4,0,0,0,0,60.6,0,0,0,0,0,0,3,0.0001
200.25,9,580627,0.3024,28.16,199.53,956,925,0,0,3,5,0,0,0,0,68.5,0,0,0,0,0,0,3,0.0000
200.5,9,580572,0.3024,28.05,199.59,975,923,1,3,12,3,0,0,0,0,68.5,0,0,0,0,0,0,2,0.0002
200.75,9,580567,0.3024,28.42,199.65,941,936,0,0,3,3,0,0,0,0,68.5,0,0,0,0,0,0,3,0.0001
201,9,580547,0.3024,28.59,199.67,937,918,3,1,8,3,0,0,0,0,68.5,0,0,0,0,0,0,2,0.0002
201.25,9,580570,0.3024,28.64,199.72,910,934,1,1,2,6,0,0,0,0,68.5,0,0,0,0,0,0,3,0.0001
201.5,9,580515,0.3024,28.45,199.76,961,909,0,3,7,4,0,0,0,0,68.5,0,0,0,0,0,0,2,0.0003
201.75,9,580463,0.3024,28.16,199.79,953,902,0,1,2,3,0,0,0,0,68.5,0,0,0,0,0,0,3,0.0002
202,9,580486,0.3024,27.89,199.82,875,900,1,2,14,4,0,0,0,0,68.5,0,0,0,0,0,0,3,0.0000
202.25,9,580471,0.3024,27.83,199.85,861,847,2,1,1,2,0,0,0,0,68.5,0,0,0,0,0,0,2,0.0002
202.5,9,580450,0.3024,27.96,199.87,899,879,4,1,9,3,0,0,0,0,68.5,0,0,0,0,0,0,3,0.0001
202.75,9,580384,0.3024,28.11,199.88,875,812,1,3,1,7,0,0,0,0,68.5,0,0,0,0,0,0,2,0.0002
203,9,580428,0.3024,28.22,199.90,820,870,4,6,6,4,0,0,0,0,68.5,0,0,0,0,0,0,3,0.0001
203.25,9,580417,0.3024,28.62,199.91,845,836,0,2,3,3,0,0,0,0,68.5,0,0,0,0,0,0,2,0.0002
203.5,9,580422,0.3024,28.90,199.91,840,848,1,3,7,4,0,0,0,0,68.5,0,0,0,0,0,0,3,0.0001
203.75,9,580377,0.3024,29.27,199.92,880,837,2,2,3,2,0,0,0,0,68.5,0,0,0,0,0,0,2,0.0003
204,9,580434,0.3024,29.20,199.93,789,852,2,6,7,4,0,0,0,0,68.5,0,0,0,0,0,0,3,0.0001
204.25,9,580417,0.3024,29.38,199.94,857,843,5,3,4,4,0,0,0,0,68.5,0,0,0,0,0,0,3,0.0000
204.5,9,580453,0.3023,29.38,199.87,813,855,2,6,3,2,0,0,0,0,68.5,0,0,0,0,0,0,2,0.0002
204.75,9,580414,0.3024,29.52,199.87,833,799,0,5,2,5,0,0,0,1,68.5,0,0,0,0,0,0,3,0.0000
205,9,580418,0.3024,29.39,199.89,819,829,3,6,5,4,0,0,0,1,68.5,0,0,0,0,0,0,2,0.0002
205.25,9,580416,0.3023,29.45,199.89,824,827,0,5,4,5,0,0,0,1,68.5,0,0,0,0,0,0,3,0.0001
205.5,9,580470,0.3023,29.34,199.89,771,834,2,9,8,3,0,0,0,1,68.5,0,0,0,0,0,0,2,0.0003
205.75,9,580440,0.3023,29.57,199.90,841,815,1,4,1,5,0,0,0,1,68.5,0,0,0,0,0,0,3,0.0001
206,9,580447,0.3023,29.42,199.90,822,839,2,10,4,4,0,0,0,1,68.5,0,0,0,0,0,0,3,0.0000
206.25,9,580474,0.3023,29.32,199.82,800,836,0,9,4,4,0,0,0,1,68.5,0,0,0,0,0,0,2,0.0002
206.5,9,580473,0.3023,29.42,199.78,834,839,2,6,4,3,0,0,0,1,68.5,0,0,0,0,0,0,3,0.0001
206.75,9,580514,0.3022,29.51,199.73,821,864,2,2,5,4,0,0,0,1,68.5,0,0,0,0,0,0,3,0.0000
207,9,580547,0.3022,29.35,199.72,793,832,1,6,10,2,0,0,0,1,68.5,0,0,0,0,0,0,2,0.0002
207.25,9,580505,0.3022,29.61,199.69,845,810,0,7,2,3,0,0,0,1,68.5,0,0,0,0,0,0,3,0.0001
207.5,9,580556,0.3022,29.57,199.64,791,853,1,11,2,5,0,0,0,1,68.5,0,0,0,0,0,0,3,0.0000
207.75,9,580562,0.3021,29.87,199.62,815,828,1,7,3,4,0,0,0,1,68.5,0,0,0,0,0,0,2,0.0002
208,9,580567,0.3021,29.77,199.50,810,823,0,8,6,6,0,0,0,1,68.5,0,0,0,0,0,0,3,0.0001
208.25,9,580561,0.3021,29.72,199.44,832,832,1,6,2,3,0,0,0,1,68.5,0,0,0,0,0,0,3,0.0001
208.5,10,580587,0.3021,29.80,199.41,776,806,2,5,10,3,0,0,0,1,68.5,1,1,0,0,0,0,2,0.0003
208.75,10,580578,0.3021,29.78,199.28,827,824,4633,6,3,4,0,0,1,1,68.5,0,1,0,0,0,0,3,0.0002
209,10,580490,0.3021,29.31,199.29,921,839,3,6,5,3,0,0,1,1,68.5,0,1,0,0,0,0,3,0.0001
209.25,10,580539,0.3021,29.42,199.29,858,912,3,5,2,3,0,0,0,1,68.5,0,1,0,0,0,0,3,0.0000
209.5,10,580542,0.3021,29.58,199.26,872,883,5,8,6,3,0,0,0,1,68.5,0,1,0,0,0,0,2,0.0003
209.75,10,580526,0.3021,30.13,199.21,927,918,1,7,4,6,0,0,0,1,68.5,0,1,0,0,0,0,3,0.0002
210,10,580573,0.3020,30.58,199.18,859,915,0,9,6,5,0,0,0,1,68.5,0,1,0,0,0,0,3,0.0001
210.25,10,580585,0.3020,30.74,198.94,924,939,0,3,6,4,0,0,0,1,31.2,0,1,0,0,0,0,3,0.0001
210.5,10,580600,0.3020,30.93,198.69,919,944,3,10,2,5,0,0,0,1,31.2,0,1,0,0,0,0,3,0.0000
210.75,10,580609,0.3020,31.20,198.60,969,980,0,2,5,3,0,0,0,1,31.2,0,1,0,0,0,0,2,0.0003
211,10,580610,0.3020,31.20,198.51,969,979,3,9,9,3,0,0,0,1,31.2,0,1,0,0,0,0,3,0.0002
211.25,10,580625,0.3019,31.34,198.42,952,973,3,6,3,3,0,0,0,1,31.2,0,1,0,0,0,0,3,0.0001
211.5,10,580637,0.3019,31.74,198.18,965,983,3,6,7,4,0,0,0,1,31.2,0,1,0,0,0,0,3,0.0001
211.75,10,580626,0.3019,31.75,198.11,963,959,0,7,2,3,0,0,0,1,31.2,0,1,0,0,0,0,3,0.0000
212,10,580601,0.3019,31.74,198.05,960,943,0,8,2,3,0,0,0,1,31.2,0,1,0,0,0,0,2,0.0003
212.25,10,580574,0.3019,31.99,197.93,985,962,0,4,1,5,0,0,0,1,31.2,0,1,0,0,0,0,3,0.0002
212.5,10,580561,0.3019,32.35,197.80,967,956,2,2,5,4,0,0,0,1,31.2,0,1,0,0,0,0,3,0.0002
212.75,10,580545,0.3019,32.53,197.85,992,980,0,4,2,4,0,0,0,1,31.2,0,1,0,0,0,0,3,0.0002
213,10,580562,0.3019,32.63,197.76,948,969,2,4,1,5,0,0,0,1,31.2,0,1,0,0,0,0,3,0.0001
213.25,10,580551,0.3019,32.61,197.72,975,970,0,6,3,5,0,0,0,1,31.2,0,1,0,0,0,0,3,0.0001
213.5,10,580530,0.3019,32.60,197.71,976,959,1,4,4,4,0,0,0,1,31.2,0,1,0,0,0,0,3,0.0000
213.75,10,580565,0.3019,32.56,197.67,921,960,0,4,0,3,0,0,0,1,31.2,0,1,0,0,0,0,2,0.0003
214,10,580517,0.3019,32.76,197.65,989,943,2,2,5,3,0,0,0,1,31.2,0,1,0,0,0,0,3,0.0002
214.25,10,580553,0.3019,32.31,197.67,959,996,0,1,0,4,0,0,0,1,31.2,0,1,0,0,0,0,3,0.0002
214.5,10,580524,0.3019,31.97,197.69,984,959,2,4,2,7,0,0,0,1,31.2,0,1,0,0,0,0,3,0.0002
214.75,10,580549,0.3019,31.39,197.60,946,975,2,4,1,4,0,0,0,1,31.2,0,1,0,0,0,0,3,0.0001
215,10,580506,0.3019,30.70,197.61,940,904,1,7,6,4,0,0,0,1,31.2,0,1,0,0,0,0,3,0.0001
215.25,10,580493,0.3019,29.59,197.61,914,905,4,5,1,4,0,0,0,1,31.2,0,1,0,0,0,0,3,0.0000
215.5,10,580502,0.3019,29.44,197.39,895,915,3,11,3,5,0,0,0,1,31.2,0,1,0,0,0,0,3,0.0000
215.75,10,580496,0.3019,28.96,197.14,893,892,3,5,0,4,0,0,0,1,31.2,0,1,0,0,0,0,2,0.0003
216,10,580480,0.3019,28.43,196.84,881,876,3,12,4,4,0,0,0,1,31.2,0,1,0,0,0,0,3,0.0002
216.25,10,580496,0.3019,27.90,196.81,850,872,0,6,0,4,0,0,0,1,31.2,0,1,0,0,0,0,3,0.0002
216.5,10,580489,0.3019,27.24,196.79,848,849,3,8,3,4,0,0,0,1,31.2,0,1,0,0,0,0,3,0.0002
216.75,10,580489,0.3019,26.86,196.87,855,858,1,3,1,3,0,0,0,1,31.2,0,1,0,0,0,0,3,0.0002
217,10,580532,0.3018,26.91,180.36,803,860,1,14,3,3,0,0,0,1,31.2,0,1,0,0,0,0,3,0.0002
217.25,10,580559,0.3018,26.17,180.37,839,868,1,2,0,5,0,0,0,1,31.2,0,1,0,0,0,0,3,0.0002
217.5,10,580565,0.3018,26.10,180.72,832,846,2,8,0,4,0,0,0,1,31.2,0,1,0,0,0,0,3,0.0002
217.75,10,580571,0.3018,25.61,180.37,822,832,1,4,1,5,0,0,0,1,31.2,0,1,0,0,0,0,3,0.0002
218,10,580597,0.3018,25.54,180.46,829,865,3,10,2,4,0,0,0,1,31.2,0,1,0,0,0,0,3,0.0002
218.25,10,580535,0.3018,25.46,180.58,871,820,1,11,6,3,0,0,0,1,31.2,0,1,0,0,0,0,3,0.0002
218.5,10,580564,0.3018,25.87,180.86,823,860,1,8,3,3,0,0,0,1,31.2,0,1,0,0,0,0,3,0.0002
218.75,10,580572,0.3017,26.01,180.90,807,825,0,10,2,5,0,0,0,1,31.2,0,1,0,0,0,0,3,0.0002
219,10,580631,0.3017,26.43,181.52,786,854,1,9,4,3,0,0,0,1,31.2,0,1,0,0,0,0,3,0.0003
219.25,10,580594,0.3017,26.79,181.68,831,805,2,11,5,6,0,0,0,1,31.2,0,1,0,0,0,0,3,0.0003
219.5,10,580638,0.3017,26.89,181.93,812,866,3,10,1,4,0,0,0,1,31.2,0,1,0,0,0,0,4,0.0000
219.75,10,580663,0.3016,26.72,182.38,849,885,3,12,7,4,0,0,0,1,31.2,0,1,0,0,0,0,3,0.0001
220,10,580662,0.3016,26.88,183.11,865,872,2,8,5,3,0,0,0,1,31.2,0,1,0,0,0,0,3,0.0001
220.25,10,580700,0.3016,26.80,183.42,802,853,3,13,2,5,0,0,0,1,21.6,0,1,0,0,0,0,3,0.0001
220.5,10,580701,0.3016,26.66,183.49,867,880,3,12,5,4,0,0,0,1,21.6,0,1,0,0,0,0,3,0.0002
220.75,10,580735,0.3015,26.33,183.85,827,869,2,8,2,5,0,0,0,1,21.6,0,1,0,0,0,0,3,0.0002
221,10,580713,0.3015,26.59,184.18,850,847,2,19,4,4,0,0,0,1,21.6,0,1,0,0,0,0,3,0.0002
221.25,10,580744,0.3015,26.85,184.48,795,833,2,7,2,5,0,0,0,1,21.6,0,1,0,0,0,0,3,0.0003
221.5,10,580760,0.3015,27.71,184.74,826,855,2,13,6,6,0,0,0,1,21.6,0,1,0,0,0,0,4,0.0000
221.75,10,580768,0.3014,27.44,185.37,783,801,3,10,1,5,0,0,0,1,21.6,0,1,0,0,0,0,3,0.0001
222,10,580772,0.3014,27.69,185.60,852,872,2,16,6,6,0,0,0,1,21.6,0,1,0,0,0,0,3,0.0001
222.25,10,580758,0.3014,27.64,186.00,825,823,5,12,3,4,0,0,0,1,21.6,0,1,0,0,0,0,3,0.0002
222.5,10,580832,0.3013,27.86,186.24,807,890,3,9,5,4,0,0,0,1,21.6,0,1,0,0,0,0,3,0.0002
222.75,10,580847,0.3013,27.60,186.45,805,830,5,11,7,3,0,0,0,1,21.6,0,1,0,0,0,0,3,0.0003
223,10,580917,0.3012,27.83,186.78,788,880,2,22,6,7,0,0,0,1,21.6,0,1,0,0,0,0,4,0.0000
223.25,10,580901,0.3012,27.90,187.01,875,875,1,16,6,6,0,0,0,1,21.6,0,1,0,0,0,0,3,0.0001
223.5,11,580914,0.3012,28.34,187.43,798,826,4,15,2,4,1,0,0,0,21.6,0,1,0,0,0,0,3,0.0002
223.75,11,580919,0.3012,30.39,187.82,869,882,3,8,5,6,0,0,1,0,21.6,0,1,0,0,0,1,3,0.0002
224,11,580871,0.3010,28.07,188.35,788,859,6,120,5,5,0,0,0,0,21.6,0,1,0,0,0,1,4,0.0000
224.25,10,580908,0.3010,29.63,188.75,822,877,3,18,1,5,0,0,0,0,21.6,0,1,0,0,0,1,3,0.0001
224.5,10,580861,0.3009,28.29,189.14,872,841,32,20,5,3,0,0,0,0,21.6,0,1,0,0,0,0,3,0.0003
224.75,10,580943,0.3009,28.78,189.59,772,869,1,15,3,6,0,0,0,0,21.6,0,1,0,0,0,0,4,0.0001
225,10,580913,0.3008,26.81,190.03,844,841,10,29,3,4,0,0,0,0,21.6,0,1,0,0,0,0,3,0.0002
225.25,10,580912,0.3008,27.41,190.36,799,812,8,15,3,6,0,0,0,0,21.6,0,1,0,0,0,0,4,0.0001
225.5,10,580962,0.3007,25.79,190.76,769,848,8,30,3,3,0,0,0,0,21.6,0,1,0,0,0,0,3,0.0002
225.75,10,580895,0.3007,25.15,190.92,832,784,4,19,7,6,0,0,0,0,21.6,0,1,0,0,0,0,4,0.0000
226,10,580937,0.3007,25.65,191.21,724,781,8,16,12,6,0,0,0,0,21.6,0,1,0,0,0,0,3,0.0002
226.25,10,580957,0.3006,23.13,191.28,746,788,10,22,25,4,0,0,0,0,21.6,0,1,0,0,0,0,4,0.0001
226.5,10,580938,0.3006,25.94,191.64,766,764,17,21,8,5,0,0,0,0,21.6,0,1,0,0,0,0,3,0.0002
226.75,10,580937,0.3005,23.68,189.20,782,814,23,36,20,4,0,0,0,0,21.6,0,1,0,0,0,0,4,0.0001
227,10,580927,0.3004,26.63,160.33,747,778,12,44,4,3,0,0,0,0,21.6,0,1,0,0,0,0,3,0.0003
227.25,10,580907,0.3003,24.66,143.41,770,792,30,42,13,4,0,0,0,0,21.6,0,1,0,0,0,0,4,0.0002
227.5,10,580876,0.3003,27.39,143.49,722,732,11,41,8,5,0,0,0,0,21.6,0,1,0,0,0,0,4,0.0001
227.75,10,580830,0.3002,22.96,144.10,807,823,27,64,11,4,0,0,0,0,21.6,0,1,0,0,0,0,4,0.0001
228,10,580784,0.3001,25.60,141.98,635,624,12,35,6,6,0,0,0,0,21.6,0,1,0,0,0,0,4,0.0000
228.25,10,580800,0.3000,21.66,140.94,692,778,10,70,8,7,0,0,0,0,21.6,0,1,0,0,0,0,4,0.0000
228.5,10,580825,0.3000,23.48,140.19,611,652,9,16,0,4,0,0,0,0,21.6,0,1,0,0,0,0,4,0.0000
228.75,10,580860,0.2999,20.59,138.62,643,725,5,47,8,6,0,0,0,0,21.6,0,1,0,0,0,0,4,0.0001
229,10,580899,0.2998,21.82,137.16,570,632,8,24,2,7,0,0,0,0,21.6,0,1,0,0,0,0,4,0.0001
229.25,10,580916,0.2998,21.05,135.99,660,702,5,25,5,5,0,0,0,0,21.6,0,1,0,0,0,0,4,0.0001
229.5,10,580897,0.2998,20.19,141.58,616,613,6,16,0,8,0,0,0,0,21.6,0,1,0,0,0,0,4,0.0001
229.75,10,580944,0.2997,21.65,150.49,664,727,8,16,4,4,0,0,0,0,21.6,0,1,0,0,0,0,4,0.0001
230,10,580991,0.2997,19.18,146.88,650,707,9,10,1,6,0,0,0,0,21.6,0,1,0,0,0,0,4,0.0002
230.25,10,580993,0.2997,22.03,153.68,657,674,4,15,1,4,0,0,0,0,-36.8,0,1,0,0,0,0,4,0.0002
230.5,10,581010,0.2996,19.12,157.71,678,710,17,16,0,5,0,0,0,0,-36.8,0,1,0,0,0,0,4,0.0002
230.75,10,581015,0.2996,23.39,156.30,701,716,3,10,0,5,0,0,0,0,-36.8,0,1,0,0,0,0,4,0.0002
231,10,581014,0.2996,20.57,153.45,752,789,16,38,0,9,0,0,0,0,-36.8,0,1,0,0,0,0,5,0.0000
231.25,10,581019,0.2995,23.93,147.97,752,784,4,27,1,7,0,0,0,0,-36.8,0,1,0,0,0,0,4,0.0001
231.5,10,581005,0.2995,20.36,142.37,800,818,7,32,0,4,0,0,0,0,-36.8,0,1,0,0,0,0,4,0.0002
231.75,10,580960,0.2995,22.59,147.42,799,760,5,6,0,6,0,0,0,0,-36.8,0,1,0,0,0,0,4,0.0003
232,10,580927,0.2995,21.52,151.33,808,790,7,15,0,7,0,0,0,0,-36.8,0,1,0,0,0,0,5,0.0001
232.25,10,580788,0.2996,21.69,157.62,860,738,8,17,0,8,0,0,0,0,-36.8,0,1,0,0,0,0,4,0.0002
232.5,10,580772,0.2996,22.95,157.50,796,790,5,10,0,6,0,0,0,0,-36.8,0,1,0,0,0,0,5,0.0000
232.75,10,580770,0.2995,21.74,148.29,813,838,10,27,1,6,0,0,0,0,-36.8,0,1,0,0,0,0,4,0.0002
233,10,580712,0.2996,24.02,137.99,806,755,8,8,0,4,0,0,0,0,-36.8,0,1,0,0,0,0,4,0.0003
233.25,10,580691,0.2995,22.30,126.31,874,876,17,27,3,8,0,0,0,0,-36.8,0,1,0,0,0,0,5,0.0001
233.5,10,580657,0.2995,19.99,124.39,765,748,4,17,1,5,0,0,0,0,-36.8,0,1,0,0,0,0,4,0.0003
233.75,10,580617,0.2995,18.39,124.29,707,687,12,20,0,10,0,0,1,0,-36.8,0,1,0,0,0,0,5,0.0001
234,10,580517,0.2996,19.63,124.11,690,600,6,10,0,7,0,0,0,0,-36.8,0,1,0,0,0,0,5,0.0000
234.25,10,580492,0.2996,17.61,123.65,650,649,18,27,0,8,0,0,0,0,-36.8,0,1,0,0,0,0,4,0.0002
234.5,10,580480,0.2996,17.67,124.20,581,582,0,13,0,5,0,0,0,0,-36.8,0,1,0,0,0,0,5,0.0001
234.75,10,580531,0.2995,17.33,124.80,524,591,4,16,0,5,0,0,0,0,-36.8,0,1,0,0,0,0,4,0.0002
235,10,580602,0.2995,17.60,129.17,535,615,3,9,0,7,0,0,0,0,-36.8,0,1,0,0,0,0,5,0.0001
235.25,10,580683,0.2994,17.87,133.69,513,607,2,13,0,7,0,0,0,0,-36.8,0,1,0,0,0,0,5,0.0000
235.5,10,580628,0.2994,17.87,140.69,585,540,9,10,0,6,0,0,0,0,-36.8,0,1,0,0,0,0,4,0.0002
235.75,10,580684,0.2994,16.95,143.20,545,616,3,15,0,6,0,0,0,0,-36.8,0,1,0,0,0,0,5,0.0001
236,10,580724,0.2994,18.15,150.62,532,579,7,7,0,5,0,0,0,0,-36.8,0,1,0,0,0,0,5,0.0000
236.25,10,580762,0.2993,16.80,151.97,574,628,4,16,0,5,0,0,0,0,-36.8,0,1,0,0,0,0,4,0.0002
236.5,10,580783,0.2993,18.21,156.69,524,554,2,9,1,7,0,0,0,0,-36.8,0,1,0,0,0,0,5,0.0001
236.75,10,580786,0.2993,16.12,158.21,579,603,5,21,0,5,0,0,0,0,-36.8,0,1,0,0,0,0,5,0.0000
237,10,580800,0.2993,17.94,164.12,537,558,2,7,2,5,0,0,0,0,-36.8,0,1,0,0,0,0,4,0.0002
237.25,10,580783,0.2993,15.94,165.82,583,592,7,26,1,9,0,0,0,0,-36.8,0,1,0,0,0,0,5,0.0002
237.5,10,580828,0.2992,16.72,167.55,506,563,0,12,1,7,0,0,0,0,-36.8,0,1,0,0,0,0,5,0.0001
237.75,10,580831,0.2992,15.89,169.67,548,569,7,18,1,7,0,0,0,0,-36.8,0,1,0,0,0,0,5,0.0000
238,10,580888,0.2992,14.71,173.65,485,547,2,5,1,6,0,0,0,0,-36.8,0,1,0,0,0,0,4,0.0002
238.25,10,580887,0.2992,18.32,175.21,542,552,2,11,1,6,0,0,0,0,-36.8,0,1,0,0,0,0,5,0.0002
238.5,10,580913,0.2991,16.03,177.51,587,620,10,7,2,6,0,0,0,0,-36.8,0,1,0,0,0,0,5,0.0001
238.75,10,580890,0.2992,18.72,180.33,570,552,0,5,1,7,0,0,1,0,-36.8,0,1,0,0,0,0,5,0.0001
239,10,580881,0.2991,16.24,182.96,625,633,11,17,1,7,0,0,0,0,-36.8,0,1,0,0,0,0,4,0.0003
239.25,10,580924,0.2991,19.46,184.93,541,594,3,10,1,8,0,0,0,0,-36.8,0,1,0,0,0,0,5,0.0002
239.5,10,580978,0.2991,15.60,186.31,590,658,3,14,2,5,0,0,0,0,-36.8,0,1,0,0,0,0,5,0.0002
239.75,10,581003,0.2991,17.88,186.20,534,562,2,3,1,6,0,0,0,0,-36.8,0,1,0,0,0,0,5,0.0001
240,10,580959,0.2991,15.19,185.92,648,620,7,16,4,8,0,0,0,0,-36.8,0,1,0,0,0,0,5,0.0000
240.25,10,581002,0.2990,16.58,185.28,538,588,1,7,1,7,0,0,0,0,-96.0,0,1,0,0,0,0,4,0.0003
240.5,10,581031,0.2990,14.70,185.33,592,629,4,8,4,7,0,0,0,0,-96.0,0,1,0,0,0,0,5,0.0002
240.75,10,581045,0.2990,16.05,184.42,539,565,9,12,0,6,0,0,0,0,-96.0,0,1,0,0,0,0,5,0.0002
241,10,581075,0.2990,14.47,184.42,573,614,0,11,0,6,0,0,0,0,-96.0,0,1,0,0,0,0,5,0.0001
241.25,10,581063,0.2990,15.90,183.17,581,579,12,10,0,6,0,0,0,0,-96.0,0,1,0,0,0,0,5,0.0000
241.5,10,581056,0.2990,15.47,183.59,613,611,6,5,4,7,0,0,0,0,-96.0,0,1,0,0,0,0,4,0.0003
241.75,10,581089,0.2990,18.62,183.69,574,614,1,7,0,8,0,0,0,0,-96.0,0,1,0,0,0,0,5,0.0002
242,10,581060,0.2990,17.19,185.52,667,661,11,23,3,6,0,0,0,0,-96.0,0,1,0,0,0,0,5,0.0002
242.25,10,581086,0.2989,20.49,185.38,631,667,1,10,3,8,0,0,0,0,-96.0,0,1,0,0,0,0,5,0.0001
242.5,10,581098,0.2989,18.42,185.92,701,742,62,30,6,7,0,0,0,0,-96.0,0,1,0,0,0,0,5,0.0001
242.75,10,581188,0.2988,18.93,185.43,591,690,2,9,1,7,0,0,0,0,-96.0,0,1,0,0,0,0,5,0.0001
243,10,581116,0.2988,17.46,186.78,767,724,20,31,5,7,0,0,0,0,-96.0,0,1,0,0,0,1,5,0.0000
243.25,9,581115,0.2988,17.36,187.40,643,654,5,13,1,5,0,0,0,0,-96.0,0,1,0,0,0,1,5,0.0000
243.5,9,581151,0.2988,17.21,187.16,612,672,7,24,2,5,0,0,0,0,-96.0,0,1,0,0,0,0,5,0.0000
243.75,9,581179,0.2987,15.04,187.57,638,676,6,10,0,9,0,0,0,0,-96.0,0,1,0,0,0,0,5,0.0000
244,9,581180,0.2987,16.55,187.50,613,620,4,6,1,8,0,0,0,0,-96.0,0,1,0,0,0,0,5,0.0000
244.25,9,581163,0.2987,15.13,187.57,663,656,1,10,0,5,0,0,0,0,-96.0,0,1,0,0,0,0,5,0.0000
244.5,9,581137,0.2988,16.99,188.27,656,637,4,7,0,7,0,0,0,0,-96.0,0,1,0,0,0,0,5,0.0000
244.75,10,581166,0.2987,16.59,188.97,622,660,5,9,0,5,0,0,0,0,-96.0,1,2,0,0,0,0,5,0.0001
245,10,581167,0.2987,16.83,190.23,650,658,3,7,1,6,0,0,2,0,-96.0,0,2,0,0,0,0,5,0.0001
245.25,10,581198,0.2987,17.84,190.94,644,678,5,3,0,6,0,0,1,0,-96.0,0,2,0,0,0,0,5,0.0001
245.5,10,581175,0.2987,16.52,190.60,691,680,15,13,0,8,0,0,0,0,-96.0,0,2,0,0,0,0,5,0.0001
245.75,10,581146,0.2987,18.17,192.01,673,653,3,9,0,5,0,0,0,0,-96.0,0,2,0,0,0,0,5,0.0001
246,10,581169,0.2987,16.97,192.30,675,712,12,15,0,7,0,0,0,0,-96.0,0,2,0,0,0,0,5,0.0001
246.25,10,581105,0.2987,18.22,193.34,691,634,2,7,1,8,0,0,0,0,-96.0,0,2,0,0,0,0,5,0.0001
246.5,10,581141,0.2987,17.49,194.00,654,700,4,10,1,7,0,0,0,0,-96.0,0,2,0,0,0,0,5,0.0001
246.75,10,581135,0.2987,18.14,194.51,701,701,4,6,0,7,0,0,0,0,-96.0,0,2,0,0,0,0,5,0.0001
247,10,581195,0.2987,17.17,194.81,638,702,2,4,0,9,0,0,0,0,-96.0,0,2,0,0,0,0,5,0.0002
247.25,10,581180,0.2987,18.66,195.07,691,680,7,5,2,6,0,0,0,0,-96.0,0,2,0,0,0,0,5,0.0002
247.5,10,581198,0.2987,17.68,194.63,688,715,2,9,1,7,0,0,0,0,-96.0,0,2,0,0,0,0,5,0.0002
247.75,10,581224,0.2987,19.32,194.32,630,661,4,5,3,7,0,0,0,0,-96.0,0,2,0,0,0,0,5,0.0002
248,10,581233,0.2987,18.62,193.54,701,717,4,7,0,8,0,0,0,0,-96.0,0,2,0,0,0,0,5,0.0002
248.25,10,581139,0.2987,20.02,189.60,699,615,4,10,1,5,0,0,0,0,-96.0,0,2,0,0,0,0,5,0.0003
248.5,10,581141,0.2987,19.48,162.14,710,717,10,7,0,5,0,0,0,0,-96.0,0,2,0,0,0,0,5,0.0003
248.75,9,581141,0.2987,19.77,133.62,669,676,3,7,0,9,0,1,0,0,-96.0,0,1,0,0,1,0,6,0.0000
249,9,581185,0.2987,18.81,122.82,661,718,8,13,1,8,0,0,0,0,-96.0,0,1,0,0,0,0,5,0.0000
249.25,9,581186,0.2987,19.47,130.45,589,603,6,13,1,10,0,0,0,0,-96.0,0,1,0,0,0,0,5,0.0001
249.5,9,581192,0.2987,19.13,137.91,632,654,8,16,0,6,0,0,0,0,-96.0,0,1,0,0,0,0,5,0.0001
249.75,9,581182,0.2987,19.12,146.12,594,589,5,6,0,8,0,0,0,0,-96.0,0,1,0,0,0,0,5,0.0001
250,9,581212,0.2987,20.16,152.42,581,618,8,7,0,6,0,0,0,0,-96.0,0,1,0,0,0,0,5,0.0001
250.25,9,581207,0.2987,19.10,157.53,618,619,5,6,2,8,0,0,0,0,-141.0,0,1,0,0,0,0,5,0.0002
250.5,9,581227,0.2987,21.03,161.67,586,608,2,2,0,5,0,0,0,0,-141.0,0,1,0,0,0,0,5,0.0002
250.75,9,581233,0.2987,19.29,164.45,668,679,8,6,0,8,0,0,0,0,-141.0,0,1,0,0,0,0,5,0.0002
251,9,581279,0.2987,22.02,167.49,598,644,4,0,0,5,0,0,0,0,-141.0,0,1,0,0,0,0,5,0.0002
251.25,9,581257,0.2987,19.70,170.42,682,666,5,6,0,11,0,0,0,0,-141.0,0,1,0,0,0,0,5,0.0002
251.5,9,581280,0.2987,21.34,173.50,608,635,3,4,0,8,0,0,0,0,-141.0,0,1,0,0,0,0,5,0.0002
251.75,9,581321,0.2987,20.00,175.48,645,690,3,4,0,7,0,0,0,0,-141.0,0,1,0,0,0,0,5,0.0002
252,9,581306,0.2987,21.29,178.75,657,651,8,10,0,11,0,0,0,0,-141.0,0,1,0,0,0,0,5,0.0002
252.25,9,581374,0.2987,20.33,181.15,636,707,1,3,0,6,0,0,0,0,-141.0,0,1,0,0,0,0,5,0.0002
252.5,9,581325,0.2987,21.68,183.63,688,647,2,8,0,7,0,0,0,0,-141.0,0,1,0,0,0,0,5,0.0002
252.75,9,581312,0.2987,20.49,184.32,655,648,7,6,4,6,0,0,0,0,-141.0,0,1,0,0,0,0,5,0.0002
253,9,581320,0.2987,22.00,186.09,682,696,3,6,0,10,0,0,0,0,-141.0,0,1,0,0,0,0,5,0.0002
253.25,9,581348,0.2987,20.70,187.43,654,687,1,5,0,6,0,0,0,0,-141.0,0,1,0,0,0,0,5,0.0002
253.5,9,581321,0.2987,22.71,188.90,670,648,5,5,0,5,0,0,0,0,-141.0,0,1,0,0,0,0,5,0.0003
253.75,9,581299,0.2987,20.78,189.66,685,669,1,6,2,7,0,0,0,0,-141.0,0,1,0,0,0,0,5,0.0003
254,9,581318,0.2987,22.89,190.58,671,694,4,4,1,10,0,0,0,0,-141.0,0,1,0,0,0,0,5,0.0003
254.25,9,581311,0.2987,20.88,191.06,718,718,4,7,1,5,0,0,0,0,-141.0,0,1,0,0,0,0,5,0.0003
254.5,9,581333,0.2987,22.49,191.56,620,651,2,9,0,6,0,0,0,0,-141.0,0,1,0,0,0,0,5,0.0002
254.75,9,581329,0.2987,21.19,191.88,669,666,4,1,1,9,0,0,0,0,-141.0,0,1,0,0,0,0,5,0.0002
255,9,581298,0.2987,22.25,191.77,687,660,1,4,0,8,0,0,0,0,-141.0,0,1,0,0,0,0,5,0.0002
255.25,9,581281,0.2987,21.38,192.03,721,714,8,10,1,10,0,0,0,0,-141.0,0,1,0,0,0,0,5,0.0002
255.5,9,581334,0.2987,21.69,192.37,638,698,1,7,0,5,0,0,0,0,-141.0,0,1,0,0,0,0,5,0.0002
255.75,9,581338,0.2987,21.75,192.79,666,684,3,14,2,8,0,0,0,0,-141.0,0,1,0,0,0,0,5,0.0002
256,9,581353,0.2987,21.38,193.10,658,677,4,5,0,6,0,0,0,0,-141.0,0,1,0,0,0,0,5,0.0002
256.25,9,581344,0.2987,22.76,193.37,689,684,1,4,0,7,0,0,0,0,-141.0,0,1,0,0,0,0,5,0.0002
256.5,9,581342,0.2987,21.91,193.61,723,725,2,4,0,5,0,0,0,0,-141.0,0,1,0,0,0,0,5,0.0002
256.75,9,581344,0.2987,22.96,193.78,679,688,2,7,0,6,0,0,0,0,-141.0,0,1,0,0,0,0,5,0.0002
257,9,581333,0.2987,21.58,193.92,704,702,10,10,0,7,0,0,0,0,-141.0,0,1,0,0,0,0,5,0.0003
257.25,9,581321,0.2987,22.25,194.05,669,659,1,2,0,6,0,0,0,0,-141.0,0,1,0,0,0,0,5,0.0003
257.5,9,581351,0.2987,20.66,194.12,658,707,8,20,0,5,0,0,0,0,-141.0,0,1,0,0,0,0,5,0.0003
257.75,9,581376,0.2987,21.05,194.19,627,655,2,3,0,7,0,0,0,0,-141.0,0,1,0,0,0,0,5,0.0003
258,9,581403,0.2987,20.60,194.05,596,636,3,13,0,9,0,0,0,0,-141.0,0,1,0,0,0,0,6,0.0000
258.25,9,581423,0.2987,20.71,193.48,632,655,2,3,1,5,0,0,0,0,-141.0,0,1,0,0,0,0,5,0.0000
258.5,9,581429,0.2987,20.02,191.85,624,635,467,5,0,9,0,0,0,0,-141.0,0,1,0,0,0,0,5,0.0001
258.75,9,581406,0.2987,20.16,189.94,608,588,3,3,1,6,0,0,0,0,-141.0,0,1,0,0,0,0,5,0.0001
259,9,581426,0.2987,19.74,187.77,610,632,2,2,2,7,0,0,0,0,-141.0,0,1,0,0,0,0,5,0.0001
259.25,9,581420,0.2987,19.77,185.63,630,628,3,4,3,6,0,0,0,0,-141.0,0,1,0,0,0,0,5,0.0001
259.5,9,581447,0.2987,19.39,183.69,592,621,2,2,1,6,0,0,0,0,-141.0,0,1,0,0,0,0,5,0.0001
259.75,9,581479,0.2987,19.14,183.43,623,660,2,5,0,6,0,0,0,0,-141.0,0,1,0,0,0,0,5,0.0001
260,9,581538,0.2987,18.96,183.77,589,651,5,3,0,6,0,0,0,0,-141.0,0,1,0,0,0,0,5,0.0001
260.25,9,581589,0.2986,19.64,183.50,632,689,1,6,1,5,0,0,0,0,-169.1,0,1,0,0,0,0,5,0.0001
260.5,9,581587,0.2986,18.87,183.71,670,670,1,2,1,5,0,0,0,0,-169.1,0,1,0,0,0,0,5,0.0001
260.75,9,581627,0.2986,19.79,183.61,659,702,7,3,1,6,0,0,0,0,-169.1,0,1,0,0,0,0,5,0.0001
261,9,581685,0.2986,18.88,183.71,670,731,1,3,0,7,0,0,0,0,-169.1,0,1,0,0,0,0,5,0.0001
261.25,9,581686,0.2986,20.68,183.82,691,693,2,1,1,8,0,0,0,0,-169.1,0,1,0,0,0,0,5,0.0001
261.5,9,581667,0.2986,19.31,183.83,747,728,2,0,0,8,0,0,0,0,-169.1,0,1,0,0,0,0,5,0.0001
261.75,9,581681,0.2986,20.99,183.64,713,729,0,2,0,6,0,0,0,0,-169.1,0,1,0,0,0,0,5,0.0001
262,9,581691,0.2986,18.96,183.76,775,784,3,0,0,5,0,0,0,0,-169.1,0,1,0,0,0,0,5,0.0001
262.25,9,581685,0.2987,20.86,183.39,762,756,1,0,1,8,0,0,0,0,-169.1,0,1,0,0,0,0,5,0.0001
262.5,9,581721,0.2986,18.74,183.80,744,789,5,10,0,5,0,0,0,0,-169.1,0,1,0,0,0,0,5,0.0000
262.75,9,581735,0.2986,20.45,183.75,751,768,1,3,0,7,0,0,0,0,-169.1,0,1,0,0,0,0,5,0.0000
263,9,581699,0.2986,18.43,183.60,756,734,4,14,0,5,0,0,0,0,-169.1,0,1,0,0,0,0,5,0.0000
263.25,9,581719,0.2986,19.70,183.49,738,760,1,2,0,7,0,0,0,0,-169.1,0,1,0,0,0,0,5,0.0000
263.5,9,581779,0.2986,18.94,183.14,726,795,1,9,0,7,0,0,0,0,-169.1,0,1,0,0,0,0,4,0.0003
263.75,9,581785,0.2986,19.56,182.72,773,780,0,1,1,7,0,0,0,0,-169.1,0,1,0,0,0,0,5,0.0003
264,9,581823,0.2986,19.80,184.40,761,800,0,1,0,6,0,0,0,0,-169.1,0,1,0,0,0,0,5,0.0003
264.25,9,581825,0.2986,19.73,184.05,787,791,5,2,0,6,0,0,0,0,-169.1,0,1,0,0,0,0,5,0.0003
264.5,9,581861,0.2986,19.71,185.47,761,802,1,5,0,6,0,0,0,0,-169.1,0,1,0,0,0,0,5,0.0002
264.75,9,581834,0.2986,19.84,186.72,816,797,2,8,1,5,0,0,0,0,-169.1,0,1,0,0,0,0,5,0.0002
265,9,581884,0.2986,19.44,188.01,803,853,2,0,0,6,0,0,0,0,-169.1,0,1,0,0,0,0,5,0.0002
265.25,9,581871,0.2986,19.87,186.17,793,787,6,7,0,6,0,0,0,0,-169.1,0,1,0,0,0,0,5,0.0002
265.5,9,581948,0.2986,18.80,186.77,731,812,3,4,0,7,0,0,0,1,-169.1,0,1,0,0,0,0,5,0.0002
265.75,9,581965,0.2986,20.67,184.01,791,815,5,7,0,6,0,0,0,1,-169.1,0,1,0,0,0,0,5,0.0001
266,9,581967,0.2986,18.83,183.31,712,718,3,4,0,8,0,0,0,1,-169.1,0,1,0,0,0,0,5,0.0001
266.25,9,581949,0.2986,20.70,181.59,737,726,7,7,0,6,0,0,0,1,-169.1,0,1,0,0,0,1,5,0.0001
266.5,8,582012,0.2987,20.51,183.05,717,784,5,4,1,6,0,0,0,1,-169.1,0,1,0,0,0,1,5,0.0001
266.75,8,582017,0.2988,20.02,178.96,713,724,2,6,0,5,0,0,0,1,-169.1,0,1,0,0,0,0,5,0.0001
267,8,582072,0.2987,19.90,176.80,696,756,4,5,0,5,0,0,0,1,-169.1,0,1,0,0,0,0,5,0.0000
267.25,8,582052,0.2988,20.27,173.00,674,655,1,1,0,5,0,0,0,1,-169.1,0,1,0,0,0,0,4,0.0003
267.5,8,582049,0.2988,20.58,170.20,706,710,2,7,0,6,0,0,0,1,-169.1,0,1,0,0,0,0,5,0.0002
267.75,8,582105,0.2987,22.08,170.00,691,751,1,4,0,7,0,0,0,1,-169.1,0,1,0,0,0,0,5,0.0002
268,8,582115,0.2987,22.63,170.74,719,735,4,6,0,5,0,0,0,1,-169.1,0,1,0,0,0,0,5,0.0001
268.25,8,582111,0.2988,22.91,171.12,699,698,2,3,0,7,0,0,0,1,-169.1,0,1,0,0,0,0,5,0.0001
268.5,8,582097,0.2988,23.32,171.64,669,661,4,6,0,4,0,0,0,1,-169.1,0,1,0,0,0,0,4,0.0003
268.75,8,582146,0.2987,23.86,172.09,673,725,10,3,0,7,0,0,0,1,-169.1,0,1,0,0,0,0,5,0.0002
269,8,582147,0.2987,24.13,172.33,682,689,0,6,0,6,0,0,0,1,-169.1,0,1,0,0,0,0,5,0.0001
269.25,8,582157,0.2988,24.49,172.95,734,746,3,2,0,6,0,0,0,1,-169.1,0,1,0,0,0,0,5,0.0000
269.5,8,582178,0.2987,24.79,171.93,679,706,1,6,0,5,0,0,0,1,-169.1,0,1,0,0,0,0,4,0.0002
269.75,8,582174,0.2988,25.41,171.12,743,741,0,2,0,8,0,0,0,1,-169.1,0,1,0,0,0,0,5,0.0001
270,8,582156,0.2988,25.53,171.24,778,762,1,2,0,4,0,0,0,1,-169.1,0,1,0,0,0,0,4,0.0003
270.25,8,582168,0.2988,26.24,171.96,745,760,1,3,0,7,0,0,0,1,-198.5,0,1,0,0,0,0,5,0.0002
270.5,8,582203,0.2988,26.34,172.98,749,787,2,3,0,6,0,0,0,1,-198.5,0,1,0,0,0,0,5,0.0000
270.75,8,582220,0.2988,26.93,173.82,771,788,1,0,0,5,0,0,0,1,-198.5,0,1,0,0,0,0,4,0.0002
271,8,582226,0.2988,27.03,174.03,742,750,4,2,0,8,0,0,0,1,-198.5,0,1,0,0,0,0,5,0.0001
271.25,8,582223,0.2988,27.41,175.00,781,779,0,1,0,4,0,0,0,1,-198.5,0,1,0,0,0,0,4,0.0002
271.5,8,582214,0.2988,27.55,175.90,774,769,0,4,0,5,0,0,0,1,-198.5,0,1,0,0,0,0,5,0.0001
271.75,8,582265,0.2988,27.80,176.69,740,792,1,1,0,4,0,0,0,1,-198.5,0,1,0,0,0,0,4,0.0002
272,8,582277,0.2988,27.75,177.03,823,836,0,1,0,5,0,0,0,1,-198.5,0,1,0,0,0,0,5,0.0001
272.25,8,582294,0.2988,28.02,177.59,769,787,0,1,0,5,0,0,0,1,-198.5,0,1,0,0,0,0,4,0.0002
272.5,8,582316,0.2988,28.05,177.99,759,784,1,3,0,6,0,0,0,1,-198.5,0,1,0,0,0,0,5,0.0000
272.75,8,582318,0.2988,28.29,178.21,802,805,1,1,0,6,0,0,0,1,-198.5,0,1,0,0,0,0,4,0.0002
273,8,582263,0.2989,28.23,178.70,825,773,1,3,0,6,0,0,0,1,-198.5,0,1,0,0,0,0,5,0.0000
273.25,8,582308,0.2988,28.59,179.11,783,829,1,1,0,5,0,0,0,1,-198.5,0,1,0,0,0,0,4,0.0002
273.5,8,582314,0.2989,28.48,179.34,786,795,1,3,0,6,0,0,0,1,-198.5,0,1,0,0,0,0,4,0.0003
273.75,8,582322,0.2989,28.76,179.76,772,782,0,2,0,5,0,0,0,1,-198.5,0,1,0,0,0,0,5,0.0001
274,8,582375,0.2988,28.66,180.03,792,845,1,0,0,4,0,0,0,1,-198.5,0,1,0,0,0,0,4,0.0002
274.25,8,582344,0.2989,28.78,179.65,821,792,0,2,0,7,0,0,0,1,-198.5,0,1,0,0,0,0,5,0.0000
274.5,8,582364,0.2989,28.71,179.42,803,825,1,2,0,5,0,0,0,1,-198.5,0,1,0,0,0,0,4,0.0002
274.75,8,582374,0.2989,28.84,179.48,818,831,0,3,0,4,0,0,0,1,-198.5,0,1,0,0,0,0,4,0.0003
275,8,582370,0.2989,28.61,179.19,812,809,1,1,0,6,0,0,0,1,-198.5,0,1,0,0,0,0,5,0.0001
275.25,8,582382,0.2989,28.84,177.67,776,790,1,2,0,4,0,0,0,1,-198.5,0,1,0,0,0,0,4,0.0002
275.5,8,582449,0.2988,28.58,176.29,751,826,2,8,0,4,0,0,0,1,-198.5,0,1,0,0,0,0,4,0.0003
275.75,8,582431,0.2989,28.77,175.72,796,781,3,3,0,6,0,0,0,1,-198.5,0,1,0,0,0,0,5,0.0001
276,8,582440,0.2989,28.46,175.22,807,820,1,4,0,5,0,0,0,1,-198.5,0,1,0,0,0,0,4,0.0002
276.25,8,582439,0.2989,28.78,171.49,763,765,0,3,0,5,0,0,0,1,-198.5,0,1,0,0,0,0,5,0.0000
276.5,8,582413,0.2989,28.46,165.69,819,795,3,2,0,6,0,0,0,1,-198.5,0,1,0,0,0,0,4,0.0001
276.75,8,582422,0.2989,29.38,166.13,778,787,1,0,0,7,0,0,0,1,-198.5,0,1,0,0,0,0,4,0.0002
277,8,582458,0.2989,29.32,165.60,793,835,0,6,1,4,0,0,0,1,-198.5,0,1,0,0,0,0,4,0.0003
277.25,8,582504,0.2989,30.23,165.28,820,867,1,1,1,6,0,0,0,1,-198.5,0,1,0,0,0,0,5,0.0001
277.5,8,582535,0.2989,30.42,163.74,775,809,1,3,1,6,0,0,0,1,-198.5,0,1,0,0,0,0,4,0.0001
277.75,8,582552,0.2989,31.21,162.27,847,866,0,2,0,4,0,0,0,1,-198.5,0,1,0,0,0,0,4,0.0002
278,8,582602,0.2989,31.84,160.79,808,858,1,0,0,7,0,0,0,1,-198.5,0,1,0,0,0,0,5,0.0000
278.25,8,582656,0.2988,32.30,159.22,799,855,0,2,0,4,0,0,0,1,-198.5,0,1,0,0,0,0,4,0.0001
278.5,8,582655,0.2988,31.75,158.83,840,841,2,2,0,4,0,0,0,1,-198.5,0,1,0,0,0,0,4,0.0001
278.75,8,582655,0.2988,32.03,163.33,828,832,4,4,0,4,0,0,0,1,-198.5,0,1,0,0,0,0,4,0.0002
279,8,582641,0.2989,31.11,167.68,843,836,2,7,0,4,0,0,0,1,-198.5,0,1,0,0,0,0,4,0.0003
279.25,8,582640,0.2989,31.21,171.23,766,772,3091,7,0,6,0,0,0,1,-198.5,0,1,0,0,0,0,5,0.0000
279.5,8,582524,0.2989,30.17,174.54,864,754,4,6,0,4,0,0,0,1,-198.5,0,1,0,0,0,0,4,0.0001
279.75,8,582540,0.2989,29.56,176.45,768,790,3,6,0,5,0,0,0,1,-198.5,0,1,0,0,0,0,4,0.0002
280,8,582529,0.2989,29.44,178.56,770,765,2,6,0,4,0,0,0,1,-198.5,0,1,0,0,0,0,4,0.0002
280.25,8,582545,0.2989,29.77,158.96,734,752,0,2,0,5,0,0,0,1,-183.5,0,1,0,0,0,0,4,0.0003
280.5,8,582583,0.2989,30.26,159.29,755,797,2,4,0,6,0,0,0,1,-183.5,0,1,0,0,0,0,5,0.0000
280.75,8,582628,0.2989,30.73,159.84,762,812,2,5,0,6,0,0,0,1,-183.5,0,1,0,0,0,0,4,0.0001
281,8,582627,0.2989,31.11,160.50,793,795,4,3,0,5,0,0,0,1,-183.5,0,1,0,0,0,0,4,0.0002
281.25,8,582666,0.2989,31.76,160.90,780,826,5,7,0,5,0,0,0,1,-183.5,0,1,0,0,0,0,4,0.0002
281.5,8,582743,0.2989,31.88,161.55,808,887,1562,2,0,4,0,0,0,1,-183.5,0,1,0,0,0,0,4,0.0003
281.75,8,582785,0.2989,31.62,161.99,848,897,3,7,0,6,0,0,0,1,-183.5,0,1,0,0,0,0,5,0.0000
282,8,582804,0.2989,31.65,162.30,910,942,1,13,0,5,0,0,0,1,-183.5,0,1,0,0,0,0,4,0.0001
282.25,8,582859,0.2989,31.75,162.56,857,918,0,6,0,5,0,0,0,1,-183.5,0,1,0,0,0,0,4,0.0001
282.5,8,582936,0.2988,31.84,162.63,866,952,1,9,0,5,0,0,0,1,-183.5,0,1,0,0,0,0,4,0.0002
282.75,8,582977,0.2988,32.21,162.57,895,941,2,5,0,5,0,0,0,1,-183.5,0,1,0,0,0,0,4,0.0003
283,8,583003,0.2988,32.82,163.26,945,978,1,7,0,6,0,0,0,1,-183.5,0,1,0,0,0,0,5,0.0000
283.25,8,583105,0.2987,33.33,163.44,910,1021,3,9,1,5,0,0,0,1,-183.5,0,1,0,0,0,0,4,0.0001
283.5,8,583184,0.2987,33.89,163.94,884,972,1,9,2,6,0,0,0,1,-183.5,0,1,0,0,0,0,4,0.0001
283.75,8,583186,0.2987,33.70,164.36,978,989,1,9,2,7,0,0,0,1,-183.5,0,1,0,0,0,0,4,0.0002
284,8,583216,0.2986,33.89,162.90,931,970,2,9,1,4,0,0,0,1,-183.5,0,1,0,0,0,0,4,0.0003
284.25,8,583195,0.2986,33.38,163.49,950,940,6,11,3,6,0,0,0,1,-183.5,0,1,0,0,0,0,5,0.0000
284.5,8,583171,0.2986,33.07,163.74,967,954,5,11,4,5,0,0,0,1,-183.5,0,1,0,0,0,0,4,0.0001
284.75,8,583155,0.2986,31.91,163.14,977,977,5,16,1,4,0,0,0,1,-183.5,0,1,0,0,0,0,4,0.0001
285,7,583098,0.2986,31.24,162.44,934,894,3,17,1,4,0,1,0,1,-183.5,0,0,0,0,1,0,4,0.0002
285.25,7,583124,0.2986,30.23,162.75,871,917,5,20,2,5,0,0,0,1,-183.5,0,0,0,0,0,0,5,0.0000
285.5,7,583132,0.2986,29.66,165.47,808,834,1,18,2,7,0,0,0,1,-183.5,0,0,0,0,0,0,4,0.0001
285.75,7,583130,0.2986,28.97,169.04,801,814,5,16,1,4,0,0,0,1,-183.5,0,0,0,0,0,0,4,0.0002
286,7,583088,0.2986,28.35,172.49,831,804,3,15,0,5,0,0,0,1,-183.5,0,0,0,0,0,0,5,0.0000
286.25,7,583053,0.2986,26.29,176.08,799,779,1408,15,1,5,0,0,0,1,-183.5,0,0,0,0,0,0,4,0.0002
286.5,7,583038,0.2986,24.27,178.97,759,760,3,16,1,5,0,0,0,1,-183.5,0,0,0,0,0,0,4,0.0003
286.75,7,583021,0.2986,22.68,181.94,704,705,0,18,0,6,0,0,0,1,-183.5,0,0,0,0,0,0,5,0.0001
287,7,583087,0.2985,21.72,184.22,639,718,1,13,0,5,0,0,0,1,-183.5,0,0,0,0,0,0,4,0.0002
287.25,8,583126,0.2985,21.26,186.41,636,682,0,7,0,5,1,0,0,0,-183.5,0,0,0,0,0,0,5,0.0001
287.5,8,583114,0.2985,20.28,188.24,656,650,0,6,0,5,0,0,1,0,-183.5,0,0,0,0,0,0,4,0.0002
287.75,8,583111,0.2985,24.66,189.87,621,625,1,7,0,5,0,0,0,0,-183.5,0,0,0,0,0,0,5,0.0001
288,8,583060,0.2985,21.92,190.11,674,638,0,15,0,4,0,0,0,0,-183.5,0,0,0,0,0,0,4,0.0002
288.25,8,583056,0.2985,21.56,191.61,670,669,0,3,0,6,0,0,0,0,-183.5,0,0,0,0,0,0,5,0.0000
288.5,8,583076,0.2985,27.04,190.21,642,663,0,1,0,5,0,0,0,0,-183.5,0,0,0,0,0,0,4,0.0001
288.75,8,583048,0.2985,24.17,191.77,707,679,2,0,0,5,0,0,0,0,-183.5,0,0,0,0,0,0,4,0.0002
289,8,583094,0.2985,23.41,192.96,634,682,2,2,0,5,0,0,0,0,-183.5,0,0,0,0,0,0,5,0.0001
289.25,8,583153,0.2985,28.47,192.61,658,719,2,2,0,4,0,0,0,0,-183.5,0,0,0,0,0,0,4,0.0002
289.5,8,583145,0.2985,25.97,193.51,756,748,1,0,0,5,0,0,0,0,-183.5,0,0,0,0,0,0,4,0.0003
289.75,8,583159,0.2985,25.16,191.03,686,705,0,5,1,6,0,0,0,0,-183.5,0,0,0,0,0,0,5,0.0001
290,8,583272,0.2985,27.20,188.17,642,755,0,0,0,5,0,0,0,0,-183.5,0,0,0,0,0,0,4,0.0002
290.25,8,583228,0.2985,24.87,188.26,754,723,1,13,0,5,0,0,0,0,-180.5,0,0,0,0,0,0,5,0.0000
290.5,8,583276,0.2984,26.08,180.61,691,742,1,3,1,5,0,0,0,0,-180.5,0,0,0,0,0,0,4,0.0001
290.75,8,583292,0.2984,24.39,173.79,695,714,1,3,0,4,0,0,0,0,-180.5,0,0,0,0,0,0,4,0.0002
291,8,583311,0.2984,25.09,168.93,659,680,5,2,1,5,0,0,0,0,-180.5,0,0,0,0,0,0,5,0.0000
291.25,8,583387,0.2984,23.95,164.78,647,729,2,6,0,5,0,0,0,0,-180.5,0,0,0,0,0,0,4,0.0001
291.5,8,583400,0.2984,24.14,164.55,663,679,3,3,2,5,0,0,0,0,-180.5,0,0,0,0,0,0,4,0.0002
291.75,8,583457,0.2984,24.02,164.27,644,708,4,8,0,5,0,0,0,0,-180.5,0,0,0,0,0,0,4,0.0003
292,8,583482,0.2984,25.27,164.51,647,677,3,5,0,6,0,0,0,0,-180.5,0,0,0,0,0,0,5,0.0001
292.25,8,583532,0.2983,25.60,164.03,662,718,2,6,0,5,0,0,0,0,-180.5,0,0,0,0,0,0,4,0.0001
292.5,8,583504,0.2983,26.58,163.72,705,684,2,7,0,6,0,0,0,0,-180.5,0,0,0,0,0,0,4,0.0002
292.75,8,583533,0.2983,27.15,163.89,702,746,0,15,0,5,0,0,0,0,-180.5,0,0,0,0,0,0,5,0.0000
293,8,583512,0.2983,27.81,163.32,739,722,4,4,2,4,0,0,0,0,-180.5,0,0,0,0,0,0,4,0.0001
293.25,8,583514,0.2983,27.88,163.64,726,730,3,2,1,4,0,0,0,0,-180.5,0,0,0,0,0,0,4,0.0002
293.5,8,583525,0.2983,27.80,163.31,710,726,5,5,0,4,0,0,0,0,-180.5,0,0,0,0,0,0,4,0.0003
293.75,8,583535,0.2983,27.24,163.04,717,732,3,6,0,6,0,0,0,0,-180.5,0,0,0,0,0,0,5,0.0000
294,8,583528,0.2983,26.95,163.31,714,711,4,4,0,5,0,0,0,0,-180.5,0,0,0,0,0,1,4,0.0001
294.25,8,583505,0.2983,26.35,163.49,697,681,1,7,2,4,0,0,0,0,-180.5,0,0,0,0,0,1,4,0.0002
294.5,7,583510,0.2983,26.04,163.72,646,659,2,8,0,7,0,0,0,0,-180.5,0,0,0,0,0,1,5,0.0000
294.75,7,583553,0.2983,26.09,163.96,568,617,2,6,1,7,0,0,0,0,-180.5,0,0,0,0,0,0,4,0.0001
295,7,583570,0.2983,25.26,164.20,592,615,1,6,1,5,0,0,0,0,-180.5,0,0,0,0,0,0,4,0.0002
295.25,7,583567,0.2983,25.35,164.30,593,599,2,9,2,5,0,0,0,0,-180.5,0,0,0,0,0,0,4,0.0003
295.5,7,583562,0.2983,24.70,164.31,610,610,1,5,3,5,0,0,0,0,-180.5,0,0,0,0,0,0,5,0.0001
295.75,7,583574,0.2983,25.40,164.37,572,596,6,12,2,5,0,0,0,0,-180.5,0,0,0,0,0,0,4,0.0002
296,7,583573,0.2982,24.80,164.55,586,598,3,13,3,4,0,0,0,0,-180.5,0,0,0,0,0,0,4,0.0003
296.25,7,583600,0.2982,25.31,164.49,562,599,3,10,2,5,0,0,0,0,-180.5,0,0,0,0,0,0,5,0.0001
296.5,7,583646,0.2982,25.12,164.39,535,586,1,5,2,5,0,0,0,0,-180.5,0,0,0,0,0,0,4,0.0002
296.75,7,583640,0.2982,25.66,164.43,588,590,0,8,1,5,0,0,0,0,-180.5,0,0,0,0,0,0,5,0.0000
297,7,583720,0.2981,25.18,164.74,534,625,0,11,4,4,0,0,0,0,-180.5,0,0,0,0,0,0,4,0.0001
297.25,7,583737,0.2981,26.54,164.97,521,542,0,4,5,5,0,0,0,0,-180.5,0,0,0,0,0,0,4,0.0002
297.5,7,583744,0.2981,26.12,165.21,566,574,1,1,4,5,0,0,0,0,-180.5,0,0,0,0,0,0,5,0.0001
297.75,7,583751,0.2981,27.44,165.70,540,555,9,8,5,4,0,0,0,0,-180.5,0,0,0,0,0,0,4,0.0002
298,7,583808,0.2980,27.09,166.03,533,597,6,7,6,5,0,0,0,0,-180.5,0,0,0,0,0,0,5,0.0000
298.25,7,583828,0.2980,27.96,166.44,518,549,6,11,0,6,0,0,0,0,-180.5,0,0,0,0,0,0,4,0.0001
298.5,7,583843,0.2980,27.68,166.67,522,555,8,18,3,4,0,0,0,0,-180.5,0,0,0,0,0,0,4,0.0003
298.75,7,583882,0.2979,28.39,167.30,461,518,6,18,3,6,0,0,0,0,-180.5,0,0,0,0,0,0,5,0.0001
299,7,583904,0.2979,28.20,167.24,517,554,4,15,4,5,0,0,0,0,-180.5,0,0,0,0,0,0,4,0.0002
299.25,7,583932,0.2979,28.52,167.20,501,550,6,21,2,7,0,0,0,0,-180.5,0,0,0,0,0,0,5,0.0001
299.5,7,583978,0.2978,28.39,167.41,500,562,4,16,6,4,0,0,0,0,-180.5,0,0,0,0,0,0,4,0.0002
299.75,7,583989,0.2978,28.63,167.29,477,499,9,11,5,6,0,0,0,0,-180.5,0,0,0,0,0,0,5,0.0001
300,7,583995,0.2978,28.34,167.68,479,499,5,14,9,4,0,0,0,0,-180.5,0,0,0,0,0,0,4,0.0003
300.25,7,584031,0.2977,28.38,168.23,459,511,2,16,4,7,0,0,0,0,-203.2,0,0,0,0,0,0,5,0.0001
300.5,7,584082,0.2977,28.27,168.22,445,508,2,12,2,4,0,0,0,0,-203.2,0,0,0,0,0,0,4,0.0003
300.75,7,584102,0.2977,29.09,168.07,438,468,3,10,4,5,0,0,0,0,-203.2,0,0,0,0,0,0,5,0.0002
301,7,584107,0.2976,29.11,168.18,463,482,4,14,4,8,0,0,0,0,-203.2,0,0,0,0,0,0,5,0.0000
301.25,7,584133,0.2976,29.58,168.98,453,485,3,6,2,6,0,0,0,0,-203.2,0,0,0,0,0,0,4,0.0002
301.5,7,584158,0.2976,29.31,169.48,436,476,5,15,1,5,0,0,0,0,-203.2,0,0,0,0,0,0,5,0.0001
301.75,7,584175,0.2976,29.77,170.18,434,462,6,11,0,7,0,0,0,0,-203.2,0,0,0,0,0,0,4,0.0002
302,7,584217,0.2976,29.54,170.51,466,517,10521,9,0,5,0,0,0,0,-203.2,0,0,0,0,0,0,5,0.0001
302.25,7,584263,0.2975,30.01,171.11,487,538,3,5,0,5,0,0,0,0,-203.2,0,0,0,0,0,0,5,0.0000
302.5,7,584179,0.2976,29.83,171.47,574,498,3,8,0,4,0,0,0,0,-203.2,0,0,0,0,0,0,4,0.0002
302.75,7,584212,0.2975,29.91,171.44,514,553,7,6,0,5,0,0,0,0,-203.2,0,0,0,0,0,0,5,0.0001
303,7,584239,0.2975,29.40,172.06,520,553,3,6,1,6,0,0,0,0,-203.2,0,0,0,0,0,0,4,0.0002
303.25,7,584269,0.2975,29.44,171.73,533,568,3,5,0,8,0,0,0,0,-203.2,0,0,0,0,0,0,5,0.0001
303.5,7,584278,0.2975,28.74,172.33,559,582,3,14,0,5,0,0,0,0,-203.2,0,0,0,0,0,0,4,0.0003
303.75,7,584323,0.2975,28.87,172.19,525,581,3,11,0,8,0,0,0,0,-203.2,0,0,0,0,0,0,5,0.0002
304,7,584347,0.2975,28.45,171.90,560,594,3,10,0,5,0,0,0,0,-203.2,0,0,0,0,0,0,5,0.0000
304.25,7,584375,0.2974,28.34,171.53,539,573,7,6,0,4,0,0,0,0,-203.2,0,0,0,0,0,0,4,0.0002
304.5,7,584433,0.2974,28.01,171.20,551,616,1,7,0,7,0,0,0,0,-203.2,0,0,0,0,0,0,5,0.0001
304.75,7,584464,0.2974,28.50,171.27,542,587,1,14,1,6,0,0,0,0,-203.2,0,0,0,0,0,0,4,0.0003
305,7,584454,0.2974,28.49,171.00,592,593,1,11,0,6,0,0,0,0,-203.2,0,0,0,0,0,0,5,0.0002
305.25,7,584505,0.2973,29.29,170.67,558,618,1,9,2,6,0,0,0,0,-203.2,0,0,0,0,0,0,5,0.0001
305.5,7,584548,0.2973,29.64,170.68,597,652,5,12,0,4,0,0,0,0,-203.2,0,0,0,0,0,0,4,0.0002
305.75,7,584561,0.2973,30.32,170.48,603,628,1,12,1,6,0,0,0,0,-203.2,0,0,0,0,0,0,5,0.0001
306,7,584626,0.2973,30.27,170.70,626,701,0,10,1,6,0,0,0,0,-203.2,0,0,0,0,0,0,5,0.0000
306.25,7,584613,0.2973,31.01,171.02,660,655,1,8,0,4,0,0,0,0,-203.2,0,0,0,0,0,0,4,0.0002
306.5,7,584609,0.2972,30.36,171.45,673,680,3,11,1,5,0,0,0,0,-203.2,0,0,0,0,0,0,5,0.0001
306.75,7,584618,0.2972,30.41,172.02,632,655,1,14,1,4,0,0,0,0,-203.2,0,0,0,0,0,0,4,0.0003
307,7,584664,0.2972,29.84,172.67,641,695,4,8,0,5,0,0,0,0,-203.2,0,0,0,0,0,0,5,0.0002
307.25,7,584664,0.2972,29.90,173.24,617,638,2,21,0,5,0,0,0,0,-203.2,0,0,0,0,0,0,5,0.0001
307.5,7,584693,0.2971,29.44,173.77,635,675,1,11,1,5,0,0,0,0,-203.2,0,0,0,0,0,0,4,0.0002
307.75,7,584728,0.2971,30.10,174.82,668,714,3,11,0,7,0,0,0,0,-203.2,0,0,0,0,0,0,5,0.0001
308,7,584761,0.2971,29.92,175.52,661,707,0,13,0,7,0,0,0,0,-203.2,0,0,0,0,0,0,5,0.0000
308.25,7,584797,0.2971,30.24,176.51,650,694,0,8,0,6,0,0,0,0,-203.2,0,0,0,0,0,0,4,0.0002
308.5,7,584789,0.2971,30.51,176.70,733,729,0,4,0,6,0,0,0,0,-203.2,0,0,0,0,0,0,5,0.0001
308.75,7,584820,0.2971,30.14,175.81,703,738,1136,4,0,5,0,0,0,0,-203.2,0,0,0,0,0,0,5,0.0000
309,7,584791,0.2971,30.91,175.42,768,753,1,14,1,5,0,0,0,0,-203.2,0,0,0,0,0,0,4,0.0002
309.25,7,584811,0.2970,30.88,174.84,769,796,0,7,0,6,0,0,0,0,-203.2,0,0,0,0,0,0,5,0.0001
309.5,7,584838,0.2970,31.39,174.79,765,797,1,5,0,5,0,0,0,0,-203.2,0,0,0,0,0,0,5,0.0000
309.75,7,584841,0.2970,31.39,174.62,769,775,3,3,0,4,0,0,0,0,-203.2,0,0,0,0,0,0,4,0.0002
310,7,584847,0.2970,32.62,175.87,826,835,1,3,0,6,0,0,0,0,-203.2,0,0,0,0,0,0,5,0.0001
310.25,7,584858,0.2970,32.78,175.84,812,827,1,4,0,6,0,0,0,0,-224.7,0,0,0,0,0,0,5,0.0001
310.5,7,584874,0.2970,34.06,175.03,814,832,0,2,2,5,0,0,0,0,-224.7,0,0,0,0,0,0,4,0.0003
310.75,7,584857,0.2970,34.39,174.89,829,813,0,1,0,6,0,0,0,0,-224.7,0,0,0,0,0,0,5,0.0002
311,7,584923,0.2970,35.60,175.89,796,864,4,2,0,5,0,0,0,0,-224.7,0,0,0,0,0,0,5,0.0001
311.25,7,584886,0.2970,35.69,175.86,875,841,2,3,0,6,0,0,0,0,-224.7,0,0,0,0,0,0,4,0.0002
311.5,7,584847,0.2971,36.73,176.93,921,885,3,4,0,5,0,0,0,0,-224.7,0,0,0,0,0,0,5,0.0001
311.75,7,584849,0.2971,36.85,177.01,878,882,1,2,0,9,0,0,0,0,-224.7,0,0,0,0,0,0,5,0.0000
312,7,584856,0.2971,37.58,177.33,923,932,1,2,2,5,0,0,0,0,-224.7,0,0,0,0,0,0,4,0.0002
312.25,7,584836,0.2971,37.89,177.43,903,887,2,4,0,7,0,0,0,0,-224.7,0,0,0,0,0,0,5,0.0001
312.5,7,584845,0.2971,38.64,177.79,897,908,0,2,0,5,0,0,0,0,-224.7,0,0,0,0,0,0,4,0.0003
312.75,7,584794,0.2971,38.82,178.10,956,908,0,3,0,6,0,0,0,0,-224.7,0,0,0,0,0,0,5,0.0002
313,7,584757,0.2971,39.42,178.22,980,946,0,3,1,5,0,0,0,0,-224.7,0,0,0,0,0,0,5,0.0001
313.25,7,584687,0.2972,39.21,178.56,983,913,3,2,2,6,0,0,0,0,-224.7,0,0,0,0,0,0,4,0.0002
313.5,7,584647,0.2972,39.82,178.36,971,933,42,2,0,5,0,0,0,0,-224.7,0,0,0,0,0,0,5,0.0001
313.75,7,584643,0.2972,40.08,178.52,961,957,0,0,2,5,0,0,0,0,-224.7,0,0,0,0,0,0,4,0.0003
314,7,584549,0.2973,40.52,178.40,998,904,1,0,1,6,0,0,0,0,-224.7,0,0,0,0,0,0,5,0.0002
314.25,7,584542,0.2973,40.74,179.84,982,975,1,0,0,6,0,0,0,0,-224.7,0,0,0,0,0,0,5,0.0000
314.5,7,584499,0.2973,41.29,179.95,993,952,1,2,0,4,0,0,0,0,-224.7,0,0,0,0,0,0,4,0.0002
314.75,7,584467,0.2973,41.30,180.04,1020,990,0,2,0,5,0,0,0,0,-224.7,0,0,0,0,0,0,5,0.0000
315,8,584411,0.2974,41.69,181.01,998,943,2,1,0,6,0,0,0,0,-224.7,1,1,0,0,0,0,4,0.0002
315.25,8,584424,0.2974,41.23,180.73,972,986,1,1,0,5,0,0,2,0,-224.7,0,1,0,0,0,0,5,0.0000
315.5,8,584382,0.2974,41.39,180.72,1007,969,3,4,0,5,0,0,1,0,-224.7,0,1,0,0,0,0,4,0.0002
315.75,8,584288,0.2975,41.45,180.19,1100,1008,0,2,0,6,0,0,0,0,-224.7,0,1,0,0,0,0,5,0.0000
316,8,584192,0.2975,41.72,181.11,1082,987,2,1,0,5,0,0,0,0,-224.7,0,1,0,0,0,0,4,0.0002
316.25,8,584128,0.2975,41.83,180.69,1063,1002,0,3,0,5,0,0,0,0,-224.7,0,1,0,0,0,0,5,0.0000
316.5,8,584103,0.2976,42.09,181.63,1036,1012,3,1,0,4,0,0,0,0,-224.7,0,1,0,0,0,0,4,0.0002
316.75,8,584038,0.2976,41.94,181.85,1066,1002,0,1,0,8,0,0,0,0,-224.7,0,1,0,0,0,0,5,0.0000
317,8,583997,0.2976,42.03,182.39,1068,1029,2,2,0,4,0,0,0,0,-224.7,0,1,0,0,0,0,4,0.0002
317.25,8,583963,0.2977,41.62,182.30,1033,1001,1,2,0,4,0,0,0,0,-224.7,0,1,0,0,0,0,4,0.0003
317.5,8,583931,0.2977,41.22,182.15,1008,979,0,3,1,5,0,0,0,0,-224.7,0,1,0,0,0,0,5,0.0001
317.75,8,583939,0.2977,40.71,182.34,994,1002,0,0,2,5,0,0,0,0,-224.7,0,1,0,0,0,0,4,0.0002
318,8,583929,0.2977,40.30,181.52,979,969,0,0,4,5,0,0,0,0,-224.7,0,1,0,0,0,0,5,0.0001
318.25,8,583893,0.2977,39.52,181.36,973,940,0,3,6,5,0,0,0,0,-224.7,0,1,0,0,0,0,4,0.0002
318.5,8,583906,0.2977,38.79,181.77,937,951,0,1,3,6,0,0,0,0,-224.7,0,1,0,0,0,0,5,0.0000
318.75,8,583883,0.2977,37.45,182.10,928,910,1,5,5,6,0,0,0,0,-224.7,0,1,0,0,0,0,4,0.0001
319,8,583912,0.2977,36.19,183.03,873,905,0,3,9,6,0,0,0,0,-224.7,0,1,0,0,0,0,4,0.0003
319.25,8,583879,0.2977,34.82,183.45,901,871,0,3,4,6,0,0,0,0,-224.7,0,1,0,0,0,0,5,0.0001
319.5,8,583834,0.2977,33.47,184.02,850,812,1,7,7,7,0,0,0,0,-224.7,0,1,0,0,0,0,4,0.0002
319.75,8,583853,0.2977,32.09,184.36,800,823,2,4,0,6,0,0,0,0,-224.7,0,1,0,0,0,0,4,0.0003
320,8,583791,0.2977,31.19,184.59,785,732,4,10,1,6,0,0,0,0,-224.7,0,1,0,0,0,0,5,0.0001
320.25,8,583814,0.2977,30.71,185.32,752,786,4,11,2,4,0,0,0,0,-157.5,0,1,0,0,0,0,4,0.0002
320.5,8,583799,0.2977,30.65,185.52,744,738,6,9,0,8,0,0,0,0,-157.5,0,1,0,0,0,0,5,0.0000
320.75,8,583832,0.2977,30.97,184.80,691,733,1,9,0,6,0,0,0,0,-157.5,0,1,0,0,0,0,4,0.0001
321,8,583831,0.2977,31.09,182.95,695,700,0,6,1,7,0,0,0,0,-157.5,0,1,0,0,0,0,4,0.0003
321.25,8,583845,0.2977,31.12,182.90,726,744,1,4,1,5,0,0,0,0,-157.5,0,1,0,0,0,0,5,0.0001
321.5,8,583895,0.2977,31.12,182.56,709,766,1,7,0,5,0,0,0,0,-157.5,0,1,0,0,0,0,4,0.0002
321.75,8,583868,0.2977,31.11,182.52,767,744,3,4,1,6,0,0,0,0,-157.5,0,1,0,0,0,0,5,0.0000
322,8,583897,0.2977,31.60,182.41,676,708,2,3,0,6,0,0,0,0,-157.5,0,1,0,0,0,0,4,0.0002
322.25,8,583958,0.2976,31.58,182.69,736,801,2,4,0,5,0,0,0,0,-157.5,0,1,0,0,0,0,4,0.0003
322.5,8,583969,0.2976,31.47,182.27,695,713,2,7,1,6,0,0,0,0,-157.5,0,1,0,0,0,0,5,0.0001
322.75,8,583993,0.2976,31.19,182.14,685,714,0,5,3,6,0,0,0,0,-157.5,0,1,0,0,0,0,4,0.0002
323,8,584012,0.2976,31.42,181.98,705,729,1,5,1,6,0,0,0,0,-157.5,0,1,0,0,0,0,5,0.0001
323.25,8,584004,0.2976,32.00,181.40,705,704,0,7,1,6,0,0,0,0,-157.5,0,1,0,0,0,0,4,0.0002
323.5,8,584041,0.2976,31.76,180.99,679,721,0,5,3,7,0,0,0,0,-157.5,0,1,0,0,0,0,5,0.0000
323.75,8,584063,0.2976,32.35,180.12,690,719,1,7,2,4,0,0,0,0,-157.5,0,1,0,0,0,0,4,0.0002
324,8,584052,0.2976,32.91,179.12,707,701,0,5,3,5,0,0,0,0,-157.5,0,1,0,0,0,0,5,0.0000
324.25,8,584094,0.2975,32.54,178.64,667,713,1,4,1,4,0,0,0,0,-157.5,0,1,0,0,0,0,4,0.0001
324.5,8,584107,0.2975,33.39,178.24,675,692,0,4,0,4,0,0,0,0,-157.5,0,1,0,0,0,0,4,0.0003
324.75,8,584175,0.2975,32.83,177.06,700,771,2,3,2,7,0,0,0,0,-157.5,0,1,0,0,0,0,5,0.0001
325,8,584146,0.2975,33.59,175.85,718,694,0,5,0,5,0,0,0,0,-157.5,0,1,0,0,0,0,4,0.0003
325.25,8,584183,0.2975,33.26,175.32,705,745,0,3,0,6,0,0,0,0,-157.5,0,1,0,0,0,0,5,0.0001
325.5,8,584187,0.2975,34.35,174.66,696,701,0,1,1,4,0,0,0,0,-157.5,0,1,0,0,0,0,4,0.0002
325.75,8,584206,0.2975,34.15,173.54,768,789,0,2,4,5,0,0,0,0,-157.5,0,1,0,0,0,0,5,0.0001
326,8,584208,0.2975,34.89,173.77,712,716,0,2,0,4,0,0,0,0,-157.5,0,1,0,0,0,0,4,0.0002
326.25,8,584230,0.2975,34.41,172.06,736,761,3,3,0,5,0,0,0,0,-157.5,0,1,0,0,0,0,5,0.0000
326.5,8,584277,0.2975,34.69,171.26,679,729,0,3,0,6,0,0,0,0,-157.5,0,1,0,0,0,0,4,0.0002
326.75,8,584287,0.2975,34.24,169.94,720,734,2,4,0,5,0,0,0,0,-157.5,0,1,0,0,0,0,4,0.0003
327,8,584279,0.2975,35.12,168.34,703,698,4,3,1,5,0,0,0,0,-157.5,0,1,0,0,0,0,5,0.0001
327.25,8,584286,0.2975,34.24,167.53,760,773,0,6,1,5,0,0,0,0,-157.5,0,1,0,0,0,0,4,0.0003
327.5,8,584304,0.2975,33.68,166.97,699,723,0,6,0,6,0,0,0,0,-157.5,0,1,0,0,0,0,5,0.0001
327.75,8,584324,0.2975,34.40,165.81,724,749,0,5,0,4,0,0,0,0,-157.5,0,1,0,0,0,0,4,0.0002
328,8,584334,0.2975,33.73,164.72,727,740,0,3,0,7,0,0,0,0,-157.5,0,1,0,0,0,0,5,0.0000
328.25,8,584379,0.2974,33.22,163.92,686,735,1,4,0,4,0,0,0,0,-157.5,0,1,0,0,0,0,4,0.0002
328.5,8,584326,0.2975,33.95,163.03,748,697,0,2,1,5,0,0,0,0,-157.5,0,1,0,0,0,0,5,0.0000
328.75,8,584389,0.2974,32.37,162.01,703,769,2,3,3,5,0,0,0,0,-157.5,0,1,0,0,0,0,4,0.0001
329,8,584388,0.2974,32.12,160.69,712,720,5,9,1,5,0,0,0,0,-157.5,0,1,0,0,0,0,4,0.0003
329.25,8,584418,0.2974,30.29,158.94,680,717,3,7,3,5,0,0,0,0,-157.5,0,1,0,0,0,0,5,0.0001
329.5,8,584405,0.2974,30.29,157.45,644,640,3,9,2,5,0,0,0,1,-157.5,0,1,0,0,0,0,4,0.0002
329.75,8,584412,0.2974,29.08,156.86,649,663,11,7,3,5,0,0,0,1,-157.5,0,1,0,0,0,0,5,0.0001
330,8,584443,0.2974,29.24,155.55,571,621,9,20,0,9,0,0,0,1,-157.5,0,1,0,0,0,0,4,0.0002
330.25,8,584479,0.2973,28.95,154.25,560,612,3,16,2,8,0,0,0,1,-133.8,0,1,0,0,0,0,5,0.0001
330.5,8,584485,0.2973,30.26,152.31,541,561,2520,14,0,5,0,0,0,1,-133.8,0,1,0,0,0,0,4,0.0002
330.75,8,584465,0.2973,32.37,150.63,637,623,5,7,1,6,0,0,0,1,-133.8,0,1,0,0,0,0,5,0.0001
331,8,584489,0.2973,34.02,149.53,690,724,4,10,1,5,0,0,0,1,-133.8,0,1,0,0,0,0,4,0.0002
331.25,8,584513,0.2973,35.65,147.92,740,776,2,13,0,6,0,0,0,1,-133.8,0,1,0,0,0,0,5,0.0001
331.5,8,584571,0.2972,37.18,147.06,769,840,2,13,2,4,0,0,0,1,-133.8,0,1,0,0,0,0,4,0.0003
331.75,8,584589,0.2972,38.32,146.54,847,877,3,12,3,8,0,0,0,1,-133.8,0,1,0,0,0,0,5,0.0002
332,8,584601,0.2972,39.08,145.49,869,897,2,16,1,8,0,0,0,1,-133.8,0,1,0,0,0,0,5,0.0001
332.25,8,584617,0.2972,39.78,147.97,838,871,0,17,0,4,0,0,0,1,-133.8,0,1,0,0,0,0,4,0.0003
332.5,8,584652,0.2971,40.23,153.70,913,960,2,12,1,7,0,0,0,1,-133.8,0,1,0,0,0,0,5,0.0002
332.75,8,584635,0.2971,40.49,159.11,918,913,4,12,2,6,0,0,0,1,-133.8,0,1,0,0,0,0,5,0.0001
333,8,584622,0.2971,40.64,164.55,932,938,3,19,1,6,0,0,0,1,-133.8,0,1,0,0,0,0,5,0.0000
333.25,8,584609,0.2971,41.22,168.80,969,967,4,11,1,7,0,0,0,1,-133.8,0,1,0,0,0,0,4,0.0003
333.5,8,584511,0.2971,41.28,170.65,1025,941,2,14,1,7,0,0,0,1,-133.8,0,1,0,0,0,0,5,0.0002
333.75,8,584480,0.2971,41.76,173.92,977,965,0,19,0,7,0,0,0,1,-133.8,0,1,0,0,0,0,5,0.0001
334,8,584473,0.2971,41.71,176.68,958,968,1,17,0,6,0,0,0,1,-133.8,0,1,0,0,0,0,5,0.0001
334.25,8,584457,0.2971,42.25,180.03,981,982,2,17,1,7,0,0,0,1,-133.8,0,1,0,0,0,0,5,0.0001
334.5,8,584409,0.2971,42.31,180.72,1022,994,1,20,0,6,0,0,0,1,-133.8,0,1,0,0,0,0,5,0.0000
334.75,8,584397,0.2971,42.65,180.61,986,992,3,18,1,4,0,0,0,1,-133.8,0,1,0,0,0,0,4,0.0003
335,8,584392,0.2971,42.65,180.78,1014,1029,1,20,1,5,0,0,0,1,-133.8,0,1,0,0,0,0,5,0.0003
335.25,8,584365,0.2971,42.68,182.64,1022,1010,4,16,3,9,0,0,0,1,-133.8,0,1,0,0,0,0,5,0.0003
335.5,8,584412,0.2970,42.43,180.24,1010,1073,2,16,0,6,0,0,0,1,-133.8,0,1,0,0,0,0,5,0.0003
335.75,8,584321,0.2971,42.37,177.99,1052,977,3,16,1,5,0,0,0,1,-133.8,0,1,0,0,0,0,5,0.0002
336,8,584260,0.2971,42.32,175.10,1042,1001,5,20,2,8,0,0,0,1,-133.8,0,1,0,0,0,0,5,0.0002
336.25,8,584246,0.2970,41.95,170.54,1018,1032,4,28,2,5,0,0,0,1,-133.8,0,1,0,0,0,0,5,0.0003
336.5,8,584237,0.2970,41.56,166.90,1011,1022,6,20,1,6,0,0,0,1,-133.8,0,1,0,0,0,0,5,0.0003
336.75,8,584170,0.2970,41.57,164.52,1051,1005,5,21,0,7,0,0,0,1,-133.8,0,1,0,0,0,0,6,0.0000
337,8,584139,0.2970,42.09,162.59,1012,1000,24311,19,1,5,0,0,0,1,-133.8,0,1,0,0,0,0,5,0.0000
337.25,8,583972,0.2971,42.89,156.78,1234,1078,4,11,0,6,0,0,0,1,-133.8,0,1,0,0,0,0,5,0.0001
337.5,8,583898,0.2971,43.73,153.99,1254,1194,1,14,0,6,0,0,0,1,-133.8,0,1,0,0,0,0,5,0.0001
337.75,8,583881,0.2971,44.27,154.06,1284,1278,2,11,0,7,0,0,0,1,-133.8,0,1,0,0,0,0,5,0.0002
338,8,583787,0.2972,45.43,156.23,1406,1318,1,6,1,5,0,0,0,1,-133.8,0,1,0,0,0,0,5,0.0002
338.25,8,583819,0.2971,45.23,159.26,1319,1368,2,17,0,8,0,0,0,1,-133.8,0,1,0,0,0,0,5,0.0002
338.5,8,583683,0.2972,46.36,162.13,1471,1340,1,5,0,7,0,0,0,1,-133.8,0,1,0,0,0,0,5,0.0003
338.75,8,583665,0.2972,46.05,165.70,1472,1461,8,10,0,6,0,0,0,1,-133.8,0,1,0,0,0,0,5,0.0003
339,8,583530,0.2973,46.59,169.27,1520,1395,3,10,1,7,0,0,0,1,-133.8,0,1,0,0,0,0,6,0.0000
339.25,9,583504,0.2973,46.03,173.06,1500,1483,3,9,0,7,1,0,0,0,-133.8,0,1,0,0,0,0,5,0.0000
339.5,9,583395,0.2973,46.22,176.96,1531,1438,1,16,0,6,0,0,2,0,-133.8,0,1,0,0,0,0,5,0.0001
339.75,9,583357,0.2973,48.26,180.55,1538,1512,3,12,1,5,0,0,0,0,-133.8,0,1,0,0,0,0,5,0.0001
340,9,583327,0.2974,47.64,183.40,1558,1537,7,9,4,6,0,0,0,0,-133.8,0,1,0,0,0,0,5,0.0001
340.25,9,583243,0.2974,47.07,185.73,1600,1532,2,16,2,6,0,0,0,0,-62.1,0,1,0,0,0,0,5,0.0001
340.5,9,583243,0.2973,46.57,187.41,1554,1570,5,16,6,6,0,0,0,0,-62.1,0,1,0,0,0,0,5,0.0002
340.75,9,583197,0.2973,47.43,188.45,1534,1504,5,16,3,6,0,0,0,0,-62.1,0,1,0,0,0,0,5,0.0002
341,9,583201,0.2973,47.11,190.02,1570,1588,12,15,2,8,0,0,0,0,-62.1,0,1,0,0,0,0,5,0.0002
341.25,9,583142,0.2973,47.12,191.48,1608,1562,11,15,7,7,0,0,0,0,-62.1,0,1,0,0,0,0,5,0.0003
341.5,9,583051,0.2974,47.07,192.27,1639,1559,6,14,1,5,0,0,0,0,-62.1,0,1,0,0,0,0,5,0.0003
341.75,9,583054,0.2973,48.44,193.22,1569,1588,6,16,1,7,0,0,0,0,-62.1,0,1,0,0,0,0,6,0.0000
342,9,582932,0.2974,48.37,194.28,1743,1636,6,16,2,5,0,0,0,0,-62.1,0,1,0,0,0,0,5,0.0001
342.25,9,582871,0.2974,49.27,194.41,1669,1611,5,5,5,9,0,0,0,0,-62.1,0,1,0,0,0,0,5,0.0001
342.5,9,582809,0.2974,48.80,195.19,1651,1601,1,12,6,6,0,0,0,0,-62.1,0,1,0,0,0,0,5,0.0001
342.75,9,582741,0.2975,49.35,195.41,1655,1598,1,11,1,5,0,0,0,0,-62.1,0,1,0,0,0,0,5,0.0002
343,9,582688,0.2975,48.74,195.78,1626,1582,6,9,5,6,0,0,0,1,-62.1,0,1,0,0,0,0,5,0.0002
343.25,9,582589,0.2975,47.92,194.76,1682,1596,7,13,3,7,0,0,0,1,-62.1,0,1,0,0,0,0,5,0.0003
343.5,9,582479,0.2976,47.03,194.49,1672,1566,15,7,2,10,0,0,0,1,-62.1,0,1,0,0,0,0,6,0.0000
343.75,9,582402,0.2976,47.25,194.86,1627,1566,13,18,3,6,0,0,0,1,-62.1,0,1,0,0,0,0,5,0.0000
344,9,582357,0.2976,46.19,195.40,1554,1524,6,16,3,8,0,0,0,1,-62.1,0,1,0,0,0,0,5,0.0001
344.25,9,582263,0.2976,45.98,195.69,1636,1562,6,20,4,7,0,0,0,1,-62.1,0,1,0,0,0,0,5,0.0001
344.5,9,582235,0.2976,45.55,196.21,1561,1555,38,22,2,5,0,0,0,1,-62.1,0,1,0,0,0,0,5,0.0002
344.75,9,582165,0.2976,45.66,196.73,1571,1517,0,16,0,6,0,0,0,1,-62.1,0,1,0,0,0,0,5,0.0002
345,9,582124,0.2976,44.51,197.16,1563,1542,7,20,6,6,0,0,0,1,-62.1,0,1,0,0,0,0,5,0.0003
345.25,9,582078,0.2976,44.22,197.42,1577,1543,3,12,4,7,0,0,0,1,-62.1,0,1,0,0,0,0,6,0.0000
345.5,9,582054,0.2976,43.03,197.70,1541,1535,6,19,1,6,0,0,0,1,-62.1,0,1,0,0,0,0,5,0.0001
345.75,9,582034,0.2976,42.37,197.81,1491,1494,2,23,4,9,0,0,0,1,-62.1,0,1,0,0,0,0,5,0.0002
346,9,581973,0.2976,41.62,198.06,1550,1498,5,9,3,5,0,0,0,1,-62.1,0,1,0,0,0,0,5,0.0002
346.25,9,581870,0.2976,41.44,198.27,1592,1508,4,19,6,7,0,0,0,1,-62.1,0,1,0,0,0,0,6,0.0000
346.5,9,581798,0.2976,41.78,198.25,1568,1504,3,8,4,7,0,0,0,1,-62.1,0,1,0,0,0,0,5,0.0001
346.75,9,581726,0.2977,40.85,198.29,1517,1458,3,13,2,7,0,0,0,1,-62.1,0,1,0,0,0,0,5,0.0002
347,9,581633,0.2977,40.52,198.20,1525,1442,6,10,0,7,0,0,0,1,-62.1,0,1,0,0,0,0,5,0.0002
347.25,9,581614,0.2977,39.15,198.39,1462,1453,4,10,2,7,0,0,0,1,-62.1,0,1,0,0,0,0,6,0.0000
347.5,9,581551,0.2977,38.38,198.59,1465,1417,1,15,0,5,0,0,0,1,-62.1,0,1,0,0,0,0,5,0.0001
347.75,9,581561,0.2977,36.72,198.72,1477,1495,6,9,7,6,0,0,0,1,-62.1,0,1,0,0,0,0,5,0.0002
348,9,581575,0.2977,35.01,198.60,1426,1453,8,13,2,6,0,0,0,1,-62.1,0,1,0,0,0,0,5,0.0003
348.25,9,581532,0.2977,34.52,198.49,1438,1412,4,17,1,9,0,0,0,1,-62.1,0,1,0,0,0,0,6,0.0001
348.5,9,581506,0.2977,33.56,198.56,1432,1416,2880,10,3,6,0,0,0,1,-62.1,0,1,0,0,0,0,5,0.0002
348.75,9,581406,0.2977,34.37,198.67,1498,1405,3,7,1,5,0,0,0,1,-62.1,0,1,0,0,0,0,5,0.0002
349,9,581404,0.2977,33.99,198.44,1455,1469,3,16,2,7,0,0,0,1,-62.1,0,1,0,0,0,0,6,0.0000
349.25,9,581331,0.2978,33.89,198.46,1519,1457,0,11,1,7,0,0,0,1,-62.1,0,1,0,0,0,0,5,0.0001
349.5,9,581226,0.2978,33.95,198.57,1490,1387,2,2,1,8,0,0,0,1,-62.1,0,1,0,0,0,0,5,0.0002
349.75,9,581095,0.2979,33.81,198.66,1563,1442,2,10,2,6,0,0,0,1,-62.1,0,1,0,0,0,0,5,0.0003
350,9,580980,0.2979,34.09,198.80,1549,1444,3,10,1,8,0,0,0,1,-62.1,0,1,0,0,0,0,6,0.0001
350.25,9,580894,0.2980,35.32,198.92,1508,1428,3,6,1,6,0,0,0,1,36.1,0,1,0,0,0,0,5,0.0002
350.5,9,580888,0.2980,35.55,199.08,1507,1507,2,6,2,5,0,0,0,1,36.1,0,1,0,0,0,0,5,0.0002
350.75,9,580864,0.2980,36.48,199.15,1479,1465,2,10,2,9,0,0,0,1,36.1,0,1,0,0,0,0,6,0.0000
351,9,580810,0.2980,36.68,199.26,1548,1502,3,8,3,7,0,0,0,1,36.1,0,1,0,0,0,0,5,0.0001
351.25,9,580810,0.2980,36.99,199.32,1456,1459,3,3,2,7,0,0,0,1,36.1,0,1,0,0,0,0,5,0.0002
351.5,9,580852,0.2980,37.05,199.37,1464,1510,0,4,4,8,0,0,0,1,36.1,0,1,0,0,0,0,5,0.0002
351.75,9,580864,0.2980,37.59,199.31,1456,1472,1,4,2,8,0,0,0,1,36.1,0,1,0,0,0,0,5,0.0003
352,9,580863,0.2980,37.82,199.24,1462,1467,0,6,4,6,0,0,1,1,36.1,0,1,0,0,0,0,6,0.0001
352.25,9,580800,0.2980,37.92,199.34,1526,1470,1,7,2,9,0,0,0,1,36.1,0,1,0,0,0,0,5,0.0001
352.5,9,580793,0.2980,38.19,199.42,1442,1440,2,5,4,6,0,0,0,1,36.1,0,1,0,0,0,0,5,0.0002
352.75,9,580757,0.2980,38.60,199.41,1479,1446,1,3,5,7,0,0,0,1,36.1,0,1,0,0,0,0,5,0.0002
353,9,580818,0.2980,38.45,199.37,1433,1502,1,8,6,7,0,0,0,1,36.1,0,1,0,0,0,0,6,0.0000
353.25,9,580833,0.2980,38.64,199.45,1410,1432,4,7,5,7,0,0,0,1,36.1,0,1,0,0,0,0,5,0.0001
353.5,9,580799,0.2980,38.97,199.46,1485,1458,3,7,4,5,0,0,0,1,36.1,0,1,0,0,0,0,5,0.0001
353.75,9,580723,0.2980,38.81,199.49,1471,1398,3,3,2,7,0,0,0,1,36.1,0,1,0,0,0,0,5,0.0002
354,9,580724,0.2980,38.61,199.54,1415,1422,6,6,3,5,0,0,0,1,36.1,0,1,0,0,0,0,5,0.0002
354.25,9,580658,0.2981,38.12,199.51,1388,1329,2,7,1,8,0,0,0,1,36.1,0,1,0,0,0,0,5,0.0003
354.5,9,580611,0.2981,37.47,199.56,1407,1369,2,9,2,8,0,0,0,1,36.1,0,1,0,0,0,0,6,0.0000
354.75,9,580599,0.2981,36.93,199.48,1312,1307,3,7,0,7,0,0,0,1,36.1,0,1,0,0,0,0,5,0.0001
355,9,580473,0.2981,36.31,199.36,1405,1295,3,16,2,7,0,0,0,1,36.1,0,1,0,0,0,0,5,0.0001
355.25,8,580514,0.2981,38.29,199.39,1236,1286,6,9,1,6,0,1,0,1,36.1,0,0,0,0,1,0,5,0.0002
355.5,8,580531,0.2981,36.42,191.12,1467,1501,8,17,2,7,0,0,0,1,36.1,0,0,0,0,0,0,5,0.0002
355.75,8,580495,0.2981,35.02,192.34,1450,1439,12,27,0,6,0,0,0,1,36.1,0,0,0,0,0,0,5,0.0003
356,8,580511,0.2980,34.33,193.26,1406,1435,22,14,0,6,0,0,0,1,36.1,0,0,0,0,0,0,6,0.0001
356.25,8,580536,0.2980,34.21,194.01,1369,1402,8,8,0,6,0,0,0,1,36.1,0,0,0,0,0,0,5,0.0001
356.5,8,580526,0.2980,33.64,194.52,1407,1412,8,15,0,7,0,0,0,1,36.1,0,0,0,0,0,0,5,0.0002
356.75,8,580472,0.2980,33.75,194.98,1424,1388,9,18,0,7,0,0,0,1,36.1,0,0,0,0,0,0,5,0.0003
357,8,580357,0.2981,33.54,195.40,1463,1365,7,18,0,9,0,0,0,1,36.1,0,0,0,0,0,0,6,0.0001
357.25,8,580316,0.2981,34.54,195.82,1427,1396,38780,10,0,7,0,0,0,1,36.1,0,0,0,0,0,0,5,0.0002
357.5,8,580134,0.2982,31.99,196.22,1558,1393,4,17,0,6,0,0,0,1,36.1,0,0,0,0,0,0,6,0.0000
357.75,8,580025,0.2982,31.12,196.57,1506,1410,3,13,0,7,0,0,0,1,36.1,0,0,0,0,0,0,5,0.0001
358,8,579936,0.2982,30.99,196.89,1534,1461,4,16,0,7,0,0,0,1,36.1,0,0,0,0,0,0,5,0.0002
358.25,8,580003,0.2982,31.27,196.93,1407,1481,6,9,0,6,0,0,0,1,36.1,0,0,0,0,0,0,6,0.0001
358.5,8,579843,0.2983,31.28,197.24,1599,1457,9,19,0,6,0,0,0,1,36.1,0,0,0,0,0,0,5,0.0002
358.75,8,579825,0.2983,31.42,197.43,1461,1458,5,15,1,8,0,0,0,1,36.1,0,0,0,0,0,0,6,0.0000
359,8,579662,0.2983,31.51,197.65,1589,1439,5,13,1,9,0,0,0,1,36.1,0,0,0,0,0,0,5,0.0002
359.25,8,579582,0.2984,31.71,197.98,1496,1424,6,8,1,6,0,0,0,1,36.1,0,0,0,0,0,0,5,0.0003
359.5,8,579499,0.2984,31.79,192.59,1536,1466,6,13,1,7,0,0,0,1,36.1,0,0,0,0,0,0,6,0.0001
359.75,8,579277,0.2985,31.46,186.24,1619,1417,11,20,2,5,0,0,0,1,36.1,0,0,0,0,0,0,5,0.0003
360,8,579203,0.2985,32.00,187.97,1431,1378,14,23,1,7,0,0,0,1,36.1,0,0,0,0,0,0,6,0.0001
360.25,8,579085,0.2984,35.81,189.45,1489,1394,24369,27,84,6,0,0,0,1,44.3,0,0,0,0,0,0,5,0.0003
360.5,8,578897,0.2983,41.20,190.63,1684,1516,6,20,69,8,0,0,0,1,44.3,0,0,0,0,0,0,6,0.0002
360.75,8,578751,0.2983,45.43,188.16,1731,1603,5,19,80,9,0,0,0,1,44.3,0,0,0,0,0,0,6,0.0000
361,8,578637,0.2981,48.77,181.18,1815,1721,11,21,89,7,0,0,0,1,44.3,0,0,0,0,0,0,5,0.0002
361.25,8,578610,0.2980,51.41,175.57,1748,1748,14,29,91,7,0,0,0,1,44.3,0,0,0,0,0,0,6,0.0001
361.5,8,578579,0.2978,54.41,176.21,1786,1788,17,33,76,5,0,0,0,1,44.3,0,0,0,0,0,0,5,0.0003
361.75,8,578567,0.2976,57.17,179.12,1824,1851,23,41,73,9,0,0,0,1,44.3,0,0,0,0,0,0,6,0.0002
362,8,578514,0.2975,60.05,182.20,1927,1922,20,48,67,6,0,0,0,1,44.3,0,0,0,0,0,0,6,0.0001
362.25,8,578386,0.2973,62.00,184.22,1990,1916,23,54,70,9,0,0,0,1,44.3,0,0,0,0,0,0,6,0.0000
362.5,8,578199,0.2972,63.22,162.30,2063,1932,14,56,65,7,0,0,0,1,44.3,0,0,0,0,0,0,5,0.0003
362.75,8,578007,0.2972,64.49,133.52,2043,1894,19,44,55,6,0,0,0,1,44.3,0,0,0,0,0,0,6,0.0002
363,8,577773,0.2972,65.58,134.44,1998,1809,375,46,30,9,0,0,0,1,44.3,0,0,0,0,0,0,6,0.0002
363.25,8,577670,0.2972,67.54,138.08,1914,1834,9,23,15,8,0,0,0,1,44.3,0,0,0,0,0,0,6,0.0002
363.5,8,577555,0.2972,67.21,139.73,1847,1757,4,26,12,7,0,0,0,1,44.3,0,0,0,0,0,0,6,0.0002
363.75,9,577382,0.2973,66.30,142.14,1899,1743,3,18,8,6,0,0,0,1,44.3,1,1,0,0,0,0,6,0.0002
364,9,577247,0.2973,65.96,143.81,1884,1764,5,15,9,8,0,0,2,1,44.3,0,1,0,0,0,0,6,0.0002
364.25,9,577100,0.2973,62.80,145.15,1962,1834,4,19,21,8,0,0,1,1,44.3,0,1,0,0,0,0,6,0.0002
364.5,9,576928,0.2973,59.65,146.53,1967,1816,8,22,32,8,0,0,0,1,44.3,0,1,0,0,0,0,6,0.0002
364.75,9,576794,0.2973,60.05,148.23,1844,1731,6,21,26,8,0,0,0,1,44.3,0,1,0,0,0,0,6,0.0003
365,9,576684,0.2973,57.58,150.35,1883,1818,1240,45,19,8,0,0,0,1,44.3,0,1,0,0,0,0,7,0.0000
365.25,9,576495,0.2974,58.10,151.91,1973,1797,1236,13,11,6,0,0,0,1,44.3,0,1,0,0,0,0,6,0.0001
365.5,9,576261,0.2974,55.85,153.57,2069,1872,6,38,14,7,0,0,0,1,44.3,0,1,0,0,0,0,6,0.0001
365.75,9,576171,0.2975,55.28,157.60,1992,1911,4,9,1,8,0,0,0,1,44.3,0,1,0,0,0,0,6,0.0002
366,9,576017,0.2975,53.60,161.34,2135,1999,4,18,12,7,0,0,0,1,44.3,0,1,0,0,0,0,6,0.0002
366.25,9,576053,0.2975,54.07,164.00,1912,1958,5,10,7,8,0,0,0,1,44.3,0,1,0,0,0,0,6,0.0003
366.5,9,575916,0.2975,52.42,168.80,2078,1959,8,19,11,8,0,0,0,1,44.3,0,1,0,0,0,0,7,0.0000
366.75,9,575794,0.2975,52.81,172.61,1978,1885,4,29,6,9,0,0,0,1,44.3,0,1,0,0,0,0,6,0.0001
367,9,575638,0.2976,52.13,176.96,2016,1872,11,12,13,9,0,0,0,1,44.3,0,1,0,0,0,0,6,0.0001
367.25,9,575500,0.2976,51.33,180.43,1928,1815,4,25,10,7,0,0,0,1,44.3,0,1,0,0,0,0,6,0.0002
367.5,9,575290,0.2976,52.03,180.94,2032,1863,8,41,10,8,0,0,0,1,44.3,0,1,0,0,0,1,6,0.0002
367.75,8,575237,0.2976,49.03,183.12,1807,1768,6,15,9,10,0,0,0,1,44.3,0,1,0,0,0,1,6,0.0002
368,8,575109,0.2977,49.43,183.40,1822,1707,6,13,11,6,0,0,0,1,44.3,0,1,0,0,0,0,6,0.0003
368.25,8,575027,0.2977,50.26,185.43,1740,1668,6,10,19,9,0,0,0,1,44.3,0,1,0,0,0,0,7,0.0000
368.5,8,574900,0.2977,48.44,184.32,1785,1670,5,12,15,9,0,0,0,1,44.3,0,1,0,0,0,0,6,0.0000
368.75,8,574841,0.2977,48.84,185.98,1736,1692,3,15,11,8,0,0,0,1,44.3,0,1,0,0,0,0,6,0.0001
369,8,574693,0.2977,48.04,186.83,1779,1653,6,22,23,9,0,0,0,1,44.3,0,1,0,0,0,0,6,0.0001
369.25,8,574650,0.2977,48.34,187.35,1650,1618,10,11,10,7,0,0,0,1,44.3,0,1,0,0,0,0,6,0.0001
369.5,8,574621,0.2977,47.94,187.46,1658,1651,11,22,8,9,0,0,0,1,44.3,0,1,0,0,0,0,6,0.0002
369.75,8,574549,0.2977,47.37,186.88,1647,1592,7,17,12,8,0,0,0,1,44.3,0,1,0,0,0,0,6,0.0002
370,8,574563,0.2977,47.10,183.05,1669,1701,4,19,11,11,0,0,0,1,44.3,0,1,0,0,0,0,6,0.0002
370.25,8,574455,0.2977,47.61,184.81,1670,1579,5,17,8,9,0,0,0,1,93.8,0,1,0,0,0,0,6,0.0002
370.5,8,574390,0.2977,47.83,186.64,1678,1638,10,25,9,9,0,0,0,1,93.8,0,1,0,0,0,0,6,0.0003
370.75,8,574415,0.2977,47.85,185.20,1577,1616,4,14,12,8,0,0,0,1,93.8,0,1,0,0,0,0,7,0.0000
371,8,574341,0.2977,47.80,183.30,1638,1581,5,17,7,8,0,0,0,1,93.8,0,1,0,0,0,0,6,0.0000
371.25,8,574249,0.2977,48.03,185.39,1702,1622,6,12,8,6,0,0,0,1,93.8,0,1,0,0,0,0,6,0.0000
371.5,8,574213,0.2977,46.69,187.41,1652,1629,1,13,11,8,0,0,0,1,93.8,0,1,0,0,0,0,6,0.0000
371.75,8,574212,0.2977,48.08,187.54,1624,1635,3,12,10,7,0,0,0,1,93.8,0,1,0,0,0,0,6,0.0000
372,8,574149,0.2977,46.36,188.03,1705,1654,8,12,8,8,0,0,0,1,93.8,0,1,0,0,0,0,6,0.0000
372.25,8,574078,0.2977,47.91,187.91,1636,1579,4,14,11,10,0,0,0,1,93.8,0,1,0,0,0,0,6,0.0000
372.5,8,573943,0.2977,47.03,181.72,1743,1619,30,18,10,11,0,0,0,1,93.8,0,1,0,0,0,0,6,0.0000
372.75,8,573890,0.2977,47.34,184.23,1662,1626,10,17,9,8,0,0,0,1,93.8,0,1,0,0,0,0,6,0.0000
373,8,573816,0.2977,48.06,186.08,1655,1596,21,16,11,9,0,0,0,1,93.8,0,1,0,0,0,0,6,0.0000
373.25,8,573681,0.2978,46.80,182.59,1686,1575,17,26,10,8,0,0,0,1,93.8,0,1,0,0,0,0,6,0.0000
373.5,8,573550,0.2978,46.95,183.66,1719,1600,26,14,18,10,0,0,0,1,93.8,0,1,0,0,0,0,6,0.0000
373.75,8,573485,0.2978,46.19,185.45,1623,1575,10,19,15,9,0,0,0,1,93.8,0,1,0,0,0,0,6,0.0001
374,8,573411,0.2978,47.01,177.83,1610,1559,9,24,24,11,0,0,0,1,93.8,0,1,0,0,0,0,6,0.0001
374.25,8,573329,0.2977,45.70,167.81,1615,1560,18,29,17,6,0,0,0,1,93.8,0,1,0,0,0,0,6,0.0001
374.5,9,573223,0.2977,47.30,166.77,1574,1487,15,22,15,8,1,0,0,0,93.8,0,1,0,0,0,0,6,0.0002
374.75,9,573136,0.2977,47.04,160.64,1567,1515,23,35,8,13,0,0,6,0,93.8,0,1,0,0,0,0,6,0.0003
375,9,573040,0.2977,50.61,155.37,1592,1529,11,33,4,13,0,0,0,0,93.8,0,1,0,0,0,0,7,0.0001
375.25,9,572827,0.2978,47.51,154.82,1622,1456,17,48,5,6,0,0,0,0,93.8,0,1,0,0,0,0,6,0.0002
375.5,9,572680,0.2978,46.99,155.87,1570,1478,9,56,3,7,0,0,0,0,93.8,0,1,0,0,0,0,6,0.0003
375.75,9,572581,0.2978,48.55,156.27,1593,1525,18,31,4,8,0,0,0,0,93.8,0,1,0,0,0,0,7,0.0001
376,9,572401,0.2978,45.80,156.56,1583,1449,8,46,1,7,0,0,0,0,93.8,0,1,0,0,0,0,6,0.0003
376.25,9,572283,0.2978,46.19,156.66,1459,1366,2,25,0,8,0,0,0,0,93.8,0,1,0,0,0,0,7,0.0001
376.5,9,572220,0.2979,45.48,157.18,1337,1292,1,18,0,10,0,0,0,0,93.8,0,1,0,0,0,0,6,0.0003
376.75,9,572179,0.2979,45.31,157.60,1399,1370,15,13,0,10,0,0,0,0,93.8,0,1,0,0,0,0,7,0.0001
377,9,572098,0.2979,46.18,158.02,1404,1332,1,9,0,6,0,0,0,0,93.8,0,1,0,0,0,0,6,0.0003
377.25,9,572075,0.2979,45.32,157.83,1418,1402,3,7,0,8,0,0,0,0,93.8,0,1,0,0,0,0,7,0.0001
377.5,9,572016,0.2980,44.84,157.41,1400,1351,1,10,0,7,0,0,0,0,93.8,0,1,0,0,0,0,6,0.0002
377.75,9,572032,0.2980,45.60,157.11,1343,1366,3,7,0,9,0,0,0,0,93.8,0,1,0,0,0,0,7,0.0001
378,9,571984,0.2980,45.32,157.02,1427,1387,1,8,0,8,0,0,0,0,93.8,0,1,0,0,0,0,6,0.0002
378.25,9,571993,0.2980,47.41,156.73,1413,1431,5,9,1,11,0,0,0,0,93.8,0,1,0,0,0,0,7,0.0000
378.5,9,571945,0.2980,46.08,156.75,1430,1394,2,12,3,7,0,0,0,0,93.8,0,1,0,0,0,0,6,0.0001
378.75,9,571903,0.2980,45.12,156.25,1486,1451,1,7,0,8,0,0,0,0,93.8,0,1,0,0,0,0,6,0.0002
379,9,571854,0.2981,47.77,154.29,1473,1429,19482,5,0,9,0,0,0,0,93.8,0,1,0,0,0,0,7,0.0000
379.25,9,571683,0.2982,46.86,152.41,1681,1529,2,19,1,8,0,0,0,0,93.8,0,1,0,0,0,0,6,0.0002
379.5,9,571612,0.2982,46.12,149.87,1584,1532,4,19,0,8,0,0,0,0,93.8,0,1,0,0,0,0,6,0.0003
379.75,9,571560,0.2982,45.28,146.55,1532,1500,7,20,0,9,0,0,0,0,93.8,0,1,0,0,0,0,7,0.0001
380,9,571465,0.2982,44.36,142.54,1544,1469,2,20,1,9,0,0,0,0,93.8,0,1,0,0,0,0,6,0.0002
380.25,9,571369,0.2983,43.52,139.43,1513,1437,3,20,1,9,0,0,0,0,107.9,0,1,0,0,0,0,7,0.0000
380.5,9,571231,0.2983,42.59,136.11,1520,1396,4,14,0,10,0,0,0,0,107.9,0,1,0,0,0,0,6,0.0002
380.75,9,571259,0.2983,42.02,132.61,1393,1441,4,20,0,8,0,0,0,0,107.9,0,1,0,0,0,0,6,0.0003
381,9,571210,0.2983,41.59,132.63,1442,1410,3,17,2,10,0,0,0,0,107.9,0,1,0,0,0,0,7,0.0001
381.25,9,571207,0.2983,41.08,140.12,1381,1401,1,23,0,8,0,0,0,0,107.9,0,1,0,0,0,0,6,0.0003
381.5,9,571211,0.2983,40.77,140.03,1442,1458,5,12,1,9,0,0,0,0,107.9,0,1,0,0,0,0,7,0.0001
381.75,9,571180,0.2983,40.83,149.26,1411,1391,5,12,1,8,0,0,0,0,107.9,0,1,0,0,0,0,6,0.0003
382,9,571167,0.2983,40.92,155.76,1436,1440,7,18,1,8,0,0,0,0,107.9,0,1,0,0,0,0,7,0.0001
382.25,9,571128,0.2983,41.00,154.12,1424,1400,8,16,0,8,0,0,0,0,107.9,0,1,0,0,0,1,6,0.0003
382.5,9,571142,0.2983,41.15,158.69,1388,1417,669,15,1,8,0,0,0,0,107.9,0,1,0,0,0,1,7,0.0001
382.75,8,571064,0.2983,41.48,145.01,1443,1376,4,11,0,7,0,0,0,0,107.9,0,1,0,0,0,1,6,0.0003
383,8,571016,0.2983,41.22,147.53,1468,1442,0,22,0,9,0,0,0,0,107.9,0,1,0,0,0,0,7,0.0001
383.25,8,571007,0.2983,41.10,150.42,1383,1400,4,26,1,11,0,0,0,0,107.9,0,1,0,0,0,0,7,0.0000
383.5,8,570889,0.2983,41.04,152.76,1503,1401,2,16,0,8,0,0,0,0,107.9,0,1,0,0,0,0,6,0.0002
383.75,8,570864,0.2983,40.96,154.70,1435,1431,4,21,1,12,0,0,0,0,107.9,0,1,0,0,0,0,7,0.0001
384,8,570804,0.2984,40.33,153.93,1446,1407,3,22,0,9,0,0,0,0,107.9,0,1,0,0,0,0,6,0.0002
384.25,8,570731,0.2983,39.91,152.59,1430,1392,4,35,0,10,0,0,0,0,107.9,0,1,0,0,0,0,7,0.0001
384.5,8,570647,0.2984,39.56,151.87,1455,1389,10,19,1,7,0,0,0,0,107.9,0,1,0,0,0,0,7,0.0000
384.75,8,570623,0.2984,36.63,115.25,1408,1398,19444,15,10,9,0,0,0,0,107.9,0,1,0,0,0,0,6,0.0003
385,8,570449,0.2984,31.34,117.66,1440,1289,29,24,21,9,0,0,0,0,107.9,0,1,0,0,0,0,7,0.0002
385.25,8,570168,0.2984,24.90,129.22,1469,1239,55,55,27,8,0,0,0,0,107.9,0,1,0,0,0,0,7,0.0001
385.5,8,570119,0.2983,22.76,140.08,1134,1141,25,57,2,8,0,0,0,0,107.9,0,1,0,0,0,0,7,0.0001
385.75,8,570212,0.2983,22.71,149.37,981,1089,7,16,1,11,0,0,0,0,107.9,0,1,0,0,0,0,7,0.0001
386,8,570284,0.2982,24.17,156.87,1037,1126,11,17,1,12,0,0,0,0,107.9,0,1,0,0,0,0,7,0.0001
386.25,8,570365,0.2982,24.47,163.23,1146,1257,9,32,0,8,0,0,0,0,107.9,0,1,0,0,0,0,7,0.0001
386.5,8,570391,0.2981,25.07,168.33,1162,1217,2,29,0,7,0,0,0,0,107.9,0,1,0,0,0,0,7,0.0002
386.75,8,570464,0.2981,25.67,173.17,1192,1284,8,19,0,12,0,0,0,0,107.9,0,1,0,0,0,0,7,0.0002
387,8,570476,0.2980,26.05,177.28,1292,1322,14,19,0,7,0,0,0,0,107.9,0,1,0,0,0,0,7,0.0003
387.25,8,570536,0.2980,25.65,180.21,1241,1329,6,28,1,11,0,0,0,0,107.9,0,1,0,0,0,0,8,0.0001
387.5,8,570591,0.2979,25.04,183.09,1272,1348,14,23,0,10,0,0,0,0,107.9,0,1,0,0,0,0,7,0.0002
387.75,8,570660,0.2979,23.55,184.87,1222,1317,7,26,0,10,0,0,0,0,107.9,0,1,0,0,0,0,7,0.0003
388,8,570608,0.2978,22.42,187.02,1193,1179,9,38,1,12,0,0,0,0,107.9,0,1,0,0,0,0,8,0.0001
388.25,8,570644,0.2978,20.73,188.86,1111,1176,10,29,0,9,0,0,0,0,107.9,0,1,0,0,0,0,7,0.0003
388.5,8,570713,0.2977,18.98,189.29,1028,1133,6,36,1,12,0,0,0,0,107.9,0,1,0,0,0,0,8,0.0001
388.75,8,570705,0.2977,17.92,187.41,1029,1045,6,24,0,11,0,0,0,0,107.9,0,1,0,0,0,0,8,0.0000
389,8,570774,0.2976,19.59,187.64,921,1024,10,35,0,12,0,0,0,0,107.9,0,1,0,0,0,0,7,0.0002
389.25,8,570849,0.2976,17.83,170.74,956,1062,8,31,0,8,0,0,0,0,107.9,0,1,0,0,0,0,8,0.0002
389.5,8,570919,0.2975,20.88,168.13,849,947,5,28,1,11,0,0,0,0,107.9,0,1,0,0,0,0,8,0.0001
389.75,8,570919,0.2975,21.64,158.41,940,959,4,19,0,11,0,0,0,0,107.9,0,1,0,0,0,0,8,0.0001
390,8,570907,0.2975,23.15,145.65,941,943,7,14,0,13,0,0,0,0,107.9,0,1,0,0,0,0,8,0.0000
390.25,8,570874,0.2975,23.66,131.32,1037,1024,5,20,0,11,0,0,0,0,72.7,0,1,0,0,0,0,7,0.0003
390.5,8,570926,0.2974,25.02,117.95,974,1043,9,17,0,11,0,0,0,0,72.7,0,1,0,0,0,0,8,0.0002
390.75,8,570990,0.2974,25.17,116.17,953,1032,7,15,0,9,0,0,0,0,72.7,0,1,0,0,0,0,8,0.0002
391,8,570970,0.2974,26.31,115.38,941,943,9,22,0,9,0,0,0,0,72.7,0,1,0,0,0,0,8,0.0001
391.25,8,570965,0.2974,26.52,114.97,1032,1057,9,30,0,10,0,0,0,0,72.7,0,1,0,0,0,0,8,0.0001
391.5,8,570973,0.2973,27.31,113.65,1073,1097,4,16,0,8,0,0,0,0,72.7,0,1,0,0,0,0,8,0.0001
391.75,8,571017,0.2973,27.16,112.59,1091,1154,12,20,1,11,0,0,0,0,72.7,0,1,0,0,0,0,8,0.0001
392,8,570967,0.2973,26.76,111.66,1077,1050,6,23,1,13,0,0,0,0,72.7,0,1,0,0,0,0,8,0.0000
392.25,8,571034,0.2973,27.91,111.24,1033,1114,3,14,1,9,0,0,0,0,72.7,0,1,0,0,0,0,8,0.0000
392.5,8,571108,0.2972,26.85,110.79,1002,1096,7,20,0,8,0,0,0,0,72.7,0,1,0,0,0,0,8,0.0000
392.75,8,571154,0.2972,27.61,110.17,1103,1170,6,21,0,9,0,0,0,0,72.7,0,1,0,0,0,0,7,0.0003
393,8,571240,0.2971,25.84,110.75,986,1091,4,19,0,12,0,0,0,0,72.7,0,1,0,0,0,0,8,0.0003
393.25,8,571334,0.2971,26.26,110.75,1041,1145,9,10,1,9,0,0,0,0,72.7,0,1,0,0,0,0,8,0.0003
393.5,8,571388,0.2970,23.57,112.04,1029,1098,7,16,5,10,0,0,0,0,72.7,0,1,0,0,0,0,8,0.0002
393.75,8,571505,0.2970,24.34,118.41,1010,1145,6,18,3,11,0,0,0,0,72.7,0,1,0,0,0,0,8,0.0002
394,8,571529,0.2969,22.20,128.35,975,1015,7,16,1,14,0,0,0,0,72.7,0,1,0,0,0,0,8,0.0002
394.25,8,571597,0.2969,23.20,138.91,959,1041,8,14,5,9,0,0,0,0,72.7,0,1,0,0,0,0,8,0.0002
394.5,8,571715,0.2968,21.36,144.31,922,1051,4,11,2,9,0,0,0,0,72.7,0,1,0,0,0,0,8,0.0002
394.75,8,571799,0.2968,22.85,152.59,936,1031,7,11,1,11,0,0,0,0,72.7,0,1,0,0,0,0,8,0.0002
395,8,571924,0.2967,21.93,160.10,914,1049,5,10,1,10,0,0,0,0,72.7,0,1,0,0,0,0,8,0.0002
395.25,8,572001,0.2967,23.72,165.64,869,960,5,14,0,9,0,0,0,0,72.7,0,1,0,0,0,0,8,0.0002
395.5,8,572097,0.2966,23.31,171.08,911,1016,4,9,0,10,0,0,0,0,72.7,0,1,0,0,0,0,8,0.0001
395.75,8,572071,0.2966,23.17,175.12,941,925,1,10,0,13,0,0,0,0,72.7,0,1,0,0,0,0,8,0.0001
396,8,572089,0.2966,22.60,177.85,948,977,0,11,0,9,0,0,0,0,72.7,0,1,0,0,0,0,8,0.0001
396.25,8,572111,0.2966,22.27,181.21,882,909,6,5,4,14,0,0,0,0,72.7,0,1,0,0,0,0,8,0.0000
396.5,8,572113,0.2966,22.32,183.75,956,973,1,15,5,10,0,0,0,0,72.7,0,1,0,0,0,0,7,0.0003
396.75,8,572159,0.2966,22.59,184.04,865,918,1,7,5,12,0,0,0,0,72.7,0,1,0,0,0,0,8,0.0002
397,8,572121,0.2966,22.65,185.83,965,947,4,20,5,9,0,0,0,0,72.7,0,1,0,0,0,0,8,0.0002
397.25,8,572220,0.2965,23.19,187.94,840,949,3,10,7,13,0,0,0,0,72.7,0,1,0,0,0,0,8,0.0001
397.5,8,572184,0.2965,23.39,188.79,992,973,3,17,9,13,0,0,0,0,72.7,0,1,0,0,0,0,8,0.0001
397.75,8,572145,0.2965,23.58,189.69,980,955,4,14,3,11,0,0,0,0,72.7,0,1,0,0,0,0,8,0.0000
398,8,572051,0.2966,24.37,190.61,1056,978,4,16,4,11,0,0,0,0,72.7,0,1,0,0,0,0,7,0.0003
398.25,8,571995,0.2966,26.24,191.94,1034,1001,9,24,3,12,0,0,0,0,72.7,0,1,0,0,0,0,8,0.0002
398.5,8,572020,0.2965,26.17,192.88,996,1033,9,13,3,11,0,0,0,0,72.7,0,1,0,0,0,0,8,0.0002
398.75,8,572006,0.2965,28.04,193.52,1041,1051,6,24,5,12,0,0,0,0,72.7,0,1,0,0,0,0,8,0.0001
399,8,571970,0.2965,26.82,194.51,1049,1036,18,24,5,12,0,0,0,0,72.7,0,1,0,0,0,0,8,0.0001
399.25,8,571999,0.2965,29.78,192.66,1012,1070,16,30,4,10,0,0,0,0,72.7,0,1,0,0,0,0,8,0.0001
399.5,8,571998,0.2964,28.22,188.14,1055,1074,11,20,6,10,0,0,0,0,72.7,0,1,0,0,0,0,8,0.0001
399.75,8,572026,0.2964,31.30,186.46,1013,1077,14,36,5,11,0,0,0,0,72.7,0,1,0,0,0,0,8,0.0001
400,8,571974,0.2964,29.11,183.43,1102,1078,10,28,5,10,0,0,0,0,72.7,0,1,0,0,0,0,8,0.0001
400.25,8,571908,0.2963,30.90,167.30,1070,1039,16,35,6,10,0,0,0,0,4.7,0,1,0,0,0,0,8,0.0001
400.5,8,571931,0.2963,28.32,160.02,1079,1128,23,28,7,11,0,0,0,0,4.7,0,1,0,0,0,0,8,0.0001
400.75,8,571971,0.2962,30.33,154.99,985,1064,15,41,8,11,0,0,0,0,4.7,0,1,0,0,0,0,8,0.0001
401,8,572001,0.2962,27.34,150.89,1026,1086,4,30,4,9,0,0,0,0,4.7,0,1,0,0,0,0,8,0.0001
401.25,8,572001,0.2961,29.38,149.30,1012,1035,10,23,8,10,0,0,0,0,4.7,0,1,0,0,0,0,8,0.0001
401.5,8,571991,0.2961,26.60,146.21,997,1012,9,25,3,11,0,0,0,0,4.7,0,1,0,0,0,0,8,0.0001
401.75,8,572016,0.2961,28.30,150.82,916,970,3,29,9,12,0,0,0,0,4.7,0,1,0,0,0,0,8,0.0002
402,8,572050,0.2960,25.46,149.33,993,1045,11,19,4,9,0,0,0,0,4.7,0,1,0,0,0,0,8,0.0002
402.25,8,572072,0.2960,26.99,151.83,866,906,37,18,6,11,0,0,0,0,4.7,0,1,0,0,0,0,8,0.0002
402.5,8,572080,0.2960,24.34,157.43,1023,1046,14,15,1,10,0,0,0,0,4.7,0,1,0,0,0,0,8,0.0002
402.75,8,572148,0.2959,21.73,163.82,881,962,8,14,0,13,0,0,0,0,4.7,0,1,0,0,0,0,8,0.0001
403,8,572189,0.2959,22.77,167.95,901,953,19002,11,5,11,0,0,0,0,4.7,0,1,0,0,0,0,8,0.0001
403.25,8,572212,0.2959,23.58,172.88,985,1017,17,10,4,14,0,0,0,0,4.7,0,1,0,0,0,0,8,0.0001
403.5,8,572037,0.2960,25.12,176.59,1199,1032,72,10,1,15,0,0,0,0,4.7,0,1,0,0,0,0,8,0.0001
403.75,8,572026,0.2960,26.21,180.24,1182,1184,10,14,2,12,0,0,0,0,4.7,0,1,0,0,0,0,8,0.0001
404,7,572015,0.2960,28.49,183.31,1226,1221,7,7,1,11,0,1,0,0,4.7,0,0,0,0,1,0,8,0.0001
404.25,7,572085,0.2960,29.02,185.49,1221,1303,8,12,1,12,0,0,0,0,4.7,0,0,0,0,0,0,8,0.0000
404.5,7,572103,0.2960,29.51,186.77,1273,1294,11,5,3,8,0,0,0,0,4.7,0,0,0,0,0,0,7,0.0003
404.75,7,572181,0.2960,29.59,188.74,1216,1304,7,11,2,8,0,0,0,0,4.7,0,0,0,0,0,0,8,0.0002
405,7,572226,0.2959,29.59,190.18,1247,1312,7,21,0,9,0,0,0,0,4.7,0,0,0,0,0,0,8,0.0002
405.25,7,572238,0.2959,30.03,191.69,1227,1252,8,14,0,9,0,0,0,0,4.7,0,0,0,0,0,0,8,0.0001
405.5,7,572224,0.2959,30.61,192.71,1288,1291,11,17,0,11,0,0,0,0,4.7,0,0,0,0,0,0,8,0.0001
405.75,7,572304,0.2958,30.82,193.63,1224,1323,7,19,1,10,0,0,0,0,4.7,0,0,0,0,0,0,8,0.0001
406,7,572303,0.2958,31.33,193.18,1259,1283,10,25,0,10,0,0,0,0,4.7,0,0,0,0,0,0,8,0.0001
406.25,7,572307,0.2958,32.06,193.21,1235,1261,4,22,1,10,0,0,0,0,4.7,0,0,0,0,0,0,8,0.0000
406.5,7,572365,0.2958,32.74,192.38,1279,1355,8,18,0,12,0,0,0,0,4.7,0,0,0,0,0,0,8,0.0000
406.75,7,572387,0.2957,33.19,170.46,1275,1326,6,29,0,9,0,0,0,0,4.7,0,0,0,0,0,0,8,0.0000
407,7,572393,0.2957,33.99,153.55,1278,1305,6,21,1,12,0,0,0,0,4.7,0,0,0,0,0,0,8,0.0000
407.25,7,572467,0.2956,34.45,133.89,1239,1341,13,29,0,13,0,0,0,0,4.7,0,0,0,0,0,0,8,0.0000
407.5,7,572570,0.2956,35.51,109.63,1145,1271,48,23,0,11,0,0,0,0,4.7,0,0,0,0,0,0,8,0.0000
407.75,7,572701,0.2955,36.30,100.78,1191,1343,4,21,0,10,0,0,0,0,4.7,0,0,0,0,0,0,8,0.0000
408,7,572701,0.2955,37.25,104.57,1204,1232,5,28,0,13,0,0,0,0,4.7,0,0,0,0,0,0,8,0.0000
408.25,7,572683,0.2955,37.42,107.81,1230,1226,6,14,0,8,0,0,0,0,4.7,0,0,0,0,0,0,8,0.0000
408.5,7,572692,0.2955,37.47,110.74,1153,1174,4,12,0,11,0,0,0,0,4.7,0,0,0,0,0,0,8,0.0001
408.75,7,572717,0.2954,38.10,113.36,1194,1228,5,9,0,9,0,0,0,0,4.7,0,0,0,0,0,0,8,0.0001
409,7,572767,0.2954,39.84,116.48,1176,1241,11,15,1,9,0,0,0,0,4.7,0,0,0,0,0,0,8,0.0001
409.25,7,572745,0.2954,41.64,119.38,1320,1314,10,16,0,11,0,0,0,0,4.7,0,0,0,0,0,0,8,0.0001
409.5,7,572737,0.2954,43.92,121.12,1403,1412,9,17,0,12,0,0,0,0,4.7,0,0,0,0,0,0,8,0.0001
409.75,7,572739,0.2954,46.33,124.71,1452,1478,7,25,0,8,0,0,0,0,4.7,0,0,0,0,0,0,8,0.0001
410,7,572688,0.2954,48.27,126.95,1610,1586,13,27,0,13,0,0,0,0,4.7,0,0,0,0,0,0,8,0.0001
410.25,7,572594,0.2954,50.22,129.90,1542,1462,10,16,0,9,0,0,0,0,-2.0,0,0,0,0,0,0,8,0.0001
410.5,7,572591,0.2954,49.49,132.39,1456,1463,4,10,0,11,0,0,0,0,-2.0,0,0,0,0,0,0,8,0.0001
410.75,7,572509,0.2955,49.75,134.06,1473,1403,2,12,0,9,0,0,0,0,-2.0,0,0,0,0,0,0,8,0.0001
411,7,572417,0.2955,48.63,134.80,1440,1360,7,12,0,14,0,0,0,0,-2.0,0,0,0,0,0,0,8,0.0000
411.25,7,572315,0.2956,47.58,135.39,1454,1362,10,10,0,11,0,0,0,0,-2.0,0,0,0,0,0,0,8,0.0000
411.5,7,572192,0.2956,46.32,135.79,1545,1438,7,16,0,8,0,0,0,0,-2.0,0,0,0,0,0,0,7,0.0003
411.75,7,572130,0.2957,46.18,135.33,1481,1430,12,13,2,10,0,0,0,0,-2.0,0,0,0,0,0,0,8,0.0003
412,7,572077,0.2957,47.51,136.89,1509,1476,1208,20,0,10,0,0,0,0,-2.0,0,0,0,0,0,0,8,0.0002
412.25,7,571937,0.2957,49.68,139.08,1645,1514,23,12,0,10,0,0,0,0,-2.0,0,0,0,0,0,0,8,0.0002
412.5,7,571870,0.2957,50.98,139.58,1688,1656,14,35,0,10,0,0,0,0,-2.0,0,0,0,0,0,0,8,0.0002
412.75,7,571848,0.2957,52.52,141.45,1648,1654,10,28,0,11,0,0,0,0,-2.0,0,0,0,0,0,0,8,0.0002
413,7,571682,0.2958,51.56,143.13,1697,1548,9,18,3,8,0,0,0,0,-2.0,0,0,0,0,0,0,8,0.0001
413.25,7,571622,0.2958,51.61,143.76,1722,1681,5,19,1,10,0,0,0,0,-2.0,0,0,0,0,0,0,8,0.0001
413.5,7,571659,0.2958,52.12,144.25,1621,1678,9,20,1,10,0,0,0,0,-2.0,0,0,0,0,0,0,8,0.0001
413.75,7,571546,0.2958,53.47,144.73,1698,1605,13,24,3,14,0,0,0,0,-2.0,0,0,0,0,0,0,8,0.0001
414,7,571517,0.2958,54.04,148.74,1615,1612,3,26,0,9,0,0,0,0,-2.0,0,0,0,0,0,0,8,0.0001
414.25,7,571431,0.2958,51.36,154.48,1630,1568,8,24,0,11,0,0,0,0,-2.0,0,0,0,0,0,0,8,0.0001
414.5,7,571303,0.2959,50.87,159.70,1605,1499,7,22,3,9,0,0,0,0,-2.0,0,0,0,0,0,0,8,0.0001
414.75,7,571204,0.2959,51.66,165.50,1604,1519,8,14,2,9,0,0,0,0,-2.0,0,0,0,0,0,0,8,0.0001
415,7,571112,0.2959,49.37,167.72,1603,1527,4,16,0,9,0,0,0,0,-2.0,0,0,0,0,0,0,8,0.0000
415.25,7,571026,0.2960,47.67,168.09,1616,1545,7,15,0,10,0,0,0,0,-2.0,0,0,0,0,0,0,8,0.0000
415.5,7,570937,0.2960,46.36,172.57,1602,1527,6,14,0,8,0,0,0,0,-2.0,0,0,0,0,0,0,7,0.0003
415.75,7,570770,0.2961,46.13,176.16,1624,1475,9,18,0,10,0,0,0,0,-2.0,0,0,0,0,0,0,8,0.0002
416,8,570594,0.2962,45.22,170.12,1731,1573,11,18,0,11,0,0,0,0,-2.0,1,1,0,0,0,0,8,0.0001
416.25,8,570421,0.2963,44.13,172.66,1702,1539,8,11,0,9,0,0,2,0,-2.0,0,1,0,0,0,0,8,0.0001
416.5,8,570278,0.2963,43.02,169.80,1677,1552,7,18,0,10,0,0,1,0,-2.0,0,1,0,0,0,0,8,0.0000
416.75,8,570154,0.2964,43.22,174.16,1652,1539,13,12,2,9,0,0,0,0,-2.0,0,1,0,0,0,0,7,0.0003
417,8,570058,0.2964,43.41,169.40,1646,1570,14,21,0,10,0,0,0,0,-2.0,0,1,0,0,0,0,8,0.0002
417.25,8,569969,0.2965,42.84,171.11,1623,1548,9,15,1,10,0,0,0,0,-2.0,0,1,0,0,0,0,8,0.0001
417.5,8,569761,0.2966,43.29,172.77,1702,1509,9,15,0,11,0,0,0,0,-2.0,0,1,0,0,0,0,8,0.0000
417.75,8,569657,0.2966,43.65,174.83,1617,1523,6,10,0,11,0,0,0,0,-2.0,0,1,0,0,0,0,7,0.0003
418,8,569524,0.2967,45.04,177.39,1649,1531,10,15,1,12,0,0,0,0,-2.0,0,1,0,0,0,0,8,0.0002
418.25,8,569420,0.2968,44.72,178.23,1641,1541,12,5,0,10,0,0,0,0,-2.0,0,1,0,0,0,0,8,0.0001
418.5,8,569287,0.2969,44.75,177.80,1695,1571,7,9,0,9,0,0,0,0,-2.0,0,1,0,0,0,0,8,0.0000
418.75,8,569176,0.2970,43.93,180.30,1677,1572,6,7,1,8,0,0,0,0,-2.0,0,1,0,0,0,0,7,0.0002
419,8,569096,0.2970,43.96,181.80,1646,1571,0,5,1,9,0,0,0,0,-2.0,0,1,0,0,0,0,8,0.0001
419.25,8,569061,0.2971,43.93,184.68,1604,1579,4,10,1,11,0,0,0,0,-2.0,0,1,0,0,0,0,8,0.0000
419.5,8,568954,0.2971,44.07,187.09,1720,1621,3,8,1,10,0,0,0,0,-2.0,0,1,0,0,0,0,7,0.0002
419.75,8,568863,0.2972,44.75,189.14,1705,1620,5,6,0,10,0,0,0,0,-2.0,0,1,0,0,0,0,8,0.0001
420,8,568767,0.2972,44.97,190.87,1733,1642,4,5,0,9,0,0,0,0,-2.0,0,1,0,0,0,0,8,0.0000
420.25,8,568732,0.2973,46.42,192.32,1661,1635,9,9,0,11,0,0,0,0,62.5,0,1,0,0,0,0,7,0.0002
420.5,8,568618,0.2973,45.76,193.54,1714,1610,1,10,0,9,0,0,0,0,62.5,0,1,0,0,0,0,8,0.0001
420.75,8,568514,0.2974,47.17,194.56,1716,1624,5,12,0,10,0,0,0,0,62.5,0,1,0,0,0,0,7,0.0003
421,8,568463,0.2974,46.30,195.43,1665,1624,5,10,0,11,0,0,0,0,62.5,0,1,0,0,0,0,8,0.0002
421.25,8,568319,0.2975,47.36,196.15,1675,1541,8,10,0,9,0,0,0,0,62.5,0,1,0,0,0,0,8,0.0000
421.5,8,568227,0.2976,45.98,196.76,1664,1576,2,4,0,14,0,0,0,0,62.5,0,1,0,0,0,0,7,0.0002
421.75,8,568185,0.2976,47.06,197.26,1554,1517,3,5,2,9,0,0,0,0,62.5,0,1,0,0,0,0,8,0.0001
422,8,568107,0.2976,47.08,197.67,1551,1484,4,11,0,8,0,0,0,0,62.5,0,1,0,0,0,0,7,0.0002
422.25,8,567997,0.2977,48.21,198.01,1598,1491,0,3,0,8,0,0,0,0,62.5,0,1,0,0,0,0,8,0.0001
422.5,8,567886,0.2978,48.60,198.30,1627,1519,2,3,0,11,0,0,0,0,62.5,0,1,0,0,0,0,7,0.0003
422.75,8,567737,0.2979,49.01,198.54,1704,1556,3,1,2,9,0,0,0,0,62.5,0,1,0,0,0,0,8,0.0001
423,8,567669,0.2979,47.39,198.74,1653,1585,0,0,0,9,0,0,0,0,62.5,0,1,0,0,0,0,7,0.0003
423.25,8,567545,0.2980,48.49,198.90,1689,1568,3,3,0,14,0,0,0,0,62.5,0,1,0,0,0,0,8,0.0001
423.5,8,567572,0.2980,47.80,199.04,1607,1634,5,1,0,10,0,0,0,0,62.5,0,1,0,0,0,0,7,0.0002
423.75,8,567536,0.2981,47.88,199.17,1656,1626,2,6,0,13,0,0,0,0,62.5,0,1,0,0,0,0,8,0.0000
424,8,567461,0.2981,45.19,199.27,1628,1556,2,3,0,9,0,0,0,0,62.5,0,1,0,0,0,0,7,0.0002
424.25,8,567399,0.2982,45.80,199.29,1687,1629,1,4,1,8,0,0,0,0,62.5,0,1,0,0,0,0,7,0.0003
424.5,8,567312,0.2982,44.20,198.59,1652,1569,5,4,0,11,0,0,0,0,62.5,0,1,0,0,0,0,8,0.0001
424.75,8,567189,0.2983,46.10,198.29,1699,1588,7,12,0,10,0,0,0,0,62.5,0,1,0,0,0,0,7,0.0002
425,8,567078,0.2983,45.61,197.22,1656,1554,2,9,0,10,0,0,0,0,62.5,0,1,0,0,0,0,8,0.0000
425.25,8,567016,0.2984,44.59,195.45,1593,1537,7,6,1,10,0,0,0,0,62.5,0,1,0,0,0,0,7,0.0001
425.5,8,566959,0.2984,45.70,193.45,1581,1534,5,10,0,12,0,0,0,0,62.5,0,1,0,0,0,0,7,0.0002
425.75,8,566841,0.2985,42.47,191.18,1610,1506,5,14,1,14,0,0,0,0,62.5,0,1,0,0,0,0,8,0.0000
426,8,566814,0.2985,42.79,186.28,1530,1519,11,16,0,8,0,0,0,0,62.5,0,1,0,0,0,0,7,0.0002
426.25,8,566709,0.2985,40.44,179.46,1490,1392,8,7,0,9,0,0,0,0,62.5,0,1,0,0,0,0,7,0.0003
426.5,8,566626,0.2986,40.47,177.56,1509,1437,14,13,0,13,0,0,0,0,62.5,0,1,0,0,0,0,8,0.0001
426.75,8,566579,0.2986,41.37,171.92,1405,1370,19,14,1,8,0,0,0,0,62.5,0,1,0,0,0,0,7,0.0002
427,8,566488,0.2986,40.98,165.50,1408,1329,20,14,1,11,0,0,0,0,62.5,0,1,0,0,0,0,8,0.0000
427.25,8,566492,0.2986,40.01,156.60,1263,1282,12,15,1,9,0,0,0,0,62.5,0,1,0,0,0,0,7,0.0002
427.5,8,566448,0.2987,37.03,146.92,1244,1211,13,13,1,11,0,0,0,0,62.5,0,1,0,0,0,0,8,0.0000
427.75,8,566490,0.2986,34.42,134.81,1136,1198,11,21,0,8,0,0,0,0,62.5,0,1,0,0,0,0,7,0.0002
428,8,566517,0.2986,31.96,121.39,1052,1101,11,23,1,10,0,0,0,0,62.5,0,1,0,0,0,0,8,0.0000
428.25,8,566577,0.2985,31.62,110.88,949,1034,6,25,0,11,0,0,0,0,62.5,0,1,0,0,0,0,7,0.0002
428.5,8,566656,0.2985,30.46,101.24,920,1022,11,23,1,10,0,0,0,0,62.5,0,1,0,0,0,0,8,0.0000
428.75,8,566614,0.2985,30.16,92.98,986,964,10,20,0,9,0,0,0,0,62.5,0,1,0,0,0,0,7,0.0002
429,9,566603,0.2985,28.99,86.63,999,1007,7,20,1,10,0,0,0,0,62.5,1,2,0,0,0,0,8,0.0001
429.25,9,566627,0.2984,26.39,98.82,957,995,7,14,0,8,0,0,0,0,62.5,0,2,0,0,0,0,7,0.0003
429.5,9,566566,0.2985,26.63,111.05,962,919,7,18,0,8,0,0,1,0,62.5,0,2,0,0,0,0,8,0.0002
429.75,9,566559,0.2984,25.75,123.89,925,938,4,20,2,9,0,0,0,0,62.5,0,2,0,0,0,0,8,0.0001
430,9,566593,0.2984,25.76,133.57,906,950,2,10,0,8,0,0,0,0,62.5,0,2,0,0,0,0,7,0.0002
430.25,9,566679,0.2984,25.82,138.10,889,983,2,8,1,8,0,0,0,0,82.5,0,2,0,0,0,0,8,0.0001
430.5,9,566781,0.2983,25.76,147.57,882,990,2,6,1,10,0,0,0,0,82.5,0,2,0,0,0,0,8,0.0000
430.75,9,566904,0.2983,26.24,155.05,870,1003,2,10,1,7,0,0,0,0,82.5,0,2,0,0,0,0,7,0.0002
431,9,566976,0.2982,27.87,160.00,852,938,4,14,0,10,0,0,0,0,82.5,0,2,0,0,0,0,8,0.0001
431.25,9,567114,0.2982,28.68,157.35,903,1050,2,9,0,8,0,0,0,0,82.5,0,2,0,0,0,0,7,0.0003
431.5,9,567195,0.2981,29.75,142.21,948,1041,4,12,1,12,0,0,0,0,82.5,0,2,0,0,0,0,8,0.0001
431.75,9,567207,0.2981,31.69,137.42,1033,1051,10,6,2,11,0,0,0,0,82.5,0,2,0,0,0,0,8,0.0000
432,9,567140,0.2981,28.43,140.63,1022,966,6,11,0,7,0,0,0,0,82.5,0,2,0,0,0,0,7,0.0002
432.25,9,567165,0.2981,29.33,144.21,888,924,4,11,0,10,0,0,0,0,82.5,0,2,0,0,0,0,8,0.0001
432.5,9,567227,0.2981,25.98,147.81,830,895,6,3,0,9,0,0,0,0,82.5,0,2,0,0,0,0,7,0.0003
432.75,9,567219,0.2981,28.21,150.53,811,806,4,3,1,11,0,0,0,0,82.5,0,2,0,0,0,0,8,0.0001
433,9,567163,0.2982,29.61,152.34,889,838,5,6,1,10,0,0,1,0,82.5,0,2,0,0,0,0,8,0.0000
433.25,9,567183,0.2982,32.55,153.42,885,915,11,10,1,8,0,0,0,0,82.5,0,2,0,0,0,0,7,0.0002
433.5,9,567215,0.2981,30.22,154.15,892,933,5,9,2,10,0,0,0,0,82.5,0,2,0,0,0,0,8,0.0001
433.75,9,567231,0.2981,30.09,154.18,883,904,6,5,0,7,0,0,0,0,82.5,0,2,0,0,0,0,7,0.0002
434,9,567269,0.2981,31.27,152.35,889,933,3,6,0,9,0,0,0,0,82.5,0,2,0,0,0,0,8,0.0001
434.25,9,567320,0.2981,32.16,153.08,891,946,7,5,0,8,0,0,0,0,82.5,0,2,0,0,0,0,7,0.0002
434.5,9,567284,0.2981,34.31,154.60,977,955,6,14,0,11,0,0,0,0,82.5,0,2,0,0,0,0,8,0.0001
434.75,9,567298,0.2981,32.58,155.00,995,1020,8,11,0,13,0,0,0,0,82.5,0,2,0,0,0,0,7,0.0002
435,9,567325,0.2981,31.11,155.37,970,1009,7,12,0,9,0,0,0,0,82.5,0,2,0,0,0,0,8,0.0001
435.25,9,567293,0.2981,32.69,153.24,1030,1011,6,13,0,11,0,0,0,0,82.5,0,2,0,0,0,0,7,0.0002
435.5,9,567233,0.2982,31.11,149.92,1096,1042,5,6,1,8,0,0,0,0,82.5,0,2,0,0,0,0,8,0.0001
435.75,9,567270,0.2981,32.68,148.14,1049,1093,12,7,0,9,0,0,0,0,82.5,0,2,0,0,0,0,7,0.0002
436,9,567277,0.2981,32.88,151.53,1091,1114,1774,16,0,9,0,0,0,0,82.5,0,2,0,0,0,0,8,0.0001
436.25,9,567228,0.2982,35.53,155.15,1159,1124,6,14,1,10,0,0,0,0,82.5,0,2,0,0,0,0,7,0.0003
436.5,9,567188,0.2982,35.86,159.79,1176,1144,2,8,0,13,0,0,0,0,82.5,0,2,0,0,0,0,8,0.0001
436.75,9,567185,0.2982,37.17,164.33,1286,1291,4,8,1,8,0,0,0,0,82.5,0,2,0,0,0,0,7,0.0003
437,9,567157,0.2982,37.15,168.33,1386,1366,4,8,1,9,0,0,0,0,82.5,0,2,0,0,0,0,8,0.0002
437.25,9,567169,0.2982,39.03,171.61,1370,1398,3,16,1,10,0,0,0,0,82.5,0,2,0,0,0,0,8,0.0000
437.5,9,567099,0.2982,40.80,174.53,1452,1389,3,7,1,9,0,0,0,0,82.5,0,2,0,0,0,0,7,0.0002
437.75,9,567020,0.2983,42.98,176.45,1493,1427,9,14,5,8,0,0,0,0,82.5,0,2,0,0,0,0,8,0.0000
438,9,566996,0.2983,44.48,178.70,1427,1417,5,15,5,8,0,0,0,0,82.5,0,2,0,0,0,0,7,0.0002
438.25,9,566916,0.2983,44.98,181.00,1477,1410,6,13,6,9,0,0,0,0,82.5,0,2,0,0,0,0,8,0.0001
438.5,9,566913,0.2983,46.08,183.70,1398,1412,4,17,1,9,0,0,0,0,82.5,0,2,0,0,0,0,7,0.0003
438.75,9,566866,0.2983,45.53,185.22,1399,1364,4,13,3,10,0,0,0,0,82.5,0,2,0,0,0,0,8,0.0001
439,9,566836,0.2983,45.71,187.04,1386,1368,5,12,3,11,0,0,0,0,82.5,0,2,0,0,0,0,8,0.0000
439.25,9,566783,0.2983,46.04,188.89,1368,1331,7,16,3,10,0,0,0,0,82.5,0,2,0,0,0,0,7,0.0002
439.5,9,566787,0.2983,46.38,190.07,1366,1381,3,11,4,10,0,0,0,0,82.5,0,2,0,0,0,0,8,0.0001
439.75,9,566802,0.2983,44.82,191.41,1298,1327,4,14,2,9,0,0,0,0,82.5,0,2,0,0,0,0,7,0.0003
440,9,566821,0.2983,42.86,192.21,1280,1307,0,8,3,13,0,0,0,0,82.5,0,2,0,0,0,0,8,0.0002
440.25,9,566769,0.2983,40.66,193.19,1350,1308,3,10,0,11,0,0,0,0,76.5,0,2,0,0,0,0,8,0.0001
440.5,9,566760,0.2983,39.86,193.94,1272,1266,1,3,0,8,0,0,0,0,76.5,0,2,0,0,0,0,7,0.0003
440.75,9,566747,0.2983,38.67,194.55,1291,1287,3,9,1,10,0,0,0,0,76.5,0,2,0,0,0,0,8,0.0001
441,9,566818,0.2983,38.62,195.29,1223,1299,3,5,0,10,0,0,0,0,76.5,0,2,0,0,0,0,8,0.0000
441.25,9,566792,0.2983,37.01,195.96,1289,1273,2,10,1,12,0,0,0,0,76.5,0,2,0,0,0,0,7,0.0002
441.5,9,566811,0.2983,36.53,196.54,1216,1243,4,8,0,8,0,0,0,1,76.5,0,2,0,0,0,0,8,0.0001
441.75,9,566756,0.2984,32.76,197.06,1347,1309,3,17,0,10,0,0,0,1,76.5,0,2,0,0,0,0,7,0.0003
442,9,566757,0.2984,32.75,197.35,1336,1342,5,5,0,8,0,0,0,1,76.5,0,2,0,0,0,0,8,0.0002
442.25,9,566744,0.2984,34.77,197.67,1430,1425,4,8,0,9,0,0,0,1,76.5,0,2,0,0,0,0,8,0.0000
442.5,9,566728,0.2984,36.31,197.96,1487,1479,3,8,0,8,0,0,0,1,76.5,0,2,0,0,0,0,7,0.0002
442.75,9,566696,0.2984,38.33,198.18,1533,1515,4,14,0,9,0,0,0,1,76.5,0,2,0,0,0,0,8,0.0001
443,9,566631,0.2984,39.55,198.36,1544,1501,6,22,0,11,0,0,0,1,76.5,0,2,0,0,0,0,7,0.0003
443.25,9,566613,0.2984,38.80,198.50,1556,1546,95,8,1,9,0,0,0,1,76.5,0,2,0,0,0,0,8,0.0002
443.5,9,566524,0.2985,40.49,198.68,1569,1494,5,14,0,10,0,0,0,1,76.5,0,2,0,0,0,0,8,0.0001
443.75,9,566506,0.2985,39.37,198.81,1517,1512,3,13,0,12,0,0,0,1,76.5,0,2,0,0,0,0,7,0.0002
444,9,566437,0.2985,41.81,198.92,1505,1444,5,10,1,9,0,0,0,1,76.5,0,2,0,0,0,0,8,0.0001
444.25,9,566419,0.2985,43.05,199.03,1539,1532,10,11,1,7,0,0,0,1,76.5,0,2,0,0,0,0,7,0.0003
444.5,9,566371,0.2985,46.08,199.11,1596,1563,11,15,0,9,0,0,0,1,76.5,0,2,0,0,0,0,8,0.0002
444.75,9,566324,0.2986,46.13,199.22,1643,1610,8,14,0,12,0,0,0,1,76.5,0,2,0,0,0,0,8,0.0001
445,9,566326,0.2985,44.34,199.27,1609,1637,9,26,0,10,0,0,0,1,76.5,0,2,0,0,0,0,7,0.0003
445.25,9,566344,0.2985,43.13,199.35,1580,1609,7,11,0,9,0,0,0,1,76.5,0,2,0,0,0,0,8,0.0002
445.5,9,566338,0.2985,41.92,199.41,1558,1566,4,14,1,12,0,0,0,1,76.5,0,2,0,0,0,0,8,0.0001
445.75,9,566243,0.2986,41.87,199.47,1601,1523,4,17,0,9,0,0,0,1,76.5,0,2,0,0,0,0,7,0.0003
446,9,566201,0.2986,40.68,199.47,1565,1557,2,34,0,9,0,0,0,1,76.5,0,2,0,0,0,0,8,0.0002
446.25,9,566061,0.2986,40.07,199.44,1616,1491,3,15,2,11,0,0,0,1,76.5,0,2,0,0,0,0,8,0.0001
446.5,9,566065,0.2986,38.97,198.98,1466,1488,6,19,7,8,0,0,0,1,76.5,0,2,0,0,0,0,8,0.0001
446.75,9,566000,0.2986,38.40,198.93,1428,1375,2,12,6,12,0,0,0,1,76.5,0,2,0,0,0,0,8,0.0000
447,9,566007,0.2986,37.50,198.60,1454,1482,9,21,13,7,0,0,0,1,76.5,0,2,0,0,0,0,7,0.0002
447.25,9,565897,0.2986,35.89,198.76,1456,1356,4,10,13,9,0,0,0,1,76.5,0,2,0,0,0,0,8,0.0002
447.5,10,565932,0.2985,36.10,198.48,1301,1361,10,25,11,10,1,0,0,0,76.5,0,2,0,0,0,1,8,0.0001
447.75,9,566000,0.2985,39.38,195.70,1286,1370,5,16,7,8,0,0,1,0,76.5,0,2,0,0,0,1,8,0.0001
448,9,565983,0.2984,37.09,194.99,1376,1396,8,37,14,9,0,0,1,0,76.5,0,2,0,0,0,0,8,0.0001
448.25,9,565975,0.2984,33.22,194.50,1315,1322,5,15,10,8,0,0,0,0,76.5,0,2,0,0,0,0,8,0.0001
448.5,9,565939,0.2984,32.87,193.73,1239,1220,6,17,7,10,0,0,0,0,76.5,0,2,0,0,0,0,8,0.0000
448.75,9,565967,0.2984,30.86,192.45,1167,1206,9,11,12,10,0,0,0,0,76.5,0,2,0,0,0,0,8,0.0000
449,9,566040,0.2983,33.57,191.40,1132,1227,11,22,10,12,0,0,0,0,76.5,0,2,0,0,0,0,8,0.0000
449.25,9,566065,0.2982,29.11,189.97,1137,1178,7,16,16,10,0,0,0,0,76.5,0,2,0,0,0,0,8,0.0000
449.5,9,566100,0.2982,32.88,189.50,1115,1171,7,21,8,8,0,0,0,0,76.5,0,2,0,0,0,0,8,0.0000
449.75,9,566068,0.2981,31.01,190.22,1218,1205,10,19,17,9,0,0,0,0,76.5,0,2,0,0,0,0,8,0.0000
450,9,566110,0.2981,32.06,191.10,1057,1116,6,17,12,10,0,0,0,0,76.5,0,2,0,0,0,0,8,0.0001
450.25,9,566133,0.2980,33.55,192.22,1104,1157,4,30,10,8,0,0,0,0,131.1,0,2,0,0,0,0,8,0.0001
450.5,9,566160,0.2980,32.56,193.20,1051,1088,5,10,14,10,0,0,0,0,131.1,0,2,0,0,0,0,8,0.0001
450.75,9,566207,0.2979,34.61,193.95,1041,1109,9,21,9,8,0,0,0,0,131.1,0,2,0,0,0,0,8,0.0002
451,9,566303,0.2979,32.57,194.54,979,1090,4,15,11,13,0,0,0,0,131.1,0,2,0,0,0,0,8,0.0002
451.25,9,566277,0.2978,34.06,195.21,1066,1064,8,24,11,11,0,0,0,0,131.1,0,2,0,0,0,0,8,0.0003
451.5,9,566283,0.2978,32.61,195.63,999,1022,6,17,8,12,0,0,0,0,131.1,0,2,0,0,0,0,9,0.0000
451.75,9,566387,0.2977,34.25,196.13,940,1063,11,19,6,13,0,0,0,0,131.1,0,2,0,0,0,0,8,0.0001
452,9,566321,0.2977,33.07,196.66,1018,973,4,21,6,13,0,0,0,0,131.1,0,2,0,0,0,0,8,0.0002
452.25,9,566287,0.2977,35.48,196.99,1064,1047,6,17,1,10,0,0,0,0,131.1,0,2,0,0,0,0,8,0.0002
452.5,9,566312,0.2977,34.64,197.27,1039,1081,7,17,2,12,0,0,0,0,131.1,0,2,0,0,0,0,9,0.0000
452.75,9,566303,0.2977,36.06,197.41,1091,1105,12,23,3,11,0,0,0,0,131.1,0,2,0,0,0,0,8,0.0001
453,9,566358,0.2977,33.94,197.02,1037,1102,1,10,6,9,0,0,0,0,131.1,0,2,0,0,0,0,8,0.0002
453.25,9,566352,0.2977,35.67,197.22,1103,1108,5,11,1,10,0,0,0,0,131.1,0,2,0,0,0,0,8,0.0003
453.5,9,566353,0.2977,34.35,197.32,1099,1108,1,8,4,11,0,0,0,0,131.1,0,2,0,0,0,0,9,0.0000
453.75,9,566423,0.2976,37.08,197.53,1163,1247,8,14,3,13,0,0,0,0,131.1,0,2,0,0,0,0,8,0.0001
454,9,566412,0.2976,32.30,197.74,1106,1105,3,10,1,8,0,0,0,0,131.1,0,2,0,0,0,0,8,0.0002
454.25,9,566387,0.2976,35.10,197.96,1172,1158,4,11,5,11,0,0,0,0,131.1,0,2,0,0,0,0,8,0.0003
454.5,9,566404,0.2976,30.86,198.01,1120,1148,3,12,3,10,0,0,0,0,131.1,0,2,0,0,0,0,9,0.0001
454.75,9,566418,0.2976,35.07,198.30,1123,1145,19091,10,1,10,0,0,0,0,131.1,0,2,0,0,0,0,8,0.0002
455,9,566260,0.2977,27.97,196.08,1375,1234,29,26,1,12,0,0,0,0,131.1,0,2,0,0,0,0,8,0.0003
455.25,9,566331,0.2976,26.39,180.86,1223,1331,8,39,2,14,0,0,0,1,131.1,0,2,0,0,0,0,9,0.0001
455.5,9,566396,0.2975,27.04,181.41,1252,1328,12,11,4,10,0,0,0,1,131.1,0,2,0,0,0,0,8,0.0002
455.75,9,566401,0.2975,29.08,182.22,1315,1337,2,17,5,11,0,0,0,1,131.1,0,2,0,0,0,0,9,0.0000
456,9,566453,0.2975,31.20,181.58,1300,1362,6,10,2,9,0,0,0,1,131.1,0,2,0,0,0,0,8,0.0001
456.25,8,566462,0.2974,33.08,182.90,1401,1427,6,17,9,8,0,1,0,1,131.1,0,1,0,0,1,0,8,0.0003
456.5,8,566375,0.2975,35.16,180.72,1418,1357,4,26,2,12,0,0,0,1,131.1,0,1,0,0,0,0,9,0.0001
456.75,8,566375,0.2975,37.57,181.20,1384,1407,7,23,4,9,0,0,0,1,131.1,0,1,0,0,0,0,8,0.0003
457,8,566397,0.2974,38.02,180.89,1372,1414,10657,21,1,9,0,0,0,1,131.1,0,1,0,0,0,0,9,0.0001
457.25,8,566265,0.2975,38.62,181.73,1484,1363,5,11,4,9,0,0,0,1,131.1,0,1,0,0,0,0,8,0.0002
457.5,8,566130,0.2976,39.23,183.59,1542,1418,3,11,2,11,0,0,0,1,131.1,0,1,0,0,0,0,9,0.0001
457.75,8,566204,0.2975,40.32,184.13,1488,1579,2,17,3,8,0,0,0,1,131.1,0,1,0,0,0,0,8,0.0002
458,8,566122,0.2975,41.24,186.32,1636,1566,3,12,9,9,0,0,0,1,131.1,0,1,0,0,0,0,9,0.0001
458.25,8,566141,0.2975,42.83,185.81,1577,1605,3,9,4,9,0,0,0,1,131.1,0,1,0,0,0,0,8,0.0002
458.5,8,566128,0.2975,43.74,187.50,1662,1664,0,15,3,10,0,0,0,1,131.1,0,1,0,0,0,0,9,0.0000
458.75,8,566160,0.2975,45.27,186.51,1647,1695,2,16,6,9,0,0,0,1,131.1,0,1,0,0,0,0,8,0.0001
459,8,566162,0.2975,46.33,188.51,1750,1763,1,11,6,9,0,0,0,1,131.1,0,1,0,0,0,0,8,0.0003
459.25,8,566134,0.2975,47.70,189.25,1670,1657,0,15,2,11,0,0,0,1,131.1,0,1,0,0,0,0,9,0.0001
459.5,8,566127,0.2975,48.54,190.14,1740,1747,4,14,6,15,0,0,0,1,131.1,0,1,0,0,0,0,8,0.0002
459.75,8,566093,0.2975,49.35,190.62,1771,1751,2,14,2,10,0,0,0,1,131.1,0,1,0,0,0,0,9,0.0000
460,8,566044,0.2975,49.83,191.12,1732,1697,2,14,6,11,0,0,0,1,131.1,0,1,0,0,0,0,8,0.0002
460.25,8,566022,0.2975,49.71,190.23,1773,1771,3,20,2,9,0,0,0,1,155.0,0,1,0,0,0,0,8,0.0003
460.5,8,566003,0.2975,49.28,191.28,1699,1696,4,16,0,10,0,0,0,1,155.0,0,1,0,0,0,0,9,0.0001
460.75,8,565975,0.2975,47.61,186.99,1761,1746,6,13,1,9,0,0,0,1,155.0,0,1,0,0,0,0,8,0.0002
461,8,565970,0.2975,46.96,188.40,1643,1657,2,19,0,10,0,0,0,1,155.0,0,1,0,0,0,0,9,0.0001
461.25,8,565943,0.2975,45.32,186.66,1674,1659,4,12,0,10,0,0,0,1,155.0,0,1,0,0,0,0,8,0.0002
461.5,8,565934,0.2975,45.12,187.38,1619,1622,1,12,3,11,0,0,0,1,155.0,0,1,0,0,0,0,9,0.0000
461.75,8,565921,0.2975,43.61,187.53,1633,1638,3,18,0,11,0,0,0,1,155.0,0,1,0,0,0,0,8,0.0001
462,8,565882,0.2975,43.18,188.72,1607,1577,1,9,1,8,0,0,0,1,155.0,0,1,0,0,0,0,8,0.0002
462.25,8,565857,0.2975,41.81,186.64,1571,1560,5,14,0,11,0,0,0,1,155.0,0,1,0,0,0,0,9,0.0001
462.5,8,565902,0.2975,40.93,187.25,1524,1587,8,18,0,10,0,0,0,1,155.0,0,1,0,0,0,0,8,0.0002
462.75,8,566022,0.2974,39.82,184.44,1462,1603,4,21,0,10,0,0,0,1,155.0,0,1,0,0,0,0,9,0.0001
463,8,565987,0.2974,38.90,185.39,1517,1493,17,13,3,8,0,0,0,1,155.0,0,1,0,0,0,0,8,0.0002
463.25,8,566013,0.2974,38.15,185.27,1421,1465,12,19,0,9,0,0,0,1,155.0,0,1,0,0,0,0,9,0.0001
463.5,8,566097,0.2973,37.53,184.53,1388,1499,6,27,1,11,0,0,0,1,155.0,0,1,0,0,0,0,8,0.0002
463.75,8,566114,0.2973,36.95,184.22,1419,1462,20,28,1,9,0,0,0,1,155.0,0,1,0,0,0,0,9,0.0001
464,8,566161,0.2972,35.51,183.44,1336,1419,13,37,2,11,0,0,0,1,155.0,0,1,0,0,0,0,9,0.0000
464.25,8,566158,0.2971,35.11,185.43,1339,1390,11,54,1,9,0,0,0,1,155.0,0,1,0,0,0,0,8,0.0002
464.5,8,566129,0.2971,34.51,185.72,1348,1358,4,39,1,11,0,0,0,1,155.0,0,1,0,0,0,0,9,0.0002
464.75,8,566148,0.2970,33.64,184.71,1319,1364,5,26,0,11,0,0,0,1,155.0,0,1,0,0,0,0,9,0.0002
465,8,566185,0.2969,33.30,156.66,1310,1385,18729,41,21,10,0,0,0,0,155.0,0,1,0,0,0,0,9,0.0002
465.25,8,566156,0.2968,31.78,160.69,1286,1304,18714,51,22,12,0,0,0,0,155.0,0,1,0,0,0,0,9,0.0002
465.5,8,566214,0.2968,33.77,165.15,1239,1310,18682,21,0,12,0,0,0,0,155.0,0,1,0,0,0,0,9,0.0002
465.75,8,566292,0.2967,33.08,170.44,1191,1288,17,21,0,11,0,0,0,0,155.0,0,1,0,0,0,0,9,0.0002
466,8,566363,0.2967,32.62,172.65,1176,1266,14,23,0,12,0,0,0,0,155.0,0,1,0,0,0,0,9,0.0003
466.25,8,566422,0.2966,31.71,174.23,1159,1242,4,25,0,14,0,0,0,0,155.0,0,1,0,0,0,0,9,0.0003
466.5,8,566410,0.2966,31.46,174.82,1206,1219,11,26,0,14,0,0,0,0,155.0,0,1,0,0,0,0,10,0.0000
466.75,8,566472,0.2966,31.04,176.20,1158,1243,8,23,0,12,0,0,0,0,155.0,0,1,0,0,0,0,9,0.0001
467,8,566532,0.2965,30.92,177.66,1137,1219,0,22,0,11,0,0,0,0,155.0,0,1,0,0,0,0,9,0.0001
467.25,8,566584,0.2965,31.72,177.11,1164,1244,3,28,1,11,0,0,0,0,155.0,0,1,0,0,0,0,9,0.0002
467.5,8,566556,0.2965,30.99,176.14,1274,1268,2,22,1,11,0,0,0,0,155.0,0,1,0,0,0,0,9,0.0003
467.75,8,566591,0.2964,32.07,177.66,1243,1298,3,20,0,11,0,0,0,0,155.0,0,1,0,0,0,0,10,0.0000
468,8,566667,0.2964,30.50,168.76,1308,1406,2,22,2,12,0,0,0,0,155.0,0,1,0,0,0,0,9,0.0001
468.25,8,566636,0.2964,30.29,168.28,1263,1252,3,20,8,10,0,0,0,0,155.0,0,1,0,0,0,0,9,0.0002
468.5,8,566733,0.2963,30.04,170.30,1193,1318,2,28,5,10,0,0,0,0,155.0,0,1,0,0,0,0,9,0.0003
468.75,8,566704,0.2962,31.81,169.04,1262,1251,6,18,10,11,0,0,0,0,155.0,0,1,0,0,0,0,10,0.0001
469,8,566806,0.2961,32.44,167.01,1225,1361,3,34,9,9,0,0,0,0,155.0,0,1,0,0,0,0,9,0.0002
469.25,7,566933,0.2961,35.18,170.38,1178,1320,3,15,4,9,0,1,0,0,155.0,0,0,0,0,1,0,9,0.0003
469.5,7,566975,0.2960,37.38,170.67,1190,1262,1,30,0,12,0,0,0,0,155.0,0,0,0,0,0,0,10,0.0001
469.75,7,567039,0.2959,39.71,173.02,1245,1332,3,23,4,10,0,0,0,0,155.0,0,0,0,0,0,0,9,0.0002
470,7,567139,0.2959,39.99,174.21,1228,1351,2,23,6,10,0,0,0,0,155.0,0,0,0,0,0,0,9,0.0003
470.25,7,567203,0.2958,40.83,172.87,1243,1325,4,18,1,11,0,0,0,0,161.2,0,0,0,0,0,0,10,0.0001
470.5,7,567287,0.2958,40.27,172.76,1211,1310,3,15,5,10,0,0,0,0,161.2,0,0,0,0,0,0,9,0.0002
470.75,7,567388,0.2957,40.03,172.57,1171,1288,4,16,1,10,0,0,0,0,161.2,0,0,0,0,0,0,10,0.0000
471,7,567367,0.2957,39.31,173.71,1253,1249,5,17,1,14,0,0,0,0,161.2,0,0,0,0,0,0,9,0.0001
471.25,7,567397,0.2957,38.57,173.10,1140,1180,2,10,1,11,0,0,0,0,161.2,0,0,0,0,0,0,9,0.0003
471.5,7,567431,0.2957,36.89,174.09,1155,1206,2,17,1,12,0,0,0,0,161.2,0,0,0,0,0,0,10,0.0001
471.75,7,567460,0.2957,35.56,174.63,1129,1169,2,11,0,9,0,0,0,0,161.2,0,0,0,0,0,0,9,0.0002
472,7,567464,0.2957,33.52,177.20,1139,1153,3,10,0,10,0,0,0,0,161.2,0,0,0,0,0,0,9,0.0003
472.25,7,567534,0.2957,33.16,176.80,1111,1187,0,6,0,13,0,0,0,0,161.2,0,0,0,0,0,0,10,0.0001
472.5,7,567526,0.2957,31.55,177.21,1115,1110,2,3,0,11,0,0,0,0,161.2,0,0,0,0,0,0,9,0.0001
472.75,7,567522,0.2957,32.12,179.11,1106,1111,0,9,0,9,0,0,0,0,161.2,0,0,0,0,0,0,9,0.0002
473,7,567526,0.2957,30.22,173.75,1110,1123,0,9,1,10,0,0,0,0,161.2,0,0,0,0,0,0,9,0.0003
473.25,7,567599,0.2957,31.39,172.17,1054,1136,1,9,2,13,0,0,0,0,161.2,0,0,0,0,0,0,10,0.0001
473.5,7,567550,0.2957,31.01,173.55,1169,1122,3,2,1,15,0,0,0,0,161.2,0,0,0,0,0,0,9,0.0001
473.75,7,567539,0.2957,32.01,173.39,1181,1178,2,8,5,10,0,0,0,0,161.2,0,0,0,0,0,0,9,0.0002
474,7,567550,0.2957,30.96,172.12,1159,1177,2,7,3,9,0,0,0,0,161.2,0,0,0,0,0,0,9,0.0002
474.25,7,567596,0.2957,31.84,174.27,1163,1214,5,6,0,13,0,0,0,0,161.2,0,0,0,0,0,0,9,0.0003
474.5,7,567685,0.2957,30.38,172.03,1067,1166,3,10,2,12,0,0,0,0,161.2,0,0,0,0,0,0,10,0.0000
474.75,7,567647,0.2957,31.51,173.68,1138,1117,7,17,0,13,0,0,0,0,161.2,0,0,0,0,0,0,9,0.0001
475,7,567697,0.2957,30.96,169.32,1156,1221,6,15,0,10,0,0,0,0,161.2,0,0,0,0,0,0,9,0.0001
475.25,7,567702,0.2957,32.32,171.40,1062,1084,5,17,0,14,0,0,0,0,161.2,0,0,0,0,0,0,9,0.0002
475.5,7,567674,0.2957,31.70,173.29,1192,1180,9,16,3,13,0,0,0,0,161.2,0,0,0,0,0,0,9,0.0002
475.75,7,567685,0.2957,31.39,174.99,1109,1135,2,15,0,12,0,0,0,0,161.2,0,0,0,0,0,0,9,0.0003
476,7,567740,0.2956,30.97,177.98,1105,1183,18443,23,2,11,0,0,0,0,161.2,0,0,0,0,0,0,10,0.0000
476.25,7,567534,0.2957,31.89,172.45,1368,1178,0,16,0,12,0,0,0,0,161.2,0,0,0,0,0,0,9,0.0001
476.5,7,567583,0.2957,31.49,169.79,1357,1421,5,15,1,10,0,0,0,0,161.2,0,0,0,0,0,0,9,0.0001
476.75,7,567587,0.2957,30.63,173.84,1445,1459,3,10,2,11,0,0,0,0,161.2,0,0,0,0,0,0,9,0.0002
477,7,567658,0.2956,30.68,176.54,1340,1420,1,9,0,12,0,0,0,0,161.2,0,0,0,0,0,0,9,0.0002
477.25,7,567633,0.2957,30.03,179.52,1464,1452,7,14,1,11,0,0,0,0,161.2,0,0,0,0,0,0,9,0.0003
477.5,7,567650,0.2957,31.01,180.15,1402,1427,7,9,0,13,0,0,0,0,161.2,0,0,0,0,0,0,10,0.0000
477.75,7,567581,0.2957,31.27,180.32,1470,1419,3,18,1,11,0,0,0,0,161.2,0,0,0,0,0,0,9,0.0001
478,7,567650,0.2956,31.94,178.72,1443,1522,8,10,0,13,0,0,0,0,161.2,0,0,0,0,0,0,9,0.0001
478.25,7,567666,0.2956,31.96,174.16,1434,1465,3,15,3,9,0,0,0,0,161.2,0,0,0,0,0,0,9,0.0002
478.5,7,567624,0.2956,32.49,173.20,1486,1464,7,21,0,12,0,0,0,0,161.2,0,0,0,0,0,0,9,0.0002
478.75,7,567633,0.2956,33.75,167.41,1447,1467,5,11,1,13,0,0,0,0,161.2,0,0,0,0,0,0,9,0.0003
479,7,567723,0.2956,34.03,168.67,1481,1586,7,15,1,11,0,0,0,0,161.2,0,0,0,0,0,0,10,0.0000
479.25,7,567851,0.2955,34.19,171.96,1444,1577,6,5,1,11,0,0,0,0,161.2,0,0,0,0,0,0,9,0.0001
479.5,7,567815,0.2955,33.25,172.82,1569,1548,11,15,1,10,0,0,0,0,161.2,0,0,0,0,0,0,9,0.0001
479.75,7,567775,0.2955,31.80,172.41,1578,1557,14,20,1,12,0,0,0,0,161.2,0,0,0,0,0,0,9,0.0002
480,7,567699,0.2955,30.78,172.55,1624,1573,15,25,2,9,0,0,0,0,161.2,0,0,0,0,0,0,9,0.0003
480.25,7,567657,0.2956,28.87,176.80,1547,1518,7,13,0,13,0,0,0,0,127.9,0,0,0,0,0,0,10,0.0000
480.5,7,567616,0.2956,28.52,178.49,1540,1527,6,28,1,12,0,0,0,0,127.9,0,0,0,0,0,0,9,0.0001
480.75,7,567668,0.2955,27.71,181.21,1453,1522,14,19,2,10,0,0,0,0,127.9,0,0,0,0,0,0,9,0.0002
481,7,567548,0.2956,27.68,183.88,1624,1527,13,23,2,12,0,0,0,0,127.9,0,0,0,0,0,0,9,0.0003
481.25,7,567555,0.2955,27.86,184.07,1540,1566,8,19,4,15,0,0,0,0,127.9,0,0,0,0,0,0,10,0.0001
481.5,7,567479,0.2956,26.98,184.56,1528,1475,10,23,2,10,0,0,0,0,127.9,0,0,0,0,0,0,9,0.0002
481.75,7,567518,0.2955,24.90,186.27,1508,1560,22,16,1,13,0,0,0,0,127.9,0,0,0,0,0,0,9,0.0003
482,7,567455,0.2955,23.72,186.77,1476,1435,23,27,2,14,0,0,0,0,127.9,0,0,0,0,0,0,10,0.0001
482.25,7,567416,0.2955,22.67,188.74,1450,1445,20,37,1,10,0,0,0,0,127.9,0,0,0,0,0,0,9,0.0002
482.5,7,567360,0.2955,26.30,190.05,1454,1431,20,34,0,12,0,0,0,0,127.9,0,0,0,0,0,0,10,0.0001
482.75,7,567254,0.2955,29.15,190.81,1542,1479,23,45,3,12,0,0,0,0,127.9,0,0,0,0,0,0,9,0.0002
483,7,567228,0.2955,33.37,191.52,1539,1552,12,39,2,12,0,0,0,0,127.9,0,0,0,0,0,0,10,0.0001
483.25,7,567261,0.2954,34.48,192.37,1545,1609,17,32,0,13,0,0,0,0,127.9,0,0,0,0,0,0,10,0.0000
483.5,7,567195,0.2954,35.28,193.35,1594,1545,8,17,2,10,0,0,0,0,127.9,0,0,0,0,0,0,9,0.0002
483.75,7,567201,0.2954,36.65,194.19,1451,1470,7,13,0,12,0,0,0,0,127.9,0,0,0,0,0,0,10,0.0001
484,7,567205,0.2955,35.11,194.98,1456,1466,6,6,0,12,0,0,0,0,127.9,0,0,0,0,0,0,10,0.0000
484.25,7,567224,0.2954,35.09,195.73,1401,1431,3,11,0,11,0,0,0,0,127.9,0,0,0,0,0,0,9,0.0002
484.5,7,567238,0.2955,33.22,195.93,1422,1441,8,7,0,13,0,0,0,0,127.9,0,0,0,0,0,0,10,0.0001
484.75,7,567248,0.2954,33.71,196.55,1374,1396,3,12,0,10,0,0,0,0,127.9,0,0,0,0,0,0,9,0.0003
485,7,567239,0.2955,32.18,196.44,1394,1399,7,14,0,12,0,0,0,0,127.9,0,0,0,0,0,0,10,0.0001
485.25,7,567313,0.2954,32.91,196.93,1306,1394,1,14,1,10,0,0,0,0,127.9,0,0,0,0,0,0,10,0.0000
485.5,7,567383,0.2954,31.85,197.18,1317,1395,3,8,0,11,0,0,0,0,127.9,0,0,0,0,0,0,9,0.0002
485.75,7,567448,0.2953,32.33,197.26,1297,1370,5,8,2,12,0,0,0,0,127.9,0,0,0,0,0,0,10,0.0000
486,7,567465,0.2953,30.89,197.41,1318,1345,2,10,1,9,0,0,0,0,127.9,0,0,0,0,0,0,9,0.0002
486.25,7,567493,0.2953,31.40,197.55,1330,1368,6,10,2,10,0,0,0,0,127.9,0,0,0,0,0,0,10,0.0000
486.5,7,567484,0.2953,30.26,197.73,1366,1367,3,10,0,11,0,0,0,0,127.9,0,0,0,0,0,0,9,0.0002
486.75,7,567486,0.2953,31.32,197.61,1301,1312,3,9,1,13,0,0,0,0,127.9,0,0,0,0,0,0,10,0.0000
487,7,567542,0.2953,30.37,197.68,1275,1340,3,9,0,13,0,0,0,0,127.9,0,0,0,0,0,0,9,0.0002
487.25,7,567528,0.2953,31.05,197.73,1316,1313,5,11,0,12,0,0,0,0,127.9,0,0,0,0,0,0,10,0.0000
487.5,7,567547,0.2953,29.76,197.92,1282,1314,6,13,0,11,0,0,0,0,127.9,0,0,0,0,0,0,9,0.0001
487.75,7,567550,0.2953,30.64,198.07,1238,1257,3,16,1,11,0,0,0,0,127.9,0,0,0,0,0,0,9,0.0003
488,7,567552,0.2953,29.54,198.36,1273,1288,8,13,1,11,0,0,0,0,127.9,0,0,0,0,0,0,10,0.0001
488.25,7,567626,0.2953,30.17,198.50,1228,1318,11,16,0,11,0,0,0,1,127.9,0,0,0,0,0,0,9,0.0002
488.5,7,567630,0.2952,29.08,198.48,1256,1282,6,22,0,11,0,0,0,1,127.9,0,0,0,0,0,0,10,0.0001
488.75,7,567622,0.2952,29.48,198.71,1260,1267,5,15,0,9,0,0,0,1,127.9,0,0,0,0,0,0,9,0.0002
489,7,567676,0.2952,28.55,198.69,1233,1301,2,14,1,13,0,0,0,1,127.9,0,0,0,0,0,0,10,0.0001
489.25,7,567701,0.2952,29.27,193.66,1203,1244,5,16,0,10,0,0,0,1,127.9,0,0,0,0,0,0,9,0.0002
489.5,7,567696,0.2952,28.68,194.39,1239,1254,4,20,0,17,0,0,0,1,127.9,0,0,0,0,0,0,10,0.0001
489.75,7,567741,0.2952,29.06,195.17,1242,1304,26,17,0,10,0,0,0,1,127.9,0,0,0,0,0,0,9,0.0003
490,7,567751,0.2952,29.07,195.28,1260,1283,1,13,0,16,0,0,0,1,127.9,0,0,0,0,0,0,10,0.0001
490.25,7,567751,0.2951,29.14,195.70,1289,1303,2,14,1,11,0,0,0,1,96.1,0,0,0,0,0,0,9,0.0003
490.5,7,567812,0.2951,29.27,190.05,1196,1264,22387,7,0,12,0,0,0,0,96.1,0,0,0,0,0,0,10,0.0002
490.75,7,567737,0.2952,28.41,183.45,1315,1257,6,17,1,11,0,0,0,0,96.1,0,0,0,0,0,0,10,0.0000
491,7,567630,0.2952,28.36,184.35,1370,1272,10,12,1,11,0,0,0,0,96.1,0,0,0,0,0,0,9,0.0002
491.25,7,567594,0.2952,28.61,186.69,1311,1296,17,23,0,13,0,0,0,0,96.1,0,0,0,0,0,0,10,0.0001
491.5,7,567614,0.2952,28.91,188.60,1251,1293,7,23,0,12,0,0,0,0,96.1,0,0,0,0,0,0,9,0.0003
491.75,7,567676,0.2952,28.86,190.26,1246,1318,7,10,1,15,0,0,0,0,96.1,0,0,0,0,0,0,10,0.0001
492,7,567696,0.2952,28.84,191.62,1270,1303,4,13,0,10,0,0,0,0,96.1,0,0,0,0,0,0,10,0.0000
492.25,7,567667,0.2952,29.00,192.83,1233,1224,4,20,0,14,0,0,0,0,96.1,0,0,0,0,0,0,9,0.0002
492.5,7,567748,0.2952,28.84,193.84,1225,1322,8,17,2,15,0,0,0,0,96.1,0,0,0,0,0,0,10,0.0001
492.75,7,567808,0.2952,28.63,194.73,1209,1285,10,16,1,13,0,0,0,0,96.1,0,0,0,0,0,0,9,0.0003
493,7,567844,0.2951,28.18,195.43,1254,1306,9,16,0,13,0,0,0,0,96.1,0,0,0,0,0,0,10,0.0002
493.25,7,567928,0.2951,29.18,196.10,1143,1247,4,20,1,15,0,0,0,0,96.1,0,0,0,0,0,0,10,0.0001
493.5,7,567983,0.2951,28.44,196.57,1216,1279,5,8,2,10,0,0,0,0,96.1,0,0,0,0,0,0,9,0.0002
493.75,7,567990,0.2951,28.21,197.00,1162,1188,5,19,2,12,0,0,0,0,96.1,0,0,0,0,0,0,10,0.0001
494,7,568062,0.2950,27.48,197.34,1110,1192,4,10,2,10,0,0,0,0,96.1,0,0,0,0,0,0,10,0.0000
494.25,7,568106,0.2950,26.98,197.42,1107,1169,7,18,4,14,0,0,0,0,96.1,0,0,0,0,0,0,9,0.0002
494.5,7,568143,0.2950,26.28,197.68,1079,1132,11,16,1,12,0,0,0,0,96.1,0,0,0,0,0,0,10,0.0001
494.75,7,568137,0.2950,26.07,197.95,1132,1133,8399,8,1,12,0,0,0,0,96.1,0,0,0,0,0,0,9,0.0003
495,7,568147,0.2950,26.41,198.08,1109,1133,4,14,0,12,0,0,0,0,96.1,0,0,0,0,0,0,10,0.0001
495.25,7,568039,0.2950,27.22,197.89,1237,1144,6,15,0,15,0,0,0,0,96.1,0,0,0,0,0,0,10,0.0000
495.5,7,568088,0.2950,27.70,197.55,1250,1306,7,9,1,10,0,0,0,0,96.1,0,0,0,0,0,0,9,0.0002
495.75,7,568060,0.2950,27.86,197.84,1373,1357,5,12,0,12,0,0,0,0,96.1,0,0,0,0,0,0,10,0.0001
496,7,568133,0.2950,28.40,198.08,1377,1468,5,18,0,11,0,0,0,0,96.1,0,0,0,0,0,0,9,0.0002
496.25,7,568222,0.2949,28.85,198.34,1355,1457,9,13,2,14,0,0,0,0,96.1,0,0,0,0,0,0,10,0.0001
496.5,7,568270,0.2949,28.96,198.51,1388,1446,8,10,1,12,0,0,0,0,96.1,0,0,0,0,0,0,9,0.0003
496.75,7,568317,0.2949,29.01,198.66,1391,1445,9,8,1,13,0,0,0,0,96.1,0,0,0,0,0,0,10,0.0001
497,7,568316,0.2949,29.26,198.68,1402,1419,7,19,0,12,0,0,0,0,96.1,0,0,0,0,0,0,9,0.0003
497.25,7,568303,0.2949,29.19,198.70,1393,1394,9,14,0,11,0,0,0,0,96.1,0,0,0,0,0,0,10,0.0002
497.5,7,568215,0.2950,29.73,198.47,1452,1373,10,9,1,13,0,0,0,0,96.1,0,0,0,0,0,0,10,0.0000
497.75,7,568175,0.2950,29.12,198.31,1399,1375,12,17,0,12,0,0,0,0,96.1,0,0,0,0,0,0,9,0.0002
498,7,568180,0.2950,30.13,197.74,1355,1369,6,9,0,10,0,0,0,0,96.1,0,0,0,0,0,0,10,0.0000
498.25,7,568175,0.2950,29.53,195.95,1394,1402,3,13,0,14,0,0,0,0,96.1,0,0,0,0,0,0,9,0.0002
498.5,7,568141,0.2950,30.53,195.67,1346,1325,6,13,1,11,0,0,0,0,96.1,0,0,0,0,0,0,10,0.0001
498.75,7,568171,0.2950,29.86,196.25,1353,1394,8,11,0,11,0,0,0,0,96.1,0,0,0,0,0,0,9,0.0002
499,7,568123,0.2950,30.78,196.77,1350,1310,8418,8,0,10,0,0,0,0,96.1,0,0,0,0,0,0,10,0.0001
499.25,7,568044,0.2951,31.91,197.06,1434,1358,6,3,0,14,0,0,0,0,96.1,0,0,0,0,0,0,9,0.0002
499.5,7,567980,0.2951,32.91,196.11,1471,1410,5,4,0,14,0,0,0,0,96.1,0,0,0,0,0,0,10,0.0000
499.75,7,568060,0.2951,33.71,196.19,1333,1420,1,7,0,12,0,0,0,0,96.1,0,0,0,0,0,0,9,0.0002
500,7,568099,0.2951,34.43,194.81,1415,1461,9,8,1,12,0,0,0,0,96.1,0,0,0,0,0,0,9,0.0003
500.25,7,568107,0.2951,35.20,195.49,1433,1447,6,6,5,12,0,0,0,0,76.9,0,0,0,0,0,0,10,0.0001
500.5,7,568146,0.2951,35.98,195.93,1435,1478,0,4,6,11,0,0,0,0,76.9,0,0,0,0,0,0,9,0.0002
500.75,7,568148,0.2951,36.67,196.38,1425,1433,2,6,9,12,0,0,0,0,76.9,0,0,0,0,0,0,10,0.0000
501,7,568158,0.2951,37.40,196.72,1471,1487,3,6,10,11,0,0,0,0,76.9,0,0,0,0,0,0,9,0.0001
501.25,7,568114,0.2951,37.68,197.14,1492,1453,0,5,9,10,0,0,0,0,76.9,0,0,0,0,0,0,9,0.0002
501.5,7,568161,0.2951,38.13,194.55,1424,1477,5,6,8,12,0,0,0,0,76.9,0,0,0,0,0,0,10,0.0000
501.75,7,568145,0.2951,38.38,192.74,1391,1386,0,11,10,10,0,0,0,0,76.9,0,0,0,0,0,0,9,0.0001
502,7,568184,0.2951,38.46,193.74,1462,1506,4,5,11,12,0,0,0,0,76.9,0,0,0,0,0,0,9,0.0002
502.25,7,568161,0.2951,38.32,194.63,1447,1430,4,7,13,12,0,0,0,0,76.9,0,0,0,0,0,0,10,0.0000
502.5,7,568212,0.2950,38.41,195.45,1324,1384,6,10,10,11,0,0,0,0,76.9,0,0,0,0,0,0,9,0.0001
502.75,7,568228,0.2950,38.29,195.96,1339,1362,1,7,8,13,0,0,0,1,76.9,0,0,0,0,0,0,9,0.0002
503,7,568360,0.2949,37.99,196.54,1316,1455,4,8,11,13,0,0,0,1,76.9,0,0,0,0,0,0,9,0.0003
503.25,7,568333,0.2949,37.75,196.92,1354,1333,4,6,7,11,0,0,0,1,76.9,0,0,0,0,0,1,10,0.0000
503.5,6,568391,0.2949,37.47,197.26,1217,1287,4,12,9,10,0,0,0,1,76.9,0,0,0,0,0,1,9,0.0001
503.75,6,568452,0.2949,37.46,197.69,1195,1268,2,12,6,12,0,0,0,1,76.9,0,0,0,0,0,0,9,0.0002
504,6,568452,0.2949,37.25,197.93,1248,1254,2,6,7,10,0,0,0,1,76.9,0,0,0,0,0,0,9,0.0002
504.25,6,568489,0.2948,37.03,198.24,1185,1225,4,3,7,10,0,0,0,1,76.9,0,0,0,0,0,0,10,0.0000
504.5,6,568533,0.2948,36.66,198.33,1148,1198,4,6,5,12,0,0,0,1,76.9,0,0,0,0,0,0,9,0.0001
504.75,6,568617,0.2948,36.47,198.53,1150,1238,4,4,4,10,0,0,0,1,76.9,0,0,0,0,0,0,9,0.0001
505,6,568683,0.2948,36.02,198.61,1084,1159,5,9,2,9,0,0,0,1,76.9,0,0,0,0,0,0,9,0.0002
505.25,6,568764,0.2947,36.56,198.72,1051,1141,5,9,2,12,0,0,0,1,76.9,0,0,0,0,0,0,9,0.0002
505.5,6,568812,0.2947,35.75,198.43,1080,1130,9,2,1,11,0,0,0,1,76.9,0,0,0,0,0,0,9,0.0002
505.75,6,568894,0.2947,37.02,194.91,1036,1125,2,7,1,11,0,0,0,1,76.9,0,0,0,0,0,0,9,0.0003
506,6,568990,0.2946,36.13,195.48,1052,1150,6,3,0,9,0,0,0,1,76.9,0,0,0,0,0,0,9,0.0003
506.25,6,569040,0.2946,36.46,195.92,1043,1099,1,6,4,11,0,0,0,1,76.9,0,0,0,0,0,0,10,0.0000
506.5,6,569116,0.2946,35.47,195.89,1037,1114,1,1,0,11,0,0,0,1,76.9,0,0,0,0,0,0,9,0.0000
506.75,6,569150,0.2946,36.88,196.37,1053,1091,5,4,2,11,0,0,0,1,76.9,0,0,0,0,0,0,9,0.0000
507,6,569231,0.2946,35.85,196.91,1027,1116,4,8,0,12,0,0,0,1,76.9,0,0,0,0,0,0,9,0.0000
507.25,6,569275,0.2946,36.90,197.36,1047,1095,5,4,1,9,0,0,0,1,76.9,0,0,0,0,0,0,9,0.0000
507.5,6,569388,0.2945,35.53,197.21,1017,1135,7,5,0,10,0,0,0,1,76.9,0,0,0,0,0,0,9,0.0000
507.75,6,569412,0.2945,36.74,196.81,1044,1075,2,7,1,11,0,0,0,1,76.9,0,0,0,0,0,0,9,0.0000
508,6,569441,0.2945,35.46,196.18,1052,1091,6,10,1,11,0,0,0,1,76.9,0,0,0,0,0,0,9,0.0000
508.25,6,569534,0.2945,35.57,188.54,997,1097,14,7,1,11,0,0,0,1,76.9,0,0,0,0,0,0,9,0.0000
508.5,6,569577,0.2944,34.67,165.08,975,1027,6,10,0,11,0,0,0,1,76.9,0,0,0,0,0,0,8,0.0003
508.75,6,569618,0.2944,35.56,149.16,1026,1078,8,12,1,11,0,0,0,1,76.9,0,0,0,0,0,0,9,0.0003
509,6,569683,0.2944,34.72,146.73,938,1012,5,9,0,11,0,0,0,1,76.9,0,0,0,0,0,0,9,0.0003
509.25,6,569713,0.2944,35.31,150.01,993,1031,5,8,0,11,0,0,0,1,76.9,0,0,0,0,0,0,9,0.0003
509.5,6,569777,0.2944,34.66,151.00,989,1060,1,7,0,11,0,0,0,1,76.9,0,0,0,0,0,0,9,0.0002
509.75,6,569819,0.2944,35.05,158.63,1003,1055,3,10,0,12,0,0,0,1,76.9,0,0,0,0,0,0,9,0.0002
510,6,569835,0.2944,33.98,163.83,972,995,6,7,0,11,0,0,0,1,76.9,0,0,0,0,0,0,9,0.0002
510.25,6,569864,0.2943,33.48,167.62,939,984,10,16,0,12,0,0,0,1,58.2,0,0,0,0,0,0,9,0.0002
510.5,6,569916,0.2943,32.76,171.95,909,972,2,11,0,11,0,0,0,1,58.2,0,0,0,0,0,0,9,0.0002
510.75,6,569983,0.2943,32.25,176.20,907,988,4,15,2,10,0,0,0,1,58.2,0,0,0,0,0,0,9,0.0002
511,6,570028,0.2943,31.70,179.30,879,935,3,11,0,10,0,0,0,1,58.2,0,0,0,0,0,0,9,0.0002
511.25,6,570106,0.2942,31.52,181.60,892,975,5,5,0,10,0,0,0,1,58.2,0,0,0,0,0,0,9,0.0002
511.5,7,570125,0.2942,31.10,184.16,896,928,4,13,0,12,1,0,0,0,58.2,0,0,0,0,0,0,9,0.0001
511.75,7,570266,0.2942,30.54,186.38,869,1020,7,10,1,13,0,0,1,0,58.2,0,0,0,0,0,0,9,0.0001
512,7,570310,0.2941,30.21,188.42,930,981,2,7,1,10,0,0,0,0,58.2,0,0,0,0,0,0,9,0.0001
512.25,7,570362,0.2941,29.63,190.09,873,941,1,16,0,10,0,0,0,0,58.2,0,0,0,0,0,0,9,0.0001
512.5,7,570411,0.2941,29.71,191.59,911,970,6,10,0,13,0,0,0,0,58.2,0,0,0,0,0,0,9,0.0001
512.75,7,570437,0.2941,29.29,192.77,915,949,4,8,0,13,0,0,0,0,58.2,0,0,0,0,0,0,9,0.0000
513,7,570478,0.2940,29.12,193.76,908,967,4,18,0,13,0,0,0,0,58.2,0,0,0,0,0,0,9,0.0000
513.25,7,570546,0.2940,28.18,194.74,884,964,8,12,0,9,0,0,0,0,58.2,0,0,0,0,0,0,8,0.0003
513.5,7,570563,0.2940,29.98,195.55,884,911,18379,10,2,12,0,0,0,0,58.2,0,0,0,0,0,0,9,0.0003
513.75,7,570533,0.2940,28.59,196.24,1082,1060,4,8,0,12,0,0,0,0,58.2,0,0,0,0,0,0,9,0.0002
514,7,570606,0.2940,28.63,196.77,1122,1202,4,7,1,13,0,0,0,0,58.2,0,0,0,0,0,0,9,0.0002
514.25,7,570642,0.2940,27.82,197.21,1116,1163,6,11,0,12,0,0,0,0,58.2,0,0,0,0,0,0,9,0.0002
514.5,7,570715,0.2940,28.68,197.65,1152,1236,8,11,1,12,0,0,0,0,58.2,0,0,0,0,0,0,9,0.0002
514.75,7,570736,0.2940,28.50,198.02,1245,1272,7,6,0,11,0,0,0,0,58.2,0,0,0,0,0,0,9,0.0002
515,7,570807,0.2939,29.26,198.16,1169,1249,8,10,0,12,0,0,0,0,58.2,0,0,0,0,0,0,9,0.0001
515.25,7,570747,0.2940,29.41,198.39,1287,1233,3,6,0,9,0,0,0,0,58.2,0,0,0,0,0,0,9,0.0001
515.5,7,570792,0.2940,29.82,198.62,1228,1282,6,9,0,11,0,0,0,0,58.2,0,0,0,0,0,0,9,0.0000
515.75,7,570842,0.2939,29.73,198.72,1248,1306,10,8,0,10,0,0,0,0,58.2,0,0,0,0,0,0,9,0.0000
516,7,570832,0.2939,29.88,198.88,1278,1282,14,15,0,13,0,0,0,0,58.2,0,0,0,0,0,0,8,0.0003
516.25,7,570761,0.2940,29.81,198.96,1330,1269,9,10,0,13,0,0,0,0,58.2,0,0,0,0,0,0,9,0.0002
516.5,7,570732,0.2940,30.13,199.03,1280,1259,5,8,0,11,0,0,0,0,58.2,0,0,0,0,0,0,9,0.0002
516.75,7,570787,0.2940,30.16,199.07,1249,1310,7,6,0,10,0,0,0,0,58.2,0,0,0,0,0,0,9,0.0001
517,7,570808,0.2940,30.62,199.09,1242,1269,4,6,0,16,0,0,0,0,58.2,0,0,0,0,0,0,9,0.0001
517.25,7,570824,0.2940,30.14,199.05,1255,1282,7,11,0,11,0,0,0,0,58.2,0,0,0,0,0,0,9,0.0000
517.5,7,570845,0.2940,30.18,199.08,1292,1318,5,5,0,11,0,0,0,0,58.2,0,0,0,0,0,0,8,0.0003
517.75,7,570801,0.2940,29.29,199.06,1258,1221,4,8,0,11,0,0,0,0,58.2,0,0,0,0,0,0,9,0.0002
518,7,570807,0.2940,28.98,198.71,1232,1245,8,7,0,11,0,0,0,0,58.2,0,0,0,0,0,0,9,0.0001
518.25,7,570834,0.2940,28.62,198.19,1225,1261,9,9,0,11,0,0,0,0,58.2,0,0,0,0,0,0,9,0.0001
518.5,7,570832,0.2940,28.91,188.29,1218,1225,10,9,1,13,0,0,0,0,58.2,0,0,0,0,0,0,8,0.0003
518.75,7,570828,0.2940,28.91,188.59,1203,1210,24,11,0,11,0,0,0,0,58.2,0,0,0,0,0,0,9,0.0002
519,7,570902,0.2940,29.40,189.01,1144,1230,7,12,0,9,0,0,0,0,58.2,0,0,0,0,0,0,9,0.0002
519.25,7,570880,0.2940,29.47,189.54,1173,1164,3,13,0,9,0,0,0,0,58.2,0,0,0,0,0,0,9,0.0001
519.5,7,570900,0.2940,29.45,189.30,1108,1143,7,15,0,9,0,0,0,0,58.2,0,0,0,0,0,0,9,0.0000
519.75,7,570912,0.2940,29.17,189.68,1167,1189,4,10,0,14,0,0,0,0,58.2,0,0,0,0,0,0,8,0.0003
520,7,570984,0.2940,29.61,188.82,1097,1179,9,10,0,13,0,0,0,0,58.2,0,0,0,0,0,0,9,0.0002
520.25,7,570986,0.2940,29.09,188.68,1147,1162,5,13,0,9,0,0,0,0,46.4,0,0,0,0,0,0,9,0.0002
520.5,7,570990,0.2940,30.21,189.96,1125,1136,6,7,0,9,0,0,0,0,46.4,0,0,0,0,0,0,9,0.0001
520.75,7,571059,0.2939,29.80,189.13,1146,1222,2,7,0,12,0,0,0,0,46.4,0,0,0,0,0,0,9,0.0000
521,7,571050,0.2939,30.59,187.80,1125,1127,5,11,0,8,0,0,0,0,46.4,0,0,0,0,0,0,8,0.0003
521.25,7,571020,0.2939,30.36,188.74,1167,1149,5,12,0,11,0,0,0,0,46.4,0,0,0,0,0,0,9,0.0002
521.5,7,571051,0.2939,31.20,188.25,1101,1136,3,4,0,11,0,0,0,0,46.4,0,0,0,0,0,0,9,0.0002
521.75,7,571049,0.2939,30.56,188.38,1144,1155,26,13,1,12,0,0,0,0,46.4,0,0,0,0,0,0,9,0.0001
522,7,571085,0.2939,31.63,187.75,1053,1094,1,5,0,10,0,0,0,0,46.4,0,0,0,0,0,0,9,0.0000
522.25,7,571109,0.2939,31.44,187.25,1144,1174,4,6,0,10,0,0,0,0,46.4,0,0,0,0,0,0,8,0.0002
522.5,7,571160,0.2939,32.52,187.33,1109,1162,2,2,0,10,0,0,0,0,46.4,0,0,0,0,0,0,9,0.0002
522.75,7,571210,0.2939,32.74,187.68,1098,1156,6,8,0,11,0,0,0,0,46.4,0,0,0,0,0,0,9,0.0001
523,7,571234,0.2939,33.59,188.71,1144,1174,2,6,1,12,0,0,0,0,46.4,0,0,0,0,0,0,9,0.0000
523.25,7,571262,0.2939,33.51,189.77,1104,1139,3,7,0,12,0,0,0,0,46.4,0,0,0,0,0,0,8,0.0002
523.5,7,571238,0.2939,34.43,190.70,1113,1094,1,5,0,11,0,0,0,0,46.4,0,0,0,0,0,0,9,0.0001
523.75,7,571209,0.2939,34.19,191.64,1155,1132,4,6,0,11,0,0,0,0,46.4,0,0,0,0,0,0,9,0.0000
524,7,571226,0.2939,34.95,191.40,1070,1095,2,8,0,11,0,0,0,0,46.4,0,0,0,0,0,0,8,0.0002
524.25,7,571290,0.2939,34.29,191.07,1087,1155,3,4,0,10,0,0,0,0,46.4,0,0,0,0,0,0,9,0.0001
524.5,7,571262,0.2939,34.96,190.69,1101,1084,6,12,0,10,0,0,0,0,46.4,0,0,0,0,0,0,9,0.0000
524.75,7,571251,0.2939,34.28,190.04,1120,1117,4,8,0,11,0,0,0,0,46.4,0,0,0,0,0,0,8,0.0002
525,7,571252,0.2940,34.96,190.31,1079,1085,4,5,0,11,0,0,0,0,46.4,0,0,0,0,0,0,9,0.0001
525.25,7,571223,0.2940,34.28,190.81,1128,1103,5,4,0,9,0,0,0,0,46.4,0,0,0,0,0,0,8,0.0003
525.5,7,571204,0.2940,34.66,190.72,1083,1069,5,5,0,11,0,0,0,0,46.4,0,0,0,0,0,0,9,0.0002
525.75,7,571213,0.2940,33.29,190.92,1034,1053,5,10,0,11,0,0,0,0,46.4,0,0,0,0,0,0,9,0.0001
526,7,571191,0.2940,33.12,190.99,1093,1079,4,8,1,12,0,0,0,0,46.4,0,0,0,0,0,0,8,0.0002
526.25,7,571228,0.2940,30.84,191.38,1030,1072,7,7,4,10,0,0,0,0,46.4,0,0,0,0,0,0,9,0.0001
526.5,7,571151,0.2940,31.07,188.97,1062,1002,4,18,5,12,0,0,0,0,46.4,0,0,0,0,0,0,9,0.0000
526.75,7,571123,0.2940,29.22,185.86,1033,1013,6,9,5,10,0,0,0,0,46.4,0,0,0,0,0,0,8,0.0002
527,7,571125,0.2940,30.82,180.65,1015,1024,10,8,3,9,0,0,0,0,46.4,0,0,0,0,0,0,9,0.0001
527.25,7,571132,0.2940,29.67,177.16,1011,1036,9,18,1,10,0,0,0,0,46.4,0,0,0,0,0,0,8,0.0002
527.5,7,571165,0.2940,31.09,178.23,976,1023,3,14,0,10,0,0,0,0,46.4,0,0,0,0,0,0,9,0.0001
527.75,7,571183,0.2940,29.30,179.37,947,975,9,12,0,13,0,0,0,0,46.4,0,0,0,0,0,0,9,0.0000
528,7,571251,0.2939,30.36,180.54,948,1029,0,13,0,12,0,0,0,0,46.4,0,0,0,0,0,0,8,0.0002
528.25,7,571245,0.2940,28.74,181.32,949,949,5,7,0,11,0,0,0,0,46.4,0,0,0,0,0,0,9,0.0001
528.5,7,571240,0.2940,30.04,182.82,971,977,4,11,0,8,0,0,0,0,46.4,0,0,0,0,0,0,8,0.0003
528.75,7,571266,0.2940,29.15,184.06,952,990,1,12,0,10,0,0,0,0,46.4,0,0,0,0,0,0,9,0.0001
529,7,571230,0.2940,30.11,185.45,1013,989,5,12,0,15,0,0,0,0,46.4,0,0,0,0,0,0,9,0.0000
529.25,7,571330,0.2939,29.03,186.15,883,991,5,8,0,8,0,0,0,0,46.4,0,0,0,0,0,0,8,0.0002
529.5,7,571332,0.2939,29.78,186.89,973,991,4,16,0,11,0,0,0,0,46.4,0,0,0,0,0,0,9,0.0001
529.75,7,571329,0.2939,28.73,187.82,941,947,5,10,0,11,0,0,0,0,46.4,0,0,0,0,0,0,9,0.0000
530,7,571354,0.2939,29.28,187.75,900,933,5,8,0,11,0,0,0,0,46.4,0,0,0,0,0,0,8,0.0002
530.25,7,571350,0.2939,28.30,187.87,963,980,6,21,1,12,0,0,0,0,27.6,0,0,0,0,0,0,9,0.0001
530.5,7,571346,0.2939,29.24,187.74,921,930,7,13,0,13,0,0,0,0,27.6,0,0,0,0,0,0,9,0.0000
530.75,7,571355,0.2939,27.92,187.58,885,914,11,20,0,10,0,0,0,0,27.6,0,0,0,0,0,0,8,0.0002
531,7,571421,0.2938,28.97,186.12,850,930,6,14,0,13,0,0,0,0,27.6,0,0,0,0,0,1,9,0.0001
531.25,6,571452,0.2938,27.19,186.82,868,912,35,13,0,11,0,0,0,0,27.6,0,0,0,0,0,1,9,0.0000
531.5,6,571461,0.2938,27.83,187.39,880,898,7,9,0,10,0,0,0,0,27.6,0,0,0,0,0,0,8,0.0003
531.75,6,571400,0.2939,26.31,188.17,900,858,5,19,1,15,0,0,0,0,27.6,0,0,0,0,0,0,9,0.0002
532,6,571442,0.2938,26.85,188.66,830,891,6,19,0,10,0,0,0,0,27.6,0,0,0,0,0,0,9,0.0001
532.25,6,571507,0.2938,25.69,188.76,799,868,3,4,0,14,0,0,0,0,27.6,0,0,0,0,0,0,9,0.0000
532.5,6,571480,0.2938,26.13,188.93,814,803,3,16,0,10,0,0,0,0,27.6,0,0,0,0,0,0,8,0.0003
532.75,6,571517,0.2938,25.04,189.05,780,827,1,10,0,9,0,0,0,0,27.6,0,0,0,0,0,0,9,0.0002
533,6,571560,0.2938,25.73,188.67,816,866,2,7,1,10,0,0,0,0,27.6,0,0,0,0,0,0,9,0.0001
533.25,6,571619,0.2938,24.96,188.81,750,818,1,9,0,11,0,0,0,0,27.6,0,0,0,0,0,0,9,0.0001
533.5,6,571634,0.2937,25.36,188.88,786,811,3,10,0,8,0,0,0,0,27.6,0,0,0,0,0,0,8,0.0003
533.75,6,571644,0.2937,24.96,189.16,748,766,4,8,1,12,0,0,0,0,27.6,0,0,0,0,0,0,9,0.0002
534,6,571674,0.2937,25.36,189.47,783,819,0,6,0,16,0,0,0,0,27.6,0,0,0,0,0,0,9,0.0001
534.25,6,571657,0.2938,25.00,189.53,789,779,6,7,1,11,0,0,0,0,27.6,0,0,0,0,0,0,9,0.0001
534.5,6,571672,0.2938,25.47,190.11,772,792,2,5,0,11,0,0,0,0,27.6,0,0,0,0,0,0,8,0.0003
534.75,6,571667,0.2938,25.07,190.33,755,758,1,8,0,9,0,0,0,0,27.6,0,0,0,0,0,0,9,0.0002
535,6,571710,0.2938,25.42,190.61,752,804,2,9,0,12,0,0,0,0,27.6,0,0,0,0,0,0,9,0.0001
535.25,6,571709,0.2938,24.73,190.31,748,754,6,7,0,11,0,0,0,0,27.6,0,0,0,0,0,0,9,0.0001
535.5,6,571699,0.2938,24.45,190.51,791,785,0,4,0,10,0,0,0,0,27.6,0,0,0,0,0,0,8,0.0003
535.75,6,571672,0.2938,24.21,191.20,747,725,1,5,0,15,0,0,0,0,27.6,0,0,0,0,0,0,9,0.0002
536,6,571685,0.2938,23.00,191.84,724,741,1,4,1,10,0,0,0,0,27.6,0,0,0,0,0,0,9,0.0001
536.25,6,571681,0.2938,23.59,192.45,739,744,2,9,0,11,0,0,0,0,27.6,0,0,0,0,0,0,9,0.0000
536.5,6,571708,0.2938,22.31,193.01,741,772,1,4,1,10,0,0,0,0,27.6,0,0,0,0,0,0,8,0.0002
536.75,6,571671,0.2939,23.00,193.71,730,698,0,5,0,14,0,0,0,0,27.6,0,0,0,0,0,0,9,0.0001
537,6,571696,0.2939,21.57,194.42,708,734,1,1,0,11,0,0,0,0,27.6,0,0,0,0,0,0,9,0.0000
537.25,6,571694,0.2939,22.39,193.55,661,663,0,4,0,12,0,0,0,0,27.6,0,0,0,0,0,0,8,0.0002
537.5,6,571706,0.2939,20.91,192.24,713,731,2,6,0,12,0,0,0,0,27.6,0,0,0,0,0,0,9,0.0001
537.75,6,571708,0.2939,21.95,191.85,698,706,4,6,0,9,0,0,0,0,27.6,0,0,0,0,0,0,8,0.0003
538,6,571682,0.2939,20.39,191.49,727,703,4,3,0,10,0,0,0,0,27.6,0,0,0,0,0,0,9,0.0002
538.25,6,571728,0.2939,21.15,189.35,650,698,2,2,0,11,0,0,0,0,27.6,0,0,0,0,0,0,8,0.0004
538.5,6,571725,0.2939,19.74,188.81,705,705,7,3,0,5,0,0,0,0,27.6,0,0,0,0,0,0,4,0.0017
538.75,6,571729,0.2939,20.61,185.66,668,676,4,4,0,10,0,0,0,0,27.6,0,0,0,0,0,0,6,0.0025
539,6,571702,0.2939,19.24,181.40,715,692,8,6,0,5,0,0,0,0,27.6,0,0,0,0,0,0,5,0.0035
539.25,6,571667,0.2939,19.83,179.09,757,729,7,7,0,5,0,0,0,0,27.6,0,0,0,0,0,0,3,0.0052
539.5,6,571644,0.2940,19.22,179.51,770,756,15,10,0,9,0,0,0,0,27.6,0,0,0,0,0,0,6,0.0059
539.75,6,571632,0.2940,21.71,179.94,772,768,6,8,0,6,0,0,0,0,27.6,0,0,0,0,0,0,4,0.0073
540,6,571581,0.2940,20.30,173.86,852,808,5,7,2,6,0,0,0,0,27.6,0,0,0,0,0,0,5,0.0083
540.25,6,571611,0.2939,20.16,175.92,775,812,2,7,9,6,0,0,0,0,-37.9,0,0,0,0,0,0,4,0.0097
540.5,6,571562,0.2939,19.46,175.95,856,816,14,10,24,13,0,0,0,0,-37.9,0,0,0,0,0,0,9,0.0095
540.75,6,571582,0.2939,19.05,176.03,790,810,10,3,40,8,0,0,0,0,-37.9,0,0,0,0,0,0,7,0.0100
541,6,571532,0.2938,19.16,172.89,852,804,11,4,55,5,0,0,0,0,-37.9,0,0,0,0,0,0,5,0.0110
541.25,6,571574,0.2937,20.12,163.08,760,812,5,11,46,6,0,0,0,0,-37.9,0,0,0,0,0,0,4,0.0124
541.5,6,571630,0.2936,21.46,159.70,762,825,3,7,47,4,0,0,0,0,-37.9,0,0,0,0,0,0,3,0.0140
541.75,6,571642,0.2935,22.55,144.18,755,781,4,15,42,7,0,0,0,0,-37.9,0,0,0,0,0,0,6,0.0147
542,6,571661,0.2934,23.93,135.40,728,755,2,8,50,11,0,0,0,0,-37.9,0,0,0,0,0,0,5,0.0158
542.25,6,571620,0.2933,25.35,120.63,728,704,6,17,45,7,0,0,0,0,-37.9,0,0,0,0,0,0,5,0.0168
542.5,6,571620,0.2932,26.98,111.34,655,668,4,13,47,5,0,0,0,0,-37.9,0,0,0,0,0,0,4,0.0182
542.75,6,571571,0.2932,28.48,102.41,696,660,5,13,37,8,0,0,0,0,-37.9,0,0,0,0,0,0,5,0.0192
543,6,571551,0.2931,29.95,98.30,662,651,7,9,28,9,0,0,0,0,-37.9,0,0,0,0,0,0,7,0.0197
543.25,6,571600,0.2931,30.74,97.84,590,647,5,8,21,10,0,0,0,0,-37.9,0,0,0,0,0,0,9,0.0196
543.5,6,571662,0.2930,30.68,94.96,612,681,1,7,23,7,0,0,0,0,-37.9,0,0,0,0,0,0,6,0.0203
543.75,6,571634,0.2930,30.06,94.39,660,635,3,3,19,7,0,0,0,0,-37.9,0,0,0,0,0,0,7,0.0208
544,6,571652,0.2930,29.96,93.74,679,700,0,3,15,5,0,0,0,0,-37.9,0,0,0,0,0,0,5,0.0218
544.25,6,571665,0.2929,29.50,97.25,693,710,2,4,13,8,0,0,0,0,-37.9,0,0,0,0,0,0,6,0.0226
544.5,6,571699,0.2929,29.23,106.83,696,731,1,1,12,3,0,0,0,0,-37.9,0,0,0,0,0,0,3,0.0242
544.75,6,571717,0.2929,28.67,113.59,736,756,0,2,8,5,0,0,0,0,-37.9,0,0,0,0,0,0,5,0.0252
545,6,571806,0.2928,28.34,119.17,711,801,1,1,11,7,0,0,0,0,-37.9,0,0,0,0,0,0,4,0.0265
545.25,6,571880,0.2928,27.63,123.39,761,835,0,0,11,10,0,0,0,0,-37.9,0,0,0,0,0,0,7,0.0269
545.5,6,571908,0.2928,27.00,129.28,759,788,2,1,11,9,0,0,0,0,-37.9,0,0,0,0,0,0,8,0.0270
545.75,6,571880,0.2928,26.15,132.54,799,773,1,2,9,8,0,0,0,0,-37.9,0,0,0,0,0,0,7,0.0274
546,6,571852,0.2928,27.44,138.01,796,768,27744,0,9,8,0,0,0,0,-37.9,0,0,0,0,0,0,7,0.0278
546.25,6,571733,0.2929,27.53,144.06,941,826,3,4,4,15,0,0,0,0,-37.9,0,0,0,0,0,0,12,0.0267
546.5,6,571724,0.2929,27.88,152.39,929,921,4,1,2,13,0,0,0,0,-37.9,0,0,0,0,0,0,12,0.0256
546.75,6,571631,0.2929,28.49,154.80,1006,925,2,12,3,20,0,0,0,0,-37.9,0,0,0,0,0,0,19,0.0225
547,6,571584,0.2930,29.46,160.61,1000,959,5,6,6,27,0,0,0,0,-37.9,0,0,0,0,0,0,27,0.0170
547.25,6,571529,0.2930,29.96,156.76,1060,1010,5,6,4,26,0,0,0,0,-37.9,0,0,0,0,0,0,26,0.0117
547.5,6,571464,0.2931,30.58,160.87,1078,1020,3,7,1,27,0,0,0,0,-37.9,0,0,0,0,0,0,24,0.0071
547.75,6,571430,0.2932,30.79,159.81,1041,1015,1,8,2,26,0,0,0,0,-37.9,0,0,0,0,0,0,23,0.0027
548,6,571386,0.2932,30.96,162.54,1080,1042,2,6,0,19,0,0,0,0,-37.9,0,0,0,0,0,0,17,0.0002
548.25,6,571402,0.2932,31.07,166.94,1057,1080,1,7,1,8,0,0,0,0,-37.9,0,0,0,0,0,0,8,0.0002
548.5,6,571319,0.2933,30.88,163.54,1078,999,7,5,0,9,0,0,0,0,-37.9,0,0,0,0,0,0,8,0.0003
548.75,6,571299,0.2933,30.50,166.90,1065,1052,2,7,1,12,0,0,0,0,-37.9,0,0,0,0,0,0,9,0.0000
549,6,571237,0.2933,29.99,160.43,1079,1027,5,10,3,9,0,0,0,0,-37.9,0,0,0,0,0,0,8,0.0001
549.25,6,571243,0.2933,29.06,161.26,1020,1033,5,7,3,11,0,0,0,0,-37.9,0,0,0,0,0,0,8,0.0001
549.5,6,571205,0.2933,27.34,151.06,1019,987,4,7,4,10,0,0,0,0,-37.9,0,0,0,0,0,0,8,0.0001
549.75,6,571175,0.2934,25.82,142.39,985,967,4,12,6,11,0,0,0,0,-37.9,0,0,0,0,0,0,8,0.0002
550,6,571155,0.2933,23.99,135.08,951,941,6,10,11,9,0,0,0,0,-37.9,0,0,0,0,0,0,8,0.0002
550.25,6,571145,0.2933,22.25,117.40,848,852,8,14,7,9,0,0,0,0,-99.2,0,0,0,0,0,0,8,0.0002
550.5,6,571102,0.2933,20.57,109.59,832,812,4,23,13,9,0,0,0,0,-99.2,0,0,0,0,0,0,8,0.0003
550.75,6,571048,0.2933,21.18,94.06,851,811,10,14,13,10,0,0,0,0,-99.2,0,0,0,0,0,0,8,0.0003
551,6,571048,0.2933,22.35,96.62,759,791,5,32,6,11,0,0,0,0,-99.2,0,0,0,0,0,0,9,0.0000
551.25,6,571075,0.2932,23.34,77.41,759,799,1,13,7,9,0,0,0,0,-99.2,0,0,0,0,0,0,8,0.0001
551.5,6,571091,0.2932,24.11,76.54,786,808,3,6,3,9,0,0,0,0,-99.2,0,0,0,0,0,0,8,0.0001
551.75,6,571025,0.2933,25.72,80.02,790,735,4,11,3,8,0,0,0,0,-99.2,0,0,0,0,0,0,8,0.0001
552,6,571014,0.2933,27.47,80.45,779,781,3,13,2,11,0,0,0,0,-99.2,0,0,0,0,0,0,8,0.0002
552.25,6,570966,0.2933,29.14,82.97,851,825,6,22,1,10,0,0,0,0,-99.2,0,0,0,0,0,0,8,0.0002
552.5,6,571015,0.2932,30.54,84.49,825,882,7,8,0,11,0,0,0,0,-99.2,0,0,0,0,0,0,8,0.0003
552.75,6,571007,0.2933,31.43,86.40,871,868,13,8,1,10,0,0,0,0,-99.2,0,0,0,0,0,0,9,0.0000
553,6,571055,0.2932,32.06,87.40,832,892,695,12,0,8,0,0,0,0,-99.2,0,0,0,0,0,0,8,0.0001
553.25,6,571050,0.2932,31.53,87.73,894,907,9,18,0,9,0,0,0,0,-99.2,0,0,0,0,0,0,8,0.0001
553.5,6,571112,0.2932,30.55,93.46,845,922,9,15,0,9,0,0,0,0,-99.2,0,0,0,0,0,0,8,0.0001
553.75,6,571104,0.2932,29.41,104.01,939,944,13,13,0,9,0,0,0,0,-99.2,0,0,0,0,0,0,8,0.0002
554,6,571124,0.2931,28.40,108.65,896,935,16,19,0,11,0,0,0,0,-99.2,0,0,0,0,0,0,8,0.0003
554.25,6,571117,0.2931,27.27,119.72,912,927,14,23,0,12,0,0,0,0,-99.2,0,0,0,0,0,0,9,0.0001
554.5,6,571161,0.2931,26.00,123.29,808,874,5,22,0,9,0,0,0,0,-99.2,0,0,0,0,0,0,8,0.0001
554.75,7,571168,0.2931,24.92,127.18,747,773,6,19,0,9,0,0,0,0,-99.2,1,1,0,0,0,0,8,0.0002
555,7,571214,0.2930,23.37,132.57,718,783,3,19,0,13,0,0,2,0,-99.2,0,1,0,0,0,0,9,0.0001
555.25,7,571195,0.2930,24.97,138.75,713,723,4,29,0,13,0,0,1,0,-99.2,0,1,0,0,0,0,8,0.0002
555.5,7,571259,0.2930,25.10,144.88,660,732,3,8,0,9,0,0,0,1,-99.2,0,1,0,0,0,0,8,0.0003
555.75,7,571311,0.2929,26.15,152.17,657,726,2,17,0,10,0,0,1,1,-99.2,0,1,0,0,0,0,9,0.0001
556,7,571367,0.2929,26.25,157.28,625,702,2,21,0,11,0,0,0,1,-99.2,0,1,0,0,0,0,8,0.0002
556.25,7,571352,0.2929,26.13,159.38,680,678,8,13,0,12,0,0,0,1,-99.2,0,1,0,0,0,0,8,0.0003
556.5,7,571363,0.2929,25.82,163.13,636,657,1,10,0,12,0,0,0,1,-99.2,0,1,0,0,0,0,9,0.0001
556.75,7,571332,0.2929,25.63,166.72,661,650,7,20,0,9,0,0,0,1,-99.2,0,1,0,0,0,0,8,0.0002
557,7,571381,0.2929,25.47,170.10,631,689,5,9,0,10,0,0,0,1,-99.2,0,1,0,0,0,0,9,0.0000
557.25,7,571339,0.2929,24.89,170.17,692,670,4,20,0,9,0,0,0,1,-99.2,0,1,0,0,0,0,8,0.0001
557.5,7,571431,0.2928,24.65,172.34,625,725,4,9,0,8,0,0,0,1,-99.2,0,1,0,0,0,0,8,0.0003
557.75,7,571390,0.2928,23.46,174.05,665,641,5,17,0,11,0,0,0,1,-99.2,0,1,0,0,0,0,9,0.0001
558,7,571429,0.2928,23.78,176.11,622,674,5,13,0,9,0,0,0,1,-99.2,0,1,0,0,0,0,8,0.0002
558.25,7,571536,0.2928,22.41,178.08,594,708,3,7,0,11,0,0,0,1,-99.2,0,1,0,0,0,0,9,0.0001
558.5,7,571606,0.2927,23.45,178.02,557,639,4,12,0,10,0,0,0,1,-99.2,0,1,0,0,0,0,8,0.0002
558.75,7,571680,0.2927,22.21,179.88,608,695,8,14,0,11,0,0,0,1,-99.2,0,1,0,0,0,0,9,0.0000
559,7,571738,0.2927,22.93,178.03,568,637,2,11,0,10,0,0,0,1,-99.2,0,1,0,0,0,0,8,0.0002
559.25,7,571754,0.2926,22.09,177.34,643,687,3,28,3,10,0,0,0,1,-99.2,0,1,0,0,0,0,9,0.0000
559.5,7,571857,0.2926,23.02,177.83,511,619,4,5,0,13,0,0,0,1,-99.2,0,1,0,0,0,0,8,0.0002
559.75,7,571922,0.2926,22.69,174.67,562,636,4,9,1,12,0,0,0,1,-99.2,0,1,0,0,0,0,9,0.0000
560,7,571960,0.2925,24.03,176.63,580,624,0,6,4,10,0,0,0,1,-99.2,0,1,0,0,0,0,8,0.0002
560.25,7,572051,0.2925,23.63,179.39,544,649,4,14,3,13,0,0,0,1,-135.0,0,1,0,0,0,0,9,0.0000
560.5,7,572142,0.2924,24.93,131.11,541,641,6,9,6,8,0,0,0,1,-135.0,0,1,0,0,0,0,8,0.0002
560.75,7,572192,0.2924,25.08,134.19,548,604,3,6,1,8,0,0,0,1,-135.0,0,1,0,0,0,0,8,0.0003
561,7,572316,0.2923,25.55,143.08,513,639,4,3,5,10,0,0,0,1,-135.0,0,1,0,0,0,0,9,0.0001
561.25,7,572379,0.2923,25.92,133.96,514,586,2,9,6,10,0,0,0,1,-135.0,0,1,0,0,0,0,8,0.0002
561.5,7,572437,0.2923,26.62,142.13,533,593,2,2,6,11,0,0,0,1,-135.0,0,1,0,0,0,0,9,0.0001
561.75,7,572503,0.2922,25.94,109.31,525,598,0,7,4,9,0,0,0,1,-135.0,0,1,0,0,0,0,8,0.0002
562,7,572575,0.2922,28.70,93.17,507,585,2,6,6,12,0,0,0,1,-135.0,0,1,0,0,0,0,9,0.0000
562.25,7,572631,0.2922,26.76,82.30,513,574,2,5,4,7,0,0,0,1,-135.0,0,1,0,0,0,0,5,0.0010
562.5,7,572648,0.2922,29.65,80.49,535,556,0,4,4,10,0,0,0,1,-135.0,0,1,0,0,0,0,4,0.0023
562.75,7,572692,0.2921,27.73,72.97,580,625,2,1,4,6,0,0,0,1,-135.0,0,1,0,0,0,0,3,0.0038
563,7,572734,0.2921,30.29,68.17,515,561,1,4,5,7,0,0,0,1,-135.0,0,1,0,0,0,0,4,0.0051
563.25,7,572789,0.2921,30.00,73.93,527,587,1,5,5,4,0,0,0,1,-135.0,0,1,0,0,0,0,4,0.0064
563.5,7,572812,0.2921,31.08,67.81,587,612,1,2,5,13,0,0,0,1,-135.0,0,1,0,0,0,0,9,0.0062
563.75,7,572829,0.2921,31.01,63.48,648,676,0,11,5,11,0,0,0,1,-135.0,0,1,0,0,0,0,11,0.0054
564,7,572822,0.2921,32.11,66.34,739,736,3,4,2,7,0,0,0,1,-135.0,0,1,0,0,0,0,6,0.0060
564.25,7,572785,0.2921,32.48,63.37,746,719,0,10,3,13,0,0,0,1,-135.0,0,1,0,0,0,0,13,0.0046
564.5,7,572795,0.2921,33.43,61.12,766,779,2,3,4,15,0,0,0,1,-135.0,0,1,0,0,0,0,15,0.0026
564.75,7,572819,0.2921,33.49,57.84,809,857,2,24,1,14,0,0,0,1,-135.0,0,1,0,0,0,0,12,0.0016
565,7,572830,0.2921,34.26,56.11,787,799,1,1,2,15,0,0,0,1,-135.0,0,1,0,0,0,0,12,0.0005
565.25,7,572832,0.2921,33.64,56.13,872,879,3,5,2,7,0,0,0,1,-135.0,0,1,0,0,0,0,7,0.0008
565.5,7,572870,0.2921,33.95,55.87,831,871,0,2,1,10,0,0,0,1,-135.0,0,1,0,0,0,0,10,0.0003
565.75,7,572930,0.2921,33.97,55.29,820,884,2,4,0,14,0,0,0,1,-135.0,0,1,0,0,0,0,9,0.0001
566,7,572940,0.2921,34.46,55.03,867,878,1,1,0,9,0,0,0,1,-135.0,0,1,0,0,0,0,8,0.0001
566.25,7,572980,0.2921,33.70,54.43,868,910,1,2,1,10,0,0,0,1,-135.0,0,1,0,0,0,0,8,0.0002
566.5,7,572974,0.2921,33.68,54.31,888,888,2,6,0,11,0,0,0,1,-135.0,0,1,0,0,0,0,8,0.0003
566.75,7,573026,0.2921,33.02,54.26,846,904,5,6,1,11,0,0,0,1,-135.0,0,1,0,0,0,0,9,0.0000
567,7,573059,0.2920,33.13,54.29,873,912,2,6,0,8,0,0,0,1,-135.0,0,1,0,0,0,0,8,0.0001
567.25,7,573064,0.2920,32.87,54.19,881,899,3,13,0,11,0,0,0,1,-135.0,0,1,0,0,0,0,8,0.0001
567.5,7,573099,0.2920,33.37,54.21,875,917,7,7,11,13,0,0,0,1,-135.0,0,1,0,0,0,0,8,0.0002
567.75,7,573104,0.2920,33.16,53.62,931,951,11,15,16,10,0,0,0,1,-135.0,0,1,0,0,0,0,8,0.0002
568,7,573118,0.2920,32.91,53.60,903,926,9,9,7,8,0,0,0,1,-135.0,0,1,0,0,0,0,8,0.0003
568.25,7,573128,0.2919,32.51,53.54,905,936,14,21,12,10,0,0,0,1,-135.0,0,1,0,0,0,1,9,0.0001
568.5,6,573134,0.2919,32.04,64.71,877,908,14,25,13,9,0,0,0,1,-135.0,0,1,0,0,0,1,8,0.0002
568.75,6,573115,0.2918,32.08,58.09,920,918,12,18,8,10,0,0,0,1,-135.0,0,1,0,0,0,0,8,0.0003
569,6,573177,0.2918,31.77,53.32,830,915,9,23,16,11,0,0,0,1,-135.0,0,1,0,0,0,0,9,0.0001
569.25,6,573151,0.2917,31.21,56.23,876,873,8,23,11,11,0,0,0,1,-135.0,0,1,0,0,0,0,8,0.0002
569.5,6,573179,0.2917,30.79,53.77,842,892,9,22,16,10,0,0,0,1,-135.0,0,1,0,0,0,0,9,0.0000
569.75,6,573240,0.2916,30.94,58.51,838,924,5,25,11,10,0,0,0,1,-135.0,0,1,0,0,0,0,8,0.0002
570,6,573232,0.2916,29.64,54.29,823,839,1,24,18,11,0,0,0,1,-135.0,0,1,0,0,0,0,9,0.0001
570.25,6,573310,0.2915,29.22,54.54,771,868,6,19,10,10,0,0,0,1,-153.8,0,1,0,0,0,0,8,0.0002
570.5,6,573326,0.2914,28.54,55.07,785,817,8,18,14,9,0,0,0,1,-153.8,0,1,0,0,0,0,9,0.0001
570.75,6,573363,0.2914,28.05,55.60,741,798,2,20,13,9,0,0,0,1,-153.8,0,1,0,0,0,0,9,0.0000
571,6,573415,0.2913,27.05,56.04,720,786,7,14,11,9,0,0,0,1,-153.8,0,1,0,0,0,0,8,0.0002
571.25,6,573421,0.2913,27.18,56.19,722,746,4,18,6,10,0,0,0,1,-153.8,0,1,0,0,0,0,9,0.0002
571.5,6,573513,0.2912,27.27,56.65,639,752,5,21,10,9,0,0,0,1,-153.8,0,1,0,0,0,0,9,0.0001
571.75,6,573565,0.2912,26.87,56.86,608,668,5,8,7,8,0,0,0,1,-153.8,0,1,0,0,0,0,8,0.0003
572,6,573615,0.2911,26.81,56.84,617,679,4,12,10,6,0,0,0,1,-153.8,0,1,0,0,0,0,5,0.0014
572.25,6,573665,0.2911,26.40,56.98,552,613,4,11,4,7,0,0,0,1,-153.8,0,1,0,0,0,0,6,0.0022
572.5,6,573714,0.2910,28.29,56.95,530,583,5,4,2,6,0,0,0,1,-153.8,0,1,0,0,0,0,6,0.0030
572.75,6,573771,0.2910,25.32,67.05,572,643,3,14,1,6,0,0,0,1,-153.8,0,1,0,0,0,0,4,0.0044
573,6,573822,0.2910,26.40,58.57,540,597,3,6,2,7,0,0,0,1,-153.8,0,1,0,0,0,0,6,0.0052
573.25,6,573878,0.2909,23.91,56.23,531,598,3,11,3,7,0,0,0,1,-153.8,0,1,0,0,0,0,6,0.0061
573.5,6,573940,0.2909,25.51,55.93,522,593,2,9,5,5,0,0,0,1,-153.8,0,1,0,0,0,0,4,0.0075
573.75,6,573967,0.2909,23.38,55.49,494,532,3,11,0,8,0,0,0,1,-153.8,0,1,0,0,0,0,8,0.0077
574,6,573969,0.2908,26.30,55.19,567,583,10,14,13,12,0,0,0,1,-153.8,0,1,0,0,0,0,8,0.0079
574.25,6,574007,0.2908,24.16,54.76,516,559,4,5,2,6,0,0,0,1,-153.8,0,1,0,0,0,0,5,0.0090
574.5,6,574022,0.2908,26.99,54.55,536,568,10,17,3,12,0,0,0,1,-153.8,0,1,0,0,0,0,9,0.0090
574.75,6,574017,0.2908,24.15,53.87,608,622,6,19,3,5,0,0,0,1,-153.8,0,1,0,0,0,0,5,0.0101
575,6,574020,0.2908,25.62,53.57,617,631,6,11,3,4,0,0,0,1,-153.8,0,1,0,0,0,0,4,0.0115
575.25,6,574056,0.2907,23.85,53.06,547,604,4,21,0,8,0,0,0,1,-153.8,0,1,0,0,0,0,6,0.0124
575.5,6,574117,0.2907,24.90,52.81,568,648,3,19,2,10,0,0,0,1,-153.8,0,1,0,0,0,0,6,0.0132
575.75,6,574145,0.2906,23.31,52.46,610,655,3,17,10,4,0,0,0,1,-153.8,0,1,0,0,0,0,1,0.0155
576,6,574203,0.2905,24.19,52.28,578,657,5,21,10,8,0,0,0,1,-153.8,0,1,0,0,0,0,5,0.0167
576.25,6,574199,0.2905,23.00,51.61,653,668,4,19,12,5,0,0,0,1,-153.8,0,1,0,0,0,0,3,0.0184
576.5,6,574232,0.2904,23.03,51.42,599,653,2,21,15,4,0,0,0,1,-153.8,0,1,0,0,0,0,3,0.0202
576.75,6,574319,0.2903,22.25,51.19,589,695,8,19,13,7,0,0,0,1,-153.8,0,1,0,0,0,0,4,0.0216
577,6,574364,0.2903,22.27,51.40,591,658,11,22,10,4,0,0,0,1,-153.8,0,1,0,0,0,0,1,0.0240
577.25,6,574369,0.2902,21.52,50.51,600,631,9,26,4,2,0,0,0,1,-153.8,0,1,0,0,0,0,2,0.0261
577.5,6,574394,0.2901,21.49,50.69,635,685,8,25,8,2,0,0,0,1,-153.8,0,1,0,0,0,0,0,0.0287
577.75,6,574441,0.2901,21.16,49.66,591,668,5,30,6,1,0,0,0,1,-153.8,0,1,0,0,0,0,1,0.0311
578,6,574548,0.2900,20.94,50.15,580,714,7,27,1,5,0,0,0,1,-153.8,0,1,0,0,0,0,2,0.0332
578.25,6,574580,0.2899,20.92,51.29,612,671,9,27,3,6,0,0,0,1,-153.8,0,1,0,0,0,0,4,0.0348
578.5,7,574619,0.2898,20.37,52.90,627,697,6,31,1,6,1,0,0,0,-153.8,0,1,0,0,0,0,3,0.0366
578.75,7,574676,0.2898,20.81,54.38,558,650,8,35,0,12,0,0,2,0,-153.8,0,1,0,0,0,0,7,0.0373
579,7,574757,0.2897,23.29,55.27,607,710,5,22,0,6,0,0,0,0,-153.8,0,1,0,0,0,0,3,0.0392
579.25,7,574749,0.2896,22.52,58.23,676,708,4,40,2,4,0,0,0,0,-153.8,0,1,0,0,0,0,2,0.0414
579.5,7,574802,0.2896,21.91,60.98,628,704,1,23,0,4,0,0,0,0,-153.8,0,1,0,0,0,0,3,0.0433
579.75,7,574832,0.2895,23.07,62.40,636,682,5,16,1,3,0,0,0,0,-153.8,0,1,0,0,0,0,1,0.0458
580,7,574892,0.2895,22.16,64.92,664,748,5,24,1,4,0,0,0,0,-153.8,0,1,0,0,0,0,2,0.0480
580.25,7,574915,0.2894,23.51,63.73,662,709,8,24,1,3,0,0,0,0,-169.6,0,1,0,0,0,0,2,0.0503
580.5,7,574996,0.2893,22.55,64.86,704,816,9,31,1,4,0,0,0,0,-169.6,0,1,0,0,0,0,1,0.0528
580.75,7,574974,0.2893,25.71,64.79,704,707,10141,25,1,2,0,0,0,0,-169.6,0,1,0,0,0,0,0,0.0557
581,7,575052,0.2893,28.35,64.27,780,872,3,14,0,7,0,0,0,0,-169.6,0,1,0,0,0,0,5,0.0571
581.25,7,575011,0.2893,31.20,63.78,941,917,4,17,0,8,0,0,0,0,-169.6,0,1,0,0,0,0,7,0.0579
581.5,7,575073,0.2892,31.98,64.83,957,1041,3,22,1,6,0,0,0,0,-169.6,0,1,0,0,0,0,3,0.0599
581.75,7,575099,0.2892,33.37,66.43,986,1031,4,20,1,3,0,0,0,0,-169.6,0,1,0,0,0,0,3,0.0619
582,7,575139,0.2891,34.33,67.33,1060,1123,5,23,1,3,0,0,0,0,-169.6,0,1,0,0,0,0,1,0.0645
582.25,7,575103,0.2891,35.59,69.95,1108,1098,2,26,0,3,0,0,0,0,-169.6,0,1,0,0,0,0,1,0.0671
582.5,7,575160,0.2890,35.55,71.58,1128,1209,2,24,4,3,0,0,0,0,-169.6,0,1,0,0,0,0,1,0.0697
582.75,7,575161,0.2890,35.79,71.66,1157,1179,5,21,0,1,0,0,0,0,-169.6,0,1,0,0,0,0,0,0.0727
583,7,575171,0.2889,35.94,70.41,1148,1183,8748,25,0,3,0,0,0,0,-169.6,0,1,0,0,0,0,1,0.0753
583.25,7,575018,0.2890,36.16,66.37,1298,1168,11,24,0,4,0,0,0,0,-169.6,0,1,0,0,0,0,3,0.0774
583.5,7,574958,0.2889,35.24,61.97,1262,1238,11,36,0,6,0,0,0,0,-169.6,0,1,0,0,0,0,5,0.0789
583.75,7,574889,0.2889,33.72,59.32,1252,1216,5,33,0,6,0,0,0,0,-169.6,0,1,0,0,0,0,5,0.0804
584,7,574844,0.2889,32.40,58.03,1152,1138,4,31,1,1,0,0,0,0,-169.6,0,1,0,0,0,0,0,0.0834
584.25,7,574792,0.2889,30.02,56.85,1166,1155,15,41,0,7,0,0,0,0,-169.6,0,1,0,0,0,0,2,0.0858
584.5,7,574805,0.2888,27.79,54.91,1022,1070,8,36,1,4,0,0,0,0,-169.6,0,1,0,0,0,0,2,0.0883
584.75,7,574848,0.2887,26.03,53.84,924,1008,10,41,2,2,0,0,0,0,-169.6,0,1,0,0,0,0,1,0.0910
585,7,574910,0.2886,24.83,52.83,861,950,5,27,0,2,0,0,0,0,-169.6,0,1,0,0,0,0,0,0.0941
585.25,7,574954,0.2886,24.29,51.61,757,836,2,35,0,4,0,0,0,0,-169.6,0,1,0,0,0,0,1,0.0969
585.5,7,574983,0.2885,24.29,50.28,769,831,8,33,1,6,0,0,0,0,-169.6,0,1,0,0,0,0,2,0.0994
585.75,7,575034,0.2884,24.25,48.47,796,866,4,20,3,2,0,0,0,0,-169.6,0,1,0,0,0,0,1,0.1022
586,7,575040,0.2884,23.50,47.21,760,795,2,29,1,2,0,0,0,0,-169.6,0,1,0,0,0,0,1,0.1050
586.25,7,575061,0.2883,23.63,46.84,747,795,7,27,0,2,0,0,0,0,-169.6,0,1,0,0,0,0,1,0.1078
586.5,7,575117,0.2883,22.35,47.08,678,758,4,24,0,5,0,0,0,0,-169.6,0,1,0,0,0,0,2,0.1103
586.75,7,575146,0.2882,23.11,46.20,700,756,7,27,3,5,0,0,0,0,-169.6,0,1,0,0,0,0,3,0.1126
587,7,575171,0.2882,21.94,45.54,722,779,7,32,0,8,0,0,0,0,-169.6,0,1,0,0,0,0,6,0.1140
587.25,7,575260,0.2881,22.77,44.16,598,715,4,29,2,10,0,0,0,0,-169.6,0,1,0,0,0,0,5,0.1156
587.5,8,575305,0.2880,22.33,43.25,635,708,8,28,1,9,0,0,0,0,-169.6,1,2,0,0,0,0,3,0.1179
587.75,8,575308,0.2880,20.57,41.10,649,674,4,22,1,4,0,0,1,0,-169.6,0,2,0,0,0,0,2,0.1205
588,8,575323,0.2879,20.73,39.89,588,625,8,22,0,3,0,0,2,0,-169.6,0,2,0,0,0,0,2,0.1231
588.25,8,575345,0.2879,20.29,39.27,596,641,6,23,0,5,0,0,0,0,-169.6,0,2,0,0,0,0,3,0.1254
588.5,8,575346,0.2879,20.46,38.72,596,618,8,21,1,6,0,0,0,0,-169.6,0,2,0,0,0,0,2,0.1280
588.75,8,575315,0.2879,19.23,38.62,626,612,8,17,0,0,0,0,0,0,-169.6,0,2,0,0,0,0,0,0.1312
589,8,575201,0.2879,20.45,38.84,698,599,4,15,2,8,0,0,0,0,-169.6,0,2,0,0,0,0,4,0.1332
589.25,8,575127,0.2879,18.93,39.47,642,592,4,24,0,7,0,0,0,0,-169.6,0,2,0,0,0,0,4,0.1353
589.5,8,575092,0.2879,22.61,39.49,592,573,4,16,0,8,0,0,0,0,-169.6,0,2,0,0,0,0,3,0.1376
589.75,8,575025,0.2879,19.45,39.66,641,605,7,31,1,9,0,0,0,0,-169.6,0,2,0,0,0,0,2,0.1402
590,8,575003,0.2879,21.38,40.43,606,592,5,9,1,6,0,0,0,0,-169.6,0,2,0,0,0,0,4,0.1423
590.25,8,575036,0.2879,19.57,41.26,590,645,2,22,0,8,0,0,0,0,-197.8,0,2,0,0,0,0,5,0.1440
590.5,8,575076,0.2878,23.12,41.66,595,650,1,15,1,8,0,0,0,0,-197.8,0,2,0,0,0,0,4,0.1461
590.75,8,575102,0.2878,20.88,41.87,618,670,10,26,0,8,0,0,0,0,-197.8,0,2,0,0,0,0,3,0.1484
591,8,575131,0.2878,22.31,42.87,611,652,3,12,0,8,0,0,0,0,-197.8,0,2,0,0,0,0,5,0.1502
591.25,8,575166,0.2878,21.81,43.32,621,665,5,9,0,6,0,0,0,0,-197.8,0,2,0,0,0,0,2,0.1528
591.5,8,575193,0.2877,22.73,43.33,598,636,4,11,0,3,0,0,0,0,-197.8,0,2,0,0,0,0,3,0.1552
591.75,8,575221,0.2877,22.03,43.38,642,681,11,11,2,4,0,0,0,0,-197.8,0,2,0,0,0,0,0,0.1584
592,8,575304,0.2876,23.27,43.49,553,649,3,13,0,3,0,0,0,0,-197.8,0,2,0,0,0,0,1,0.1614
592.25,8,575332,0.2876,22.48,44.55,640,682,3,14,0,3,0,0,0,0,-197.8,0,2,0,0,0,0,1,0.1643
592.5,8,575356,0.2876,24.08,45.33,621,662,3,17,0,3,0,0,0,0,-197.8,0,2,0,0,0,0,0,0.1676
592.75,8,575412,0.2875,22.36,46.78,674,744,2,14,0,3,0,0,0,0,-197.8,0,2,0,0,0,0,1,0.1705
593,8,575456,0.2875,23.89,48.24,652,707,3,11,1,4,0,0,0,0,-197.8,0,2,0,0,0,0,2,0.1732
593.25,8,575471,0.2875,23.43,49.47,659,692,5,18,0,6,0,0,0,0,-197.8,0,2,0,0,0,0,1,0.1761
593.5,8,575516,0.2874,24.47,49.97,660,716,1,11,0,12,0,0,0,0,-197.8,0,2,0,0,0,0,7,0.1773
593.75,8,575531,0.2874,23.21,50.69,690,723,6,18,0,8,0,0,0,0,-197.8,0,2,0,0,0,0,6,0.1788
594,8,575594,0.2874,24.23,50.97,644,718,1,11,1,8,0,0,0,0,-197.8,0,2,0,0,0,0,6,0.1803
594.25,8,575629,0.2873,24.28,51.37,644,707,5,28,0,14,0,0,0,0,-197.8,0,2,0,0,0,0,9,0.1809
594.5,8,575715,0.2873,24.83,52.07,660,753,3,7,0,7,0,0,0,0,-197.8,0,2,0,0,0,0,5,0.1827
594.75,8,575646,0.2873,25.30,52.91,717,674,10,27,0,9,0,0,0,0,-197.8,0,2,0,0,0,0,5,0.1845
595,7,575698,0.2872,25.59,53.74,680,751,4,19,0,6,0,1,0,0,-197.8,0,1,0,0,1,0,4,0.1866
595.25,7,575760,0.2875,25.93,54.59,721,800,4,17,0,167,0,0,0,0,-197.8,0,1,0,0,0,0,163,0.1419
595.5,7,575762,0.2876,26.61,54.87,729,743,4,12,0,91,0,0,0,0,-197.8,0,1,0,0,0,0,88,0.1193
595.75,7,575798,0.2877,27.13,55.20,780,831,5,15,0,52,0,0,0,0,-197.8,0,1,0,0,0,0,51,0.1076
596,7,575794,0.2877,27.86,55.88,809,820,6,15,0,45,0,0,0,0,-197.8,0,1,0,0,0,0,42,0.0985
596.25,7,575826,0.2877,28.43,55.86,879,928,5,17,0,26,0,0,0,0,-197.8,0,1,0,0,0,0,19,0.0962
596.5,7,575829,0.2877,28.90,56.04,877,889,6,9,0,15,0,0,0,0,-197.8,0,1,0,0,0,0,14,0.0953
596.75,7,575836,0.2877,29.04,57.63,891,916,5,18,0,14,0,0,0,1,-197.8,0,1,0,0,0,0,11,0.0954
597,7,575857,0.2877,29.60,72.60,906,942,4,15,0,11,0,0,0,1,-197.8,0,1,0,0,0,0,10,0.0957
597.25,7,575836,0.2877,30.18,60.08,954,949,8,16,0,11,0,0,0,1,-197.8,0,1,0,0,0,0,9,0.0964
597.5,7,575890,0.2877,30.34,59.79,909,981,5,18,0,17,0,0,0,1,-197.8,0,1,0,0,0,0,12,0.0961
597.75,7,575897,0.2877,30.07,59.58,912,932,2,13,0,12,0,0,0,1,-197.8,0,1,0,0,0,0,9,0.0968
598,7,575965,0.2876,35.96,64.07,870,945,8878,11,0,11,0,0,0,1,-197.8,0,1,0,0,0,0,7,0.0980
598.25,7,575809,0.2877,35.46,66.64,1126,985,10,15,0,10,0,0,0,1,-197.8,0,1,0,0,0,0,9,0.0986
598.5,7,575817,0.2877,34.96,69.91,1019,1041,4,14,0,15,0,0,0,1,-197.8,0,1,0,0,0,0,13,0.0981
598.75,7,575775,0.2877,33.99,74.09,1086,1058,11,15,0,15,0,0,0,1,-197.8,0,1,0,0,0,0,11,0.0981
599,7,575792,0.2877,34.01,78.08,1008,1040,7,15,0,16,0,0,0,1,-197.8,0,1,0,0,0,0,11,0.0982
599.25,7,575726,0.2877,32.75,78.71,1086,1040,6,20,0,15,0,0,0,1,-197.8,0,1,0,0,0,0,13,0.0976
599.5,7,575767,0.2877,32.61,79.82,985,1042,6,16,0,14,0,0,0,1,-197.8,0,1,0,0,0,0,10,0.0980
599.75,7,575801,0.2877,31.77,79.55,1037,1085,8,16,0,16,0,0,0,0,-197.8,0,1,0,0,0,0,13,0.0974
600,7,575779,0.2877,31.57,78.07,995,991,4,18,0,16,0,0,0,0,-197.8,0,1,0,0,0,0,11,0.0975
600.25,7,575742,0.2877,29.60,77.75,1027,1021,10,31,0,8,0,0,0,0,-199.7,0,1,0,0,0,0,6,0.0990
600.5,7,575637,0.2877,28.81,75.83,1040,960,9,26,0,6,0,0,0,0,-199.7,0,1,0,0,0,0,5,0.1008
600.75,7,575622,0.2877,27.38,74.08,987,994,8,22,0,9,0,0,0,0,-199.7,0,1,0,0,0,0,6,0.1024
601,7,575574,0.2877,27.73,74.48,987,962,12,23,0,7,0,0,0,0,-199.7,0,1,0,0,0,0,5,0.1042
601.25,7,575591,0.2877,25.70,71.74,886,929,8,26,0,9,0,0,0,0,-199.7,0,1,0,0,0,0,5,0.1061
601.5,7,575565,0.2876,25.47,69.73,892,896,3,30,0,12,0,0,0,0,-199.7,0,1,0,0,0,0,7,0.1073
601.75,7,575568,0.2876,24.94,69.57,915,938,5,20,0,11,0,0,0,0,-199.7,0,1,0,0,0,0,7,0.1086
602,7,575542,0.2876,25.55,74.83,898,885,83,13,0,13,0,0,0,0,-199.7,0,1,0,0,0,0,8,0.1095
602.25,7,575583,0.2876,26.36,78.96,886,944,4,17,0,12,0,0,0,0,-199.7,0,1,0,0,0,0,10,0.1099
602.5,7,575599,0.2876,26.49,82.23,952,984,6,16,1,10,0,0,0,0,-199.7,0,1,0,0,0,0,9,0.1106
602.75,7,575551,0.2876,27.07,84.74,961,927,2,14,0,16,0,0,0,0,-199.7,0,1,0,0,0,0,15,0.1095
603,7,575593,0.2876,27.25,88.13,953,1013,3,18,1,22,0,0,0,0,-199.7,0,1,0,0,0,0,18,0.1075
603.25,7,575574,0.2876,28.28,89.84,966,963,3,16,0,14,0,0,0,0,-199.7,0,1,0,0,0,0,13,0.1070
603.5,7,575672,0.2876,27.32,91.09,974,1090,3,18,0,16,0,0,1,0,-199.7,0,1,0,0,0,0,12,0.1068
603.75,7,575693,0.2875,28.07,91.52,996,1029,4,12,0,14,0,0,0,0,-199.7,0,1,0,0,0,0,13,0.1063
604,7,575700,0.2876,26.60,91.30,1058,1078,5,13,1,17,0,0,0,0,-199.7,0,1,0,0,0,0,14,0.1055
604.25,7,575707,0.2876,27.88,94.19,967,989,9,15,0,18,0,0,0,0,-199.7,0,1,0,0,0,0,18,0.1036
604.5,7,575767,0.2875,26.49,94.62,993,1075,4,22,2,19,0,0,0,0,-199.7,0,1,0,0,0,0,14,0.1028
604.75,7,575774,0.2875,27.32,94.70,987,1007,8,13,0,13,0,0,0,0,-199.7,0,1,0,0,0,0,11,0.1029
605,7,575746,0.2875,25.97,95.65,1016,1010,5,22,2,15,0,0,0,0,-199.7,0,1,0,0,0,0,12,0.1027
605.25,7,575744,0.2875,26.26,99.07,973,983,11,12,1,16,0,0,0,0,-199.7,0,1,0,0,0,0,11,0.1028
605.5,7,575725,0.2875,25.63,100.60,1024,1023,4,18,4,10,0,0,0,0,-199.7,0,1,0,0,0,0,9,0.1035
605.75,7,575716,0.2875,26.00,102.69,989,992,10,12,9,7,0,0,0,0,-199.7,0,1,0,0,0,0,4,0.1056
606,7,575689,0.2875,26.22,104.34,1018,1012,10,21,11,18,0,0,0,0,-199.7,0,1,0,0,0,0,14,0.1048
606.25,7,575709,0.2874,26.39,103.31,936,973,4,17,12,10,0,0,0,0,-199.7,0,1,0,0,0,0,8,0.1058
606.5,7,575638,0.2874,27.62,102.30,1050,991,7,12,18,10,0,0,0,0,-199.7,0,1,0,0,0,0,9,0.1065
606.75,7,575715,0.2874,27.39,98.52,962,1052,2,13,13,13,0,0,0,0,-199.7,0,1,0,0,0,0,10,0.1068
607,7,575661,0.2874,29.28,95.63,1015,983,7,22,16,13,0,0,0,0,-199.7,0,1,0,0,0,0,9,0.1075
607.25,7,575692,0.2873,28.09,92.70,961,1008,3,16,13,12,0,0,0,0,-199.7,0,1,0,0,0,0,8,0.1085
607.5,7,575710,0.2873,30.17,89.27,948,977,6,11,17,13,0,0,0,0,-199.7,0,1,0,0,0,0,9,0.1092
607.75,7,575778,0.2872,28.13,87.27,856,946,7,22,7,10,0,0,0,0,-199.7,0,1,0,0,0,1,5,0.1110
608,7,575777,0.2872,29.69,86.17,922,942,15,22,9,29,0,0,0,0,-199.7,0,1,0,0,0,1,25,0.1070
608.25,6,575800,0.2872,27.23,88.97,835,870,1239,12,12,18,0,0,0,0,-199.7,0,1,0,0,0,1,15,0.1059
608.5,6,575830,0.2871,30.50,91.88,886,945,6,29,12,11,0,0,0,0,-199.7,0,1,0,0,0,0,10,0.1063
608.75,6,575861,0.2871,27.49,95.08,849,897,5,18,4,13,0,0,0,0,-199.7,0,1,0,0,0,0,9,0.1070
609,6,575873,0.2871,30.60,97.92,914,944,5,18,10,9,0,0,0,0,-199.7,0,1,0,0,0,0,7,0.1083
609.25,6,575929,0.2870,27.72,100.74,888,963,5,19,8,7,0,0,0,0,-199.7,0,1,0,0,0,0,5,0.1102
609.5,6,575887,0.2870,30.98,103.28,921,899,5,20,6,9,0,0,0,0,-199.7,0,1,0,0,0,0,6,0.1118
609.75,6,575935,0.2869,28.34,105.80,880,945,4,17,8,7,0,0,0,0,-199.7,0,1,0,0,0,0,5,0.1137
610,7,575942,0.2869,31.48,108.04,904,925,2,14,5,9,0,0,0,0,-199.7,1,2,0,0,0,0,1,0.1167
610.25,7,576004,0.2869,27.01,110.43,825,906,3,19,5,5,0,0,1,0,-175.2,0,2,0,0,0,0,3,0.1192
610.5,7,575984,0.2868,30.71,112.65,859,853,2,14,6,4,0,0,1,0,-175.2,0,2,0,0,0,0,3,0.1217
610.75,7,576050,0.2868,26.79,114.52,796,882,4,20,3,6,0,0,0,0,-175.2,0,2,0,0,0,0,4,0.1238
611,7,576055,0.2868,29.66,116.68,834,851,1,12,5,10,0,0,0,0,-175.2,0,2,0,0,0,0,8,0.1248
611.25,7,576077,0.2867,27.35,119.08,779,814,2,13,2,9,0,0,0,0,-175.2,0,2,0,0,0,0,7,0.1261
611.5,7,576132,0.2867,28.55,121.37,820,887,4,12,4,7,0,0,0,0,-175.2,0,2,0,0,0,0,6,0.1277
611.75,7,576161,0.2867,26.87,123.75,764,806,4,13,1,7,0,0,0,0,-175.2,0,2,0,0,0,0,6,0.1293
612,7,576138,0.2867,27.74,126.16,843,836,4,16,3,6,0,0,0,0,-175.2,0,2,0,0,0,0,6,0.1308
612.25,7,576116,0.2866,27.09,128.89,766,780,3,36,0,11,0,0,0,0,-175.2,0,2,0,0,0,0,6,0.1324
612.5,7,576042,0.2866,27.46,131.32,899,865,1,40,4,12,0,0,0,0,-175.2,0,2,0,0,0,0,7,0.1337
612.75,7,576028,0.2866,26.39,133.84,803,804,2,15,0,6,0,0,0,0,-175.2,0,2,0,0,0,0,5,0.1356
613,7,575986,0.2866,26.27,135.59,855,828,1,15,6,10,0,0,0,0,-175.2,0,2,0,0,0,0,6,0.1371
613.25,7,575973,0.2866,26.61,137.49,810,807,7,10,0,13,0,0,0,0,-175.2,0,2,0,0,0,0,6,0.1387
613.5,7,575964,0.2866,27.09,139.11,816,817,2,10,1,8,0,0,0,0,-175.2,0,2,0,0,0,0,6,0.1403
613.75,7,575961,0.2866,26.37,140.76,815,822,4,10,4,10,0,0,0,0,-175.2,0,2,0,0,0,0,6,0.1418
614,7,575941,0.2866,25.84,142.57,766,757,1,11,2,10,0,0,0,0,-175.2,0,2,0,0,0,0,8,0.1428
614.25,7,575954,0.2866,27.54,143.46,826,845,4,6,3,9,0,0,0,0,-175.2,0,2,0,0,0,0,5,0.1446
614.5,7,575934,0.2866,25.57,142.85,793,785,4,12,3,10,0,0,0,0,-175.2,0,2,0,0,0,0,6,0.1462
614.75,7,575932,0.2866,27.24,139.32,794,809,5,17,5,6,0,0,0,0,-175.2,0,2,0,0,0,0,3,0.1486
615,7,575905,0.2866,24.67,135.40,836,817,9,8,9,14,0,0,0,0,-175.2,0,2,0,0,0,0,9,0.1492
615.25,7,575928,0.2866,26.50,130.75,798,828,2,7,9,11,0,0,0,0,-175.2,0,2,0,0,0,0,9,0.1499
615.5,7,575965,0.2865,23.59,126.44,824,875,5,14,13,13,0,0,0,0,-175.2,0,2,0,0,0,0,10,0.1502
615.75,7,575955,0.2865,24.43,122.05,810,807,3,7,15,11,0,0,0,0,-175.2,0,2,0,0,0,0,7,0.1515
616,7,575977,0.2865,22.32,117.60,809,849,6,18,11,5,0,0,0,0,-175.2,0,2,0,0,0,0,5,0.1533
616.25,7,575936,0.2864,23.53,115.47,795,766,1,12,20,7,0,0,0,0,-175.2,0,2,0,0,0,0,5,0.1551
616.5,7,575955,0.2864,21.71,114.43,790,829,11,21,6,4,0,0,0,0,-175.2,0,2,0,0,0,0,4,0.1572
616.75,7,575951,0.2863,22.48,113.25,769,783,6,18,11,7,0,0,0,0,-175.2,0,2,0,0,0,0,5,0.1590
617,7,575921,0.2863,21.30,114.36,776,766,13,21,7,13,0,0,0,0,-175.2,0,2,0,0,0,0,10,0.1593
617.25,7,575931,0.2863,22.11,117.35,751,779,4,18,8,13,0,0,0,0,-175.2,0,2,0,0,0,0,10,0.1597
617.5,7,575922,0.2863,21.69,121.32,774,791,11,26,4,9,0,0,0,0,-175.2,0,2,0,0,0,0,6,0.1612
617.75,7,575935,0.2862,22.29,126.12,766,806,1,27,3,16,0,0,0,0,-175.2,0,2,0,0,0,0,13,0.1607
618,7,576020,0.2862,21.67,130.04,774,871,4,12,4,13,0,0,0,0,-175.2,0,2,0,0,0,0,13,0.1601
618.25,7,576063,0.2862,22.57,133.57,733,790,4,14,3,14,0,0,0,0,-175.2,0,2,0,0,0,0,9,0.1608
618.5,7,576098,0.2862,23.24,138.12,748,799,5,16,0,15,0,0,0,0,-175.2,0,2,0,0,0,0,11,0.1608
618.75,7,576096,0.2861,23.29,142.05,806,823,5,19,7,8,0,0,0,0,-175.2,0,2,0,0,0,0,6,0.1624
619,7,576152,0.2861,23.32,146.18,781,851,3,14,2,9,0,0,0,0,-175.2,0,2,0,0,0,0,6,0.1639
619.25,7,576158,0.2861,23.86,150.93,867,897,9,24,4,8,0,0,0,0,-175.2,0,2,0,0,0,0,8,0.1648
619.5,7,576146,0.2860,24.47,153.78,806,816,6,22,3,9,0,0,0,0,-175.2,0,2,0,0,0,0,6,0.1663
619.75,7,576202,0.2860,24.35,156.04,837,913,5,20,4,16,0,0,0,0,-175.2,0,2,0,0,0,0,9,0.1670
620,7,576195,0.2860,24.54,158.29,831,843,4,19,1,8,0,0,0,0,-175.2,0,2,0,0,0,0,5,0.1688
620.25,7,576268,0.2859,24.54,160.30,844,933,5,16,2,11,0,0,0,0,-150.5,0,2,0,0,0,0,9,0.1694
620.5,7,576368,0.2859,25.01,162.63,796,910,0,14,1,9,0,0,0,0,-150.5,0,2,0,0,0,0,5,0.1712
620.75,7,576349,0.2858,25.42,164.96,885,891,8,25,3,8,0,0,0,0,-150.5,0,2,0,0,0,0,6,0.1728
621,7,576338,0.2858,25.82,167.66,860,870,4,21,0,12,0,0,0,0,-150.5,0,2,0,0,0,0,10,0.1731
621.25,7,576359,0.2858,26.22,170.10,933,978,5,24,4,16,0,0,0,0,-150.5,0,2,0,0,0,0,13,0.1725
621.5,7,576390,0.2858,25.89,172.15,873,920,3,16,1,11,0,0,0,0,-150.5,0,2,0,0,0,0,9,0.1732
621.75,7,576445,0.2857,26.27,174.14,889,961,6,17,1,12,0,0,1,0,-150.5,0,2,0,0,0,0,11,0.1732
622,7,576446,0.2857,25.68,174.57,895,918,0,22,0,13,0,0,0,0,-150.5,0,2,0,0,0,0,9,0.1739
622.25,7,576422,0.2857,26.17,174.60,935,932,5,21,0,9,0,0,0,0,-150.5,0,2,0,0,0,0,6,0.1754
622.5,7,576391,0.2857,25.34,176.16,896,886,7,21,0,12,0,0,0,0,-150.5,0,2,0,0,0,0,6,0.1769
622.75,7,576482,0.2857,26.14,176.45,837,949,5,21,0,12,0,0,0,0,-150.5,0,2,0,0,0,0,9,0.1775
623,7,576427,0.2857,24.89,176.88,912,876,5,19,0,16,0,0,0,0,-150.5,0,2,0,0,0,0,9,0.1781
623.25,7,576514,0.2856,25.32,177.46,817,918,1,14,0,11,0,0,0,0,-150.5,0,2,0,0,0,0,8,0.1791
623.5,7,576492,0.2856,24.33,177.22,911,911,5,22,0,9,0,0,0,0,-150.5,0,2,0,0,0,0,6,0.1806
623.75,7,576410,0.2856,25.27,177.43,885,825,4,22,1,6,0,0,0,0,-150.5,0,2,0,0,0,0,2,0.1833
624,7,576411,0.2856,24.52,176.68,889,908,5,18,0,4,0,0,0,0,-150.5,0,2,0,0,0,0,3,0.1857
624.25,7,576494,0.2855,24.98,175.78,830,932,3,19,0,6,0,0,0,0,-150.5,0,2,0,0,0,0,2,0.1883
624.5,7,576498,0.2855,24.70,176.59,900,924,9,20,2,4,0,0,0,0,-150.5,0,2,0,0,0,0,3,0.1907
624.75,7,576503,0.2855,24.89,176.80,858,882,6,19,0,6,0,0,0,0,-150.5,0,2,0,0,0,0,4,0.1929
625,7,576463,0.2855,24.98,177.37,859,840,5,21,0,8,0,0,0,0,-150.5,0,2,0,0,0,0,4,0.1950
625.25,7,576448,0.2854,24.76,177.48,896,909,6,28,0,5,0,0,0,0,-150.5,0,2,0,0,0,0,2,0.1977
625.5,7,576505,0.2854,24.96,178.17,823,902,2,22,0,3,0,0,0,0,-150.5,0,2,0,0,0,0,0,0.2010
625.75,7,576437,0.2854,25.34,178.56,946,901,6,23,1,4,0,0,0,0,-150.5,0,2,0,0,0,0,2,0.2037
626,7,576456,0.2853,25.60,178.15,877,919,7,23,0,7,0,0,0,0,-150.5,0,2,0,0,0,0,2,0.2064
626.25,7,576494,0.2853,25.23,175.91,925,985,8,22,0,8,0,0,0,0,-150.5,0,2,0,0,0,0,4,0.2085
626.5,7,576458,0.2853,25.66,172.00,903,887,5,20,0,10,0,0,0,0,-150.5,0,2,0,0,0,0,4,0.2106
626.75,7,576481,0.2853,25.02,171.77,889,935,4,23,0,8,0,0,0,0,-150.5,0,2,0,0,0,0,3,0.2130
627,7,576550,0.2852,26.26,173.23,830,921,4,22,0,7,0,0,0,0,-150.5,0,2,0,0,0,0,4,0.2152
627.25,7,576493,0.2852,25.29,173.46,973,946,3,30,0,12,0,0,0,0,-150.5,0,2,0,0,0,0,6,0.2167
627.5,7,576573,0.2852,26.55,174.28,816,913,2,17,1,12,0,0,0,0,-150.5,0,2,0,0,0,0,5,0.2186
627.75,6,576602,0.2851,25.99,174.92,952,1007,13,26,0,5,0,1,0,0,-150.5,0,1,0,0,1,0,4,0.2207
628,6,576682,0.2852,27.18,175.05,877,973,3,16,1,116,0,0,0,0,-150.5,0,1,0,0,0,0,113,0.1907
628.25,6,576745,0.2853,25.58,174.81,922,1004,7,19,1,66,0,0,0,0,-150.5,0,1,0,0,0,0,62,0.1758
628.5,6,576778,0.2853,26.96,174.13,884,939,2,22,1,38,0,0,0,0,-150.5,0,1,0,0,0,0,36,0.1685
628.75,6,576840,0.2853,25.52,174.15,930,1014,5,22,0,29,0,0,0,0,-150.5,0,1,0,0,0,0,27,0.1638
629,6,576874,0.2853,26.64,172.51,879,938,1,25,1,18,0,0,0,0,-150.5,0,1,0,0,0,0,16,0.1624
629.25,6,576878,0.2853,25.53,170.99,910,936,4,22,0,18,0,0,0,0,-150.5,0,1,0,0,0,0,16,0.1610
629.5,6,576848,0.2853,26.28,168.40,885,875,4,20,1,17,0,0,0,0,-150.5,0,1,0,0,0,0,12,0.1608
629.75,6,576861,0.2852,26.25,165.39,862,901,5,26,1,11,0,0,0,0,-150.5,0,1,0,0,0,0,7,0.1620
630,6,576879,0.2852,26.61,162.55,849,881,6,15,2,8,0,0,0,0,-150.5,0,1,0,0,0,0,3,0.1644
630.25,6,576926,0.2852,26.59,160.22,835,897,4,16,0,12,0,0,0,0,-119.8,0,1,0,0,0,0,7,0.1657
630.5,6,576954,0.2851,26.91,158.86,807,862,6,27,0,7,0,0,0,0,-119.8,0,1,0,0,0,0,6,0.1672
630.75,6,576969,0.2851,28.10,157.03,850,879,8,16,0,11,0,0,0,0,-119.8,0,1,0,0,0,0,8,0.1681
631,6,576951,0.2851,28.40,155.75,857,868,9,29,1,14,0,0,0,0,-119.8,0,1,0,0,0,0,10,0.1685
631.25,6,577011,0.2851,28.59,153.96,863,938,9,15,1,12,0,0,0,0,-119.8,0,1,0,0,0,0,8,0.1694
631.5,6,577031,0.2850,29.20,153.20,849,890,8,21,1,11,0,0,0,0,-119.8,0,1,0,0,0,0,7,0.1707
631.75,6,577030,0.2850,29.96,151.54,891,909,12,19,2,13,0,0,0,0,-119.8,0,1,0,0,0,0,10,0.1710
632,6,577019,0.2850,30.68,151.71,908,914,10,18,0,19,0,0,0,0,-119.8,0,1,0,0,0,0,12,0.1708
632.25,6,576957,0.2851,30.81,152.88,921,881,4,22,0,15,0,0,0,0,-119.8,0,1,0,0,0,0,11,0.1708
632.5,6,576998,0.2850,31.44,154.46,878,939,6,20,0,16,0,0,0,0,-119.8,0,1,0,0,0,0,11,0.1709
632.75,6,577032,0.2850,32.17,156.58,919,967,22834,14,0,6,0,0,0,0,-119.8,0,1,0,0,0,0,3,0.1733
633,6,576881,0.2851,34.77,158.06,1119,988,5,20,3,12,0,0,0,0,-119.8,0,1,0,0,0,0,9,0.1739
633.25,6,576818,0.2850,36.80,159.62,1128,1103,5,38,1,7,0,0,0,0,-119.8,0,1,0,0,0,0,5,0.1758
633.5,6,576766,0.2850,38.98,160.58,1165,1138,5,25,1,11,0,0,0,0,-119.8,0,1,0,0,0,0,9,0.1764
633.75,6,576802,0.2850,41.21,162.54,1229,1282,3,17,0,15,0,0,0,0,-119.8,0,1,0,0,0,0,10,0.1768
634,6,576758,0.2850,42.41,163.27,1268,1253,10,29,3,15,0,0,0,0,-119.8,0,1,0,0,0,0,11,0.1769
634.25,6,576724,0.2850,44.00,163.54,1285,1279,12,29,2,8,0,0,0,0,-119.8,0,1,0,0,0,0,6,0.1784
634.5,6,576700,0.2850,44.87,164.35,1345,1341,3,20,0,17,0,0,0,0,-119.8,0,1,0,0,0,0,14,0.1776
634.75,6,576705,0.2850,45.64,164.72,1340,1370,4,25,4,17,0,0,0,0,-119.8,0,1,0,0,0,0,11,0.1777
635,6,576694,0.2849,45.18,164.86,1349,1357,6,19,3,13,0,0,0,0,-119.8,0,1,0,0,0,0,10,0.1781
635.25,6,576631,0.2850,44.68,164.59,1391,1352,9,24,0,17,0,0,0,0,-119.8,0,1,0,0,0,0,13,0.1776
635.5,6,576580,0.2850,44.46,163.70,1374,1353,10,30,0,21,0,0,0,0,-119.8,0,1,0,0,0,0,16,0.1762
635.75,6,576538,0.2850,45.12,163.34,1284,1276,28414,34,2,9,0,0,0,0,-119.8,0,1,0,0,0,0,8,0.1772
636,6,576182,0.2851,45.83,162.59,1714,1381,9,23,0,14,0,0,0,0,-119.8,0,1,0,0,0,0,10,0.1776
636.25,6,576166,0.2851,45.65,162.82,1533,1562,8,45,0,13,0,0,0,0,-119.8,0,1,0,0,0,0,12,0.1774
636.5,6,576167,0.2850,45.06,162.32,1663,1699,4,35,0,21,0,0,0,0,-119.8,0,1,0,0,0,0,21,0.1746
636.75,6,576222,0.2850,46.41,162.65,1648,1726,12,24,0,18,0,0,1,0,-119.8,0,1,0,0,0,0,13,0.1742
637,6,576234,0.2850,47.58,164.43,1745,1790,6,33,0,15,0,0,0,0,-119.8,0,1,0,0,0,0,9,0.1749
637.25,6,576283,0.2849,48.73,165.59,1777,1849,8,23,0,14,0,0,0,0,-119.8,0,1,0,0,0,0,9,0.1756
637.5,6,576290,0.2849,50.58,167.44,1811,1838,937,20,0,17,0,0,0,0,-119.8,0,1,0,0,0,0,11,0.1758
637.75,6,576382,0.2849,51.70,171.91,1852,1965,5,21,0,15,0,0,0,0,-119.8,0,1,0,0,0,0,13,0.1753
638,6,576332,0.2849,52.73,175.70,2002,1978,5,26,0,15,0,0,0,0,-119.8,0,1,0,0,0,0,13,0.1749
638.25,6,576178,0.2849,54.32,178.72,2029,1893,5,18,1,18,0,0,0,0,-119.8,0,1,0,0,0,0,15,0.1739
638.5,6,576131,0.2850,56.25,181.61,1982,1959,7,24,1,23,0,0,0,0,-119.8,0,1,0,0,0,0,15,0.1728
638.75,6,576109,0.2849,56.69,182.92,1948,1962,11,36,1,14,0,0,0,0,-119.8,0,1,0,0,0,0,13,0.1724
639,6,575936,0.2850,56.50,184.94,1975,1823,7,21,2,9,0,0,0,0,-119.8,0,1,0,0,0,0,7,0.1737
639.25,6,575826,0.2850,57.96,186.27,1934,1852,5,28,1,16,0,0,0,0,-119.8,0,1,0,0,0,0,12,0.1736
639.5,6,575798,0.2850,58.13,187.81,1849,1842,10,22,1,11,0,0,0,0,-119.8,0,1,0,0,0,0,6,0.1752
639.75,6,575736,0.2850,57.37,188.33,1882,1851,10,31,0,14,0,0,0,0,-119.8,0,1,0,0,0,0,8,0.1763
640,6,575620,0.2851,57.25,189.17,1835,1750,9,31,1,15,0,0,0,0,-119.8,0,1,0,0,0,0,8,0.1773
640.25,6,575603,0.2850,57.78,190.44,1848,1856,9,25,1,7,0,0,0,0,-52.4,0,1,0,0,0,0,6,0.1790
640.5,6,575541,0.2850,56.22,191.12,1835,1801,11,29,0,3,0,0,0,0,-52.4,0,1,0,0,0,0,2,0.1818
640.75,6,575522,0.2850,55.61,192.22,1760,1771,8,30,0,11,0,0,0,0,-52.4,0,1,0,0,0,0,9,0.1826
641,6,575448,0.2850,54.47,192.57,1784,1752,12,43,3,12,0,0,0,0,-52.4,0,1,0,0,0,0,8,0.1837
641.25,6,575424,0.2850,54.33,192.73,1750,1752,11,27,0,7,0,0,0,0,-52.4,0,1,0,0,0,0,6,0.1854
641.5,6,575334,0.2849,53.47,192.72,1758,1702,19,36,2,11,0,0,0,0,-52.4,0,1,0,0,0,0,9,0.1862
641.75,6,575216,0.2850,52.82,193.00,1787,1699,13,31,0,13,0,0,0,0,-52.4,0,1,0,0,0,0,10,0.1867
642,6,575031,0.2850,51.52,192.05,1764,1617,19,42,0,12,0,0,0,0,-52.4,0,1,0,0,0,0,8,0.1879
642.25,6,574951,0.2850,51.54,187.83,1660,1621,8,41,1,9,0,0,0,0,-52.4,0,1,0,0,0,0,6,0.1896
642.5,6,574922,0.2849,50.51,183.72,1613,1631,16,47,1,9,0,0,0,0,-52.4,0,1,0,0,0,0,8,0.1908
642.75,6,574893,0.2849,49.88,181.19,1564,1563,19,29,1,11,0,0,0,0,-52.4,0,1,0,0,0,0,11,0.1911
643,6,574840,0.2849,50.28,177.63,1554,1542,10,41,0,18,0,0,0,0,-52.4,0,1,0,0,0,0,14,0.1906
643.25,6,574834,0.2849,49.52,174.65,1434,1470,7,42,0,27,0,0,0,0,-52.4,0,1,0,0,0,0,25,0.1868
643.5,6,574884,0.2849,50.33,169.62,1388,1462,4,24,0,27,0,0,0,0,-52.4,0,1,0,0,0,0,22,0.1839
643.75,6,574720,0.2849,49.59,166.17,1448,1336,10,53,1,32,0,0,0,0,-52.4,0,1,0,0,0,0,30,0.1787
644,6,574773,0.2849,50.50,166.86,1340,1417,7,24,0,35,0,0,0,0,-52.4,0,1,0,0,0,0,33,0.1726
644.25,6,574698,0.2849,49.64,168.19,1366,1345,10,55,0,28,0,0,0,0,-52.4,0,1,0,0,0,0,25,0.1690
644.5,6,574769,0.2849,49.47,168.99,1358,1454,5,26,2,29,0,0,0,0,-52.4,0,1,0,0,0,0,26,0.1650
644.75,6,574718,0.2849,50.42,170.09,1334,1299,4,16,0,24,0,0,0,0,-52.4,0,1,0,0,0,0,22,0.1622
645,6,574711,0.2849,48.66,170.77,1381,1399,6,25,0,21,0,0,0,0,-52.4,0,1,0,0,0,0,15,0.1615
645.25,6,574619,0.2850,48.52,171.19,1445,1373,5,20,0,14,0,0,0,0,-52.4,0,1,0,0,0,0,12,0.1617
645.5,6,574514,0.2849,46.97,171.28,1479,1425,10,51,0,16,0,0,0,0,-52.4,0,1,0,0,0,0,14,0.1613
645.75,6,574480,0.2849,44.92,171.67,1461,1454,4,27,0,17,0,0,0,0,-52.4,0,1,0,0,0,0,15,0.1606
646,6,574414,0.2850,44.42,171.67,1432,1394,5,28,0,35,0,0,0,0,-52.4,0,1,0,0,0,0,32,0.1549
646.25,6,574399,0.2850,42.31,171.28,1425,1435,3,25,0,51,0,0,0,0,-52.4,0,1,0,0,0,0,47,0.1448
646.5,6,574369,0.2851,42.20,171.58,1399,1384,7,15,0,54,0,0,0,0,-52.4,0,1,0,0,0,0,49,0.1341
646.75,6,574376,0.2851,40.05,171.71,1403,1440,9,30,3,48,0,0,0,0,-52.4,0,1,0,0,0,0,42,0.1254
647,6,574364,0.2852,40.46,171.69,1358,1377,4,31,1,51,0,0,0,0,-52.4,0,1,0,0,0,0,51,0.1141
647.25,6,574346,0.2852,38.84,171.64,1341,1357,9,34,1,46,0,0,0,0,-52.4,0,1,0,0,0,0,42,0.1055
647.5,6,574308,0.2852,39.89,171.58,1372,1357,7,23,3,34,0,0,0,0,-52.4,0,1,0,0,0,0,32,0.0998
647.75,6,574331,0.2852,38.97,172.22,1309,1366,10,34,1,28,0,0,0,0,-52.4,0,1,0,0,0,0,24,0.0964
648,6,574319,0.2852,40.91,173.21,1303,1310,3,19,0,22,0,0,0,0,-52.4,0,1,0,0,0,0,21,0.0940
648.25,6,574266,0.2852,39.66,173.82,1360,1344,8,37,1,19,0,0,0,0,-52.4,0,1,0,0,0,0,17,0.0927
648.5,6,574270,0.2852,40.85,174.04,1301,1323,3,18,0,19,0,0,0,0,-52.4,0,1,0,0,0,0,19,0.0908
648.75,6,574306,0.2852,39.49,174.57,1233,1296,13,28,1,14,0,0,0,0,-52.4,0,1,0,0,0,0,14,0.0904
649,6,574303,0.2852,39.64,174.57,1208,1221,8,17,0,22,0,0,0,0,-52.4,0,1,0,0,0,0,20,0.0883
649.25,6,574286,0.2852,37.53,175.44,1215,1220,10,22,0,22,0,0,0,0,-52.4,0,1,0,0,0,0,20,0.0861
649.5,6,574273,0.2852,37.11,175.13,1152,1156,2,17,0,25,0,0,0,0,-52.4,0,1,0,0,0,0,22,0.0834
649.75,6,574365,0.2852,34.78,175.58,1095,1201,4,15,0,18,0,0,0,0,-52.4,0,1,0,0,0,0,18,0.0818
650,6,574362,0.2852,33.19,175.34,1082,1093,1,14,0,21,0,0,0,0,-52.4,0,1,0,0,0,0,18,0.0803
650.25,5,574314,0.2852,32.21,176.18,1183,1147,20983,12,0,23,0,1,0,0,8.8,0,0,0,0,1,0,21,0.0778
650.5,5,574246,0.2853,34.43,177.46,1230,1173,7,11,0,49,0,0,0,0,8.8,0,0,0,0,0,0,47,0.0677
650.75,5,574105,0.2855,36.07,178.57,1401,1271,1,11,0,42,0,0,0,0,8.8,0,0,0,0,0,0,39,0.0599
651,5,574070,0.2855,39.09,179.41,1395,1378,5,18,0,36,0,0,0,0,8.8,0,0,0,0,0,0,35,0.0533
651.25,5,574094,0.2855,40.66,179.57,1509,1546,10,14,0,33,0,0,0,0,8.8,0,0,0,0,0,0,31,0.0479
651.5,5,574055,0.2856,42.51,180.41,1539,1515,5,15,0,41,0,0,0,0,8.8,0,0,0,0,0,0,39,0.0401
651.75,5,574090,0.2857,43.03,181.05,1604,1655,9,16,0,51,0,0,0,0,8.8,0,0,0,0,0,0,48,0.0296
652,5,574150,0.2857,43.73,182.55,1648,1723,3,15,0,41,0,0,0,0,8.8,0,0,0,0,0,0,35,0.0230
652.25,5,574114,0.2857,45.13,183.79,1735,1730,2,31,0,42,0,0,0,0,8.8,0,0,0,0,0,0,37,0.0158
652.5,5,574171,0.2857,45.93,184.64,1782,1855,10,16,0,40,0,0,0,0,8.8,0,0,0,0,0,0,36,0.0089
652.75,5,574152,0.2858,47.27,186.16,1946,1951,5,24,0,39,0,0,0,0,8.8,0,0,0,0,0,0,38,0.0014
653,5,574159,0.2858,48.58,187.53,1937,1971,4,27,0,19,0,0,0,0,8.8,0,0,0,0,0,0,17,0.0001
653.25,5,574076,0.2858,49.88,189.20,2085,2026,4,24,0,15,0,0,0,0,8.8,0,0,0,0,0,0,12,0.0002
653.5,5,573942,0.2859,51.23,190.88,2155,2046,7,25,0,15,0,0,0,0,8.8,0,0,0,0,0,0,13,0.0001
653.75,5,573901,0.2859,52.58,192.33,2094,2082,5,30,0,14,0,0,0,0,8.8,0,0,0,0,0,0,12,0.0003
654,5,573773,0.2859,53.83,193.52,2190,2078,5,16,0,16,0,0,0,0,8.8,0,0,0,0,0,0,13,0.0001
654.25,5,573724,0.2859,54.34,193.64,2204,2176,5,21,0,16,0,0,0,0,8.8,0,0,0,0,0,0,12,0.0003
654.5,5,573617,0.2860,55.41,194.26,2257,2173,5,23,0,15,0,0,0,0,8.8,0,0,0,0,0,0,13,0.0001
654.75,5,573529,0.2860,56.13,195.12,2296,2225,15,17,1,16,0,0,0,0,8.8,0,0,0,0,0,0,12,0.0002
655,5,573471,0.2861,57.30,195.88,2247,2209,6,20,0,14,0,0,0,0,8.8,0,0,0,0,0,0,13,0.0001
655.25,5,573388,0.2861,57.79,195.23,2335,2270,6,18,0,15,0,0,0,0,8.8,0,0,0,0,0,0,12,0.0002
655.5,5,573281,0.2861,58.30,195.96,2293,2199,11,13,2,16,0,0,0,0,8.8,0,0,0,0,0,0,13,0.0000
655.75,5,573188,0.2862,58.36,196.60,2326,2252,6,19,1,13,0,0,0,0,8.8,0,0,0,0,0,0,12,0.0001
656,5,573013,0.2863,57.56,197.12,2354,2190,14,13,0,13,0,0,0,0,8.8,0,0,0,0,0,0,12,0.0002
656.25,5,573021,0.2862,55.93,197.55,2259,2293,12,26,2,14,0,0,0,0,8.8,0,0,0,0,0,0,13,0.0000
656.5,5,572903,0.2863,54.36,197.90,2279,2181,15,20,4,13,0,0,0,0,8.8,0,0,0,0,0,0,12,0.0001
656.75,5,572711,0.2863,53.03,198.14,2223,2061,19,32,11,15,0,0,0,0,8.8,0,0,0,0,0,0,12,0.0002
657,5,572427,0.2864,51.69,194.69,2250,2010,15,45,8,18,0,0,0,0,8.8,0,0,0,0,0,0,13,0.0001
657.25,5,572179,0.2864,50.40,188.99,2214,2015,23,51,24,12,0,0,0,0,8.8,0,0,0,0,0,0,12,0.0002
657.5,5,571976,0.2865,49.98,185.58,2112,1938,10,30,10,14,0,0,0,0,8.8,0,0,0,0,0,0,13,0.0001
657.75,5,571868,0.2865,49.98,183.00,1992,1909,11,26,10,12,0,0,0,0,8.8,0,0,0,0,0,0,12,0.0003
658,5,571837,0.2865,50.10,180.14,1941,1927,7,19,5,14,0,0,0,0,8.8,0,0,0,0,0,0,13,0.0002
658.25,5,571862,0.2865,50.14,180.94,1873,1916,8,20,1,14,0,0,0,0,8.8,0,0,0,0,0,0,13,0.0000
658.5,5,571913,0.2865,49.73,178.70,1866,1933,5,16,0,14,0,0,0,0,8.8,0,0,0,0,0,0,12,0.0002
658.75,5,571915,0.2865,50.04,179.15,1938,1951,5,11,0,14,0,0,0,0,8.8,0,0,0,0,0,0,13,0.0001
659,5,571888,0.2865,50.07,175.12,1957,1941,9,11,3,16,0,0,0,0,8.8,0,0,0,0,0,0,12,0.0002
659.25,5,571936,0.2864,50.58,171.53,1977,2046,12,21,4,14,0,0,0,0,8.8,0,0,0,0,0,0,13,0.0001
659.5,5,571801,0.2865,51.42,172.09,2074,1966,14,27,3,16,0,0,0,0,8.8,0,0,0,0,0,0,12,0.0003
659.75,5,571708,0.2865,53.12,173.28,2034,1962,17,23,2,14,0,0,0,0,8.8,0,0,0,0,0,0,13,0.0001
660,5,571565,0.2866,54.23,175.00,2096,1983,24,31,2,14,0,0,0,0,8.8,0,0,0,0,0,0,13,0.0000
660.25,5,571467,0.2866,55.50,176.49,2069,2000,24,29,1,16,0,0,0,0,93.8,0,0,0,0,0,0,12,0.0002
660.5,5,571294,0.2866,55.94,179.37,2098,1971,12,46,5,14,0,0,0,1,93.8,0,0,0,0,0,0,13,0.0001
660.75,5,571137,0.2867,56.52,181.72,2010,1883,23,30,4,14,0,0,0,1,93.8,0,0,0,0,0,0,13,0.0000
661,5,571043,0.2867,56.36,183.60,2038,1975,8,31,2,14,0,0,0,1,93.8,0,0,0,0,0,0,12,0.0002
661.25,5,571036,0.2866,55.82,185.47,1909,1926,6,24,6,14,0,0,0,1,93.8,0,0,0,0,0,0,13,0.0002
661.5,6,570947,0.2867,55.24,187.40,1891,1832,8,30,3,15,0,0,0,1,93.8,1,1,0,0,0,0,13,0.0001
661.75,6,570908,0.2867,53.32,187.79,1864,1851,10,26,7,17,0,0,1,1,93.8,0,1,0,0,0,0,13,0.0001
662,6,570851,0.2867,50.23,188.80,1765,1729,15,23,4,14,0,0,1,1,93.8,0,1,0,0,0,0,13,0.0000
662.25,6,570726,0.2867,49.15,190.09,1742,1641,10,25,0,14,0,0,0,1,93.8,0,1,0,0,0,0,12,0.0002
662.5,6,570576,0.2868,45.00,191.44,1709,1588,10,29,1,13,0,0,0,1,93.8,0,1,0,0,0,0,13,0.0002
662.75,6,570483,0.2868,44.51,192.55,1601,1526,12,18,2,18,0,0,0,1,93.8,0,1,0,0,0,0,13,0.0001
663,6,570457,0.2868,40.72,193.60,1518,1530,16,38,0,14,0,0,0,1,93.8,0,1,0,0,0,0,13,0.0001
663.25,6,570420,0.2868,41.29,194.18,1454,1436,9,19,2,16,0,0,0,1,93.8,0,1,0,0,0,0,13,0.0000
663.5,6,570391,0.2867,38.91,194.80,1497,1509,11,41,0,13,0,0,0,1,93.8,0,1,0,0,0,0,12,0.0003
663.75,6,570434,0.2867,39.01,195.11,1397,1469,11,29,0,14,0,0,0,1,93.8,0,1,0,0,0,0,13,0.0002
664,6,570465,0.2867,38.41,195.44,1430,1488,11,28,0,16,0,0,0,1,93.8,0,1,0,0,0,0,13,0.0002
664.25,6,570386,0.2867,38.22,195.69,1473,1423,9,29,1,16,0,0,0,1,93.8,0,1,0,0,0,0,13,0.0001
664.5,6,570399,0.2867,37.63,196.03,1485,1526,3,28,0,16,0,0,0,1,93.8,0,1,0,0,0,0,13,0.0001
664.75,6,570381,0.2867,37.12,196.18,1496,1500,11,22,0,13,0,0,0,1,93.8,0,1,0,0,0,0,13,0.0001
665,6,570419,0.2866,36.62,196.44,1515,1583,9,30,0,15,0,0,0,1,93.8,0,1,0,0,0,0,13,0.0000
665.25,6,570410,0.2866,36.13,196.83,1506,1526,4,29,2,15,0,0,0,1,93.8,0,1,0,0,0,0,12,0.0003
665.5,6,570393,0.2866,35.14,197.18,1533,1545,1,29,0,16,0,0,0,1,93.8,0,1,0,0,0,0,13,0.0003
665.75,6,570347,0.2866,33.87,197.51,1562,1542,15,26,1,16,0,0,0,1,93.8,0,1,0,0,0,0,13,0.0002
666,6,570358,0.2865,32.97,197.81,1505,1546,4,30,0,14,0,0,0,1,93.8,0,1,0,0,0,0,13,0.0002
666.25,6,570381,0.2865,32.06,198.06,1486,1545,6,36,0,16,0,0,0,1,93.8,0,1,0,0,0,0,13,0.0002
666.5,6,570332,0.2865,31.60,198.28,1570,1542,1,21,0,17,0,0,0,1,93.8,0,1,0,0,0,0,13,0.0002
666.75,6,570334,0.2865,30.98,198.42,1541,1583,16,40,0,15,0,0,0,1,93.8,0,1,0,0,0,0,13,0.0001
667,6,570411,0.2864,31.38,198.63,1483,1578,8,18,2,16,0,0,0,1,93.8,0,1,0,0,0,0,13,0.0001
667.25,6,570345,0.2864,30.58,198.83,1595,1562,16,33,0,15,0,0,0,1,93.8,0,1,0,0,0,0,13,0.0001
667.5,6,570349,0.2864,31.18,198.97,1602,1632,5,26,2,14,0,0,0,1,93.8,0,1,0,0,0,0,13,0.0000
667.75,6,570327,0.2864,32.52,199.05,1600,1599,89,22,1,13,0,0,0,1,93.8,0,1,0,0,0,0,12,0.0003
668,6,570327,0.2864,35.37,199.17,1652,1666,12,15,0,13,0,0,0,1,93.8,0,1,0,0,0,0,13,0.0002
668.25,6,570386,0.2864,37.15,199.25,1718,1790,9,13,0,15,0,0,0,1,93.8,0,1,0,0,0,0,13,0.0002
668.5,6,570479,0.2863,39.45,199.37,1763,1871,8,17,0,14,0,0,0,1,93.8,0,1,0,0,0,0,13,0.0001
668.75,6,570486,0.2863,40.67,199.44,1824,1851,10,21,0,14,0,0,0,1,93.8,0,1,0,0,0,0,13,0.0001
669,6,570479,0.2863,42.03,199.52,1822,1834,12,20,0,13,0,0,0,1,93.8,0,1,0,0,0,0,13,0.0000
669.25,6,570483,0.2863,43.01,199.59,1854,1887,18,30,0,14,0,0,0,1,93.8,0,1,0,0,0,0,13,0.0000
669.5,6,570434,0.2863,43.75,199.62,1892,1871,19,29,0,15,0,0,0,1,93.8,0,1,0,0,0,0,12,0.0003
669.75,6,570353,0.2863,44.36,199.66,1966,1922,19,38,0,17,0,0,0,1,93.8,0,1,0,0,0,0,14,0.0000
670,6,570348,0.2863,44.01,199.57,1822,1859,10,42,0,16,0,0,0,1,93.8,0,1,0,0,0,0,13,0.0000
670.25,6,570199,0.2863,44.68,199.49,1928,1826,26,47,0,13,0,0,0,1,140.3,0,1,0,0,0,0,13,0.0001
670.5,6,570121,0.2863,44.01,199.49,1818,1777,20,39,0,14,0,0,0,1,140.3,0,1,0,0,0,0,13,0.0002
670.75,6,570046,0.2863,43.67,199.52,1799,1775,22,52,0,14,0,0,0,1,140.3,0,1,0,0,0,0,13,0.0003
671,6,569839,0.2863,42.16,198.97,1855,1688,21,41,0,15,0,0,0,1,140.3,0,1,0,0,0,0,14,0.0001
671.25,6,569784,0.2863,42.15,182.73,1694,1693,19,55,0,15,0,0,0,1,140.3,0,1,0,0,0,0,13,0.0003
671.5,6,569725,0.2863,41.64,152.41,1660,1638,16,37,1,16,0,0,0,1,140.3,0,1,0,0,0,0,14,0.0001
671.75,6,569621,0.2863,40.68,119.16,1534,1474,28,46,0,17,0,0,0,1,140.3,0,1,0,0,0,0,14,0.0000
672,6,569497,0.2863,37.40,93.13,1425,1336,8,35,0,15,0,0,0,1,140.3,0,1,0,0,0,0,13,0.0002
672.25,6,569454,0.2863,35.51,79.02,1255,1256,13,45,0,19,0,0,0,1,140.3,0,1,0,0,0,0,14,0.0001
672.5,6,569428,0.2863,32.19,78.67,1143,1137,8,20,1,14,0,0,0,1,140.3,0,1,0,0,0,0,14,0.0001
672.75,6,569365,0.2863,31.20,87.83,1109,1068,15,23,0,18,0,0,0,1,140.3,0,1,0,0,0,0,14,0.0000
673,6,569319,0.2863,28.85,101.01,1019,989,2,16,0,14,0,0,0,1,140.3,0,1,0,0,0,0,13,0.0003
673.25,6,569423,0.2863,28.89,115.19,946,1066,5,16,0,18,0,0,0,1,140.3,0,1,0,0,0,0,14,0.0002
673.5,6,569458,0.2863,27.90,127.84,988,1033,8,10,0,15,0,0,0,1,140.3,0,1,0,0,0,0,14,0.0001
673.75,6,569526,0.2863,29.63,139.21,1025,1098,4,6,0,17,0,0,0,1,140.3,0,1,0,0,0,0,14,0.0001
674,6,569595,0.2862,29.10,148.33,1083,1163,3,11,0,16,0,0,0,1,140.3,0,1,0,0,0,0,13,0.0003
674.25,6,569651,0.2862,29.53,156.24,1107,1168,2,5,0,15,0,0,0,1,140.3,0,1,0,0,0,0,14,0.0002
674.5,6,569676,0.2862,28.75,162.71,1115,1154,2,14,0,16,0,0,0,1,140.3,0,1,0,0,0,0,14,0.0001
674.75,6,569699,0.2862,29.32,168.61,1158,1190,1,9,0,16,0,0,0,1,140.3,0,1,0,0,0,0,13,0.0003
675,7,569718,0.2862,28.68,173.16,1133,1163,1,11,0,17,1,0,0,0,140.3,0,1,0,0,0,0,14,0.0002
675.25,7,569797,0.2862,31.31,176.94,1146,1234,1,9,0,17,0,0,2,0,140.3,0,1,0,0,0,0,14,0.0001
675.5,7,569880,0.2862,27.84,180.14,1187,1299,5990,30,0,17,0,0,0,0,140.3,0,1,0,0,0,1,13,0.0003
675.75,6,569841,0.2862,27.46,183.19,1223,1205,4,21,1,15,0,0,0,0,140.3,0,1,0,0,0,1,14,0.0002
676,6,569868,0.2862,24.89,185.73,1137,1177,10,13,0,16,0,0,0,0,140.3,0,1,0,0,0,0,14,0.0001
676.25,6,569951,0.2862,25.96,187.90,1048,1139,8,8,0,16,0,0,0,0,140.3,0,1,0,0,0,0,13,0.0003
676.5,6,570025,0.2861,23.16,189.78,1093,1174,2,8,0,17,0,0,0,0,140.3,0,1,0,0,0,0,14,0.0001
676.75,6,570140,0.2861,23.83,191.20,973,1111,5,23,0,17,0,0,0,0,140.3,0,1,0,0,0,0,14,0.0000
677,6,570234,0.2860,21.83,192.39,1017,1124,6,13,0,18,0,0,0,0,140.3,0,1,0,0,0,0,13,0.0002
677.25,6,570273,0.2860,23.32,193.43,967,1026,5,20,0,16,0,0,0,0,140.3,0,1,0,0,0,0,14,0.0001
677.5,6,570340,0.2860,21.46,194.31,1003,1081,5,11,1,17,0,0,0,0,140.3,0,1,0,0,0,0,13,0.0002
677.75,6,570410,0.2860,22.07,194.95,958,1041,2,13,0,18,0,0,0,0,140.3,0,1,0,0,0,0,14,0.0001
678,6,570524,0.2859,20.62,195.42,948,1070,1,8,1,16,0,0,0,0,140.3,0,1,0,0,0,0,13,0.0002
678.25,6,570594,0.2859,21.32,195.68,940,1026,4,17,0,15,0,0,0,0,140.3,0,1,0,0,0,0,14,0.0001
678.5,6,570640,0.2859,20.66,195.88,965,1018,1,7,1,16,0,0,0,0,140.3,0,1,0,0,0,0,13,0.0002
678.75,6,570729,0.2859,20.90,196.18,916,1013,3,8,0,17,0,0,0,0,140.3,0,1,0,0,0,0,14,0.0001
679,6,570815,0.2858,21.34,196.31,900,997,2,11,0,13,0,0,0,0,140.3,0,1,0,0,0,0,13,0.0002
679.25,6,570900,0.2858,21.66,196.80,914,1005,4,6,1,14,0,0,0,0,140.3,0,1,0,0,0,0,14,0.0000
679.5,6,571021,0.2858,22.77,196.96,857,985,2,7,0,18,0,0,0,0,140.3,0,1,0,0,0,0,13,0.0001
679.75,6,571126,0.2857,22.44,197.29,936,1054,1,13,0,14,0,0,0,0,140.3,0,1,0,0,0,0,13,0.0003
680,6,571226,0.2857,23.19,197.49,842,955,2,13,1,16,0,0,0,0,140.3,0,1,0,0,0,0,14,0.0001
680.25,6,571265,0.2857,23.04,197.59,904,953,2,10,1,16,0,0,0,0,62.0,0,1,0,0,0,0,13,0.0002
680.5,6,571394,0.2856,23.88,197.69,859,997,0,9,0,16,0,0,0,0,62.0,0,1,0,0,0,0,13,0.0003
680.75,6,571465,0.2856,24.68,197.55,898,980,3,11,1,16,0,0,0,0,62.0,0,1,0,0,0,0,14,0.0001
681,6,571542,0.2856,25.26,197.67,943,1030,5,10,1,14,0,0,0,0,62.0,0,1,0,0,0,0,13,0.0002
681.25,6,571582,0.2856,25.73,198.00,977,1024,2,7,0,17,0,0,0,0,62.0,0,1,0,0,0,0,13,0.0003
681.5,6,571669,0.2856,25.98,198.32,981,1076,3,8,0,16,0,0,0,0,62.0,0,1,0,0,0,0,14,0.0001
681.75,6,571792,0.2855,26.46,198.57,992,1124,5,9,0,15,0,0,0,0,62.0,0,1,0,0,0,0,13,0.0001
682,6,571814,0.2855,26.59,198.63,1019,1056,5,15,0,14,0,0,0,0,62.0,0,1,0,0,0,0,13,0.0002
682.25,6,571878,0.2855,27.37,198.78,1022,1095,2,9,2,18,0,0,0,0,62.0,0,1,0,0,0,0,14,0.0000
682.5,6,571959,0.2855,27.57,198.83,1028,1118,8,9,0,14,0,0,0,0,62.0,0,1,0,0,0,0,13,0.0001
682.75,6,572007,0.2855,27.33,198.93,1013,1073,6,12,0,18,0,0,0,0,62.0,0,1,0,0,0,0,13,0.0001
683,6,572067,0.2855,28.78,198.92,998,1067,182,9,1,15,0,0,0,0,62.0,0,1,0,0,0,0,13,0.0002
683.25,6,572100,0.2855,28.96,199.08,1040,1081,1,8,1,13,0,0,0,0,62.0,0,1,0,0,0,0,13,0.0002
683.5,6,572178,0.2854,30.16,199.14,1040,1132,4,14,2,13,0,0,0,0,62.0,0,1,0,0,0,0,13,0.0003
683.75,6,572230,0.2854,29.16,199.26,1059,1124,5,13,1,16,0,0,0,0,62.0,0,1,0,0,0,0,14,0.0000
684,6,572280,0.2854,28.48,199.29,1001,1071,6,20,1,15,0,0,0,0,62.0,0,1,0,0,0,0,13,0.0001
684.25,6,572339,0.2853,27.35,199.33,933,1004,7,12,4,15,0,0,0,0,62.0,0,1,0,0,0,0,13,0.0001
684.5,6,572395,0.2853,27.33,199.34,873,944,6,15,1,13,0,0,0,0,62.0,0,1,0,0,0,0,13,0.0002
684.75,6,572445,0.2853,25.24,199.37,799,855,3,6,4,20,0,0,0,0,62.0,0,1,0,0,0,0,13,0.0002
685,6,572544,0.2853,25.08,199.45,672,783,3,12,3,15,0,0,0,0,62.0,0,1,0,0,0,0,13,0.0003
685.25,6,572656,0.2852,22.57,199.46,653,770,5,5,1,15,0,0,0,0,62.0,0,1,0,0,0,0,14,0.0000
685.5,6,572752,0.2852,23.49,199.53,599,704,3,9,0,15,0,0,0,0,62.0,0,1,0,0,0,0,13,0.0000
685.75,6,572798,0.2852,23.27,199.15,657,719,1,16,1,16,0,0,0,0,62.0,0,1,0,0,0,0,13,0.0000
686,6,572807,0.2852,24.23,199.18,742,756,4,5,2,14,0,0,0,0,62.0,0,1,0,0,0,0,13,0.0001
686.25,6,572925,0.2851,23.38,199.13,824,951,2,9,0,15,0,0,0,0,62.0,0,1,0,0,0,0,13,0.0001
686.5,6,572946,0.2851,23.19,199.25,878,907,0,8,0,16,0,0,0,0,62.0,0,1,0,0,0,0,13,0.0001
686.75,6,572966,0.2851,22.61,198.08,951,983,2,12,0,15,0,0,0,0,62.0,0,1,0,0,0,0,13,0.0001
687,6,573018,0.2851,22.50,198.15,929,986,2,5,0,16,0,0,0,0,62.0,0,1,0,0,0,0,13,0.0001
687.25,6,573015,0.2852,22.30,197.82,1029,1030,3,4,0,16,0,0,0,0,62.0,0,1,0,0,0,0,13,0.0000
687.5,6,573051,0.2852,22.52,198.16,1039,1081,1,6,1,14,0,0,0,0,62.0,0,1,0,0,0,0,12,0.0003
687.75,6,573066,0.2852,21.76,198.41,1006,1027,7,6,2,15,0,0,0,0,62.0,0,1,0,0,0,0,13,0.0003
688,6,573141,0.2852,21.66,198.56,984,1064,7,5,0,16,0,0,0,0,62.0,0,1,0,0,0,0,13,0.0002
688.25,6,573137,0.2852,21.77,198.68,991,996,7,9,0,16,0,0,0,0,62.0,0,1,0,0,0,0,13,0.0002
688.5,6,573192,0.2852,21.33,198.84,1008,1079,8,16,1,18,0,0,0,0,62.0,0,1,0,0,0,0,13,0.0001
688.75,6,573174,0.2852,21.48,198.57,947,950,8,22,1,14,0,0,0,0,62.0,0,1,0,0,0,0,13,0.0001
689,6,573141,0.2852,22.79,198.65,965,949,9,17,1,14,0,0,0,0,62.0,0,1,0,0,0,0,13,0.0000
689.25,6,573202,0.2851,22.15,198.35,932,1007,7,14,0,15,0,0,0,0,62.0,0,1,0,0,0,0,12,0.0002
689.5,6,573247,0.2851,21.85,197.38,923,986,7,18,0,16,0,0,0,0,62.0,0,1,0,0,0,0,13,0.0002
689.75,6,573279,0.2851,22.61,197.68,826,877,4,19,0,14,0,0,0,0,62.0,0,1,0,0,0,0,13,0.0001
690,6,573338,0.2851,22.04,197.50,835,912,10,18,0,15,0,0,0,0,62.0,0,1,0,0,0,0,13,0.0001
690.25,6,573428,0.2850,22.24,197.38,728,837,12,19,0,15,0,0,0,0,-24.4,0,1,0,0,0,0,13,0.0000
690.5,6,573485,0.2850,24.94,197.43,688,762,3,17,0,14,0,0,0,0,-24.4,0,1,0,0,0,0,12,0.0003
690.75,6,573489,0.2850,25.37,197.38,776,795,7,15,0,17,0,0,0,0,-24.4,0,1,0,0,0,0,13,0.0002
691,6,573549,0.2850,28.39,196.75,691,766,1,15,0,14,0,0,0,0,-24.4,0,1,0,0,0,0,13,0.0002
691.25,6,573591,0.2849,29.59,196.74,771,827,3,14,0,14,0,0,0,0,-24.4,0,1,0,0,0,0,13,0.0001
691.5,6,573701,0.2849,31.86,196.56,717,842,3,15,0,15,0,0,0,0,-24.4,0,1,0,0,0,0,13,0.0001
691.75,6,573727,0.2849,32.96,195.64,887,924,6,11,0,12,0,0,0,0,-24.4,0,1,0,0,0,0,12,0.0003
692,6,573783,0.2848,33.00,196.25,896,969,1,17,0,14,0,0,0,0,-24.4,0,1,0,0,0,0,13,0.0002
692.25,6,573781,0.2849,32.09,196.67,952,959,3,9,0,15,0,0,0,0,-24.4,0,1,0,0,0,0,13,0.0002
692.5,6,573837,0.2849,30.68,196.97,937,995,6,2,0,19,0,0,0,0,-24.4,0,1,0,0,0,0,13,0.0001
692.75,6,573860,0.2849,28.41,196.81,924,965,8,18,0,16,0,0,0,0,-24.4,0,1,0,0,0,0,13,0.0000
693,6,573864,0.2849,26.84,196.87,904,915,5,7,0,16,0,0,0,0,-24.4,0,1,0,0,0,0,12,0.0003
693.25,6,573863,0.2849,27.28,193.47,855,871,9665,17,1,14,0,0,0,0,-24.4,0,1,0,0,0,0,13,0.0002
693.5,6,573796,0.2849,28.40,194.17,925,872,4,14,2,22,0,0,0,0,-24.4,0,1,0,0,0,0,13,0.0001
693.75,6,573816,0.2849,30.34,191.94,936,966,8,10,1,13,0,0,0,0,-24.4,0,1,0,0,0,0,13,0.0001
694,6,573886,0.2849,32.50,192.94,962,1051,4,19,1,13,0,0,0,0,-24.4,0,1,0,0,0,0,12,0.0003
694.25,6,573899,0.2849,33.62,191.19,1036,1071,10,22,0,13,0,0,0,0,-24.4,0,1,0,0,0,0,13,0.0002
694.5,6,573882,0.2848,35.01,191.47,1039,1042,603,20,3,14,0,0,1,0,-24.4,0,1,0,0,0,0,13,0.0002
694.75,6,573868,0.2848,35.54,151.46,1089,1106,7,31,3,18,0,0,0,0,-24.4,0,1,0,0,0,0,13,0.0001
695,6,573869,0.2848,35.56,159.10,1072,1091,11,18,4,16,0,0,0,0,-24.4,0,1,0,0,0,0,13,0.0001
695.25,6,573873,0.2848,35.98,164.68,1069,1092,9,20,5,17,0,0,0,0,-24.4,0,1,0,0,0,0,13,0.0001
695.5,6,573893,0.2848,35.51,166.57,1095,1144,9,29,0,18,0,0,0,0,-24.4,0,1,0,0,0,0,13,0.0000
695.75,6,573862,0.2848,34.67,165.10,1102,1092,7,21,4,15,0,0,0,0,-24.4,0,1,0,0,0,0,13,0.0000
696,6,573876,0.2848,33.74,164.66,1110,1141,8,17,5,14,0,0,0,0,-24.4,0,1,0,0,0,0,13,0.0000
696.25,6,573945,0.2847,33.43,164.07,1076,1162,3,17,1,14,0,0,0,0,-24.4,0,1,0,0,0,0,12,0.0003
696.5,6,573993,0.2847,32.50,165.12,1104,1174,9,22,0,15,0,0,0,0,-24.4,0,1,0,0,0,0,13,0.0003
696.75,6,574032,0.2847,32.40,166.60,1102,1161,6,20,1,14,0,0,0,0,-24.4,0,1,0,0,0,0,13,0.0003
697,6,574043,0.2846,31.12,168.44,1093,1129,15,25,1,18,0,0,0,0,-24.4,0,1,0,0,0,0,13,0.0003
697.25,6,574021,0.2846,32.30,169.65,1068,1081,10,35,0,16,0,0,0,0,-24.4,0,1,0,0,0,0,13,0.0003
697.5,6,573949,0.2847,32.43,170.86,1125,1076,2,23,0,17,0,0,0,0,-24.4,0,1,0,0,0,0,14,0.0000
697.75,6,574024,0.2846,33.60,173.95,1011,1109,10,23,1,18,0,0,0,0,-24.4,0,1,0,0,0,0,13,0.0000
698,6,574036,0.2846,34.03,176.22,1122,1167,10,33,0,15,0,0,0,0,-24.4,0,1,0,0,0,0,13,0.0001
698.25,6,574014,0.2846,33.04,177.95,1156,1168,9,34,0,16,0,0,0,0,-24.4,0,1,0,0,0,0,13,0.0001
698.5,6,573986,0.2846,32.91,180.21,1103,1104,11,30,0,19,0,0,0,0,-24.4,0,1,0,0,0,0,13,0.0002
698.75,6,573986,0.2845,31.79,182.03,1094,1120,8,26,0,20,0,0,0,0,-24.4,0,1,0,0,0,0,13,0.0002
699,6,573983,0.2845,30.68,183.57,1071,1098,5,30,0,13,0,0,0,0,-24.4,0,1,0,0,0,0,13,0.0003
699.25,6,573928,0.2845,29.38,186.12,1035,1015,6,35,0,15,0,0,0,0,-24.4,0,1,0,0,0,0,14,0.0000
699.5,6,573990,0.2845,28.07,187.75,977,1058,7,19,0,16,0,0,0,0,-24.4,0,1,0,0,0,0,13,0.0001
699.75,6,574052,0.2844,26.87,176.33,945,1028,4,21,0,14,0,0,0,0,-24.4,0,1,0,0,0,0,13,0.0002
700,6,574083,0.2844,25.51,167.85,931,987,11,25,0,19,0,0,0,0,-24.4,0,1,0,0,0,0,13,0.0002
700.25,6,574034,0.2844,24.99,170.89,961,933,14,25,0,16,0,0,0,0,-40.6,0,1,0,0,0,0,13,0.0003
700.5,6,574051,0.2844,24.88,174.63,855,895,8,23,0,18,0,0,0,0,-40.6,0,1,0,0,0,0,14,0.0001
700.75,6,574125,0.2844,24.08,176.48,915,1010,6,21,0,15,0,0,0,0,-40.6,0,1,0,0,0,0,13,0.0001
701,6,574157,0.2843,24.40,179.37,832,891,4,27,0,18,0,0,0,0,-40.6,0,1,0,0,0,0,13,0.0002
701.25,6,574178,0.2843,24.47,182.04,893,940,5,26,0,18,0,0,0,0,-40.6,0,1,0,0,0,0,13,0.0003
701.5,6,574206,0.2843,23.68,184.83,840,892,7,24,0,16,0,0,0,0,-40.6,0,1,0,0,0,0,14,0.0001
701.75,5,574253,0.2843,23.87,187.17,832,898,8,19,0,14,0,1,0,0,-40.6,0,0,0,0,1,0,13,0.0001
702,5,574277,0.2842,22.21,189.05,788,833,4,21,0,16,0,0,0,0,-40.6,0,0,0,0,0,0,13,0.0002
702.25,5,574306,0.2842,23.04,190.57,792,841,4,20,0,14,0,0,0,0,-40.6,0,0,0,0,0,0,13,0.0003
702.5,5,574306,0.2842,21.75,191.89,785,802,11,17,0,18,0,0,0,0,-40.6,0,0,0,0,0,0,14,0.0001
702.75,5,574225,0.2843,22.67,193.08,908,846,4,19,0,16,0,0,0,0,-40.6,0,0,0,0,0,0,13,0.0001
703,5,574264,0.2842,21.48,194.04,769,828,7,20,0,15,0,0,0,0,-40.6,0,0,0,0,0,0,13,0.0002
703.25,5,574288,0.2842,21.47,194.89,819,870,1,27,0,17,0,0,0,0,-40.6,0,0,0,0,0,0,13,0.0003
703.5,5,574334,0.2842,21.44,195.64,787,854,5,21,0,17,0,0,0,0,-40.6,0,0,0,0,0,0,14,0.0001
703.75,5,574350,0.2842,21.27,196.18,860,888,6,12,0,15,0,0,0,0,-40.6,0,0,0,0,0,0,13,0.0001
704,5,574349,0.2842,20.91,196.74,835,855,4,21,0,18,0,0,0,0,-40.6,0,0,0,0,0,0,13,0.0002
704.25,5,574379,0.2841,20.12,197.24,884,930,8,17,0,15,0,0,0,0,-40.6,0,0,0,0,0,0,13,0.0003
704.5,5,574411,0.2841,20.61,197.65,855,910,5,23,0,15,0,0,0,0,-40.6,0,0,0,0,0,0,14,0.0001
704.75,5,574409,0.2841,20.47,197.71,951,973,4,24,3,16,0,0,0,0,-40.6,0,0,0,0,0,0,13,0.0001
705,5,574427,0.2841,21.50,198.06,927,971,9,26,1,14,0,0,0,0,-40.6,0,0,0,0,0,0,13,0.0002
705.25,5,574489,0.2840,22.56,198.29,908,987,7,17,2,16,0,0,0,0,-40.6,0,0,0,0,0,0,13,0.0003
705.5,5,574438,0.2841,24.26,198.49,1043,1011,8,19,0,16,0,0,0,1,-40.6,0,0,0,0,0,0,14,0.0000
705.75,5,574434,0.2840,25.63,198.63,1023,1049,4,30,3,16,0,0,0,1,-40.6,0,0,0,0,0,0,13,0.0001
706,5,574435,0.2840,27.43,198.71,1031,1049,2,17,2,18,0,0,0,1,-40.6,0,0,0,0,0,0,13,0.0001
706.25,5,574393,0.2840,28.23,198.56,1060,1045,6,27,1,16,0,0,0,1,-40.6,0,0,0,0,0,0,13,0.0002
706.5,5,574461,0.2840,30.08,198.70,1008,1099,3,23,1,16,0,0,0,1,-40.6,0,0,0,0,0,0,13,0.0002
706.75,5,574428,0.2840,30.77,198.88,1096,1088,6,25,2,19,0,0,0,1,-40.6,0,0,0,0,0,0,13,0.0002
707,5,574416,0.2840,31.22,199.03,1093,1108,4,27,1,15,0,0,0,1,-40.6,0,0,0,0,0,0,13,0.0003
707.25,5,574457,0.2840,32.41,199.15,1061,1124,6,22,0,17,0,0,0,1,-40.6,0,0,0,0,0,0,14,0.0000
707.5,5,574493,0.2839,32.44,199.25,1068,1126,4,22,2,15,0,0,0,1,-40.6,0,0,0,0,0,0,13,0.0000
707.75,5,574492,0.2839,33.10,199.34,1111,1131,5,21,3,14,0,0,0,1,-40.6,0,0,0,0,0,0,13,0.0000
708,5,574474,0.2839,33.39,199.42,1075,1077,4,21,0,14,0,0,0,1,-40.6,0,0,0,0,0,0,13,0.0001
708.25,5,574459,0.2839,34.37,199.47,1086,1087,8,16,2,15,0,0,0,1,-40.6,0,0,0,0,0,0,13,0.0001
708.5,5,574434,0.2839,35.00,199.47,1098,1095,2,22,0,14,0,0,0,1,-40.6,0,0,0,0,0,0,13,0.0001
708.75,5,574451,0.2839,35.78,198.52,1052,1092,8,23,1,15,0,0,0,1,-40.6,0,0,0,0,0,0,13,0.0001
709,5,574450,0.2839,35.85,197.78,1069,1086,4,18,3,15,0,0,0,1,-40.6,0,0,0,0,0,0,13,0.0001
709.25,5,574463,0.2839,36.67,197.06,1072,1111,4,26,4,16,0,0,0,1,-40.6,0,0,0,0,0,0,13,0.0000
709.5,5,574464,0.2839,37.33,195.61,1014,1035,2,20,5,14,0,0,0,1,-40.6,0,0,0,0,0,0,13,0.0000
709.75,5,574484,0.2838,37.50,194.99,1075,1119,2,24,1,14,0,0,0,1,-40.6,0,0,0,0,0,0,13,0.0000
710,5,574467,0.2838,38.17,193.37,1015,1020,1,22,5,14,0,0,0,1,-40.6,0,0,0,0,0,0,12,0.0003
710.25,5,574506,0.2838,39.28,193.09,995,1054,8,20,4,15,0,0,0,1,-70.8,0,0,0,0,0,0,13,0.0003
710.5,5,574516,0.2837,39.97,192.83,993,1037,9,34,8,15,0,0,0,1,-70.8,0,0,0,0,0,0,13,0.0002
710.75,5,574506,0.2837,42.61,192.32,983,994,5,21,10,15,0,0,0,1,-70.8,0,0,0,0,0,0,13,0.0002
711,5,574460,0.2837,39.62,192.07,966,943,10,25,5,18,0,0,0,1,-70.8,0,0,0,0,0,0,13,0.0002
711.25,5,574460,0.2837,41.52,192.91,908,933,8,25,6,16,0,0,0,1,-70.8,0,0,0,0,0,0,13,0.0001
711.5,5,574490,0.2837,38.51,193.33,916,969,189,24,3,19,0,0,0,1,-70.8,0,0,0,0,0,0,13,0.0001
711.75,5,574492,0.2836,40.30,193.52,899,931,2,30,3,13,0,0,0,1,-70.8,0,0,0,0,0,0,13,0.0000
712,5,574514,0.2836,36.28,193.89,855,902,4,25,1,14,0,0,0,1,-70.8,0,0,0,0,0,0,12,0.0003
712.25,5,574510,0.2836,39.07,193.93,922,941,10,23,10,16,0,0,0,1,-70.8,0,0,0,0,0,0,13,0.0002
712.5,5,574527,0.2836,36.27,193.74,851,890,7,22,1,16,0,0,0,1,-70.8,0,0,0,0,0,0,13,0.0001
712.75,5,574569,0.2836,37.18,193.42,832,888,5,14,1,15,0,0,0,1,-70.8,0,0,0,0,0,0,13,0.0001
713,5,574533,0.2836,34.36,192.86,858,850,6,28,1,16,0,0,0,1,-70.8,0,0,0,0,0,0,12,0.0003
713.25,5,574536,0.2835,36.00,192.01,812,846,6,31,1,14,0,0,0,1,-70.8,0,0,0,0,0,0,13,0.0002
713.5,5,574589,0.2835,35.46,190.71,816,892,6,23,2,15,0,0,0,1,-70.8,0,0,0,0,0,0,13,0.0001
713.75,5,574660,0.2834,34.94,188.93,796,892,6,25,0,15,0,0,0,1,-70.8,0,0,0,0,0,0,13,0.0001
714,5,574659,0.2834,34.28,187.83,801,826,7,26,1,14,0,0,0,1,-70.8,0,0,0,0,0,0,12,0.0003
714.25,5,574704,0.2834,35.16,186.78,754,815,5,16,3,15,0,0,0,1,-70.8,0,0,0,0,0,0,13,0.0002
714.5,5,574708,0.2834,33.94,185.51,785,803,4,14,0,13,0,0,0,1,-70.8,0,0,0,0,0,0,13,0.0001
714.75,5,574763,0.2833,35.25,183.71,780,857,3,22,2,14,0,0,0,1,-70.8,0,0,0,0,0,0,12,0.0003
715,5,574742,0.2833,34.04,180.77,808,807,8,20,1,13,0,0,0,1,-70.8,0,0,0,0,0,0,13,0.0002
715.25,5,574795,0.2833,33.79,178.51,705,775,5,17,2,14,0,0,0,1,-70.8,0,0,0,0,0,0,13,0.0001
715.5,5,574808,0.2833,33.47,174.42,770,805,12,23,2,13,0,0,0,1,-70.8,0,0,0,0,0,0,13,0.0000
715.75,5,574837,0.2833,33.39,171.11,680,718,4,9,2,13,0,0,0,1,-70.8,0,0,0,0,0,0,12,0.0002
716,5,574903,0.2832,34.05,166.80,677,770,2,27,4,13,0,0,0,1,-70.8,0,0,0,0,0,0,13,0.0001
716.25,5,574945,0.2832,31.49,162.77,668,720,6,10,5,14,0,0,0,1,-70.8,0,0,0,0,0,0,13,0.0000
716.5,5,574961,0.2832,33.07,159.08,683,723,5,24,3,13,0,0,0,1,-70.8,0,0,0,0,0,0,12,0.0002
716.75,5,574992,0.2831,30.82,155.15,654,701,3,16,4,15,0,0,0,1,-70.8,0,0,0,0,0,0,13,0.0001
717,5,575017,0.2831,32.38,151.69,651,698,6,22,8,16,0,0,0,1,-70.8,0,0,0,0,0,0,13,0.0000
717.25,5,575065,0.2831,29.76,147.25,668,731,2887,16,5,13,0,0,0,1,-70.8,0,0,0,0,0,0,12,0.0002
717.5,5,575051,0.2831,30.06,144.11,713,720,6,21,4,14,0,0,0,1,-70.8,0,0,0,0,0,0,13,0.0001
717.75,5,575046,0.2831,29.42,140.64,772,786,14,19,5,15,0,0,0,1,-70.8,0,0,0,0,0,0,13,0.0000
718,5,575010,0.2830,30.54,135.74,831,814,17,19,6,12,0,0,0,1,-70.8,0,0,0,0,0,0,12,0.0002
718.25,5,575020,0.2830,30.72,133.26,894,921,7,17,5,14,0,0,0,1,-70.8,0,0,0,0,0,0,13,0.0001
718.5,5,575022,0.2830,32.13,129.02,945,967,6,21,4,15,0,0,0,1,-70.8,0,0,0,0,0,0,13,0.0000
718.75,5,575008,0.2830,32.56,126.78,998,1010,12,26,6,13,0,0,0,1,-70.8,0,0,0,0,0,0,12,0.0003
719,5,575029,0.2830,32.90,124.65,997,1049,2,31,2,16,0,0,0,1,-70.8,0,0,0,0,0,0,13,0.0002
719.25,5,575011,0.2829,32.04,122.48,1064,1069,7,23,7,17,0,0,0,1,-70.8,0,0,0,0,0,0,13,0.0001
719.5,5,574984,0.2829,32.30,120.77,1059,1057,9,25,4,21,0,0,0,1,-70.8,0,0,0,0,0,0,13,0.0000
719.75,5,574991,0.2829,30.69,108.10,1049,1091,3,35,3,14,0,0,0,1,-70.8,0,0,0,0,0,0,12,0.0002
720,5,574967,0.2829,30.53,106.55,1072,1075,5,27,0,20,0,0,0,1,-70.8,0,0,0,0,0,0,13,0.0002
720.25,5,574951,0.2829,28.55,105.74,1006,1017,10,27,4,14,0,0,0,1,-130.9,0,0,0,0,0,0,13,0.0001
720.5,5,574983,0.2829,29.88,105.01,976,1034,7,26,0,14,0,0,0,1,-130.9,0,0,0,0,0,0,13,0.0000
720.75,5,574990,0.2828,28.50,104.34,988,1036,4,41,1,17,0,0,0,1,-130.9,0,0,0,0,0,0,12,0.0003
721,5,575035,0.2827,29.21,103.97,931,1011,4,35,0,15,0,0,0,1,-130.9,0,0,0,0,0,0,13,0.0002
721.25,5,575009,0.2828,30.06,104.13,1035,1032,35485,23,2,19,0,0,0,1,-130.9,0,0,0,0,0,0,13,0.0002
721.5,5,574873,0.2828,34.16,104.48,1182,1072,3,26,0,15,0,0,0,1,-130.9,0,0,0,0,0,0,13,0.0002
721.75,5,574800,0.2828,37.23,104.93,1314,1256,5,15,0,17,0,0,0,1,-130.9,0,0,0,0,0,0,13,0.0002
722,5,574836,0.2828,41.89,104.75,1330,1384,6,18,0,14,0,0,0,1,-130.9,0,0,0,0,0,0,13,0.0001
722.25,5,574867,0.2828,43.92,105.44,1442,1497,10,26,0,16,0,0,0,1,-130.9,0,0,0,0,0,0,13,0.0001
722.5,5,574991,0.2827,47.62,105.40,1476,1616,8,16,0,16,0,0,0,1,-130.9,0,0,0,0,0,0,13,0.0000
722.75,5,575055,0.2827,48.78,106.27,1600,1687,13,25,2,14,0,0,0,1,-130.9,0,0,0,0,0,0,12,0.0002
723,5,575075,0.2827,50.95,106.21,1714,1742,13,9,0,18,0,0,0,1,-130.9,0,0,0,0,0,0,13,0.0002
723.25,5,575046,0.2827,51.40,106.93,1797,1800,13,32,1,17,0,0,0,1,-130.9,0,0,0,0,0,0,13,0.0000
723.5,5,574989,0.2827,53.60,107.23,1788,1750,14,21,0,13,0,0,0,1,-130.9,0,0,0,0,0,0,12,0.0002
723.75,5,574920,0.2827,54.09,107.51,1919,1876,22,28,2,15,0,0,0,1,-130.9,0,0,0,0,0,0,13,0.0001
724,5,574875,0.2827,55.73,108.62,1839,1820,18,26,0,18,0,0,0,1,-130.9,0,0,0,0,0,0,12,0.0003
724.25,5,574813,0.2827,56.54,109.70,1946,1909,19,26,1,15,0,0,0,1,-130.9,0,0,0,0,0,0,13,0.0001
724.5,5,574742,0.2828,57.98,111.45,1916,1869,11,25,0,14,0,0,0,2,-130.9,0,0,0,0,0,0,13,0.0000
724.75,5,574685,0.2828,58.31,112.08,1915,1881,16,24,0,17,0,0,0,2,-130.9,0,0,0,0,0,0,12,0.0002
725,5,574592,0.2828,59.59,113.50,1964,1895,13,24,0,16,0,0,0,2,-130.9,0,0,0,0,0,0,13,0.0000
725.25,5,574531,0.2828,59.63,114.78,2015,1973,12,20,0,13,0,0,0,2,-130.9,0,0,0,0,0,0,12,0.0002
725.5,5,574489,0.2828,60.77,116.33,2007,1984,14,20,0,17,0,0,0,2,-130.9,0,0,0,0,0,0,13,0.0001
725.75,5,574466,0.2828,60.67,118.24,1999,1997,11,21,1,14,0,0,0,2,-130.9,0,0,0,0,0,0,12,0.0002
726,5,574361,0.2829,61.31,119.78,2064,1975,10,16,0,15,0,0,0,2,-130.9,0,0,0,0,0,0,13,0.0001
726.25,5,574242,0.2829,61.02,121.20,2101,2003,5,21,1,14,0,0,0,2,-130.9,0,0,0,0,0,0,12,0.0003
726.5,5,574123,0.2830,61.29,123.57,2053,1952,10,19,0,14,0,0,0,2,-130.9,0,0,0,0,0,0,13,0.0001
726.75,5,573997,0.2831,61.76,124.89,2095,1988,10,19,0,18,0,0,0,2,-130.9,0,0,0,0,0,0,11,0.0006
727,5,573866,0.2831,61.17,127.34,2073,1967,8,25,0,16,0,0,0,2,-130.9,0,0,0,0,0,0,10,0.0013
727.25,5,573767,0.2831,60.55,130.88,2049,1975,8,25,1,15,0,0,0,2,-130.9,0,0,0,0,0,0,12,0.0015
727.5,5,573707,0.2832,59.80,107.59,2045,2006,11,21,0,22,0,0,0,2,-130.9,0,0,0,0,0,0,17,0.0001
727.75,5,573527,0.2832,59.35,108.18,2129,1977,14,28,0,14,0,0,0,2,-130.9,0,0,0,0,0,0,12,0.0002
728,5,573396,0.2833,59.11,109.46,2078,1977,11,31,0,14,0,0,0,2,-130.9,0,0,0,0,0,0,13,0.0001
728.25,5,573319,0.2833,58.90,115.19,2053,2001,9,25,0,13,0,0,0,2,-130.9,0,0,0,0,0,0,11,0.0005
728.5,5,573243,0.2833,58.41,124.75,2006,1960,4,30,0,18,0,0,0,2,-130.9,0,0,0,0,0,0,14,0.0000
728.75,5,573047,0.2834,56.88,135.66,2163,1983,10,16,0,16,0,0,0,2,-130.9,0,0,0,0,0,0,12,0.0001
729,5,572912,0.2835,55.31,145.19,2056,1943,28,25,0,16,0,0,0,2,-130.9,0,0,0,0,0,0,12,0.0002
729.25,5,572784,0.2835,52.86,153.17,2044,1955,18,39,0,14,0,0,0,2,-130.9,0,0,0,0,0,0,13,0.0001
729.5,6,572661,0.2835,49.67,158.98,1957,1866,44,41,0,15,1,0,0,1,-130.9,0,0,0,0,0,0,12,0.0002
729.75,6,572505,0.2835,49.25,165.16,1866,1764,45,57,0,13,0,0,3,1,-130.9,0,0,0,0,0,0,13,0.0001
730,6,572313,0.2835,45.76,168.33,1934,1793,26,52,0,16,0,0,0,1,-130.9,0,0,0,0,0,0,12,0.0002
730.25,6,572077,0.2836,44.62,171.28,1898,1726,39,64,0,17,0,0,0,1,-36.2,0,0,0,0,0,0,13,0.0002
730.5,6,571892,0.2836,43.69,174.55,1876,1749,23,59,0,16,0,0,0,1,-36.2,0,0,0,0,0,0,13,0.0001
730.75,6,571705,0.2836,43.83,177.84,1887,1755,16,55,0,14,0,0,0,1,-36.2,0,0,0,0,0,0,13,0.0001
731,6,571628,0.2836,43.86,178.25,1820,1783,19,41,0,22,0,0,0,1,-36.2,0,0,0,0,0,0,13,0.0001
731.25,6,571635,0.2836,43.05,180.82,1769,1804,14,28,1,16,0,0,0,1,-36.2,0,0,0,0,0,0,13,0.0001
731.5,6,571640,0.2836,40.77,183.76,1845,1881,10,31,1,16,0,0,0,1,-36.2,0,0,0,0,0,0,13,0.0002
731.75,6,571550,0.2836,39.09,185.33,1892,1827,15,27,7,15,0,0,0,1,-36.2,0,0,0,0,0,0,13,0.0002
732,6,571544,0.2835,37.72,185.82,1824,1847,7,29,16,18,0,0,0,1,-36.2,0,0,0,0,0,0,13,0.0002
732.25,6,571510,0.2835,37.55,186.53,1778,1756,26,16,18,15,0,0,0,1,-36.2,0,0,0,0,0,0,13,0.0003
732.5,6,571477,0.2835,37.02,186.98,1756,1755,17,33,7,17,0,0,0,1,-36.2,0,0,0,0,0,0,13,0.0003
732.75,6,571457,0.2835,36.66,188.18,1789,1810,22,42,2,16,0,0,0,1,-36.2,0,0,0,0,0,0,14,0.0000
733,6,571416,0.2835,36.10,186.38,1747,1738,23,34,6,16,0,0,0,0,-36.2,0,0,0,0,0,0,13,0.0001
733.25,6,571489,0.2834,36.25,186.73,1661,1764,36107,32,14,14,0,0,0,0,-36.2,0,0,0,0,0,0,13,0.0001
733.5,6,571008,0.2835,37.97,188.26,2003,1597,39,78,16,14,0,0,0,0,-36.2,0,0,0,0,0,0,13,0.0002
733.75,6,570858,0.2834,40.57,186.91,1781,1701,19,70,11,16,0,0,0,0,-36.2,0,0,0,0,0,0,13,0.0003
734,6,570877,0.2834,44.13,188.72,1651,1706,20,37,1,14,0,0,0,0,-36.2,0,0,0,0,0,0,14,0.0001
734.25,6,570967,0.2833,45.86,190.23,1728,1860,14,42,8,13,0,0,0,0,-36.2,0,0,0,0,0,0,13,0.0002
734.5,6,571034,0.2833,47.17,191.49,1858,1949,10,24,1,21,0,0,0,0,-36.2,0,0,0,0,0,0,14,0.0000
734.75,6,571157,0.2832,47.53,192.49,1807,1963,7,33,0,19,0,0,0,0,-36.2,0,0,0,0,0,0,13,0.0001
735,6,571228,0.2831,48.87,191.80,1870,1970,9,32,1,14,0,0,0,0,-36.2,0,0,0,0,0,0,13,0.0002
735.25,6,571317,0.2830,49.45,192.53,1912,2029,10,28,3,14,0,0,0,0,-36.2,0,0,0,0,0,0,13,0.0002
735.5,6,571435,0.2829,51.53,188.98,1899,2048,12,31,0,16,0,0,0,0,-36.2,0,0,0,0,0,0,13,0.0003
735.75,6,571539,0.2829,51.37,190.63,1921,2054,16,30,1,18,0,0,0,0,-36.2,0,0,0,0,0,0,14,0.0000
736,6,571508,0.2829,54.85,191.86,2041,2040,13,30,1,17,0,0,0,0,-36.2,0,0,0,0,0,0,13,0.0001
736.25,6,571520,0.2828,52.07,192.60,2049,2089,15,29,1,13,0,0,0,0,-36.2,0,0,0,0,0,0,13,0.0001
736.5,6,571421,0.2829,55.25,191.72,2133,2062,12,28,4,15,0,0,0,0,-36.2,0,0,0,0,0,0,13,0.0001
736.75,6,571332,0.2829,52.49,191.03,2130,2066,11,25,1,16,0,0,0,0,-36.2,0,0,0,0,0,0,13,0.0002
737,6,571253,0.2829,55.94,191.72,2012,1971,11,39,0,16,0,0,0,0,-36.2,0,0,0,0,0,0,13,0.0002
737.25,6,571216,0.2829,51.43,192.56,2034,2030,21,35,0,16,0,0,0,0,-36.2,0,0,0,0,0,0,13,0.0002
737.5,6,571171,0.2829,55.25,193.28,1937,1929,10,37,1,14,0,0,0,0,-36.2,0,0,0,0,0,0,13,0.0003
737.75,6,571072,0.2829,51.76,180.19,2030,1974,16,43,0,17,0,0,0,0,-36.2,0,0,0,0,0,0,13,0.0003
738,6,570924,0.2829,53.94,179.95,1987,1877,16,38,1,17,0,0,0,0,-36.2,0,0,0,0,0,0,14,0.0000
738.25,6,570858,0.2829,48.02,180.89,1941,1917,20,43,1,15,0,0,0,0,-36.2,0,0,0,0,0,0,13,0.0001
738.5,6,570797,0.2829,51.12,180.14,1837,1813,22,39,4,16,0,0,0,0,-36.2,0,0,0,0,0,0,12,0.0004
738.75,6,570747,0.2828,47.99,181.85,1798,1799,14,51,2,8,0,0,0,0,-36.2,0,0,0,0,0,0,7,0.0022
739,6,570642,0.2828,49.29,179.62,1776,1731,25,60,9,16,0,0,0,0,-36.2,0,0,0,0,0,0,10,0.0032
739.25,6,570659,0.2827,45.15,179.24,1674,1734,19,44,3,14,0,0,0,0,-36.2,0,0,0,0,0,0,13,0.0033
739.5,6,570434,0.2828,48.81,176.71,1711,1530,25,44,3,15,0,0,0,0,-36.2,0,0,0,0,0,0,12,0.0036
739.75,6,570517,0.2827,46.19,177.82,1525,1650,20,42,5,12,0,0,0,0,-36.2,0,0,0,0,0,0,11,0.0043
740,6,570411,0.2827,51.31,178.10,1637,1578,20,47,1,23,0,0,0,0,-36.2,0,0,0,0,0,0,13,0.0044
740.25,6,570519,0.2826,47.13,176.23,1486,1620,14,26,2,19,0,0,0,0,-0.4,0,0,0,0,0,0,15,0.0039
740.5,6,570396,0.2826,52.72,176.35,1677,1597,22,44,1,17,0,0,0,0,-0.4,0,0,0,0,0,0,13,0.0040
740.75,6,570566,0.2825,50.09,174.52,1573,1765,8,22,1,12,0,0,0,0,-0.4,0,0,0,0,0,0,9,0.0053
741,6,570554,0.2825,55.29,168.24,1664,1678,17,26,3,19,0,0,0,0,-0.4,0,0,0,0,0,0,14,0.0051
741.25,6,570655,0.2824,50.05,162.47,1604,1729,13,24,1,11,0,0,0,0,-0.4,0,0,0,0,0,0,8,0.0066
741.5,6,570544,0.2824,55.86,154.98,1749,1678,25,42,1,12,0,0,0,0,-0.4,0,0,0,0,0,0,9,0.0079
741.75,6,570547,0.2824,56.72,148.86,1685,1715,13,27,1,6,0,0,0,0,-0.4,0,0,0,0,0,0,6,0.0101
742,6,570537,0.2824,57.57,139.93,1722,1741,18,31,1,10,0,0,0,0,-0.4,0,0,0,0,0,0,6,0.0122
742.25,6,570482,0.2823,56.03,130.17,1730,1707,9,32,0,6,0,0,0,0,-0.4,0,0,0,0,0,0,3,0.0153
742.5,6,570404,0.2823,58.76,120.81,1699,1652,9,31,3,11,0,0,0,0,-0.4,0,0,0,0,0,0,7,0.0172
742.75,6,570388,0.2823,54.37,112.06,1671,1683,6,28,1,7,0,0,0,0,-0.4,0,0,0,0,0,0,5,0.0197
743,6,570320,0.2823,58.05,106.22,1636,1600,15,33,1,7,0,0,0,0,-0.4,0,0,0,0,0,0,6,0.0218
743.25,6,570245,0.2823,54.37,105.74,1736,1698,14,37,2,13,0,0,0,0,-0.4,0,0,0,0,0,0,9,0.0232
743.5,6,570099,0.2823,56.85,105.84,1666,1559,7,39,2,7,0,0,0,0,-0.4,0,0,0,0,0,0,7,0.0251
743.75,6,570088,0.2823,55.04,99.64,1646,1663,38315,28,0,25,0,0,0,0,-0.4,0,0,0,0,0,0,21,0.0229
744,6,569916,0.2824,59.28,96.79,1864,1727,11,35,1,38,0,0,0,0,-0.4,0,0,0,0,0,0,35,0.0165
744.25,6,569838,0.2824,61.53,93.79,1972,1929,10,35,1,38,0,0,0,0,-0.4,0,0,0,0,0,0,34,0.0105
744.5,6,569638,0.2825,64.46,95.07,2168,2014,18,46,2,39,0,0,0,0,-0.4,0,0,0,0,0,0,36,0.0039
744.75,6,569494,0.2826,66.13,102.60,2197,2095,7,42,2,28,0,0,0,0,-0.4,0,0,0,0,0,0,26,0.0002
745,7,569374,0.2826,68.11,111.46,2274,2198,17,44,0,17,0,0,0,0,-0.4,1,1,0,0,0,0,14,0.0001
745.25,7,569256,0.2826,67.83,117.46,2315,2247,12,50,2,19,0,0,2,0,-0.4,0,1,0,0,0,0,14,0.0001
745.5,7,569071,0.2826,56.83,120.65,2300,2172,15,57,1,15,0,0,1,0,-0.4,0,1,0,0,0,0,14,0.0000
745.75,7,568782,0.2826,58.06,121.52,2382,2166,28,75,5,17,0,0,0,0,-0.4,0,1,0,0,0,0,14,0.0000
746,7,568564,0.2826,55.55,122.18,2305,2156,30,69,4,16,0,0,0,0,-0.4,0,1,0,0,0,0,14,0.0000
746.25,7,568314,0.2826,53.61,117.64,2272,2142,25,123,3,18,0,0,0,0,-0.4,0,1,0,0,0,0,14,0.0001
746.5,7,568146,0.2826,47.03,112.63,2171,2072,18,69,0,19,0,0,0,0,-0.4,0,1,0,0,0,0,14,0.0002
746.75,7,567996,0.2825,47.09,121.66,2190,2122,37,85,2,21,0,0,0,0,-0.4,0,1,0,0,0,0,14,0.0004
747,7,567795,0.2825,41.95,129.83,2026,1892,13,67,0,16,0,0,0,0,-0.4,0,1,0,0,0,0,15,0.0003
747.25,7,567749,0.2824,42.01,119.21,1944,1985,15,88,0,18,0,0,0,0,-0.4,0,1,0,0,0,0,15,0.0002
747.5,7,567699,0.2824,37.07,112.45,1845,1833,12,38,2,19,0,0,0,0,-0.4,0,1,0,0,0,0,15,0.0001
747.75,7,567531,0.2824,39.34,107.15,1913,1833,22,90,1,16,0,0,0,0,-0.4,0,1,0,0,0,0,12,0.0009
748,7,567486,0.2823,34.28,111.83,1864,1870,14,51,4,11,0,0,0,0,-0.4,0,1,0,0,0,0,8,0.0030
748.25,7,567477,0.2822,36.92,114.13,1767,1840,17,82,3,19,0,0,0,0,-0.4,0,1,0,0,0,0,14,0.0033
748.5,7,567502,0.2821,32.93,117.87,1727,1800,13,48,2,17,0,0,0,0,-0.4,0,1,0,0,0,0,15,0.0033
748.75,7,567511,0.2820,35.08,120.49,1629,1718,16,81,3,15,0,0,0,0,-0.4,0,1,0,0,0,0,8,0.0054
749,7,567643,0.2819,32.14,122.62,1593,1778,19,53,3,18,0,0,0,0,-0.4,0,1,0,0,0,0,11,0.0066
749.25,7,567643,0.2818,33.60,123.87,1612,1682,15,71,1,7,0,0,0,0,-0.4,0,1,0,0,0,0,6,0.0094
749.5,7,567681,0.2817,31.88,127.28,1580,1658,12,41,3,12,0,0,0,0,-0.4,0,1,0,0,0,0,8,0.0115
749.75,7,567699,0.2816,32.87,127.99,1561,1648,17,69,1,12,0,0,0,0,-0.4,0,1,0,0,0,0,5,0.0146
750,7,567833,0.2814,31.42,129.89,1476,1649,12,39,3,7,0,0,0,0,-0.4,0,1,0,0,0,0,6,0.0174
750.25,7,567761,0.2814,31.93,128.26,1580,1564,14,56,4,14,0,0,0,0,50.8,0,1,0,0,0,0,11,0.0188
750.5,7,567787,0.2813,30.62,129.31,1557,1628,9,45,3,15,0,0,0,0,50.8,0,1,0,0,0,0,10,0.0204
750.75,7,567813,0.2812,31.97,133.35,1470,1550,14,55,2,12,0,0,0,0,50.8,0,1,0,0,0,0,11,0.0218
751,7,567945,0.2811,30.38,138.53,1475,1644,10,37,1,16,0,0,0,0,50.8,0,1,0,0,0,0,9,0.0237
751.25,7,568036,0.2810,31.85,139.02,1434,1569,9,44,2,21,0,0,0,0,50.8,0,1,0,0,0,0,16,0.0236
751.5,7,568066,0.2810,30.67,143.42,1525,1595,9,40,2,15,0,0,0,0,50.8,0,1,0,0,0,0,9,0.0255
751.75,7,568070,0.2809,31.72,149.93,1431,1472,10,37,2,12,0,0,0,0,50.8,0,1,0,0,0,0,8,0.0277
752,7,568089,0.2809,30.45,126.32,1520,1575,17,36,1,16,0,0,0,0,50.8,0,1,0,0,0,0,13,0.0285
752.25,7,568104,0.2808,31.19,124.88,1429,1479,11,35,1,11,0,0,0,0,50.8,0,1,0,0,0,0,7,0.0310
752.5,7,568159,0.2808,30.08,124.51,1476,1554,21,24,2,10,0,0,0,0,50.8,0,1,0,0,0,0,9,0.0329
752.75,7,568116,0.2807,30.48,121.51,1401,1400,10,43,2,13,0,0,0,0,50.8,0,1,0,0,0,0,7,0.0355
753,7,568094,0.2807,29.92,121.66,1417,1438,8,44,5,17,0,0,0,0,50.8,0,1,0,0,0,0,10,0.0371
753.25,7,568161,0.2806,29.95,119.88,1313,1424,7,45,1,14,0,0,0,0,50.8,0,1,0,0,0,0,8,0.0393
753.5,7,568169,0.2806,30.43,118.52,1330,1371,5,33,1,12,0,0,0,0,50.8,0,1,0,0,0,0,8,0.0415
753.75,7,568167,0.2805,29.77,117.40,1329,1365,10,38,2,12,0,0,0,0,50.8,0,1,0,0,0,0,6,0.0443
754,7,568187,0.2806,31.68,118.27,1279,1325,197,26,3,58,0,0,0,0,50.8,0,1,0,0,0,0,52,0.0336
754.25,7,568119,0.2806,28.85,116.72,1401,1369,8,36,0,53,0,0,0,0,50.8,0,1,0,0,0,0,47,0.0244
754.5,7,568205,0.2806,32.92,115.82,1248,1368,6,34,2,44,0,0,0,0,50.8,0,1,0,0,0,0,35,0.0186
754.75,7,568136,0.2806,28.12,113.99,1491,1467,17,45,5,33,0,0,0,0,50.8,0,1,0,0,0,0,29,0.0147
755,7,568181,0.2806,29.89,110.71,1299,1386,6,42,1,26,0,0,0,0,50.8,0,1,0,0,0,0,20,0.0134
755.25,7,568160,0.2805,27.33,110.26,1352,1377,21,46,6,13,0,0,0,0,50.8,0,1,0,0,0,0,11,0.0147
755.5,7,568168,0.2805,30.88,109.92,1305,1340,7,28,3,8,0,0,0,0,50.8,0,1,0,0,0,0,7,0.0172
755.75,7,568190,0.2804,27.57,107.25,1331,1395,13,42,1,13,0,0,0,0,50.8,0,1,0,0,0,0,11,0.0186
756,7,568171,0.2803,30.54,106.79,1227,1248,12,40,1,10,0,0,0,0,50.8,0,1,0,0,0,0,9,0.0205
756.25,7,568257,0.2803,29.02,103.61,1349,1469,18,35,3,16,0,0,0,0,50.8,0,1,0,0,0,0,8,0.0227
756.5,7,568330,0.2802,30.68,103.50,1254,1362,11,35,1,12,0,0,0,0,50.8,0,1,0,0,0,0,9,0.0247
756.75,7,568249,0.2802,29.57,101.60,1362,1330,19,49,2,13,0,0,0,0,50.8,0,1,0,0,0,0,8,0.0269
757,7,568274,0.2801,31.14,100.26,1256,1329,8,48,6,16,0,0,0,0,50.8,0,1,0,0,0,0,9,0.0289
757.25,7,568225,0.2800,28.09,94.15,1355,1349,10,43,3,10,0,0,0,0,50.8,0,1,0,0,0,0,8,0.0312
757.5,7,568278,0.2800,30.96,95.74,1245,1326,5,28,5,12,0,0,0,0,50.8,0,1,0,0,0,0,8,0.0334
757.75,7,568323,0.2799,28.60,98.41,1268,1354,81,41,2,13,0,0,0,0,50.8,0,1,0,0,0,0,10,0.0351
758,7,568334,0.2799,31.15,103.32,1207,1248,12,30,7,14,0,0,0,0,50.8,0,1,0,0,0,0,10,0.0369
758.25,7,568438,0.2798,29.12,105.11,1263,1395,12,28,5,15,0,0,0,0,50.8,0,1,0,0,0,0,9,0.0389
758.5,7,568553,0.2797,29.25,108.57,1170,1317,6,32,2,15,0,0,0,0,50.8,0,1,0,0,0,0,12,0.0400
758.75,7,568578,0.2796,28.02,107.48,1228,1308,18,55,1,13,0,0,0,0,50.8,0,1,0,0,0,0,9,0.0420
759,7,568649,0.2795,26.15,109.43,1189,1298,8,38,2,13,0,0,0,0,50.8,0,1,0,0,0,0,10,0.0437
759.25,7,568728,0.2794,27.60,107.93,1165,1293,10,49,2,17,0,0,0,0,50.8,0,1,0,0,0,0,13,0.0446
759.5,7,568743,0.2794,24.74,107.68,1223,1281,14,43,1,25,0,0,0,0,50.8,0,1,0,0,0,0,22,0.0428
759.75,7,568789,0.2793,26.31,105.60,1156,1254,6,52,2,18,0,0,0,0,50.8,0,1,0,0,0,0,14,0.0434
760,7,568779,0.2793,24.55,102.92,1231,1259,15,38,1,17,0,0,0,0,50.8,0,1,0,0,0,0,13,0.0443
760.25,7,568880,0.2791,25.91,96.42,1079,1241,5,61,1,19,0,0,0,0,29.1,0,1,0,0,0,0,12,0.0454
760.5,7,568835,0.2791,21.75,92.74,1243,1253,17,55,2,13,0,0,0,0,29.1,0,1,0,0,0,0,7,0.0481
760.75,7,568852,0.2790,24.90,83.02,1032,1083,6,34,1,14,0,0,0,0,29.1,0,1,0,0,0,0,6,0.0511
761,7,568824,0.2790,19.73,84.50,1133,1153,10,49,3,15,0,0,0,0,29.1,0,1,0,0,0,0,11,0.0526
761.25,7,568903,0.2789,23.39,78.44,904,1024,8,42,0,19,0,0,0,0,29.1,0,1,0,0,0,0,14,0.0532
761.5,7,568948,0.2788,18.14,78.86,994,1095,18,56,3,16,0,0,0,0,29.1,0,1,0,0,0,0,12,0.0545
761.75,7,568965,0.2787,17.26,79.33,810,865,5,38,1,11,0,0,0,0,29.1,0,1,0,0,0,0,7,0.0572
762,7,569052,0.2787,19.91,80.03,763,883,5,33,1,10,0,0,0,0,29.1,0,1,0,0,0,0,8,0.0596
762.25,7,569116,0.2786,16.26,80.53,784,877,11,29,0,14,0,0,0,0,29.1,0,1,0,0,0,0,7,0.0623
762.5,7,569151,0.2786,18.83,80.29,728,788,7,25,2,14,0,0,0,0,29.1,0,1,0,0,0,0,8,0.0647
762.75,7,569155,0.2785,16.00,80.67,824,864,31387,36,1,18,0,0,0,0,29.1,0,1,0,0,0,0,10,0.0666
763,7,569067,0.2786,17.97,81.02,882,811,2,17,0,7,0,0,0,0,29.1,0,1,0,0,0,0,7,0.0693
763.25,7,569079,0.2785,17.47,81.71,837,871,4,22,1,11,0,0,0,0,29.1,0,1,0,0,0,0,8,0.0717
763.5,7,569141,0.2785,17.69,82.38,812,889,6,15,0,22,0,0,0,0,29.1,0,1,0,0,0,0,21,0.0703
763.75,7,569206,0.2785,18.49,83.15,779,861,6,17,0,25,0,0,0,0,29.1,0,1,0,0,0,0,22,0.0686
764,7,569332,0.2784,18.48,84.50,812,961,5,23,0,24,0,0,0,0,29.1,0,1,0,0,0,0,20,0.0675
764.25,7,569381,0.2784,20.70,85.93,813,881,4,19,1,22,0,0,0,0,29.1,0,1,0,0,0,0,20,0.0664
764.5,7,569413,0.2784,20.68,87.49,858,910,3,20,0,16,0,0,0,0,29.1,0,1,0,0,0,0,14,0.0670
764.75,7,569544,0.2783,22.11,89.68,862,1012,4,19,0,13,0,0,0,0,29.1,0,1,0,0,0,0,12,0.0682
765,7,569630,0.2783,22.27,92.47,922,1027,3,19,0,14,0,0,0,0,29.1,0,1,0,0,0,0,12,0.0695
765.25,7,569691,0.2782,23.61,95.17,964,1043,2,18,0,20,0,0,0,0,29.1,0,1,0,0,0,0,13,0.0704
765.5,7,569766,0.2782,23.33,99.45,954,1048,2,19,0,18,0,0,0,0,29.1,0,1,0,0,0,0,12,0.0716
765.75,7,569775,0.2782,24.92,103.99,1034,1061,12,18,0,17,0,0,0,0,29.1,0,1,0,0,0,0,12,0.0728
766,7,569846,0.2782,24.48,108.72,978,1066,9,18,0,13,0,0,0,0,29.1,0,1,0,0,0,0,8,0.0751
766.25,7,569793,0.2782,25.60,112.50,1089,1054,3,18,0,17,0,0,0,0,29.1,0,1,0,0,0,0,14,0.0757
766.5,7,569885,0.2781,24.97,118.39,989,1101,5,20,0,13,0,0,0,0,29.1,0,1,0,0,0,0,9,0.0777
766.75,7,569868,0.2781,24.88,125.24,1072,1078,3,23,0,14,0,0,0,0,29.1,0,1,0,0,0,0,11,0.0792
767,7,569969,0.2781,23.59,134.35,956,1068,3,11,0,14,0,0,0,1,29.1,0,1,0,0,0,0,10,0.0809
767.25,7,569964,0.2780,24.02,144.57,1040,1057,4,22,0,9,0,0,0,1,29.1,0,1,0,0,0,0,4,0.0844
767.5,7,570004,0.2780,23.21,146.27,976,1034,4,18,0,11,0,0,0,1,29.1,0,1,0,0,0,0,8,0.0867
767.75,7,570057,0.2780,23.50,145.79,1034,1104,3,17,0,8,0,0,0,1,29.1,0,1,0,0,0,0,5,0.0899
768,7,570150,0.2779,23.25,141.99,977,1081,1,11,0,10,0,0,0,1,29.1,0,1,0,0,0,0,8,0.0921
768.25,7,570204,0.2779,24.21,138.35,1019,1086,3,13,0,10,0,0,0,1,29.1,0,1,0,0,0,0,9,0.0941
768.5,7,570260,0.2779,23.84,138.87,976,1042,1,10,0,12,0,0,0,1,29.1,0,1,0,0,0,0,11,0.0954
768.75,7,570305,0.2778,25.06,140.34,1014,1072,1,13,0,8,0,0,0,1,29.1,0,1,0,0,0,0,3,0.0991
769,7,570348,0.2778,24.84,144.56,1028,1081,2,10,0,8,0,0,0,1,29.1,0,1,0,0,0,0,6,0.1019
769.25,7,570370,0.2778,25.86,149.85,994,1025,2,9,0,6,0,0,0,1,29.1,0,1,0,0,0,0,4,0.1053
769.5,7,570445,0.2778,25.55,154.16,912,1000,0,13,0,8,0,0,0,1,29.1,0,1,0,0,0,0,4,0.1087
769.75,7,570510,0.2777,27.16,157.92,1001,1076,0,10,0,9,0,0,0,1,29.1,0,1,0,0,0,0,8,0.1108
770,7,570549,0.2777,26.65,159.91,1025,1072,3,8,0,16,0,0,0,1,29.1,0,1,0,0,0,0,14,0.1112
770.25,7,570556,0.2777,27.81,164.42,1067,1088,2,14,0,14,0,0,0,1,-51.4,0,1,0,0,0,0,11,0.1125
770.5,7,570597,0.2777,27.91,166.76,1052,1104,4,11,0,15,0,0,0,1,-51.4,0,1,0,0,0,0,11,0.1137
770.75,7,570604,0.2777,28.92,168.43,1134,1149,4,8,0,17,0,0,0,1,-51.4,0,1,0,0,0,0,15,0.1137
771,7,570696,0.2777,28.83,170.18,1137,1239,0,10,0,17,0,0,0,1,-51.4,0,1,0,0,0,0,12,0.1147
771.25,7,570627,0.2777,29.76,171.23,1238,1179,0,10,0,16,0,0,0,1,-51.4,0,1,0,0,0,0,14,0.1150
771.5,7,570664,0.2778,30.00,171.89,1156,1198,6,6,0,31,0,0,0,1,-51.4,0,1,0,0,0,0,25,0.1120
771.75,7,570729,0.2778,29.85,172.83,1168,1241,3,8,0,35,0,0,0,1,-51.4,0,1,0,0,0,0,33,0.1067
772,7,570725,0.2778,29.95,166.29,1229,1240,1,15,0,25,0,0,0,1,-51.4,0,1,0,0,0,0,22,0.1046
772.25,7,570809,0.2778,30.09,166.79,1192,1282,2,6,0,18,0,0,0,1,-51.4,0,1,0,0,0,0,17,0.1040
772.5,7,570866,0.2778,30.56,169.91,1153,1222,1,12,0,20,0,0,0,1,-51.4,0,1,0,0,0,0,14,0.1042
772.75,7,570883,0.2778,30.35,170.24,1263,1289,5,9,0,19,0,0,0,1,-51.4,0,1,0,0,0,0,18,0.1033
773,7,570973,0.2778,30.56,169.73,1152,1249,4,7,0,35,0,0,0,1,-51.4,0,1,0,0,0,0,32,0.0982
773.25,7,571002,0.2778,30.25,169.17,1274,1316,2,13,0,35,0,0,0,1,-51.4,0,1,0,0,0,0,33,0.0928
773.5,7,571007,0.2779,30.35,163.92,1194,1203,7,5,0,44,0,0,0,1,-51.4,0,1,0,0,0,0,39,0.0856
773.75,7,571070,0.2779,29.81,160.80,1247,1325,3,15,0,35,0,0,0,1,-51.4,0,1,0,0,0,0,31,0.0808
774,7,571122,0.2779,29.34,157.60,1153,1219,7,14,0,43,0,0,0,1,-51.4,0,1,0,0,0,0,42,0.0727
774.25,7,571169,0.2779,28.65,159.22,1175,1236,7,14,1,35,0,0,0,1,-51.4,0,1,0,0,0,0,34,0.0670
774.5,7,571256,0.2779,28.22,162.16,1114,1223,6,22,0,33,0,0,0,1,-51.4,0,1,0,0,0,0,30,0.0624
774.75,7,571332,0.2779,26.98,164.95,1136,1225,4,13,0,48,0,0,0,1,-51.4,0,1,0,0,0,0,47,0.0529
775,7,571405,0.2779,26.91,164.65,1014,1103,6,17,0,38,0,0,0,1,-51.4,0,1,0,0,0,0,36,0.0465
775.25,7,571480,0.2779,26.60,164.81,1047,1141,6,19,0,33,0,0,0,1,-51.4,0,1,0,0,0,0,32,0.0414
775.5,7,571557,0.2779,27.53,162.51,1009,1108,4,22,0,47,0,0,0,1,-51.4,0,1,0,0,0,0,40,0.0338
775.75,7,571652,0.2779,28.12,163.11,1032,1144,4,17,0,32,0,0,0,1,-51.4,0,1,0,0,0,0,30,0.0293
776,7,571645,0.2779,29.81,165.29,1081,1088,7,14,0,35,0,0,0,1,-51.4,0,1,0,0,0,0,32,0.0241
776.25,7,571689,0.2779,30.29,166.12,1176,1241,7,21,0,21,0,0,0,1,-51.4,0,1,0,0,0,0,18,0.0230
776.5,7,571766,0.2779,31.14,165.69,1140,1233,2,16,0,33,0,0,0,1,-51.4,0,1,0,0,0,0,30,0.0184
776.75,7,571810,0.2779,30.94,164.90,1213,1272,1,15,1,24,0,0,0,1,-51.4,0,1,0,0,0,0,24,0.0156
777,7,571831,0.2779,32.00,165.76,1160,1190,1,9,0,30,0,0,0,1,-51.4,0,1,0,0,0,0,26,0.0121
777.25,7,571935,0.2779,31.26,166.84,1232,1347,8,11,1,38,0,0,0,1,-51.4,0,1,0,0,0,0,36,0.0057
777.5,7,571983,0.2779,33.48,167.37,1164,1226,10,14,2,33,0,0,0,1,-51.4,0,1,0,0,0,0,33,0.0002
777.75,7,572025,0.2779,31.86,168.81,1306,1367,15,19,1,18,0,0,0,1,-51.4,0,1,0,0,0,0,14,0.0002
778,7,571993,0.2779,33.43,169.21,1236,1227,6,23,2,23,0,0,0,1,-51.4,0,1,0,0,0,0,15,0.0000
778.25,7,572054,0.2779,32.23,163.44,1249,1333,7,23,1,17,0,0,0,1,-51.4,0,1,0,0,0,0,14,0.0001
778.5,7,572099,0.2778,32.91,159.94,1182,1244,11,17,2,14,0,0,0,1,-51.4,0,1,0,0,0,0,14,0.0001
778.75,7,572096,0.2778,33.29,160.03,1282,1303,32044,24,4,18,0,0,0,1,-51.4,0,1,0,0,0,0,14,0.0001
779,8,571832,0.2780,33.58,154.74,1601,1350,11,14,2,16,1,0,0,0,-51.4,0,1,0,0,0,0,14,0.0002
779.25,8,571824,0.2779,33.55,150.41,1482,1497,2,24,5,14,0,0,5,0,-51.4,0,1,0,0,0,0,14,0.0002
779.5,8,571877,0.2779,33.36,147.32,1439,1515,8,23,5,14,0,0,0,0,-51.4,0,1,0,0,0,0,14,0.0002
779.75,8,571882,0.2779,34.04,147.16,1502,1526,5,19,6,15,0,0,0,0,-51.4,0,1,0,0,0,0,14,0.0002
780,8,572012,0.2778,34.23,147.78,1443,1589,8,16,6,17,0,0,0,0,-51.4,0,1,0,0,0,0,14,0.0002
780.25,8,572056,0.2778,34.66,148.54,1551,1609,4,14,5,16,0,0,0,0,-87.9,0,1,0,0,0,0,12,0.0008
780.5,8,572166,0.2777,35.73,150.31,1532,1653,2,11,10,16,0,0,0,0,-87.9,0,1,0,0,0,0,13,0.0011
780.75,8,572175,0.2777,35.00,127.57,1620,1645,9,16,6,15,0,0,0,0,-87.9,0,1,0,0,0,1,14,0.0011
781,7,572221,0.2777,35.84,77.76,1595,1656,14,16,2,16,0,0,0,0,-87.9,0,1,0,0,0,1,13,0.0013
781.25,7,572236,0.2776,34.59,78.80,1605,1644,14,24,4,14,0,0,0,0,-87.9,0,1,0,0,0,0,12,0.0019
781.5,7,572264,0.2776,34.50,80.77,1479,1535,828,28,4,11,0,0,0,0,-87.9,0,1,0,0,0,0,10,0.0030
781.75,7,572252,0.2776,32.66,82.27,1505,1515,11,22,8,13,0,0,0,0,-87.9,0,1,0,0,0,0,10,0.0042
782,7,572277,0.2775,30.11,84.23,1421,1470,8,25,9,13,0,0,0,0,-87.9,0,1,0,0,0,0,11,0.0050
782.25,7,572329,0.2775,26.75,85.29,1204,1274,7,18,8,8,0,0,0,0,-87.9,0,1,0,0,0,0,6,0.0073
782.5,7,572239,0.2775,22.66,85.79,1296,1222,56,16,13,15,0,0,0,0,-87.9,0,1,0,0,0,0,12,0.0079
782.75,7,572265,0.2775,22.23,85.32,1148,1194,4,21,1,13,0,0,0,0,-87.9,0,1,0,0,0,0,10,0.0090
783,7,572190,0.2775,23.70,84.77,1187,1128,6,16,0,7,0,0,0,0,-87.9,0,1,0,0,0,0,5,0.0116
783.25,7,572215,0.2774,24.68,84.07,1196,1235,8,14,1,7,0,0,0,0,-87.9,0,1,0,0,0,0,4,0.0145
783.5,7,572217,0.2774,25.86,81.99,1295,1321,11,24,4,8,0,0,0,0,-87.9,0,1,0,0,0,0,3,0.0177
783.75,7,572263,0.2774,26.56,80.35,1310,1380,15,25,1,13,0,0,0,0,-87.9,0,1,0,0,0,0,9,0.0191
784,7,572276,0.2773,27.67,77.99,1381,1424,11,30,0,14,0,0,0,0,-87.9,0,1,0,0,0,0,11,0.0199
784.25,7,572282,0.2773,28.54,78.95,1515,1553,9,32,0,10,0,0,0,0,-87.9,0,1,0,0,0,0,9,0.0214
784.5,7,572277,0.2772,30.48,81.26,1540,1566,6,31,1,5,0,0,0,0,-87.9,0,1,0,0,0,0,4,0.0243
784.75,7,572275,0.2772,31.10,83.25,1590,1610,10,22,0,13,0,0,0,0,-87.9,0,1,0,0,0,0,6,0.0265
785,7,572335,0.2772,31.98,87.65,1602,1685,11,23,1,7,0,0,0,0,-87.9,0,1,0,0,0,0,6,0.0288
785.25,6,572479,0.2771,33.84,90.91,1591,1752,11,17,0,6,0,1,0,0,-87.9,0,0,0,0,1,0,4,0.0317
785.5,6,572534,0.2773,35.86,92.78,1689,1763,14,19,2,125,0,0,0,0,-87.9,0,0,0,0,0,0,121,0.0001
785.75,6,572596,0.2772,37.04,93.88,1786,1873,500,25,0,15,0,0,0,0,-87.9,0,0,0,0,0,0,14,0.0000
786,6,572619,0.2772,37.83,93.92,1859,1899,18,17,1,16,0,0,0,0,-87.9,0,0,0,0,0,0,13,0.0002
786.25,6,572733,0.2771,38.32,91.92,1857,1996,18,27,1,16,0,0,0,0,-87.9,0,0,0,0,0,0,14,0.0001
786.5,6,572669,0.2771,40.25,90.36,1953,1908,17,19,1,18,0,0,0,0,-87.9,0,0,0,0,0,0,14,0.0000
786.75,6,572658,0.2771,39.73,87.74,2022,2044,31,35,3,18,0,0,0,0,-87.9,0,0,0,0,0,1,13,0.0002
787,5,572588,0.2771,39.25,85.32,1929,1898,21,39,2,17,0,0,0,0,-87.9,0,0,0,0,0,1,14,0.0002
787.25,5,572474,0.2771,37.89,83.26,1906,1823,26,33,4,17,0,0,0,0,-87.9,0,0,0,0,0,0,14,0.0001
787.5,5,572405,0.2771,36.52,82.45,1825,1803,21,48,3,18,0,0,0,0,-87.9,0,0,0,0,0,0,14,0.0000
787.75,5,572332,0.2771,34.92,83.64,1693,1665,16,46,0,17,0,0,0,0,-87.9,0,0,0,0,0,0,14,0.0000
788,5,572247,0.2771,34.93,87.62,1675,1617,16,27,2,15,0,0,0,0,-87.9,0,0,0,0,0,0,13,0.0003
788.25,5,572248,0.2771,33.79,91.17,1569,1602,12,33,1,14,0,0,0,0,-87.9,0,0,0,0,0,0,14,0.0002
788.5,5,572231,0.2771,34.58,93.46,1542,1565,22,40,2,18,0,0,0,0,-87.9,0,0,0,0,0,0,14,0.0002
788.75,5,572130,0.2771,34.47,96.60,1656,1588,18,33,6,19,0,0,0,0,-87.9,0,0,0,0,0,0,14,0.0002
789,5,572124,0.2770,35.80,100.04,1569,1592,11,29,5,18,0,0,0,0,-87.9,0,0,0,0,0,0,14,0.0003
789.25,5,572205,0.2770,36.56,101.91,1519,1633,11,33,3,17,0,0,0,0,-87.9,0,0,0,0,0,0,14,0.0003
789.5,5,572153,0.2770,37.69,103.99,1648,1630,15,34,8,17,0,0,0,0,-87.9,0,0,0,0,0,0,14,0.0003
789.75,5,572232,0.2769,37.76,105.87,1514,1622,17,29,5,19,0,0,0,0,-87.9,0,0,0,0,0,0,15,0.0000
790,5,572179,0.2769,37.28,107.48,1572,1563,17,44,6,20,0,0,0,0,-87.9,0,0,0,0,0,0,14,0.0001
790.25,5,572225,0.2768,37.32,108.45,1463,1547,13,38,5,18,0,0,0,0,-51.2,0,0,0,0,0,0,14,0.0001
790.5,5,572236,0.2768,37.67,111.33,1477,1519,13,31,5,18,0,0,0,0,-51.2,0,0,0,0,0,0,14,0.0002
790.75,5,572241,0.2767,38.46,115.27,1456,1504,11,43,8,17,0,0,0,0,-51.2,0,0,0,0,0,0,14,0.0003
791,5,572262,0.2767,38.86,117.93,1458,1511,9,32,10,18,0,0,0,0,-51.2,0,0,0,0,0,0,15,0.0001
791.25,5,572221,0.2767,38.91,120.84,1472,1462,6,31,8,19,0,0,0,0,-51.2,0,0,0,0,0,0,14,0.0001
791.5,5,572226,0.2766,40.02,125.29,1410,1443,11,28,14,18,0,0,0,0,-51.2,0,0,0,0,0,0,14,0.0002
791.75,5,572280,0.2766,40.55,127.35,1429,1512,13,31,10,22,0,0,0,0,-51.2,0,0,0,0,0,0,15,0.0000
792,5,572306,0.2765,41.13,129.95,1438,1502,11,38,11,17,0,0,0,0,-51.2,0,0,0,0,0,0,14,0.0001
792.25,5,572327,0.2764,41.65,133.34,1412,1468,13,35,9,15,0,0,0,0,-51.2,0,0,0,0,0,0,14,0.0002
792.5,5,572329,0.2764,38.92,134.65,1390,1414,31736,22,4,16,0,0,0,0,-51.2,0,0,0,0,0,0,14,0.0003
792.75,5,572163,0.2765,36.43,133.37,1624,1478,9,21,6,15,0,0,0,0,-51.2,0,0,0,0,0,0,15,0.0001
793,5,571976,0.2765,36.13,133.58,1680,1525,16,35,4,17,0,0,0,0,-51.2,0,0,0,0,0,0,14,0.0002
793.25,5,572016,0.2765,36.38,134.09,1593,1666,21,33,8,16,0,0,0,0,-51.2,0,0,0,0,0,0,14,0.0003
793.5,5,571955,0.2765,37.17,136.11,1632,1601,12,30,0,19,0,0,0,0,-51.2,0,0,0,0,0,0,15,0.0001
793.75,5,571958,0.2765,37.96,137.83,1637,1667,10,28,2,14,0,0,0,0,-51.2,0,0,0,0,0,0,14,0.0002
794,5,571950,0.2764,37.67,140.34,1681,1702,13,29,0,18,0,0,0,0,-51.2,0,0,0,0,0,0,14,0.0003
794.25,5,571964,0.2764,38.53,141.18,1634,1683,19,38,1,21,0,0,0,0,-51.2,0,0,0,0,0,0,15,0.0001
794.5,5,571979,0.2764,39.01,142.03,1649,1698,8,34,0,16,0,0,0,0,-51.2,0,0,0,0,0,0,14,0.0002
794.75,5,571951,0.2763,40.05,141.20,1670,1685,13,43,1,20,0,0,0,0,-51.2,0,0,0,0,0,0,15,0.0000
795,5,571921,0.2764,40.28,136.58,1681,1682,10,32,0,20,0,0,0,0,-51.2,0,0,0,0,0,0,14,0.0002
795.25,5,571891,0.2763,40.98,134.29,1673,1673,13,31,0,17,0,0,0,0,-51.2,0,0,0,0,0,0,15,0.0000
795.5,5,571853,0.2763,41.77,134.55,1712,1705,56,31,1,16,0,0,0,0,-51.2,0,0,0,0,0,0,14,0.0002
795.75,5,571835,0.2763,42.35,129.37,1696,1712,14,35,0,18,0,0,0,0,-51.2,0,0,0,0,0,0,15,0.0000
796,5,571851,0.2763,42.84,123.11,1725,1779,14,38,0,20,0,0,0,0,-51.2,0,0,0,0,0,0,14,0.0002
796.25,5,571699,0.2763,43.06,118.79,1824,1702,47,30,0,16,0,0,0,0,-51.2,0,0,0,0,0,0,15,0.0000
796.5,5,571790,0.2763,43.10,113.02,1668,1787,12,28,0,16,0,0,0,0,-51.2,0,0,0,0,0,0,14,0.0002
796.75,5,571734,0.2763,43.61,109.33,1686,1673,8,43,0,17,0,0,0,0,-51.2,0,0,0,0,0,0,15,0.0001
797,5,571762,0.2762,43.37,105.84,1673,1742,10,41,0,17,0,0,0,0,-51.2,0,0,0,0,0,0,14,0.0002
797.25,5,571763,0.2762,43.18,101.11,1651,1676,7,25,0,18,0,0,0,0,-51.2,0,0,0,0,0,0,15,0.0001
797.5,5,571710,0.2762,42.89,98.85,1683,1658,12,28,3,18,0,0,0,0,-51.2,0,0,0,0,0,0,14,0.0003
797.75,5,571773,0.2762,42.85,95.00,1574,1667,10,30,3,19,0,0,0,0,-51.2,0,0,0,0,0,0,15,0.0002
798,5,571695,0.2762,42.26,90.61,1638,1597,10,37,3,18,0,0,0,0,-51.2,0,0,0,0,0,0,15,0.0001
798.25,5,571670,0.2761,41.97,86.68,1586,1585,15,25,7,20,0,0,0,0,-51.2,0,0,0,0,0,0,14,0.0003
798.5,5,571691,0.2761,41.38,82.50,1534,1595,10,40,4,16,0,0,0,0,-51.2,0,0,0,0,0,0,15,0.0002
798.75,5,571640,0.2761,41.33,81.64,1557,1534,18,28,4,17,0,0,0,0,-51.2,0,0,0,0,0,0,15,0.0001
799,5,571668,0.2760,40.84,80.31,1429,1494,7,37,3,19,0,0,0,0,-51.2,0,0,0,0,0,0,15,0.0001
799.25,5,571601,0.2761,40.82,78.00,1488,1446,13,26,1,16,0,0,0,0,-51.2,0,0,0,0,0,0,15,0.0000
799.5,5,571703,0.2760,41.00,78.35,1301,1438,8,36,2,16,0,0,0,0,-51.2,0,0,0,0,0,0,15,0.0000
799.75,5,571635,0.2760,41.53,81.11,1406,1368,4,30,2,18,0,0,0,0,-51.2,0,0,0,0,0,0,14,0.0003
800,5,571693,0.2759,42.06,84.01,1328,1415,15,30,0,17,0,0,0,0,-51.2,0,0,0,0,0,0,15,0.0002
800.25,5,571776,0.2759,42.85,85.55,1317,1433,13,33,0,20,0,0,0,0,-37.6,0,0,0,0,0,0,15,0.0002
800.5,5,571782,0.2758,43.46,87.44,1369,1418,7,43,0,18,0,0,0,0,-37.6,0,0,0,0,0,0,15,0.0002
800.75,5,571881,0.2758,44.20,88.08,1338,1464,6,27,0,18,0,0,0,0,-37.6,0,0,0,0,0,0,15,0.0002
801,5,571969,0.2757,44.98,89.66,1391,1505,14,27,0,17,0,0,0,0,-37.6,0,0,0,0,0,0,15,0.0002
801.25,5,571989,0.2757,46.41,90.71,1453,1500,9,27,0,19,0,0,0,0,-37.6,0,0,0,0,0,0,15,0.0001
801.5,5,572120,0.2756,46.72,92.45,1395,1549,5,23,0,19,0,0,0,0,-37.6,0,0,0,0,0,0,15,0.0001
801.75,5,572166,0.2756,47.28,90.49,1493,1566,9,27,0,16,0,0,0,0,-37.6,0,0,0,0,0,0,15,0.0001
802,5,572170,0.2756,47.44,91.00,1562,1586,8,20,0,17,0,0,0,0,-37.6,0,0,0,0,0,0,15,0.0001
802.25,5,572221,0.2756,47.68,91.87,1577,1646,10,18,0,17,0,0,0,0,-37.6,0,0,0,0,0,0,15,0.0000
802.5,5,572258,0.2755,48.51,93.34,1653,1708,6,18,0,16,0,0,0,0,-37.6,0,0,0,0,0,0,14,0.0003
802.75,5,572299,0.2755,49.14,97.10,1646,1708,9,22,0,17,0,0,0,0,-37.6,0,0,0,0,0,0,15,0.0003
803,5,572342,0.2755,49.27,97.24,1711,1771,9,17,0,17,0,0,0,0,-37.6,0,0,0,0,0,0,15,0.0002
803.25,5,572333,0.2755,48.67,97.32,1752,1767,12,24,0,16,0,0,0,0,-37.6,0,0,0,0,0,0,15,0.0002
803.5,5,572236,0.2755,48.82,98.26,1815,1743,8,25,0,17,0,0,0,0,-37.6,0,0,0,0,0,0,15,0.0002
803.75,5,572241,0.2755,48.33,97.86,1758,1789,10,26,0,23,0,0,0,0,-37.6,0,0,0,0,0,0,15,0.0001
804,5,572226,0.2755,47.32,94.27,1769,1780,10,26,0,17,0,0,0,0,-37.6,0,0,0,0,0,0,15,0.0001
804.25,5,572227,0.2755,45.67,90.16,1661,1695,12,33,0,16,0,0,0,0,-37.6,0,0,0,0,0,0,15,0.0001
804.5,5,572162,0.2755,44.08,84.36,1681,1662,14,46,0,17,0,0,0,0,-37.6,0,0,0,0,0,0,15,0.0001
804.75,5,572084,0.2755,42.68,83.00,1680,1645,15,43,0,16,0,0,0,0,-37.6,0,0,0,0,0,0,15,0.0001
805,5,571981,0.2755,41.56,81.79,1684,1616,15,36,0,18,0,0,0,0,-37.6,0,0,0,0,0,0,15,0.0001
805.25,5,571891,0.2755,40.10,84.86,1610,1566,12,47,0,18,0,0,0,0,-37.6,0,0,0,0,0,0,15,0.0001
805.5,5,571811,0.2755,38.63,86.07,1518,1470,15,33,0,16,0,0,0,0,-37.6,0,0,0,0,0,0,15,0.0001
805.75,5,571819,0.2755,37.80,88.37,1511,1548,15,29,0,19,0,0,0,0,-37.6,0,0,0,0,0,0,15,0.0001
806,5,571738,0.2755,37.33,85.75,1498,1440,7,23,0,21,0,0,0,0,-37.6,0,0,0,0,0,0,15,0.0001
806.25,5,571781,0.2755,37.70,89.03,1469,1529,4,17,0,18,0,0,0,0,-37.6,0,0,0,0,0,0,15,0.0001
806.5,5,571867,0.2755,38.66,92.83,1458,1559,3,15,0,20,0,0,0,0,-37.6,0,0,0,0,0,0,15,0.0001
806.75,5,571863,0.2755,39.19,97.42,1545,1560,7,19,0,20,0,0,0,0,-37.6,0,0,0,0,0,0,15,0.0001
807,5,571961,0.2754,39.90,99.73,1530,1647,6,19,0,19,0,0,0,0,-37.6,0,0,0,0,0,0,15,0.0001
807.25,5,571994,0.2754,40.30,101.72,1574,1629,4,22,0,16,0,0,0,0,-37.6,0,0,0,0,0,0,15,0.0001
807.5,5,571964,0.2754,40.96,107.10,1643,1632,11,19,0,20,0,0,0,0,-37.6,0,0,0,0,0,0,15,0.0000
807.75,5,571966,0.2754,41.48,110.89,1638,1668,7,28,0,16,0,0,0,0,-37.6,0,0,0,0,0,0,15,0.0000
808,5,571926,0.2754,41.51,112.54,1686,1662,10,17,0,20,0,0,0,0,-37.6,0,0,0,0,0,0,15,0.0000
808.25,5,571892,0.2754,41.85,113.16,1716,1704,10,22,0,16,0,0,0,0,-37.6,0,0,0,0,0,0,14,0.0003
808.5,5,571859,0.2754,42.28,113.37,1686,1674,9,22,0,18,0,0,0,0,-37.6,0,0,0,0,0,0,15,0.0003
808.75,5,571766,0.2755,42.41,113.30,1746,1675,15,22,0,19,0,0,0,0,-37.6,0,0,0,0,0,0,15,0.0003
809,5,571717,0.2755,42.08,108.96,1683,1668,14,34,0,19,0,0,0,0,-37.6,0,0,0,0,0,0,15,0.0003
809.25,5,571700,0.2755,41.95,102.20,1648,1659,5,28,0,17,0,0,0,0,-37.6,0,0,0,0,0,0,15,0.0003
809.5,5,571599,0.2755,40.37,95.21,1670,1594,9,26,1,16,0,0,0,0,-37.6,0,0,0,0,0,0,15,0.0003
809.75,5,571476,0.2755,39.90,93.24,1624,1529,22,31,0,19,0,0,0,0,-37.6,0,0,0,0,0,0,15,0.0002
810,5,571371,0.2756,40.15,92.74,1587,1511,16,29,0,16,0,0,0,0,-37.6,0,0,0,0,0,0,15,0.0002
810.25,5,571265,0.2756,40.26,94.67,1574,1502,12,34,2,16,0,0,0,0,-40.5,0,0,0,0,0,0,15,0.0003
810.5,5,571236,0.2756,40.25,98.25,1496,1492,8,25,0,17,0,0,0,0,-40.5,0,0,0,0,0,0,15,0.0003
810.75,5,571229,0.2756,41.01,98.95,1474,1498,8,31,0,19,0,0,0,0,-40.5,0,0,0,0,0,0,15,0.0003
811,5,571182,0.2756,40.15,99.97,1525,1500,12,22,0,21,0,0,0,0,-40.5,0,0,0,0,0,0,15,0.0003
811.25,5,571224,0.2756,40.32,100.29,1439,1508,6,27,0,16,0,0,0,0,-40.5,0,0,0,0,0,0,15,0.0003
811.5,5,571205,0.2756,40.74,100.65,1551,1545,10,13,0,18,0,0,0,0,-40.5,0,0,0,0,0,0,15,0.0003
811.75,5,571131,0.2756,40.89,97.74,1519,1472,7,27,0,18,0,0,0,0,-40.5,0,0,0,0,0,0,15,0.0003
812,5,571153,0.2756,40.06,90.61,1498,1537,10,17,0,18,0,0,0,0,-40.5,0,0,0,0,0,0,15,0.0002
812.25,5,571055,0.2756,39.51,86.45,1505,1427,10,20,0,15,0,0,0,0,-40.5,0,0,0,0,0,0,15,0.0002
812.5,5,571070,0.2756,39.33,86.37,1458,1492,10,19,0,16,0,0,0,0,-40.5,0,0,0,0,0,0,15,0.0002
812.75,5,570930,0.2757,38.97,85.46,1510,1395,14,25,0,18,0,0,0,0,-40.5,0,0,0,0,0,0,15,0.0001
813,5,570965,0.2757,39.18,83.75,1432,1483,12,17,0,19,0,0,0,0,-40.5,0,0,0,0,0,0,15,0.0001
813.25,5,570958,0.2757,39.68,82.58,1365,1382,8,24,0,18,0,0,0,0,-40.5,0,0,0,0,0,0,15,0.0000
813.5,5,570908,0.2757,39.71,82.80,1481,1456,13,25,1,15,0,0,0,0,-40.5,0,0,0,0,0,0,14,0.0002
813.75,5,570928,0.2757,39.47,87.37,1431,1476,13,25,0,16,0,0,0,0,-40.5,0,0,0,0,0,0,15,0.0002
814,5,570911,0.2757,38.61,80.65,1447,1450,5,21,1,17,0,0,0,0,-40.5,0,0,0,0,0,0,15,0.0001
814.25,5,570886,0.2757,38.92,82.10,1382,1378,5,22,0,17,0,0,0,0,-40.5,0,0,0,0,0,0,14,0.0002
814.5,5,570961,0.2756,38.83,77.24,1408,1508,11,25,0,16,0,0,0,0,-40.5,0,0,0,0,0,0,15,0.0001
814.75,5,570901,0.2756,38.90,84.38,1380,1352,11,33,0,16,0,0,0,0,-40.5,0,0,0,0,0,0,14,0.0003
815,5,570901,0.2756,38.56,77.19,1388,1409,17,25,0,17,0,0,0,0,-40.5,0,0,0,0,0,0,15,0.0001
815.25,5,570871,0.2756,37.84,74.93,1388,1393,15329,35,0,17,0,0,0,0,-40.5,0,0,0,0,0,0,14,0.0002
815.5,5,570720,0.2757,37.80,73.03,1522,1397,16,26,0,18,0,0,0,0,-40.5,0,0,0,0,0,0,15,0.0000
815.75,5,570722,0.2756,37.80,72.93,1503,1535,10,31,0,18,0,0,0,0,-40.5,0,0,0,0,0,0,14,0.0001
816,5,570742,0.2756,37.56,73.75,1491,1539,12,29,0,18,0,0,0,0,-40.5,0,0,0,0,0,0,14,0.0002
816.25,5,570784,0.2756,37.88,92.03,1496,1570,11,32,0,17,0,0,0,0,-40.5,0,0,0,0,0,0,15,0.0000
816.5,5,570761,0.2756,37.74,104.00,1576,1586,9,33,0,16,0,0,0,0,-40.5,0,0,0,0,0,0,14,0.0001
816.75,5,570718,0.2756,38.11,115.66,1609,1597,10,31,0,21,0,0,0,0,-40.5,0,0,0,0,0,0,14,0.0002
817,5,570784,0.2755,37.57,124.32,1553,1653,8,35,1,17,0,0,0,0,-40.5,0,0,0,0,0,0,14,0.0003
817.25,5,570814,0.2755,38.10,132.11,1574,1642,14,38,0,16,0,0,0,0,-40.5,0,0,0,0,0,0,15,0.0000
817.5,5,570766,0.2755,37.96,139.37,1633,1616,16,31,1,15,0,0,0,0,-40.5,0,0,0,0,0,0,14,0.0001
817.75,5,570709,0.2755,38.34,145.29,1578,1552,3,31,0,16,0,0,0,0,-40.5,0,0,0,0,0,0,14,0.0002
818,5,570677,0.2755,37.78,150.20,1621,1620,11,32,0,16,0,0,0,0,-40.5,0,0,0,0,0,0,14,0.0003
818.25,5,570659,0.2755,37.90,154.83,1591,1595,24,23,0,19,0,0,0,0,-40.5,0,0,0,0,0,0,15,0.0001
818.5,5,570568,0.2755,36.95,157.78,1627,1562,14,27,0,14,0,0,0,0,-40.5,0,0,0,0,0,0,14,0.0001
818.75,5,570532,0.2755,36.84,150.98,1582,1582,11,36,0,15,0,0,0,0,-40.5,0,0,0,0,0,0,14,0.0002
819,5,570497,0.2754,35.76,137.05,1564,1573,7,44,0,16,0,0,0,0,-40.5,0,0,0,0,0,0,15,0.0000
819.25,5,570426,0.2754,35.14,91.52,1522,1487,17,36,0,18,0,0,0,0,-40.5,0,0,0,0,0,0,14,0.0001
819.5,5,570351,0.2755,35.21,66.51,1438,1389,63,26,0,17,0,0,0,0,-40.5,0,0,0,0,0,0,14,0.0002
819.75,5,570347,0.2754,35.57,63.98,1386,1411,13,29,1,24,0,0,0,0,-40.5,0,0,0,0,0,0,15,0.0000
820,5,570332,0.2754,35.12,66.35,1377,1397,10,35,0,16,0,0,0,0,-40.5,0,0,0,0,0,0,14,0.0001
820.25,5,570399,0.2754,35.11,71.88,1331,1431,10,33,1,21,0,0,0,0,-21.5,0,0,0,0,0,0,14,0.0002
820.5,5,570413,0.2753,34.56,87.97,1397,1441,12,30,2,16,0,0,0,0,-21.5,0,0,0,0,0,0,14,0.0003
820.75,5,570421,0.2753,33.99,98.54,1376,1421,7,37,1,17,0,0,0,0,-21.5,0,0,0,0,0,0,15,0.0001
821,5,570407,0.2753,33.87,108.02,1396,1401,12,20,0,16,0,0,0,0,-21.5,0,0,0,0,0,0,14,0.0002
821.25,5,570429,0.2753,33.29,116.02,1340,1394,5,32,0,18,0,0,0,0,-21.5,0,0,0,0,0,0,14,0.0003
821.5,5,570412,0.2752,33.18,123.72,1354,1375,3577,38,0,16,0,0,0,0,-21.5,0,0,0,0,0,0,15,0.0001
821.75,5,570327,0.2753,33.69,127.78,1399,1339,15,25,0,15,0,0,0,0,-21.5,0,0,0,0,0,0,14,0.0002
822,5,570276,0.2753,34.00,130.01,1340,1325,12,36,0,17,0,0,0,0,-21.5,0,0,0,0,0,0,14,0.0003
822.25,5,570243,0.2753,34.00,131.65,1335,1326,12,24,0,19,0,0,0,0,-21.5,0,0,0,0,0,0,15,0.0001
822.5,5,570285,0.2752,33.20,131.65,1257,1338,7,39,0,15,0,0,0,0,-21.5,0,0,0,0,0,0,14,0.0002
822.75,5,570340,0.2751,32.98,130.71,1193,1278,6,30,0,16,0,0,0,0,-21.5,0,0,0,0,0,0,15,0.0000
823,5,570382,0.2751,32.00,131.71,1110,1177,10,25,1,22,0,0,0,0,-21.5,0,0,0,0,0,0,14,0.0001
823.25,5,570378,0.2751,31.77,131.92,1097,1134,7,41,0,19,0,0,0,0,-21.5,0,0,0,0,0,0,14,0.0003
823.5,5,570428,0.2750,31.02,132.31,998,1093,9,45,3,12,0,0,0,0,-21.5,0,0,0,0,0,0,11,0.0013
823.75,5,570460,0.2750,30.66,132.59,951,1014,8,32,2,17,0,0,0,0,-21.5,0,0,0,0,0,0,10,0.0027
824,5,570516,0.2749,29.89,132.96,888,979,6,35,2,14,0,0,1,0,-21.5,0,0,0,0,0,0,8,0.0046
824.25,5,570568,0.2748,29.28,132.57,850,938,5,36,3,7,0,0,0,0,-21.5,0,0,0,0,0,0,6,0.0071
824.5,5,570644,0.2747,28.41,132.47,789,895,10,30,1,12,0,0,0,0,-21.5,0,0,0,0,0,0,7,0.0094
824.75,5,570698,0.2747,28.55,132.47,760,849,8,35,1,11,0,0,0,0,-21.5,0,0,0,0,0,0,6,0.0119
825,5,570784,0.2746,27.53,132.30,715,832,8,31,0,11,0,0,0,0,-21.5,0,0,0,0,0,0,8,0.0139
825.25,5,570818,0.2745,27.64,132.00,730,794,3,30,1,9,0,0,0,0,-21.5,0,0,0,0,0,0,4,0.0170
825.5,5,570894,0.2745,27.00,132.36,664,771,7,32,0,16,0,0,0,0,-21.5,0,0,0,0,0,0,14,0.0172
825.75,5,570960,0.2745,26.58,132.38,691,786,7,29,1,38,0,0,0,0,-21.5,0,0,0,0,0,0,34,0.0116
826,5,571050,0.2744,25.22,131.08,607,722,3,25,3,34,0,0,0,0,-21.5,0,0,0,0,0,0,34,0.0059
826.25,5,571069,0.2744,24.77,129.73,617,660,7,24,0,25,0,0,0,0,-21.5,0,0,0,0,0,0,23,0.0034
826.5,5,571078,0.2744,24.31,130.53,678,720,6,34,1,27,0,0,0,0,-21.5,0,0,0,0,0,0,22,0.0013
826.75,5,571176,0.2743,23.24,131.05,645,762,6,19,0,17,0,0,0,0,-21.5,0,0,0,0,0,0,17,0.0006
827,5,571274,0.2743,21.51,131.53,586,698,3,14,0,17,0,0,0,0,-21.5,0,0,0,0,0,0,14,0.0008
827.25,5,571303,0.2743,20.57,133.05,642,692,3,21,0,18,0,0,0,0,-21.5,0,0,0,0,0,0,17,0.0002
827.5,5,571378,0.2742,18.71,134.25,574,669,4,20,0,16,0,0,0,0,-21.5,0,0,0,0,0,0,15,0.0001
827.75,5,571438,0.2742,18.95,134.96,592,675,8,23,0,18,0,0,0,0,-21.5,0,0,0,0,0,0,14,0.0003
828,5,571505,0.2742,17.37,136.36,619,717,2,31,0,17,0,0,0,0,-21.5,0,0,0,0,0,0,15,0.0002
828.25,5,571588,0.2741,18.64,136.62,597,692,2,12,0,20,0,0,0,0,-21.5,0,0,0,0,0,0,15,0.0001
828.5,5,571589,0.2741,18.24,137.90,666,683,5,16,0,17,0,0,0,1,-21.5,0,0,0,0,0,0,14,0.0002
828.75,5,571550,0.2741,18.46,139.19,748,733,5,24,1,18,0,0,0,1,-21.5,0,0,0,0,0,0,15,0.0001
829,5,571664,0.2741,18.81,139.92,597,735,4,24,0,16,0,0,0,1,-21.5,0,0,0,0,0,0,14,0.0003
829.25,5,571716,0.2740,18.92,138.41,697,764,7,15,0,17,0,0,0,1,-21.5,0,0,0,0,0,0,15,0.0001
829.5,5,571812,0.2740,18.47,139.20,709,825,3,20,0,14,0,0,0,1,-21.5,0,0,0,0,0,0,14,0.0003
829.75,5,571869,0.2739,18.91,139.53,654,746,3,35,0,17,0,0,0,1,-21.5,0,0,0,0,0,0,15,0.0001
830,5,571914,0.2739,18.75,140.40,745,811,6,21,0,18,0,0,0,1,-21.5,0,0,0,0,0,0,14,0.0003
830.25,5,572002,0.2739,20.44,141.03,730,838,2,20,0,14,0,0,0,1,-78.1,0,0,0,0,0,0,14,0.0004
830.5,5,572038,0.2738,19.56,141.77,723,784,2,25,0,16,0,0,0,1,-78.1,0,0,0,0,0,0,15,0.0002
830.75,5,572074,0.2738,19.48,142.03,739,798,5,23,0,19,0,0,0,1,-78.1,0,0,0,0,0,0,15,0.0000
831,5,572160,0.2737,19.22,124.45,695,804,4,23,0,12,0,0,0,1,-78.1,0,0,0,0,0,0,12,0.0007
831.25,5,572234,0.2737,20.72,124.84,668,766,5,24,0,15,0,0,0,1,-78.1,0,0,0,0,0,0,11,0.0017
831.5,5,572269,0.2736,20.58,126.13,741,805,8,29,0,15,0,0,0,1,-78.1,0,0,0,0,0,0,10,0.0030
831.75,5,572300,0.2736,20.63,127.71,767,823,3,25,0,14,0,0,0,1,-78.1,0,0,0,0,0,0,14,0.0031
832,5,572384,0.2736,23.28,128.35,711,813,4,18,0,18,0,0,0,1,-78.1,0,0,0,0,0,0,18,0.0020
832.25,5,572443,0.2735,22.72,129.15,768,861,4,34,0,22,0,0,0,1,-78.1,0,0,0,0,0,0,21,0.0001
832.5,5,572481,0.2735,24.94,129.90,804,858,3,16,0,18,0,0,0,1,-78.1,0,0,0,0,0,0,14,0.0002
832.75,5,572469,0.2735,24.16,130.20,878,893,5,27,0,16,0,0,0,1,-78.1,0,0,0,0,0,0,14,0.0002
833,5,572522,0.2735,24.50,130.87,838,912,3,21,0,20,0,0,0,1,-78.1,0,0,0,0,0,0,15,0.0000
833.25,5,572559,0.2735,24.18,130.56,870,929,3,22,0,16,0,0,0,1,-78.1,0,0,0,0,0,0,14,0.0001
833.5,5,572592,0.2735,24.19,129.52,873,934,3,28,0,16,0,0,0,1,-78.1,0,0,0,0,0,0,14,0.0001
833.75,5,572631,0.2734,23.62,130.18,858,926,9,29,0,17,0,0,0,1,-78.1,0,0,0,0,0,0,14,0.0002
834,5,572669,0.2734,23.75,127.65,841,904,4,25,1,18,0,0,0,1,-78.1,0,0,0,0,0,0,14,0.0002
834.25,5,572684,0.2733,22.55,126.68,808,857,0,34,1,15,0,0,0,1,-78.1,0,0,0,0,0,0,11,0.0012
834.5,5,572740,0.2733,21.57,127.04,768,843,4,19,0,19,0,0,0,1,-78.1,0,0,0,0,0,0,15,0.0009
834.75,5,572805,0.2733,21.16,128.05,748,846,6,33,0,17,0,0,0,1,-78.1,0,0,0,0,0,0,17,0.0000
835,5,572890,0.2732,21.86,128.79,692,793,2,16,0,17,0,0,0,1,-78.1,0,0,0,0,0,0,12,0.0007
835.25,5,572943,0.2732,23.38,130.10,696,768,5,20,0,13,0,0,0,1,-78.1,0,0,0,0,0,0,12,0.0013
835.5,5,573007,0.2731,24.72,132.04,702,786,4,20,0,9,0,0,0,1,-78.1,0,0,0,0,0,0,6,0.0036
835.75,5,573064,0.2731,27.18,127.87,682,756,4,17,0,12,0,0,0,1,-78.1,0,0,0,0,0,0,9,0.0051
836,5,573007,0.2731,29.40,130.59,805,764,10,16,0,16,0,0,0,1,-78.1,0,0,0,0,0,0,11,0.0060
836.25,5,573100,0.2731,32.04,133.78,851,961,5,17,0,11,0,0,0,1,-78.1,0,0,0,0,0,0,9,0.0075
836.5,5,573048,0.2731,34.07,137.67,1050,1016,4,18,0,20,0,0,0,1,-78.1,0,0,0,0,0,0,19,0.0060
836.75,5,573067,0.2731,35.99,141.13,1055,1088,3,14,0,20,0,0,0,1,-78.1,0,0,0,0,0,0,18,0.0048
837,5,573058,0.2731,36.76,143.93,1170,1177,1,16,0,21,0,0,0,1,-78.1,0,0,0,0,0,0,18,0.0036
837.25,5,573105,0.2731,37.77,146.96,1108,1166,1,11,0,12,0,0,0,1,-78.1,0,0,0,0,0,0,11,0.0045
837.5,5,573154,0.2731,38.78,140.62,1220,1273,2,5,0,13,0,0,0,1,-78.1,0,0,0,0,0,0,12,0.0050
837.75,5,573164,0.2731,39.91,144.09,1299,1318,9,9,0,19,0,0,0,1,-78.1,0,0,0,0,0,0,13,0.0053
838,5,573192,0.2731,40.24,145.49,1263,1297,2,6,0,14,0,0,0,1,-78.1,0,0,0,0,0,0,13,0.0055
838.25,5,573212,0.2731,40.80,150.53,1308,1339,4,11,0,15,0,0,0,1,-78.1,0,0,0,0,0,0,14,0.0055
838.5,5,573276,0.2731,41.33,153.55,1298,1370,5,8,0,15,0,0,0,1,-78.1,0,0,0,0,0,0,12,0.0060
838.75,5,573230,0.2731,41.98,157.34,1375,1341,2,12,0,17,0,0,0,1,-78.1,0,0,0,0,0,0,15,0.0056
839,5,573232,0.2731,42.33,154.70,1370,1385,2,13,0,18,0,0,0,1,-78.1,0,0,0,0,0,0,15,0.0052
839.25,5,573332,0.2731,42.13,151.67,1338,1446,3,8,0,21,0,0,0,1,-78.1,0,0,0,0,0,0,15,0.0048
839.5,5,573317,0.2731,41.76,145.44,1380,1374,4,9,0,23,0,0,0,1,-78.1,0,0,0,0,0,0,20,0.0029
839.75,5,573288,0.2732,41.05,140.01,1413,1392,10,8,0,21,0,0,0,1,-78.1,0,0,0,0,0,0,20,0.0010
840,5,573336,0.2731,40.65,135.78,1324,1387,9,15,0,18,0,0,0,1,-78.1,0,0,0,0,0,0,16,0.0003
840.25,5,573340,0.2731,40.26,111.78,1352,1372,5,16,0,15,0,0,0,1,-135.7,0,0,0,0,0,0,14,0.0001
840.5,5,573302,0.2731,39.75,99.85,1335,1317,8,22,0,17,0,0,0,1,-135.7,0,0,0,0,0,0,13,0.0003
840.75,5,573289,0.2732,39.70,93.47,1301,1308,4,20,0,18,0,0,0,1,-135.7,0,0,0,0,0,0,14,0.0001
841,5,573329,0.2731,40.25,89.73,1283,1335,1,12,0,14,0,0,0,0,-135.7,0,0,0,0,0,0,13,0.0003
841.25,5,573310,0.2731,40.99,85.19,1301,1296,9,15,0,16,0,0,0,0,-135.7,0,0,0,0,0,0,14,0.0001
841.5,5,573377,0.2731,41.63,81.18,1335,1417,7,15,0,16,0,0,0,0,-135.7,0,0,0,0,0,0,13,0.0002
841.75,5,573425,0.2731,42.39,78.25,1325,1386,3,13,0,16,0,0,0,0,-135.7,0,0,0,0,0,0,14,0.0000
842,5,573359,0.2731,42.90,75.21,1448,1389,5,7,0,14,0,0,0,0,-135.7,0,0,0,0,0,0,13,0.0001
842.25,5,573384,0.2731,43.35,72.25,1365,1399,12,10,0,13,0,0,0,0,-135.7,0,0,0,0,0,0,13,0.0002
842.5,5,573422,0.2731,43.76,72.52,1371,1414,6,6,0,15,0,0,0,0,-135.7,0,0,0,0,0,0,13,0.0003
842.75,5,573462,0.2731,44.17,73.51,1340,1393,1,13,0,16,0,0,0,0,-135.7,0,0,0,0,0,0,14,0.0000
843,5,573505,0.2731,44.38,66.90,1402,1452,2,7,0,13,0,0,0,0,-135.7,0,0,0,0,0,0,13,0.0001
843.25,5,573516,0.2731,44.83,68.02,1422,1441,6,9,0,15,0,0,0,0,-135.7,0,0,0,0,0,0,13,0.0001
843.5,5,573562,0.2731,45.02,69.77,1430,1484,0,8,0,14,0,0,0,0,-135.7,0,0,0,0,0,0,13,0.0002
843.75,5,573558,0.2731,45.17,70.82,1435,1443,3,12,0,15,0,0,0,0,-135.7,0,0,0,0,0,0,13,0.0002
844,5,573587,0.2731,45.72,73.03,1406,1443,5,8,0,15,0,0,0,0,-135.7,0,0,0,0,0,0,13,0.0002
844.25,5,573597,0.2731,46.23,78.68,1441,1459,6,8,0,13,0,0,0,0,-135.7,0,0,0,0,0,0,13,0.0002
844.5,5,573573,0.2732,46.03,84.65,1468,1450,7,6,0,13,0,0,0,0,-135.7,0,0,0,0,0,0,13,0.0002
844.75,5,573556,0.2732,46.36,89.73,1483,1477,3,11,0,16,0,0,0,0,-135.7,0,0,0,0,0,0,13,0.0001
845,5,573560,0.2732,46.96,97.13,1489,1500,12,7,0,14,0,0,0,0,-135.7,0,0,0,0,0,0,13,0.0001
845.25,5,573570,0.2732,47.27,106.85,1475,1495,10,10,0,15,0,0,0,0,-135.7,0,0,0,0,0,0,13,0.0000
845.5,5,573584,0.2732,47.95,118.56,1548,1574,8,13,0,14,0,0,0,0,-135.7,0,0,0,0,0,0,12,0.0003
845.75,5,573506,0.2732,48.15,129.30,1594,1529,6,13,1,13,0,0,0,0,-135.7,0,0,0,0,0,0,13,0.0002
846,5,573476,0.2732,47.99,139.13,1611,1593,8,12,1,15,0,0,0,0,-135.7,0,0,0,0,0,0,13,0.0001
846.25,5,573417,0.2732,46.67,141.73,1594,1554,7,19,9,15,0,0,0,0,-135.7,0,0,0,0,0,0,13,0.0001
846.5,5,573294,0.2733,45.53,148.61,1682,1567,11,10,8,16,0,0,0,0,-135.7,0,0,0,0,0,0,13,0.0000
846.75,5,573123,0.2734,44.20,151.94,1698,1545,5,18,10,15,0,0,0,0,-135.7,0,0,0,0,0,0,12,0.0002
847,5,572942,0.2734,42.97,155.07,1670,1502,15,13,13,13,0,0,0,0,-135.7,0,0,0,0,0,0,13,0.0002
847.25,5,572817,0.2735,41.63,151.46,1537,1432,11,21,17,15,0,0,0,0,-135.7,0,0,0,0,0,0,13,0.0001
847.5,5,572794,0.2734,40.13,147.96,1448,1452,12,28,10,13,0,0,0,0,-135.7,0,0,0,0,0,0,13,0.0000
847.75,5,572722,0.2734,38.63,139.97,1444,1398,21,26,7,14,0,0,0,0,-135.7,0,0,0,0,0,0,12,0.0003
848,5,572687,0.2734,37.12,131.84,1356,1360,14,40,8,17,0,0,0,0,-135.7,0,0,0,0,0,0,13,0.0002
848.25,5,572612,0.2734,35.98,119.68,1350,1310,13,36,8,13,0,0,0,0,-135.7,0,0,0,0,0,0,13,0.0002
848.5,5,572643,0.2733,34.90,104.63,1217,1282,22,36,4,15,0,0,0,0,-135.7,0,0,0,0,0,0,13,0.0002
848.75,5,572604,0.2733,34.73,79.46,1172,1166,15,33,2,13,0,0,0,0,-135.7,0,0,0,0,0,0,13,0.0002
849,5,572655,0.2732,34.60,67.95,1090,1178,8,37,8,14,0,0,0,0,-135.7,0,0,0,0,0,0,13,0.0002
849.25,5,572630,0.2732,34.76,64.24,1054,1059,11,30,0,14,0,0,0,0,-135.7,0,0,0,0,0,0,13,0.0003
849.5,5,572718,0.2731,35.08,62.48,948,1061,11,25,2,15,0,0,0,0,-135.7,0,0,0,0,0,0,14,0.0000
849.75,5,572768,0.2731,35.60,61.26,938,1017,5,29,1,16,0,0,0,0,-135.7,0,0,0,0,0,0,13,0.0000
850,5,572863,0.2730,36.07,61.26,853,970,12,22,1,14,0,0,0,0,-135.7,0,0,0,0,0,0,13,0.0001
850.25,5,572838,0.2730,35.93,63.23,892,897,5,30,1,13,0,0,0,0,-115.0,0,0,0,0,0,0,13,0.0002
850.5,5,572871,0.2730,35.50,64.56,853,914,10,28,0,15,0,0,0,0,-115.0,0,0,0,0,0,0,13,0.0002
850.75,5,572961,0.2729,35.23,65.34,859,983,9,34,2,17,0,0,0,0,-115.0,0,0,0,0,0,0,14,0.0000
851,5,572931,0.2729,36.83,66.62,878,870,6,22,1,14,0,0,0,0,-115.0,0,0,0,0,0,0,13,0.0001
851.25,5,573040,0.2728,36.37,67.55,875,1009,5,25,0,14,0,0,0,0,-115.0,0,0,0,0,0,0,13,0.0002
851.5,5,573110,0.2728,37.58,69.03,827,922,3,25,0,15,0,0,0,0,-115.0,0,0,0,0,0,0,13,0.0003
851.75,5,573111,0.2728,36.70,69.10,893,921,5,27,1,15,0,0,0,0,-115.0,0,0,0,0,0,0,14,0.0001
852,5,573189,0.2727,37.96,69.42,774,878,4,26,0,15,0,0,0,0,-115.0,0,0,0,0,0,0,13,0.0002
852.25,5,573240,0.2727,36.45,71.46,794,868,8,23,3,16,0,0,0,0,-115.0,0,0,0,0,0,0,14,0.0000
852.5,5,573307,0.2726,37.57,74.51,757,843,8,19,0,16,0,0,0,0,-115.0,0,0,0,0,0,0,13,0.0002
852.75,5,573253,0.2726,35.73,77.01,791,762,8,25,2,16,0,0,0,0,-115.0,0,0,0,0,0,0,13,0.0003
853,5,573336,0.2726,36.39,80.49,619,718,7,17,0,14,0,0,0,0,-115.0,0,0,0,0,0,0,14,0.0001
853.25,5,573336,0.2726,36.21,83.57,706,733,7,27,1,17,0,0,0,0,-115.0,0,0,0,0,0,0,13,0.0002
853.5,5,573379,0.2726,35.79,87.77,687,745,4,15,0,15,0,0,0,0,-115.0,0,0,0,0,0,0,14,0.0000
853.75,5,573440,0.2725,35.14,90.65,689,778,9,28,0,17,0,0,0,0,-115.0,0,0,0,0,0,0,13,0.0002
854,5,573432,0.2725,34.44,93.92,736,745,5,17,1,13,0,0,0,0,-115.0,0,0,0,0,0,0,13,0.0003
854.25,5,573472,0.2725,33.55,97.10,760,821,6,21,0,16,0,0,0,0,-115.0,0,0,0,0,0,0,11,0.0010
854.5,5,573577,0.2724,32.50,98.89,702,828,3,21,1,9,0,0,0,0,-115.0,0,0,0,0,0,0,7,0.0029
854.75,5,573557,0.2724,32.19,100.55,737,736,1451,19,0,4,0,0,0,0,-115.0,0,0,0,0,0,0,3,0.0060
855,5,573520,0.2724,32.20,102.05,818,795,8,15,0,9,0,0,0,0,-115.0,0,0,0,0,0,0,8,0.0076
855.25,5,573599,0.2724,31.73,104.52,847,942,4,16,0,9,0,0,0,0,-115.0,0,0,0,0,0,0,8,0.0092
855.5,5,573564,0.2724,31.11,106.02,951,931,3,15,0,3,0,0,0,0,-115.0,0,0,0,0,0,0,3,0.0122
855.75,5,573558,0.2723,30.81,108.45,974,980,5,12,0,7,0,0,0,0,-115.0,0,0,0,0,0,0,6,0.0144
856,5,573625,0.2723,30.85,109.18,950,1033,7,17,0,6,0,0,0,0,-115.0,0,0,0,0,0,0,5,0.0169
856.25,5,573558,0.2723,30.66,109.22,1087,1033,6,13,0,3,0,0,0,0,-115.0,0,0,0,0,0,0,3,0.0199
856.5,5,573528,0.2723,30.81,108.37,1029,1021,4,22,0,3,0,0,0,0,-115.0,0,0,0,0,0,0,2,0.0232
856.75,5,573612,0.2722,31.00,108.93,985,1085,6,16,1,3,0,0,0,0,-115.0,0,0,0,0,0,0,2,0.0266
857,5,573618,0.2722,31.48,107.91,1076,1097,0,15,1,1,0,0,0,0,-115.0,0,0,0,0,0,0,1,0.0302
857.25,5,573579,0.2722,32.07,107.17,1111,1091,6,19,0,7,0,0,0,0,-115.0,0,0,0,0,0,0,4,0.0329
857.5,5,573584,0.2722,32.49,106.04,1081,1104,7,18,0,3,0,0,0,0,-115.0,0,0,0,0,0,0,3,0.0360
857.75,5,573643,0.2721,33.06,105.71,1066,1141,4,17,0,4,0,0,0,0,-115.0,0,0,0,0,0,0,1,0.0396
858,5,573603,0.2721,33.78,104.67,1185,1167,4,22,1,1,0,0,0,0,-115.0,0,0,0,0,0,0,1,0.0432
858.25,5,573573,0.2721,34.63,104.53,1170,1162,6,22,0,5,0,0,0,0,-115.0,0,0,0,0,0,0,4,0.0460
858.5,5,573637,0.2720,35.09,102.72,1114,1197,2,19,0,5,0,0,0,0,-115.0,0,0,0,0,0,0,4,0.0487
858.75,5,573705,0.2720,35.41,99.29,1173,1263,4,22,0,7,0,0,0,0,-115.0,0,0,0,0,0,0,6,0.0509
859,5,573719,0.2719,36.23,97.61,1203,1237,5,20,0,11,0,0,0,0,-115.0,0,0,0,0,0,0,6,0.0530
859.25,5,573725,0.2719,36.86,96.39,1219,1249,3,24,0,7,0,0,0,0,-115.0,0,0,0,0,0,0,5,0.0554
859.5,5,573728,0.2719,38.01,95.25,1190,1217,6,24,0,9,0,0,0,0,-115.0,0,0,0,0,0,0,7,0.0573
859.75,5,573777,0.2718,38.95,94.10,1251,1323,6,23,0,5,0,0,0,0,-115.0,0,0,0,0,0,0,5,0.0597
860,5,573731,0.2718,39.81,92.85,1298,1275,7,24,0,5,0,0,0,0,-115.0,0,0,0,0,0,0,4,0.0624
860.25,5,573759,0.2718,40.25,92.27,1223,1281,8,30,0,8,0,0,0,0,-175.5,0,0,0,0,0,0,5,0.0648
860.5,5,573783,0.2717,40.27,91.51,1245,1295,5,26,1,9,0,0,0,0,-175.5,0,0,0,0,0,0,6,0.0669
860.75,5,573770,0.2717,40.01,90.86,1291,1306,6,28,0,9,0,0,0,0,-175.5,0,0,0,0,0,0,6,0.0690
861,5,573754,0.2717,39.65,90.63,1271,1288,6,33,0,7,0,0,0,0,-175.5,0,0,0,0,0,0,4,0.0717
861.25,5,573818,0.2716,39.07,89.71,1226,1314,5,24,0,18,0,0,0,0,-175.5,0,0,0,0,0,0,14,0.0714
861.5,5,573789,0.2716,38.30,90.35,1239,1239,5,29,1,11,0,0,0,0,-175.5,0,0,0,0,0,0,8,0.0729
861.75,5,573796,0.2716,37.72,89.87,1212,1251,9,32,1,9,0,0,0,0,-175.5,0,0,0,0,0,0,8,0.0744
862,5,573799,0.2715,37.03,89.83,1192,1226,4,31,0,8,0,0,0,0,-175.5,0,0,0,0,0,0,6,0.0765
862.25,5,573771,0.2715,36.06,89.31,1194,1192,9,27,2,6,0,0,0,0,-175.5,0,0,0,0,0,0,5,0.0789
862.5,5,573814,0.2714,35.16,89.12,1158,1241,8,41,0,10,0,0,0,0,-175.5,0,0,0,0,0,0,8,0.0804
862.75,5,573823,0.2714,33.83,88.62,1098,1135,8,29,0,11,0,0,0,0,-175.5,0,0,0,0,0,0,10,0.0813
863,5,573812,0.2714,33.13,88.36,1064,1081,4,28,0,14,0,0,0,0,-175.5,0,0,0,0,0,0,11,0.0820
863.25,5,573786,0.2713,33.83,88.07,1080,1082,21872,28,0,13,0,0,0,0,-175.5,0,0,0,0,0,0,12,0.0823
863.5,5,573670,0.2714,34.33,79.27,1209,1115,7,22,0,10,0,0,0,0,-175.5,0,0,0,0,0,0,8,0.0838
863.75,5,573684,0.2713,34.52,79.27,1159,1201,9,28,0,10,0,0,0,0,-175.5,0,0,0,0,0,0,7,0.0856
864,5,573624,0.2713,34.65,79.60,1212,1188,4,36,0,14,0,0,0,0,-175.5,0,0,0,0,0,0,12,0.0859
864.25,5,573756,0.2713,34.46,80.31,1142,1296,12,22,0,11,0,0,0,0,-175.5,0,0,0,0,0,0,7,0.0877
864.5,5,573690,0.2713,32.14,81.75,1224,1186,31393,28,0,11,0,0,0,0,-175.5,0,0,0,0,0,0,9,0.0889
864.75,5,573619,0.2713,31.83,81.99,1273,1231,11,30,0,13,0,0,0,0,-175.5,0,0,0,0,0,0,10,0.0897
865,5,573506,0.2713,32.63,81.45,1353,1266,16,26,0,15,0,0,0,0,-175.5,0,0,0,0,0,0,10,0.0906
865.25,5,573532,0.2713,33.77,79.95,1350,1414,13,38,0,20,0,0,0,0,-175.5,0,0,0,0,0,0,18,0.0891
865.5,5,573478,0.2712,35.12,65.35,1485,1464,21,33,2,9,0,0,0,0,-175.5,0,0,0,0,0,0,8,0.0906
865.75,5,573506,0.2712,36.02,66.72,1500,1565,9,38,0,12,0,0,0,0,-175.5,0,0,0,0,0,0,10,0.0915
866,5,573460,0.2712,36.89,70.04,1558,1554,13,42,0,18,0,0,0,0,-175.5,0,0,0,0,0,0,17,0.0903
866.25,5,573549,0.2711,37.96,71.08,1557,1687,14,42,1,19,0,0,0,0,-175.5,0,0,0,0,0,0,18,0.0888
866.5,5,573427,0.2711,38.95,71.20,1690,1614,13,47,0,18,0,0,0,0,-175.5,0,0,0,0,0,0,16,0.0880
866.75,5,573491,0.2710,40.20,70.14,1632,1740,11,44,0,20,0,0,0,0,-175.5,0,0,0,0,0,0,16,0.0871
867,5,573453,0.2710,41.35,70.90,1736,1738,9,40,0,19,0,0,0,0,-175.5,0,0,0,0,0,0,16,0.0863
867.25,5,573431,0.2709,46.35,68.26,1766,1773,31533,43,11,8,0,0,0,0,-175.5,0,0,0,0,0,0,7,0.0881
867.5,5,573345,0.2708,46.02,64.87,1900,1909,85,108,1,13,0,0,0,0,-175.5,0,0,0,0,0,0,10,0.0891
867.75,5,573359,0.2706,47.04,71.01,1677,1790,30,102,2,8,0,0,0,0,-175.5,0,0,0,0,0,0,7,0.0911
868,5,573447,0.2705,47.66,77.33,1437,1562,18,37,1,8,0,0,0,0,-175.5,0,0,0,0,0,0,7,0.0930
868.25,5,573549,0.2705,43.67,82.75,1411,1525,5,12,0,4,0,0,0,0,-175.5,0,0,0,0,0,0,4,0.0959
868.5,5,573575,0.2704,39.69,87.13,1365,1399,5,8,0,7,0,0,0,0,-175.5,0,0,0,0,0,0,6,0.0982
868.75,5,573600,0.2704,39.13,90.03,1258,1292,5,9,0,6,0,0,0,0,-175.5,0,0,0,0,0,0,5,0.1007
869,5,573636,0.2704,44.81,93.27,1272,1315,14,7,2,9,0,0,0,0,-175.5,0,0,0,0,0,0,6,0.1030
869.25,5,573594,0.2704,31.47,97.91,1394,1372,13,20,4,9,0,0,0,0,-175.5,0,0,0,0,0,0,6,0.1052
869.5,5,573522,0.2704,38.27,100.48,1320,1261,9,13,2,11,0,0,0,0,-175.5,0,0,0,0,0,0,9,0.1066
869.75,5,573359,0.2705,29.45,104.95,1477,1329,12,15,7,13,0,0,0,0,-175.5,0,0,0,0,0,0,4,0.1094
870,5,573237,0.2705,35.30,106.63,1338,1231,7,15,2,9,0,0,0,0,-175.5,0,0,0,0,0,0,6,0.1117
870.25,5,573214,0.2705,30.79,109.84,1419,1414,20,19,3,13,0,0,0,0,-214.2,0,0,0,0,0,0,6,0.1139
870.5,5,573029,0.2706,33.94,110.21,1368,1205,7,22,3,7,0,0,0,0,-214.2,0,0,0,0,0,0,4,0.1167
870.75,5,572968,0.2706,33.67,110.11,1365,1326,8,22,3,10,0,0,0,0,-214.2,0,0,0,0,0,0,8,0.1184
871,5,572900,0.2706,33.66,107.44,1311,1261,5,18,5,12,0,0,0,0,-214.2,0,0,0,0,0,0,8,0.1201
871.25,5,572889,0.2706,35.51,107.39,1200,1207,15,18,3,11,0,0,0,0,-214.2,0,0,0,0,0,0,7,0.1220
871.5,5,572798,0.2706,33.86,106.20,1236,1168,10,23,1,4,0,0,0,0,-214.2,0,0,0,0,0,0,3,0.1252
871.75,5,572785,0.2706,35.42,107.92,1097,1103,14,19,5,8,0,0,0,0,-214.2,0,0,0,0,0,0,6,0.1274
872,5,572791,0.2706,33.37,105.81,1000,1026,20,20,2,8,0,0,0,0,-214.2,0,0,0,0,0,0,5,0.1300
872.25,5,572811,0.2705,36.54,106.02,1015,1072,17,38,5,6,0,0,0,0,-214.2,0,0,0,0,0,0,2,0.1334
872.5,5,572781,0.2705,35.03,104.02,973,968,5,25,3,6,0,0,0,0,-214.2,0,0,0,0,0,0,3,0.1366
872.75,5,572823,0.2704,38.53,101.89,942,1005,18,21,5,6,0,0,0,0,-214.2,0,0,0,0,0,0,3,0.1397
873,5,572789,0.2704,36.76,99.00,1038,1026,12,22,5,5,0,0,0,0,-214.2,0,0,0,0,0,0,2,0.1432
873.25,5,572891,0.2703,40.90,97.30,900,1028,7,26,3,6,0,0,0,0,-214.2,0,0,0,0,0,0,2,0.1467
873.5,5,572818,0.2703,37.76,94.67,1061,1016,18,28,1,11,0,0,0,0,-214.2,0,0,0,0,0,0,8,0.1484
873.75,5,572965,0.2702,41.61,94.28,870,1047,5,30,2,14,0,0,0,0,-214.2,0,0,0,0,0,0,10,0.1495
874,5,572979,0.2702,40.18,96.06,902,942,12,26,2,15,0,0,0,0,-214.2,0,0,0,0,0,0,8,0.1513
874.25,5,572967,0.2701,42.03,98.16,937,951,7,26,4,9,0,0,0,0,-214.2,0,0,0,0,0,0,8,0.1530
874.5,5,573037,0.2701,43.19,100.69,850,954,10,34,2,14,0,0,0,0,-214.2,0,0,0,0,0,0,8,0.1548
874.75,5,573091,0.2700,43.05,102.08,917,1000,3,29,4,11,0,0,0,0,-214.2,0,0,0,0,0,0,5,0.1574
875,5,573015,0.2700,42.37,102.51,975,936,9,37,3,11,0,0,0,0,-214.2,0,0,0,0,0,0,9,0.1589
875.25,5,573049,0.2699,44.11,103.63,926,990,10,30,1,10,0,0,0,0,-214.2,0,0,0,0,0,0,8,0.1607
875.5,5,573044,0.2699,43.15,106.17,932,962,9,35,2,14,0,0,0,0,-214.2,0,0,0,0,0,0,9,0.1622
875.75,5,573007,0.2698,43.65,107.03,1136,1131,13,32,10,7,0,0,0,0,-214.2,0,0,0,0,0,0,6,0.1646
876,5,573044,0.2698,43.79,107.44,1054,1128,13,37,2,7,0,0,0,0,-214.2,0,0,0,0,0,0,5,0.1673
876.25,5,573044,0.2697,44.03,108.99,1096,1132,12,36,4,3,0,0,0,0,-214.2,0,0,0,0,0,0,1,0.1712
876.5,5,573010,0.2697,44.41,109.70,1042,1042,13,34,6,5,0,0,0,0,-214.2,0,0,0,0,0,0,4,0.1742
876.75,5,573101,0.2695,44.52,109.18,1051,1193,7,51,6,5,0,0,0,0,-214.2,0,0,0,0,0,0,4,0.1773
877,5,573071,0.2695,44.62,109.13,1059,1076,14,47,5,13,0,0,0,0,-214.2,0,0,0,0,0,0,5,0.1801
877.25,5,573146,0.2694,45.49,109.55,993,1104,8,36,4,5,0,0,0,0,-214.2,0,0,0,0,0,0,4,0.1831
877.5,5,573153,0.2693,45.76,109.41,1002,1045,11,36,4,11,0,0,0,0,-214.2,0,0,0,0,0,0,9,0.1848
877.75,5,573193,0.2692,44.73,110.89,994,1078,13,44,4,9,0,0,0,0,-214.2,0,0,0,0,0,0,9,0.1864
878,5,573227,0.2692,45.11,111.92,1031,1108,15,43,5,11,0,0,0,0,-214.2,0,0,0,0,0,0,8,0.1883
878.25,5,573286,0.2691,44.59,111.83,1021,1118,4,38,5,7,0,0,0,0,-214.2,0,0,0,0,0,0,5,0.1912
878.5,5,573290,0.2690,44.31,109.07,1049,1097,4,44,1,14,0,0,0,0,-214.2,0,0,0,0,0,0,3,0.1946
878.75,5,573362,0.2689,41.69,105.00,992,1092,7,28,6,3,0,0,0,0,-214.2,0,0,0,0,0,0,3,0.1981
879,5,573343,0.2689,41.98,100.73,1045,1060,7,34,0,8,0,0,0,0,-214.2,0,0,0,0,0,0,5,0.2010
879.25,5,573395,0.2688,39.28,95.63,928,1011,10,31,3,6,0,0,0,0,-214.2,0,0,0,0,0,0,1,0.2050
879.5,5,573339,0.2688,39.01,89.60,916,892,11,32,0,6,0,0,0,0,-214.2,0,0,0,0,0,0,3,0.2085
879.75,5,573431,0.2687,36.57,85.34,864,995,9,39,5,5,0,0,0,0,-214.2,0,0,0,0,0,0,3,0.2120
880,5,573416,0.2686,37.16,80.33,807,828,4,36,1,11,0,0,0,0,-214.2,0,0,0,0,0,0,4,0.2153
880.25,5,573426,0.2686,34.89,76.78,828,869,12,31,5,3,0,0,0,0,-224.4,0,0,0,0,0,0,2,0.2191
880.5,5,573513,0.2685,35.80,72.52,755,876,13,34,1,8,0,0,0,0,-224.4,0,0,0,0,0,0,2,0.2230
880.75,5,573521,0.2684,34.08,69.48,762,812,15,42,5,8,0,0,0,0,-224.4,0,0,0,0,0,0,3,0.2266
881,5,573588,0.2683,35.91,70.22,708,807,10,33,1,6,0,0,0,0,-224.4,0,0,0,0,0,0,1,0.2308
881.25,5,573592,0.2683,34.43,73.41,759,800,13,38,0,1,0,0,0,0,-224.4,0,0,0,0,0,0,0,0.2353
881.5,5,573651,0.2682,36.98,76.95,646,735,5,30,0,10,0,0,0,0,-224.4,0,0,0,0,0,0,3,0.2389
881.75,5,573755,0.2681,35.67,77.69,678,810,18,28,7,9,0,0,0,0,-224.4,0,0,0,0,0,0,4,0.2422
882,5,573816,0.2680,37.88,81.87,709,813,4,43,3,10,0,0,0,0,-224.4,0,0,0,0,0,0,4,0.2456
882.25,5,573907,0.2680,37.10,83.61,638,761,5,33,2,12,0,0,0,0,-224.4,0,0,0,0,0,0,4,0.2489
882.5,5,573926,0.2679,38.38,86.07,719,769,4,31,2,3,0,0,0,0,-224.4,0,0,0,0,0,0,1,0.2532
882.75,5,574041,0.2678,39.15,86.00,612,762,8,35,8,3,0,0,0,0,-224.4,0,0,0,0,0,0,1,0.2574
883,5,573995,0.2677,39.69,87.78,868,850,7,28,2,7,0,0,0,0,-224.4,0,0,0,0,0,0,5,0.2605
883.25,5,573990,0.2677,40.50,88.28,845,873,3,33,5,7,0,0,0,0,-224.4,0,0,0,0,0,0,5,0.2636
883.5,5,573928,0.2677,39.75,90.54,1092,1063,13,33,0,10,0,0,0,0,-224.4,0,0,0,0,0,0,6,0.2663
883.75,5,573956,0.2676,39.66,89.95,985,1050,5,37,4,6,0,0,0,0,-224.4,0,0,0,0,0,0,1,0.2706
884,5,573982,0.2675,39.83,90.99,1033,1097,10,38,0,8,0,0,0,0,-224.4,0,0,0,0,0,0,4,0.2740
884.25,5,573966,0.2675,39.62,91.72,957,985,8,44,2,3,0,0,0,0,-224.4,0,0,0,0,0,0,2,0.2779
884.5,5,573993,0.2674,37.96,92.59,1099,1161,16,35,0,8,0,0,0,0,-224.4,0,0,0,0,0,0,3,0.2816
884.75,5,574020,0.2673,37.82,93.58,990,1058,4,41,3,1,0,0,0,0,-224.4,0,0,0,0,0,0,0,0.2862
885,5,574056,0.2672,39.18,98.49,1011,1089,13,42,0,4,0,0,0,0,-224.4,0,0,0,0,0,0,2,0.2902
885.25,5,574009,0.2672,37.73,104.77,1013,1000,10,34,0,5,0,0,0,0,-224.4,0,0,0,0,0,0,3,0.2939
885.5,5,574045,0.2671,39.74,115.22,962,1040,12,42,0,10,0,0,0,0,-224.4,0,0,0,0,0,0,6,0.2967
885.75,5,574045,0.2671,36.92,122.66,971,1003,13,32,2,11,0,0,0,0,-224.4,0,0,0,0,0,0,7,0.2993
886,5,574123,0.2670,38.31,133.23,943,1060,11,39,1,5,0,0,0,0,-224.4,0,0,0,0,0,0,2,0.3033
886.25,5,574150,0.2670,36.20,142.91,947,1003,10,30,4,12,0,0,0,0,-224.4,0,0,0,0,0,0,6,0.3061
886.5,5,574220,0.2669,38.08,150.98,901,1002,16,31,1,7,0,0,0,0,-224.4,0,0,0,0,0,0,4,0.3095
886.75,5,574209,0.2668,35.19,156.02,894,918,9,35,1,9,0,0,0,0,-224.4,0,0,0,0,0,0,3,0.3132
887,5,574267,0.2668,36.79,153.83,893,976,13,25,0,13,0,0,0,0,-224.4,0,0,0,0,0,0,7,0.3157
887.25,5,574290,0.2668,33.19,153.72,783,837,14,31,1,16,0,0,0,0,-224.4,0,0,0,0,0,0,11,0.3170
887.5,5,574390,0.2667,34.61,150.95,776,917,2,41,0,13,0,0,0,0,-224.4,0,0,0,0,0,0,6,0.3198
887.75,5,574394,0.2666,30.47,144.32,725,755,4,26,0,7,0,0,0,0,-224.4,0,0,0,0,0,0,5,0.3230
888,5,574420,0.2666,32.37,134.39,815,864,9,23,0,8,0,0,0,0,-224.4,0,0,0,0,0,0,6,0.3258
888.25,5,574312,0.2666,27.29,125.82,901,817,9,25,1,7,0,0,0,0,-224.4,0,0,0,0,0,0,5,0.3289
888.5,5,574249,0.2666,30.82,116.08,958,922,13,27,1,11,0,0,0,0,-224.4,0,0,0,0,0,0,6,0.3317
888.75,5,574247,0.2666,26.71,104.74,864,894,5,32,0,12,0,0,0,0,-224.4,0,0,0,0,0,0,3,0.3353
889,5,574254,0.2665,29.58,93.82,751,786,9,28,1,9,0,0,0,0,-224.4,0,0,0,0,0,0,5,0.3384
889.25,5,574326,0.2665,23.35,84.05,746,843,6,25,0,8,0,0,0,0,-224.4,0,0,0,0,0,0,3,0.3421
889.5,5,574412,0.2664,28.35,75.66,626,730,17,19,0,11,0,0,0,0,-224.4,0,0,0,0,0,0,7,0.3447
889.75,5,574433,0.2664,23.64,68.33,667,712,10,24,0,11,0,0,0,0,-224.4,0,0,0,0,0,0,6,0.3475
890,5,574491,0.2663,27.54,62.74,522,608,8,28,0,11,0,0,0,0,-224.4,0,0,0,0,0,0,6,0.3503
890.25,5,574525,0.2663,20.29,58.50,632,694,8,28,0,9,0,0,0,0,-266.9,0,0,0,0,0,0,7,0.3528
890.5,5,574595,0.2662,26.33,60.51,564,663,9,29,0,19,0,0,0,0,-266.9,0,0,0,0,0,0,9,0.3548
890.75,5,574651,0.2662,20.50,59.39,549,633,12,29,1,10,0,0,0,0,-266.9,0,0,0,0,0,0,6,0.3576
891,5,574669,0.2661,25.87,61.67,602,647,10,27,0,18,0,0,0,0,-266.9,0,0,0,0,0,0,9,0.3596
891.25,5,574744,0.2661,19.76,55.48,589,696,10,32,0,7,0,0,0,0,-266.9,0,0,0,0,0,0,5,0.3628
891.5,5,574771,0.2660,24.15,58.21,621,684,7,36,0,9,0,0,0,0,-266.9,0,0,0,0,0,0,9,0.3647
891.75,5,574796,0.2660,19.47,54.87,582,638,6,31,2,9,0,0,0,0,-266.9,0,0,0,0,0,0,4,0.3682
892,5,574834,0.2659,24.29,55.64,656,727,3,33,0,10,0,0,0,0,-266.9,0,0,0,0,0,0,4,0.3716
892.25,5,574922,0.2658,21.80,57.98,606,725,10,31,2,6,0,0,0,0,-266.9,0,0,0,0,0,0,3,0.3754
892.5,5,574983,0.2657,25.06,59.88,665,755,4,29,0,7,0,0,0,0,-266.9,0,0,0,0,0,0,2,0.3794
892.75,5,575037,0.2657,25.22,60.63,635,728,6,39,2,7,0,0,0,0,-266.9,0,0,0,0,0,0,4,0.3828
893,5,575088,0.2656,26.27,59.94,763,842,16,28,0,9,0,0,0,0,-266.9,0,0,0,0,0,0,3,0.3865
893.25,5,575023,0.2656,29.26,57.97,790,762,8,37,0,4,0,0,0,0,-266.9,0,0,0,0,0,0,1,0.3908
893.5,5,574942,0.2656,26.37,56.01,1042,997,16,37,0,6,0,0,0,0,-266.9,0,0,0,0,0,0,3,0.3945
893.75,5,574922,0.2655,29.74,55.40,857,867,10,31,3,11,0,0,0,0,-266.9,0,0,0,0,0,0,7,0.3971
894,5,574997,0.2655,29.68,56.26,899,1008,11,34,0,8,0,0,0,1,-266.9,0,0,0,0,0,0,5,0.4002
894.25,5,574946,0.2654,31.82,56.02,800,780,9,32,1,13,0,0,0,1,-266.9,0,0,0,0,0,0,9,0.4021
894.5,5,575086,0.2653,30.70,56.29,826,1000,11,34,0,12,0,0,0,1,-266.9,0,0,0,0,0,0,8,0.4044
894.75,5,575036,0.2653,33.16,58.13,828,804,19,26,1,12,0,0,0,1,-266.9,0,0,0,0,0,0,10,0.4060
895,5,575081,0.2653,31.73,57.93,921,1000,20,35,0,20,0,0,0,1,-266.9,0,0,0,0,0,0,11,0.4073
895.25,5,575046,0.2653,33.73,58.12,876,874,13,33,0,12,0,0,0,1,-266.9,0,0,0,0,0,0,8,0.4096
895.5,5,575120,0.2652,31.71,58.43,888,1015,12,53,0,8,0,0,0,1,-266.9,0,0,0,0,0,0,5,0.4127
895.75,5,575096,0.2651,34.95,61.29,872,883,12,35,0,12,0,0,0,1,-266.9,0,0,0,0,0,0,6,0.4155
896,5,575175,0.2650,33.12,64.42,947,1068,9,42,0,11,0,0,0,1,-266.9,0,0,0,0,0,0,9,0.4175
896.25,5,575180,0.2650,36.50,67.07,891,945,5,49,0,9,0,0,0,1,-266.9,0,0,0,0,0,0,3,0.4212
896.5,5,575174,0.2649,34.80,70.53,1012,1043,10,38,0,6,0,0,0,1,-266.9,0,0,0,0,0,0,3,0.4249
896.75,5,575166,0.2649,37.19,74.08,989,1023,9,42,1,7,0,0,0,1,-266.9,0,0,0,0,0,0,4,0.4283
897,5,575196,0.2648,36.43,76.19,1125,1197,5,42,0,13,0,0,0,1,-266.9,0,0,0,0,0,0,6,0.4311
897.25,5,575234,0.2647,38.40,79.89,1025,1095,8,32,1,8,0,0,0,1,-266.9,0,0,0,0,0,0,3,0.4348
897.5,5,575265,0.2647,37.49,81.48,1176,1244,6,37,0,7,0,0,0,1,-266.9,0,0,0,0,0,0,0,0.4394
897.75,5,575254,0.2646,36.99,82.87,1075,1104,11,40,0,1,0,0,0,1,-266.9,0,0,0,0,0,0,0,0.4440
898,5,575275,0.2645,37.42,83.21,1151,1221,7,49,0,2,0,0,0,1,-266.9,0,0,0,0,0,0,1,0.4483
898.25,5,575233,0.2645,36.38,83.51,1085,1085,8,42,1,9,0,0,0,1,-266.9,0,0,0,0,0,0,2,0.4523
898.5,5,575182,0.2644,36.66,81.05,1176,1177,13,52,0,8,0,0,0,1,-266.9,0,0,0,0,0,0,4,0.4558
898.75,5,575136,0.2644,32.93,77.85,1041,1049,5,54,0,9,0,0,0,1,-266.9,0,0,0,0,0,0,4,0.4592
899,5,574979,0.2644,35.49,74.05,1203,1096,15,50,0,9,0,0,0,1,-266.9,0,0,0,0,0,0,6,0.4621
899.25,5,574978,0.2643,31.67,70.90,971,1021,8,51,0,5,0,0,0,1,-266.9,0,0,0,0,0,0,4,0.4655
899.5,5,574944,0.2642,35.89,68.11,1038,1049,11,45,0,4,0,0,0,1,-266.9,0,0,0,0,0,0,2,0.4696
899.75,5,574929,0.2642,31.66,64.80,935,952,9,32,0,12,0,0,0,1,-266.9,0,0,0,0,0,0,4,0.4731
900,5,574932,0.2641,35.83,60.31,985,1033,17,45,0,8,0,0,0,1,-266.9,0,0,0,0,0,0,3,0.4769
900.25,5,574951,0.2641,30.48,55.01,942,1000,9,39,0,11,0,0,0,1,-280.2,0,0,0,0,0,0,3,0.4807
900.5,5,574960,0.2640,34.16,51.05,876,923,7,38,0,6,0,0,0,1,-280.2,0,0,0,0,0,0,3,0.4845
900.75,5,575081,0.2639,28.40,48.66,816,961,10,25,1,7,0,0,0,1,-280.2,0,0,0,0,0,0,3,0.4883
901,5,575071,0.2639,33.05,49.53,816,838,13,32,0,14,0,0,0,1,-280.2,0,0,0,0,0,0,7,0.4910
901.25,5,575077,0.2639,27.32,48.39,852,888,15,31,1,7,0,0,0,1,-280.2,0,0,0,0,0,0,6,0.4940
901.5,5,575145,0.2638,31.93,50.94,810,905,17,27,0,12,0,0,0,1,-280.2,0,0,0,0,0,0,7,0.4966
901.75,5,575125,0.2638,25.29,48.37,1008,1020,14,32,0,7,0,0,0,1,-280.2,0,0,0,0,0,0,5,0.4999
902,5,575108,0.2637,30.54,55.10,928,948,13,38,0,8,0,0,0,1,-280.2,0,0,0,0,0,0,2,0.5040
902.25,5,575184,0.2636,25.87,63.08,1056,1160,8,29,1,8,0,0,0,1,-280.2,0,0,0,0,0,0,6,0.5070
902.5,5,575180,0.2636,32.71,74.01,1093,1120,10,31,0,7,0,0,0,1,-280.2,0,0,0,0,0,0,5,0.5102
902.75,5,575296,0.2635,27.92,83.40,1086,1220,11,18,2,15,0,0,0,1,-280.2,0,0,0,0,0,0,6,0.5132
903,5,575281,0.2635,33.53,93.23,1156,1172,15,31,0,4,0,0,0,1,-280.2,0,0,0,0,0,0,3,0.5170
903.25,5,575407,0.2634,28.90,99.17,1192,1349,6,32,1,11,0,0,0,1,-280.2,0,0,0,0,0,0,8,0.5194
903.5,5,575421,0.2634,34.10,100.90,1244,1274,13,16,1,9,0,0,0,1,-280.2,0,0,0,0,0,0,5,0.5227
903.75,5,575423,0.2634,29.02,102.85,1315,1338,11,22,2,12,0,0,0,1,-280.2,0,0,0,0,0,0,7,0.5254
904,5,575456,0.2633,33.20,103.38,1299,1354,10,22,0,10,0,0,0,1,-280.2,0,0,0,0,0,0,6,0.5284
904.25,5,575494,0.2633,28.05,103.82,1260,1321,14,24,1,10,0,0,0,1,-280.2,0,0,0,0,0,0,5,0.5316
904.5,5,575456,0.2633,33.62,100.95,1275,1260,17,23,0,7,0,0,0,1,-280.2,0,0,0,0,0,0,5,0.5349
904.75,5,575415,0.2633,27.30,95.08,1306,1300,14,35,2,14,0,0,0,1,-280.2,0,0,0,0,0,0,10,0.5367
905,5,575319,0.2632,31.49,87.74,1246,1185,11,35,0,7,0,0,0,1,-280.2,0,0,0,0,0,0,5,0.5400
905.25,5,575308,0.2632,23.40,75.97,1205,1229,10,35,0,10,0,0,0,1,-280.2,0,0,0,0,0,0,4,0.5436
905.5,5,575160,0.2632,26.59,65.56,1118,1011,12,42,0,9,0,0,0,1,-280.2,0,0,0,0,0,0,5,0.5470
905.75,5,574975,0.2632,18.10,63.22,1071,944,18,58,4,18,0,0,0,1,-280.2,0,0,0,0,0,0,12,0.5483
906,5,575070,0.2631,21.89,64.55,670,798,15,34,0,10,0,0,0,1,-280.2,0,0,0,0,0,0,7,0.5510
906.25,5,575052,0.2631,12.65,63.89,656,679,10,41,1,6,0,0,0,1,-280.2,0,0,0,0,0,0,3,0.5550
906.5,5,575178,0.2630,18.86,63.81,402,542,6,14,0,5,0,0,0,1,-280.2,0,0,0,0,0,0,2,0.5592
906.75,5,575247,0.2630,12.26,63.72,396,489,4,24,0,7,0,0,0,1,-280.2,0,0,0,0,0,0,1,0.5638
907,5,575296,0.2629,18.96,63.21,366,430,0,15,0,5,0,0,0,1,-280.2,0,0,0,0,0,0,2,0.5681
907.25,5,575305,0.2629,16.22,62.01,531,557,4,17,1,3,0,0,0,1,-280.2,0,0,0,0,0,0,1,0.5726
907.5,5,575253,0.2629,22.70,61.65,609,568,4,11,0,9,0,0,0,1,-280.2,0,0,0,0,0,0,4,0.5763
907.75,5,575172,0.2629,20.11,60.46,815,748,4,14,2,9,0,0,0,1,-280.2,0,0,0,0,0,0,6,0.5793
908,5,575227,0.2629,23.23,58.85,806,874,3,13,1,12,0,0,0,1,-280.2,0,0,0,0,0,0,8,0.5818
908.25,5,575249,0.2629,22.24,54.42,821,861,4,18,1,10,0,0,0,1,-280.2,0,0,0,0,0,0,9,0.5840
908.5,5,575179,0.2629,27.27,52.09,900,844,5,14,0,10,0,0,0,1,-280.2,0,0,0,0,0,0,6,0.5871
908.75,5,575234,0.2629,26.90,49.44,840,913,4,18,1,13,0,0,0,1,-280.2,0,0,0,0,0,0,8,0.5895
909,5,575340,0.2628,30.31,48.01,798,911,11,8,0,12,0,0,0,1,-280.2,0,0,0,0,0,0,7,0.5923
909.25,5,575337,0.2628,29.37,44.14,749,766,7,20,2,10,0,0,0,2,-280.2,0,0,0,0,0,0,5,0.5956
909.5,5,575313,0.2628,30.75,44.91,852,843,21923,15,0,10,0,0,0,1,-280.2,0,0,0,0,0,0,4,0.5993
909.75,5,575179,0.2629,31.74,49.74,1041,912,19,6,3,8,0,0,0,1,-280.2,0,0,0,0,0,0,4,0.6029
910,5,575093,0.2629,37.51,57.48,1212,1141,19,15,1,22,0,0,0,1,-280.2,0,0,0,0,0,0,19,0.6021
910.25,5,575249,0.2628,43.95,63.60,1224,1411,13,31,0,16,0,0,0,1,-323.6,0,0,0,0,0,0,10,0.6040
910.5,5,575346,0.2628,48.41,69.59,1383,1501,16,21,0,12,0,0,0,1,-323.6,0,0,0,0,0,0,12,0.6053
910.75,5,575426,0.2627,55.03,76.75,1416,1525,15650,29,4,14,0,0,0,0,-323.6,0,0,0,0,0,0,9,0.6075
911,5,575619,0.2626,59.92,83.35,1596,1811,16,22,0,28,0,0,0,0,-323.6,0,0,0,0,0,0,25,0.6050
911.25,5,575727,0.2625,64.73,87.57,1801,1939,12,30,0,15,0,0,0,0,-323.6,0,0,0,0,0,0,10,0.6069
911.5,5,575612,0.2626,69.03,93.85,2128,2038,15,25,2,14,0,0,0,0,-323.6,0,0,0,0,0,0,8,0.6094
911.75,5,575364,0.2626,70.68,102.72,2284,2074,14,39,1,11,0,0,0,0,-323.6,0,0,0,0,0,0,9,0.6116
912,5,575150,0.2627,70.29,109.27,2374,2178,21,20,0,16,0,0,0,1,-323.6,0,0,0,0,0,0,12,0.6129
912.25,5,574812,0.2629,72.84,114.98,2507,2186,17,18,2,16,0,0,0,1,-323.6,0,0,0,0,0,0,9,0.6151
912.5,5,574539,0.2630,69.05,119.20,2565,2308,31,19,1,18,0,0,0,1,-323.6,0,0,0,0,0,0,11,0.6167
912.75,5,574242,0.2631,70.50,120.45,2658,2389,24,31,2,12,0,0,0,1,-323.6,0,0,0,0,0,0,10,0.6187
913,5,573960,0.2632,67.17,122.29,2697,2443,26,28,6,17,0,0,0,1,-323.6,0,0,0,0,0,0,12,0.6200
913.25,5,573701,0.2633,69.90,121.59,2710,2475,31,24,8,18,0,0,0,1,-323.6,0,0,0,0,0,0,14,0.6207
913.5,5,573334,0.2634,66.95,120.02,2783,2445,23,30,3,18,0,0,0,1,-323.6,0,0,0,0,0,0,11,0.6223
913.75,5,573094,0.2635,68.99,116.62,2549,2337,22,28,4,14,0,0,0,1,-323.6,0,0,0,0,0,0,12,0.6236
914,5,572913,0.2636,65.22,115.82,2542,2386,27,27,1,21,0,0,0,1,-323.6,0,0,0,0,0,0,17,0.6234
914.25,5,572683,0.2637,63.12,115.61,2516,2307,26,24,3,25,0,0,0,1,-323.6,0,0,0,0,0,0,14,0.6241
914.5,5,572547,0.2637,63.30,113.64,2303,2199,24,35,0,22,0,0,0,1,-323.6,0,0,0,0,0,0,18,0.6236
914.75,5,572465,0.2637,57.36,111.58,2191,2138,30,31,0,15,0,0,0,1,-323.6,0,0,0,0,0,0,13,0.6246
915,5,572232,0.2638,58.76,109.03,2177,1982,27,38,0,15,0,0,0,1,-323.6,0,0,0,0,0,0,10,0.6265
915.25,5,572118,0.2638,53.21,105.58,1950,1871,18,37,0,14,0,0,0,1,-323.6,0,0,0,0,0,0,7,0.6293
915.5,5,572119,0.2638,52.27,101.31,1704,1731,14,27,0,12,0,0,0,1,-323.6,0,0,0,0,0,0,7,0.6321
915.75,5,571990,0.2638,48.40,97.58,1811,1737,44,56,0,17,0,0,0,1,-323.6,0,0,0,0,0,0,12,0.6335
916,5,571863,0.2638,43.73,92.92,1671,1593,18,51,0,12,0,0,0,1,-323.6,0,0,0,0,0,0,9,0.6358
916.25,5,571729,0.2638,44.24,88.03,1551,1453,17,38,0,15,0,0,0,1,-323.6,0,0,0,0,0,0,11,0.6375
916.5,5,571606,0.2638,46.92,84.53,1446,1348,13,26,0,11,0,0,0,1,-323.6,0,0,0,0,0,0,6,0.6407
916.75,5,571518,0.2638,44.40,77.70,1349,1297,16,36,1,13,0,0,0,1,-323.6,0,0,0,0,0,0,11,0.6425
917,4,571402,0.2639,48.33,71.40,1291,1202,146,27,0,17,0,0,0,1,-323.6,0,0,0,0,0,1,9,0.6448
917.25,4,571393,0.2638,39.51,63.23,1242,1262,13,29,1,14,0,0,0,1,-323.6,0,0,0,0,0,0,10,0.6469
917.5,4,571482,0.2638,44.50,62.91,1045,1166,13,32,0,10,0,0,0,1,-323.6,0,0,0,0,0,0,6,0.6501
917.75,4,571507,0.2637,33.67,52.36,1061,1116,11,30,2,11,0,0,0,1,-323.6,0,0,0,0,0,0,8,0.6528
918,4,571545,0.2637,38.84,58.71,939,1011,10,35,0,22,0,0,0,1,-323.6,0,0,0,0,0,0,17,0.6528
918.25,4,571589,0.2636,29.43,51.10,941,1022,13,37,0,16,0,0,0,1,-323.6,0,0,0,0,0,0,12,0.6543
918.5,4,571662,0.2635,34.71,56.81,778,894,6,44,0,15,0,0,0,1,-323.6,0,0,0,0,0,0,13,0.6555
918.75,4,571658,0.2635,25.98,54.61,809,839,13,34,4,23,0,0,0,1,-323.6,0,0,0,0,0,0,21,0.6543
919,4,571848,0.2634,33.32,55.47,609,818,7,19,1,24,0,0,0,1,-323.6,0,0,0,0,0,0,19,0.6537
919.25,4,571878,0.2634,27.79,59.49,704,770,9,36,2,18,0,0,0,1,-323.6,0,0,0,0,0,0,16,0.6540
919.5,4,572005,0.2633,35.20,61.34,552,704,4,26,1,18,0,0,0,1,-323.6,0,0,0,0,0,0,15,0.6546
919.75,4,572076,0.2633,32.39,63.36,610,709,3,28,2,23,0,0,0,1,-323.6,0,0,0,0,0,0,17,0.6547
920,4,572146,0.2632,39.04,64.64,565,655,12,20,1,28,0,0,0,1,-323.6,0,0,0,0,0,0,27,0.6517
920.25,4,572261,0.2632,39.61,67.12,566,701,4,20,2,29,0,0,0,1,-238.2,0,0,0,0,0,0,22,0.6503
920.5,4,572274,0.2632,42.93,70.30,558,605,9,34,0,28,0,0,0,1,-238.2,0,0,0,0,0,0,20,0.6494
920.75,4,572386,0.2631,39.95,71.36,534,669,3,23,1,29,0,0,0,1,-238.2,0,0,0,0,0,0,25,0.6471
921,4,572484,0.2631,45.71,73.14,498,618,7,22,1,46,0,0,0,1,-238.2,0,0,0,0,0,0,42,0.6398
921.25,4,572513,0.2632,40.46,73.86,638,686,2,19,0,47,0,0,0,1,-238.2,0,0,0,0,0,0,45,0.6315
921.5,4,572626,0.2632,46.26,72.59,546,680,9,21,0,47,0,0,0,1,-238.2,0,0,0,0,0,0,45,0.6233
921.75,4,572669,0.2632,39.47,72.46,751,813,7,19,0,36,0,0,0,1,-238.2,0,0,0,0,0,0,28,0.6201
922,4,572702,0.2632,42.81,70.59,720,769,4,16,0,38,0,0,0,1,-238.2,0,0,0,0,0,0,33,0.6154
922.25,4,572708,0.2632,37.96,71.35,951,974,6,17,1,26,0,0,0,1,-238.2,0,0,0,0,0,0,22,0.6139
922.5,4,572744,0.2632,41.57,66.70,869,914,1,9,0,19,0,0,0,1,-238.2,0,0,0,0,0,0,19,0.6133
922.75,4,572761,0.2632,36.71,66.75,1048,1078,8,13,0,24,0,0,0,1,-238.2,0,0,0,0,0,0,21,0.6121
923,4,572880,0.2632,39.32,70.22,912,1037,2,6,0,14,0,0,0,1,-238.2,0,0,0,0,0,0,8,0.6147
923.25,4,572968,0.2632,37.92,72.56,1075,1176,5,13,1,22,0,0,0,1,-238.2,0,0,0,0,0,0,17,0.6147
923.5,4,573102,0.2631,38.73,75.85,926,1060,4,0,0,16,0,0,0,1,-238.2,0,0,0,0,0,0,12,0.6161
923.75,4,573163,0.2631,36.75,78.33,1062,1127,7,4,1,13,0,0,0,1,-238.2,0,0,0,0,0,0,10,0.6181
924,4,573309,0.2631,36.66,80.26,961,1112,1,5,0,16,0,0,0,1,-238.2,0,0,0,0,0,0,11,0.6198
924.25,4,573250,0.2631,34.80,82.62,1114,1058,4,3,0,15,0,0,0,1,-238.2,0,0,0,0,0,0,11,0.6215
924.5,4,573317,0.2631,34.65,84.16,1075,1146,4,4,0,22,0,0,0,1,-238.2,0,0,0,0,0,0,15,0.6220
924.75,4,573242,0.2632,33.74,84.35,1148,1078,8,5,0,23,0,0,0,1,-238.2,0,0,0,0,0,0,16,0.6221
925,4,573191,0.2632,34.38,84.79,1250,1203,3,4,0,21,0,0,0,1,-238.2,0,0,0,0,0,0,16,0.6223
925.25,4,573118,0.2633,34.01,84.88,1242,1175,6,6,0,30,0,0,0,1,-238.2,0,0,0,0,0,0,27,0.6192
925.5,4,573093,0.2634,35.43,85.26,1284,1265,3,6,0,28,0,0,0,1,-238.2,0,0,0,0,0,0,24,0.6170
925.75,4,573127,0.2634,33.77,85.55,1206,1249,5,9,1,19,0,0,0,1,-238.2,0,0,0,0,0,0,17,0.6168
926,4,573119,0.2634,34.95,85.52,1245,1243,7,7,0,26,0,0,0,1,-238.2,0,0,0,0,0,0,19,0.6160
926.25,4,573076,0.2634,32.92,85.67,1214,1179,7,8,1,27,0,0,0,1,-238.2,0,0,0,0,0,0,27,0.6129
926.5,4,573138,0.2635,34.49,84.78,1212,1278,12,4,0,30,0,0,0,1,-238.2,0,0,0,0,0,0,26,0.6100
926.75,4,573108,0.2635,31.69,84.00,1206,1184,13,9,0,26,0,0,0,1,-238.2,0,0,0,0,0,0,26,0.6071
927,4,573112,0.2635,33.84,83.75,1138,1150,13,10,0,32,0,0,0,1,-238.2,0,0,0,0,0,0,29,0.6034
927.25,4,573102,0.2636,31.10,85.51,1155,1157,3612,12,1,28,0,0,0,1,-238.2,0,0,0,0,0,0,27,0.6002
927.5,4,573136,0.2636,35.66,93.35,1125,1163,10,6,0,31,0,0,0,1,-238.2,0,0,0,0,0,0,28,0.5967
927.75,4,573282,0.2636,32.99,96.63,1168,1322,10,8,0,26,0,0,0,1,-238.2,0,0,0,0,0,0,21,0.5952
928,4,573306,0.2636,36.24,97.80,1171,1204,7,9,0,30,0,0,0,1,-238.2,0,0,0,0,0,0,26,0.5923
928.25,4,573330,0.2636,30.96,96.45,1247,1283,4,12,1,40,0,0,0,1,-238.2,0,0,0,0,0,0,35,0.5868
928.5,4,573287,0.2637,32.43,94.96,1219,1196,7,22,0,35,0,0,0,1,-238.2,0,0,0,0,0,0,30,0.5827
928.75,4,573216,0.2637,27.14,93.66,1262,1219,12,28,1,22,0,0,0,1,-238.2,0,0,0,0,0,0,21,0.5812
929,4,573072,0.2637,28.79,101.12,1254,1153,12,45,0,28,0,0,0,1,-238.2,0,0,0,0,0,0,24,0.5789
929.25,4,572960,0.2638,23.25,112.02,1293,1218,16,37,1,21,0,0,0,1,-238.2,0,0,0,0,0,0,17,0.5787
929.5,4,572760,0.2638,23.21,117.77,1246,1081,16,36,0,26,0,0,0,1,-238.2,0,0,0,0,0,0,20,0.5776
929.75,4,572611,0.2639,20.52,125.38,1202,1083,20,31,1,17,0,0,0,1,-238.2,0,0,0,0,0,0,16,0.5777
930,4,572575,0.2639,20.68,123.00,1042,1041,27,36,0,16,0,0,0,1,-238.2,0,0,0,0,0,0,15,0.5781
930.25,4,572531,0.2638,21.05,119.48,1063,1054,16,35,0,16,0,0,0,1,-244.1,0,0,0,0,0,0,10,0.5800
930.5,4,572520,0.2638,19.57,115.81,1026,1041,46,30,0,25,0,0,0,1,-244.1,0,0,0,0,0,0,20,0.5790
930.75,4,572479,0.2638,19.55,91.64,996,1004,17,50,3,19,0,0,0,1,-244.1,0,0,0,0,0,0,17,0.5788
931,4,572490,0.2638,18.77,80.01,915,967,21,44,0,25,0,0,0,1,-244.1,0,0,0,0,0,0,22,0.5772
931.25,4,572549,0.2637,19.34,64.85,891,1006,14,56,0,21,0,0,0,1,-244.1,0,0,0,0,0,0,20,0.5762
931.5,4,572569,0.2636,17.92,55.64,859,912,13,33,0,24,0,0,0,1,-244.1,0,0,0,0,0,0,21,0.5749
931.75,4,572613,0.2636,18.48,51.32,855,936,9,37,0,29,0,0,0,1,-244.1,0,0,0,0,0,0,26,0.5721
932,4,572677,0.2636,19.14,60.78,872,978,11,42,0,29,0,0,0,1,-244.1,0,0,0,0,0,0,27,0.5691
932.25,4,572726,0.2635,19.57,75.01,952,1032,7,31,0,27,0,0,0,1,-244.1,0,0,0,0,0,0,25,0.5666
932.5,4,572741,0.2636,23.11,91.46,1060,1099,5,24,0,43,0,0,0,1,-244.1,0,0,0,0,0,0,38,0.5604
932.75,4,572921,0.2635,21.19,104.36,1081,1285,7,24,2,48,0,0,0,1,-244.1,0,0,0,0,0,0,42,0.5529
933,4,572998,0.2635,25.98,114.12,1158,1256,6,22,0,46,0,0,0,1,-244.1,0,0,0,0,0,0,42,0.5455
933.25,4,573210,0.2635,22.98,123.59,1149,1371,7,10,0,44,0,0,0,1,-244.1,0,0,0,0,0,0,42,0.5380
933.5,4,573332,0.2635,29.91,130.13,1271,1414,4,21,0,42,0,0,0,1,-244.1,0,0,0,0,0,0,41,0.5308
933.75,4,573459,0.2635,27.53,136.80,1242,1373,4,4,0,34,0,0,0,1,-244.1,0,0,0,0,0,0,33,0.5259
934,4,573346,0.2635,33.57,141.59,1467,1380,13,28,1,36,0,0,0,1,-244.1,0,0,0,0,0,0,32,0.5214
934.25,4,573423,0.2635,32.29,145.65,1357,1439,1,5,0,28,0,0,0,1,-244.1,0,0,0,0,0,0,24,0.5192
934.5,4,573286,0.2636,37.94,148.91,1577,1463,15,23,0,23,0,0,0,1,-244.1,0,0,0,0,0,0,18,0.5187
934.75,4,573262,0.2636,33.82,152.09,1474,1452,5,3,0,18,0,0,0,1,-244.1,0,0,0,0,0,0,15,0.5191
935,4,573197,0.2637,39.87,154.34,1557,1513,6,21,0,20,0,0,0,1,-244.1,0,0,0,0,0,0,16,0.5193
935.25,4,573143,0.2637,33.83,157.83,1560,1507,6,2,0,19,0,0,0,1,-244.1,0,0,0,0,0,0,17,0.5191
935.5,4,573056,0.2638,40.33,160.05,1559,1485,6,13,0,14,0,0,0,1,-244.1,0,0,0,0,0,0,12,0.5204
935.75,4,572995,0.2638,35.29,161.80,1532,1481,3,10,0,17,0,0,0,1,-244.1,0,0,0,0,0,0,15,0.5208
936,4,572959,0.2638,41.14,163.72,1506,1476,4,6,0,16,0,0,0,1,-244.1,0,0,0,0,0,0,15,0.5211
936.25,4,572854,0.2639,38.03,164.50,1532,1433,2,6,0,21,0,0,0,1,-244.1,0,0,0,0,0,0,19,0.5203
936.5,4,572654,0.2640,42.68,166.55,1718,1536,7,18,0,11,0,0,0,1,-244.1,0,0,0,0,0,0,9,0.5225
936.75,4,572520,0.2640,39.50,168.78,1740,1620,9,14,0,12,0,0,0,1,-244.1,0,0,0,0,0,0,9,0.5246
937,4,572344,0.2641,44.65,170.86,1770,1610,8,16,0,18,0,0,0,1,-244.1,0,0,0,0,0,0,12,0.5258
937.25,4,572205,0.2642,40.10,170.06,1793,1662,3,8,1,15,0,0,0,1,-244.1,0,0,0,0,0,0,14,0.5265
937.5,4,572046,0.2643,44.81,167.34,1781,1631,3,9,0,22,0,0,0,1,-244.1,0,0,0,0,0,0,14,0.5271
937.75,4,571928,0.2644,37.57,161.89,1791,1685,2,12,1,18,0,0,0,1,-244.1,0,0,0,0,0,0,17,0.5268
938,4,571813,0.2644,39.75,155.49,1666,1558,11,8,1,17,0,0,0,1,-244.1,0,0,0,0,0,0,14,0.5275
938.25,4,571796,0.2644,35.94,147.97,1567,1568,5,18,5,15,0,0,0,1,-244.1,0,0,0,0,0,0,9,0.5295
938.5,4,571732,0.2645,41.45,143.84,1497,1443,6,10,2,17,0,0,0,1,-244.1,0,0,0,0,0,0,12,0.5307
938.75,4,571579,0.2645,36.17,139.00,1572,1434,14,16,1,11,0,0,0,1,-244.1,0,0,0,0,0,0,6,0.5337
939,4,571575,0.2645,36.59,135.99,1352,1362,8,15,0,7,0,0,0,1,-244.1,0,0,0,0,0,0,6,0.5367
939.25,4,571492,0.2646,41.22,134.39,1382,1314,3,15,0,14,0,0,0,1,-244.1,0,0,0,0,0,0,11,0.5382
939.5,4,571248,0.2647,40.79,134.30,1740,1509,10,13,0,11,0,0,0,1,-244.1,0,0,0,0,0,0,7,0.5408
939.75,4,571061,0.2648,45.48,133.43,1771,1596,7,12,0,17,0,0,0,1,-244.1,0,0,0,0,0,0,10,0.5426
940,4,571007,0.2648,47.72,133.57,1682,1638,13,10,0,17,0,0,0,1,-244.1,0,0,0,0,0,0,12,0.5438
940.25,4,570945,0.2648,50.46,134.28,1805,1750,9,7,0,13,0,0,0,1,-239.4,0,0,0,0,0,0,11,0.5452
940.5,4,570880,0.2649,46.92,134.18,1738,1690,9,17,0,12,0,0,0,1,-239.4,0,0,0,0,0,0,8,0.5476
940.75,4,570801,0.2649,50.39,136.93,1749,1680,31,15,0,13,0,0,0,1,-239.4,0,0,0,0,0,0,9,0.5496
941,4,570646,0.2649,45.52,134.89,1752,1632,22,37,5,8,0,0,0,1,-239.4,0,0,0,0,0,0,7,0.5523
941.25,4,570531,0.2649,47.08,135.38,1706,1627,30,42,7,10,0,0,0,1,-239.4,0,0,0,0,0,0,4,0.5558
941.5,4,570375,0.2649,48.12,137.91,1789,1670,26,38,8,14,0,0,0,1,-239.4,0,0,0,0,0,0,9,0.5579
941.75,4,570299,0.2648,48.26,138.94,1742,1719,16,54,10,10,0,0,0,1,-239.4,0,0,0,0,0,0,6,0.5609
942,4,570175,0.2649,49.03,145.11,1776,1677,22355,27,7,20,0,0,0,1,-239.4,0,0,0,0,0,0,16,0.5610
942.25,4,570036,0.2649,50.62,149.45,1885,1779,8,33,0,22,0,0,0,1,-239.4,0,0,0,0,0,0,17,0.5608
942.5,4,569857,0.2650,50.43,153.17,2013,1863,12,29,1,21,0,0,0,1,-239.4,0,0,0,0,0,0,18,0.5602
942.75,4,569832,0.2650,51.97,156.73,1934,1938,3,29,0,21,0,0,0,1,-239.4,0,0,0,0,0,0,18,0.5597
943,4,569801,0.2650,49.76,158.68,2032,2024,3,23,0,20,0,0,0,1,-239.4,0,0,0,0,0,0,18,0.5592
943.25,4,569698,0.2651,49.56,158.52,2148,2062,9,18,0,25,0,0,0,1,-239.4,0,0,0,0,0,0,19,0.5584
943.5,4,569588,0.2651,46.13,157.98,2103,2012,11,19,1,22,0,0,0,1,-239.4,0,0,0,0,0,0,20,0.5572
943.75,4,569447,0.2652,47.00,156.82,2059,1938,13,24,1,17,0,0,0,1,-239.4,0,0,0,0,0,0,13,0.5582
944,4,569355,0.2652,43.10,157.34,1975,1914,15,31,2,20,0,0,0,1,-239.4,0,0,0,0,0,0,17,0.5579
944.25,4,569265,0.2652,43.94,157.24,1935,1877,15,34,1,14,0,0,0,1,-239.4,0,0,0,0,0,0,10,0.5597
944.5,4,569109,0.2652,40.37,157.83,1971,1846,19,33,3,21,0,0,0,1,-239.4,0,0,0,0,0,0,15,0.5601
944.75,4,569033,0.2652,41.25,156.21,1906,1864,15,37,0,22,0,0,0,1,-239.4,0,0,0,0,0,0,19,0.5593
945,4,569080,0.2652,39.56,155.71,1761,1842,17,35,2,16,0,0,0,1,-239.4,0,0,0,0,0,0,14,0.5599
945.25,4,569005,0.2652,40.21,156.01,1876,1839,13,39,0,19,0,0,0,1,-239.4,0,0,0,0,0,0,17,0.5597
945.5,4,568957,0.2652,37.01,155.07,1780,1767,13,35,2,19,0,0,0,1,-239.4,0,0,0,0,0,0,18,0.5592
945.75,4,568790,0.2652,39.17,154.20,1892,1755,13,30,0,18,0,0,0,1,-239.4,0,0,0,0,0,0,13,0.5601
946,4,568734,0.2653,36.10,154.76,1771,1749,15,35,0,26,0,0,0,1,-239.4,0,0,0,0,0,0,20,0.5590
946.25,4,568722,0.2652,38.88,155.98,1792,1815,7,36,2,18,0,0,0,1,-239.4,0,0,0,0,0,0,13,0.5600
946.5,4,568723,0.2652,35.48,155.77,1802,1830,13,27,3,25,0,0,0,1,-239.4,0,0,0,0,0,0,20,0.5589
946.75,4,568622,0.2652,39.09,154.73,1808,1748,10,41,3,22,0,0,0,1,-239.4,0,0,0,0,0,0,15,0.5592
947,4,568597,0.2652,35.13,154.61,1798,1797,14,26,5,13,0,0,0,1,-239.4,0,0,0,0,0,0,9,0.5614
947.25,4,568523,0.2652,37.89,151.77,1755,1717,6,36,8,13,0,0,0,1,-239.4,0,0,0,0,0,0,11,0.5629
947.5,4,568551,0.2651,32.58,145.21,1632,1690,3,30,9,4,0,0,0,1,-239.4,0,0,0,0,0,0,3,0.5669
947.75,4,568509,0.2651,35.41,135.94,1626,1627,11,44,5,4,0,0,0,1,-239.4,0,0,0,0,0,0,3,0.5708
948,4,568468,0.2650,30.38,127.13,1501,1488,17,29,4,4,0,0,0,1,-239.4,0,0,0,0,0,0,3,0.5747
948.25,4,568460,0.2650,34.29,122.46,1474,1503,12,39,3,5,0,0,0,1,-239.4,0,0,0,0,0,0,4,0.5784
948.5,4,568569,0.2649,31.81,118.58,1309,1443,10,25,8,13,0,0,0,1,-239.4,0,0,0,0,0,0,9,0.5805
948.75,4,568479,0.2649,36.56,113.32,1578,1524,28,36,3,9,0,0,0,1,-239.4,0,0,0,0,0,0,5,0.5839
949,4,568391,0.2648,33.96,105.92,1516,1475,15,47,4,10,0,0,0,1,-239.4,0,0,0,0,0,0,7,0.5867
949.25,4,568215,0.2649,37.11,98.69,1646,1511,17,44,2,12,0,0,0,1,-239.4,0,0,0,0,0,0,10,0.5887
949.5,4,568128,0.2648,34.70,90.35,1600,1572,20,59,1,24,0,0,0,1,-239.4,0,0,0,0,0,0,21,0.5874
949.75,4,568077,0.2648,39.28,84.59,1535,1537,11,53,0,21,0,0,0,1,-239.4,0,0,0,0,0,0,19,0.5868
950,4,568049,0.2648,39.13,83.53,1513,1531,12,46,1,23,0,0,0,1,-239.4,0,0,0,0,0,0,17,0.5867
950.25,4,568027,0.2647,44.24,85.91,1516,1535,11,41,3,26,0,0,0,1,-148.3,0,0,0,0,0,0,20,0.5858
950.5,4,568075,0.2647,44.68,91.46,1569,1639,21,23,2,32,0,0,0,1,-148.3,0,0,0,0,0,0,30,0.5819
950.75,4,568123,0.2647,48.84,97.89,1646,1724,35,31,0,28,0,0,0,1,-148.3,0,0,0,0,0,0,26,0.5792
951,4,568102,0.2647,50.62,104.88,1711,1718,11,29,1,21,0,0,0,1,-148.3,0,0,0,0,0,0,19,0.5785
951.25,4,568052,0.2647,56.04,112.89,1760,1729,15,22,0,17,0,0,0,1,-148.3,0,0,0,0,0,0,16,0.5787
951.5,4,568062,0.2647,56.49,118.36,1814,1841,8,17,1,26,0,0,0,1,-148.3,0,0,0,0,0,0,25,0.5763
951.75,4,567997,0.2648,61.79,123.09,1819,1772,8,18,0,25,0,0,0,1,-148.3,0,0,0,0,0,0,22,0.5747
952,4,567876,0.2649,59.72,127.39,1928,1815,5,8,0,28,0,0,0,1,-148.3,0,0,0,0,0,0,23,0.5729
952.25,4,567837,0.2649,64.92,129.81,1827,1793,12,6,0,40,0,0,0,1,-148.3,0,0,0,0,0,0,38,0.5666
952.5,4,567804,0.2650,61.61,131.15,1832,1809,15,12,0,40,0,0,0,1,-148.3,0,0,0,0,0,0,39,0.5599
952.75,4,567716,0.2651,65.38,132.36,1830,1754,18,12,0,33,0,0,0,1,-148.3,0,0,0,0,0,0,29,0.5563
953,4,567628,0.2652,61.44,131.02,1870,1800,11,18,0,36,0,0,0,1,-148.3,0,0,0,0,0,0,34,0.5511
953.25,4,567616,0.2652,64.22,131.93,1714,1715,46,13,0,33,0,0,0,1,-148.3,0,0,0,0,0,0,29,0.5475
953.5,4,567559,0.2653,59.14,134.13,1750,1709,20,16,0,32,0,0,0,1,-148.3,0,0,0,0,0,0,31,0.5432
953.75,4,567468,0.2653,63.88,136.86,1701,1621,16,12,0,26,0,0,0,1,-148.3,0,0,0,0,0,0,23,0.5413
954,4,567379,0.2654,60.40,137.40,1752,1678,9,15,1,25,0,0,0,1,-148.3,0,0,0,0,0,0,21,0.5399
954.25,4,567375,0.2654,60.68,138.36,1688,1700,17,17,0,26,0,0,0,1,-148.3,0,0,0,0,0,0,23,0.5380
954.5,4,567297,0.2655,60.20,138.30,1696,1627,16,9,2,25,0,0,0,1,-148.3,0,0,0,0,0,0,24,0.5358
954.75,4,567264,0.2655,60.65,136.70,1685,1663,20,16,0,22,0,0,0,1,-148.3,0,0,0,0,0,0,18,0.5353
955,4,567250,0.2655,57.52,135.85,1659,1661,19,17,0,28,0,0,0,1,-148.3,0,0,0,0,0,0,25,0.5327
955.25,4,567204,0.2655,60.59,128.48,1586,1555,21956,16,0,21,0,0,0,1,-148.3,0,0,0,0,0,0,18,0.5322
955.5,4,567020,0.2657,56.34,124.74,1800,1624,19,13,1,26,0,0,0,1,-148.3,0,0,0,0,0,0,21,0.5309
955.75,4,566815,0.2657,60.43,118.76,2013,1831,25,24,1,13,0,0,0,1,-148.3,0,0,0,0,0,0,11,0.5324
956,4,566628,0.2658,60.47,115.10,1951,1797,28,34,0,19,0,0,0,1,-148.3,0,0,0,0,0,0,14,0.5331
956.25,4,566553,0.2658,63.41,111.21,1793,1751,19,33,0,14,0,0,0,1,-148.3,0,0,0,0,0,0,10,0.5349
956.5,4,566522,0.2658,58.76,108.10,1754,1759,19,36,0,11,0,0,0,1,-148.3,0,0,0,0,0,0,8,0.5374
956.75,4,566500,0.2657,63.02,112.51,1630,1637,14,30,1,16,0,0,0,1,-148.3,0,0,0,0,0,0,15,0.5378
957,4,566481,0.2657,60.32,122.16,1571,1589,23,41,3,15,0,0,0,1,-148.3,0,0,0,0,0,0,12,0.5391
957.25,4,566424,0.2657,63.50,121.44,1640,1614,24,32,12,13,0,0,0,1,-148.3,0,0,0,0,0,0,10,0.5410
957.5,4,566416,0.2656,63.82,93.00,1577,1594,37,28,13,15,0,0,0,1,-148.3,0,0,0,0,0,0,11,0.5426
957.75,4,566469,0.2655,63.25,82.56,1445,1539,49,45,12,16,0,0,0,1,-148.3,0,0,0,0,0,0,13,0.5436
958,4,566420,0.2654,58.40,81.85,1360,1377,38,71,10,17,0,0,0,1,-148.3,0,0,0,0,0,0,14,0.5444
958.25,4,566253,0.2654,57.54,87.19,1298,1212,34,81,7,19,0,0,0,0,-148.3,0,0,0,0,0,0,16,0.5446
958.5,4,566154,0.2654,49.81,92.14,1146,1096,15,50,2,16,0,0,0,0,-148.3,0,0,0,0,0,0,13,0.5457
958.75,4,565952,0.2655,48.39,89.42,1222,1061,18,41,1,22,0,0,0,0,-148.3,0,0,0,0,0,0,11,0.5475
959,4,565975,0.2654,41.67,90.18,1023,1077,3,31,0,24,0,0,0,0,-148.3,0,0,0,0,0,0,20,0.5466
959.25,4,566025,0.2654,38.25,88.44,1200,1267,7,17,0,29,0,0,0,0,-148.3,0,0,0,0,0,0,20,0.5456
959.5,4,566051,0.2654,35.79,87.19,1375,1417,5,16,0,17,0,0,0,0,-148.3,0,0,0,0,0,0,14,0.5465
959.75,4,566168,0.2654,35.80,86.87,1511,1641,11,13,0,13,0,0,0,0,-148.3,0,0,0,0,0,0,11,0.5482
960,4,566229,0.2653,35.80,87.07,1544,1624,9,19,0,23,0,0,0,0,-148.3,0,0,0,0,0,0,20,0.5473
960.25,4,566303,0.2653,36.57,86.92,1591,1682,12,17,1,15,0,0,0,0,-126.5,0,0,0,0,0,0,12,0.5487
960.5,4,566294,0.2653,39.55,87.48,1690,1703,17,22,2,17,0,0,0,0,-126.5,0,0,0,0,0,0,14,0.5495
960.75,4,566366,0.2653,43.06,88.51,1631,1724,18,22,4,21,0,0,0,0,-126.5,0,0,0,0,0,0,18,0.5492
961,4,566383,0.2652,45.96,96.04,1718,1762,30,28,11,22,0,0,0,0,-126.5,0,0,0,0,0,0,15,0.5497
961.25,4,566382,0.2652,47.20,111.18,1695,1738,21,44,4,24,0,0,0,0,-126.5,0,0,0,0,0,0,18,0.5494
961.5,4,566400,0.2651,48.61,120.44,1583,1634,18,33,7,20,0,0,0,0,-126.5,0,0,0,0,0,0,17,0.5494
961.75,4,566452,0.2651,50.31,132.18,1517,1600,19,31,2,12,0,0,0,0,-126.5,0,0,0,0,0,0,12,0.5508
962,4,566450,0.2651,50.93,142.26,1496,1522,14,28,5,25,0,0,0,0,-126.5,0,0,0,0,0,0,21,0.5496
962.25,4,566534,0.2650,52.71,150.77,1332,1449,10,33,1,23,0,0,0,0,-126.5,0,0,0,0,0,0,17,0.5496
962.5,4,566513,0.2650,50.50,154.65,1368,1373,13,26,1,13,0,0,0,0,-126.5,0,0,0,0,0,0,11,0.5514
962.75,4,566483,0.2650,48.93,153.65,1319,1323,4,34,1,17,0,0,0,0,-126.5,0,0,0,0,0,0,12,0.5529
963,4,566468,0.2649,47.77,160.71,1359,1380,23,36,1,14,0,0,0,0,-126.5,0,0,0,0,0,0,10,0.5550
963.25,4,566454,0.2649,45.06,154.83,1279,1300,9,35,0,12,0,0,0,0,-126.5,0,0,0,0,0,0,8,0.5576
963.5,4,566402,0.2649,42.81,152.41,1283,1269,15,39,3,12,0,0,0,0,-126.5,0,0,0,0,0,0,9,0.5600
963.75,4,566245,0.2649,48.05,130.26,1358,1244,38894,43,0,14,0,0,0,0,-126.5,0,0,0,0,0,0,11,0.5618
964,4,566126,0.2649,45.06,116.01,1518,1437,12,38,2,17,0,0,0,0,-126.5,0,0,0,0,0,0,13,0.5631
964.25,4,566114,0.2649,45.10,104.05,1370,1389,8,31,0,11,0,0,0,0,-126.5,0,0,0,0,0,0,6,0.5664
964.5,4,566135,0.2648,40.69,93.49,1236,1295,4,39,1,13,0,0,0,0,-126.5,0,0,0,0,0,0,7,0.5694
964.75,4,566130,0.2648,41.97,85.35,1123,1145,3,27,0,10,0,0,0,0,-126.5,0,0,0,0,0,0,8,0.5721
965,4,566218,0.2647,38.24,78.30,1060,1163,6,15,0,7,0,0,0,0,-126.5,0,0,0,0,0,0,6,0.5754
965.25,4,566234,0.2647,40.48,81.94,1096,1122,9,10,0,9,0,0,0,0,-126.5,0,0,0,0,0,0,6,0.5787
965.5,4,566183,0.2648,37.47,91.48,1365,1324,5,11,0,23,0,0,0,0,-126.5,0,0,0,0,0,0,21,0.5776
965.75,4,566115,0.2648,41.80,94.63,1515,1450,7,3,0,20,0,0,0,0,-126.5,0,0,0,0,0,0,18,0.5773
966,4,566213,0.2648,37.14,97.47,1584,1690,4,8,4,25,0,0,0,0,-126.5,0,0,0,0,0,0,18,0.5771
966.25,4,566130,0.2649,42.61,94.66,1631,1558,4,10,0,26,0,0,0,0,-126.5,0,0,0,0,0,0,22,0.5756
966.5,4,566166,0.2649,41.30,90.35,1627,1675,8,12,2,25,0,0,0,0,-126.5,0,0,0,0,0,0,15,0.5762
966.75,4,566216,0.2649,48.49,85.22,1541,1601,16,10,1,12,0,0,0,0,-126.5,0,0,0,0,0,0,10,0.5783
967,4,566310,0.2648,49.20,77.88,1485,1595,18,19,3,15,0,0,0,0,-126.5,0,0,0,0,0,0,13,0.5795
967.25,4,566368,0.2648,53.43,77.93,1372,1457,12,27,0,16,0,0,0,0,-126.5,0,0,0,0,0,0,9,0.5818
967.5,4,566341,0.2647,52.74,82.95,1518,1523,16,32,2,19,0,0,0,0,-126.5,0,0,0,0,0,0,14,0.5828
967.75,4,566349,0.2647,55.52,80.53,1340,1378,19,31,0,20,0,0,0,0,-126.5,0,0,0,0,0,0,13,0.5840
968,4,566452,0.2647,52.00,82.76,1290,1414,21,21,0,16,0,0,0,0,-126.5,0,0,0,0,0,0,12,0.5855
968.25,4,566352,0.2647,53.91,78.96,1318,1259,14,41,0,14,0,0,0,0,-126.5,0,0,0,0,0,0,11,0.5873
968.5,4,566406,0.2646,47.09,72.06,1061,1137,4,22,0,18,0,0,0,0,-126.5,0,0,0,0,0,0,16,0.5876
968.75,4,566234,0.2647,48.69,72.07,1132,990,14,31,0,28,0,0,0,0,-126.5,0,0,0,0,0,0,21,0.5865
969,4,566335,0.2647,44.86,69.56,923,1031,21244,8,2,21,0,0,0,0,-126.5,0,0,0,0,0,0,18,0.5862
969.25,4,566356,0.2647,45.81,77.39,1117,1144,9,7,1,15,0,0,0,0,-126.5,0,0,0,0,0,0,13,0.5874
969.5,4,566287,0.2647,41.12,86.60,1404,1346,12,11,1,17,0,0,0,0,-126.5,0,0,0,0,0,0,13,0.5886
969.75,4,566333,0.2647,40.87,94.72,1366,1427,2,16,0,23,0,0,0,0,-126.5,0,0,0,0,0,0,10,0.5907
970,4,566447,0.2647,35.93,104.43,1428,1552,6,10,2,22,0,0,0,0,-126.5,0,0,0,0,0,0,18,0.5904
970.25,4,566507,0.2647,42.30,113.21,1471,1539,7,8,1,20,0,0,0,0,-150.0,0,0,0,0,0,0,19,0.5898
970.5,4,566620,0.2646,36.45,120.39,1534,1659,11,13,2,23,0,0,0,0,-150.0,0,0,0,0,0,0,20,0.5889
970.75,4,566617,0.2647,44.92,126.06,1565,1582,18,20,2,35,0,0,0,0,-150.0,0,0,0,0,0,0,29,0.5854
971,4,566679,0.2646,38.23,132.09,1581,1661,24,18,0,23,0,0,0,0,-150.0,0,0,0,0,0,0,21,0.5842
971.25,4,566571,0.2647,46.42,139.97,1614,1536,12,30,0,27,0,0,0,0,-150.0,0,0,0,0,0,0,22,0.5827
971.5,4,566604,0.2647,39.59,147.20,1649,1697,17,15,0,22,0,0,0,0,-150.0,0,0,0,0,0,0,19,0.5821
971.75,4,566632,0.2647,45.71,153.53,1520,1565,9,17,0,21,0,0,0,0,-150.0,0,0,0,0,0,0,17,0.5821
972,4,566547,0.2647,38.73,157.46,1716,1648,12,17,3,24,0,0,0,0,-150.0,0,0,0,0,0,0,20,0.5813
972.25,4,566519,0.2648,44.30,163.82,1463,1443,2,8,0,26,0,0,0,0,-150.0,0,0,0,0,0,0,21,0.5801
972.5,4,566439,0.2648,37.76,168.80,1669,1603,10,14,2,18,0,0,0,0,-150.0,0,0,0,0,0,0,15,0.5806
972.75,4,566430,0.2649,43.80,173.17,1420,1413,1,2,0,23,0,0,0,0,-150.0,0,0,0,0,0,0,18,0.5803
973,4,566374,0.2649,37.35,175.71,1610,1558,3,4,1,19,0,0,0,0,-150.0,0,0,0,0,0,0,19,0.5796
973.25,4,566258,0.2650,44.36,177.62,1567,1453,3,2,0,22,0,0,0,0,-150.0,0,0,0,0,0,0,18,0.5793
973.5,4,566170,0.2651,40.14,179.34,1702,1618,4,4,0,19,0,0,0,0,-150.0,0,0,0,0,0,0,15,0.5798
973.75,4,566063,0.2651,46.40,179.87,1645,1540,6,2,0,20,0,0,0,0,-150.0,0,0,0,0,0,0,14,0.5805
974,4,566012,0.2652,41.39,180.61,1641,1598,5,8,0,35,0,0,0,0,-150.0,0,0,0,0,0,0,33,0.5757
974.25,4,565991,0.2653,48.30,181.04,1645,1626,16,3,0,32,0,0,0,0,-150.0,0,0,0,0,0,0,27,0.5726
974.5,4,565924,0.2654,44.10,181.32,1658,1595,0,4,0,32,0,0,0,0,-150.0,0,0,0,0,0,0,28,0.5692
974.75,4,565860,0.2654,49.77,181.36,1652,1593,12,6,0,25,0,0,0,0,-150.0,0,0,0,0,0,0,22,0.5676
975,4,565847,0.2655,45.13,176.41,1606,1596,3,3,0,30,0,0,0,0,-150.0,0,0,0,0,0,0,26,0.5647
975.25,4,565848,0.2655,49.41,165.59,1602,1615,11,12,0,23,0,0,0,0,-150.0,0,0,0,0,0,0,20,0.5636
975.5,4,565750,0.2656,44.49,157.83,1612,1519,11,9,0,25,0,0,0,0,-150.0,0,0,0,0,0,0,24,0.5613
975.75,4,565837,0.2656,49.33,152.29,1398,1489,7,4,0,19,0,0,0,0,-150.0,0,0,0,0,0,0,14,0.5620
976,4,565760,0.2656,44.35,145.82,1584,1512,11,6,3,18,0,0,0,0,-150.0,0,0,0,0,0,0,16,0.5621
976.25,4,565832,0.2656,48.85,141.83,1347,1425,4,6,0,13,0,0,0,0,-150.0,0,0,0,0,0,0,10,0.5639
976.5,4,565695,0.2657,44.64,138.59,1552,1428,14,13,0,17,0,0,0,0,-150.0,0,0,0,0,0,0,12,0.5651
976.75,4,565771,0.2656,48.84,138.26,1261,1346,4,9,0,16,0,0,0,0,-150.0,0,0,0,0,0,0,15,0.5654
977,4,565789,0.2657,44.47,136.86,1337,1363,5,8,0,16,0,0,0,0,-150.0,0,0,0,0,0,0,14,0.5660
977.25,4,565843,0.2657,46.93,135.41,1211,1268,5,3,0,22,0,0,0,0,-150.0,0,0,0,0,0,0,14,0.5666
977.5,4,565830,0.2657,41.54,134.33,1263,1250,8,1,0,16,0,0,0,0,-150.0,0,0,0,0,0,0,15,0.5668
977.75,4,565868,0.2657,44.10,132.98,1178,1222,14,6,0,22,0,0,0,0,-150.0,0,0,0,0,0,0,16,0.5668
978,4,565927,0.2657,41.21,131.85,1154,1215,4,2,0,26,0,0,0,0,-150.0,0,0,0,0,0,0,22,0.5650
978.25,4,565838,0.2658,42.50,130.66,1220,1135,6,4,1,23,0,0,0,0,-150.0,0,0,0,0,0,0,21,0.5634
978.5,4,565863,0.2658,40.59,129.81,1122,1149,4,2,0,16,0,0,0,0,-150.0,0,0,0,0,0,0,15,0.5636
978.75,4,565889,0.2658,42.14,128.41,1005,1033,5,3,0,15,0,0,0,0,-150.0,0,0,0,0,0,0,13,0.5644
979,4,565811,0.2659,42.72,127.65,1135,1063,5,6,1,18,0,0,0,0,-150.0,0,0,0,0,0,0,14,0.5649
979.25,4,565821,0.2659,45.92,128.07,980,995,2,5,0,16,0,0,0,0,-150.0,0,0,0,0,0,0,11,0.5663
979.5,4,565709,0.2660,48.54,128.24,1281,1173,12,5,3,22,0,0,0,0,-150.0,0,0,0,0,0,0,19,0.5653
979.75,4,565601,0.2660,50.37,129.11,1269,1169,12,9,1,26,0,0,0,0,-150.0,0,0,0,0,0,0,26,0.5622
980,4,565356,0.2662,52.94,130.00,1515,1300,13,30,4,31,0,0,0,0,-150.0,0,0,0,0,0,0,29,0.5582
980.25,4,565385,0.2662,51.39,131.19,1211,1250,10,10,0,40,0,0,0,0,-126.4,0,0,0,0,0,0,33,0.5531
980.5,4,565380,0.2662,51.60,132.00,1300,1310,16,15,1,30,0,0,0,0,-126.4,0,0,0,0,0,0,29,0.5491
980.75,4,565502,0.2662,48.16,133.51,1083,1208,11,4,0,23,0,0,0,0,-126.4,0,0,0,0,0,0,18,0.5484
981,4,565556,0.2662,45.95,133.91,1145,1209,11,11,0,21,0,0,0,0,-126.4,0,0,0,0,0,0,16,0.5482
981.25,4,565508,0.2662,42.10,135.01,1139,1103,13,13,0,20,0,0,0,0,-126.4,0,0,0,0,0,0,16,0.5481
981.5,4,565424,0.2663,41.34,136.88,1203,1133,119,14,0,22,0,0,0,0,-126.4,0,0,0,0,0,0,19,0.5470
981.75,4,565471,0.2663,39.92,138.51,1129,1179,12,3,0,20,0,0,0,0,-126.4,0,0,0,0,0,0,17,0.5465
982,4,565519,0.2663,42.58,141.10,1086,1135,2,1,0,19,0,0,0,0,-126.4,0,0,0,0,0,0,14,0.5469
982.25,4,565484,0.2663,40.63,144.22,1181,1156,6,10,0,22,0,0,0,0,-126.4,0,0,0,0,0,0,19,0.5458
982.5,4,565513,0.2663,44.00,145.89,1074,1103,2,0,0,15,0,0,0,0,-126.4,0,0,0,0,0,0,12,0.5468
982.75,4,565532,0.2663,42.71,146.43,1114,1138,5,5,0,9,0,0,0,0,-126.4,0,0,0,0,0,0,9,0.5486
983,4,565516,0.2664,45.52,146.80,1085,1069,2,0,1,14,0,0,0,0,-126.4,0,0,0,0,0,0,9,0.5504
983.25,4,565539,0.2664,45.27,149.15,1100,1125,6,2,0,19,0,0,0,0,-126.4,0,0,0,0,0,0,13,0.5510
983.5,4,565465,0.2664,47.64,151.44,1191,1121,9,4,4,13,0,0,0,0,-126.4,0,0,0,0,0,0,9,0.5528
983.75,4,565463,0.2665,47.42,154.19,1074,1071,3,0,5,11,0,0,0,0,-126.4,0,0,0,0,0,0,9,0.5546
984,4,565409,0.2665,48.62,156.13,1227,1178,13,5,4,14,0,0,0,0,-126.4,0,0,0,0,0,0,11,0.5557
984.25,4,565460,0.2665,47.68,159.30,1036,1087,2,0,1,6,0,0,0,0,-126.4,0,0,0,0,0,0,5,0.5586
984.5,4,565282,0.2665,49.11,162.39,1325,1170,14,23,7,12,0,0,0,0,-126.4,0,0,0,0,0,0,10,0.5601
984.75,4,565418,0.2665,45.98,165.98,1021,1157,2,0,0,12,0,0,0,0,-126.4,0,0,0,0,0,0,8,0.5621
985,4,565401,0.2665,48.19,168.52,1085,1070,3,2,2,10,0,0,0,0,-126.4,0,0,0,0,0,0,7,0.5644
985.25,4,565452,0.2665,44.80,170.73,1060,1111,7,0,0,12,0,0,0,0,-126.4,0,0,0,0,0,0,8,0.5664
985.5,4,565489,0.2665,45.54,171.94,1018,1056,1,1,2,12,0,0,0,0,-126.4,0,0,0,0,0,0,8,0.5684
985.75,4,565335,0.2666,42.43,173.31,1266,1115,15,4,1,11,0,0,0,0,-126.4,0,0,0,0,0,0,7,0.5707
986,4,565433,0.2665,44.81,173.29,952,1052,0,2,0,9,0,0,0,0,-126.4,0,0,0,0,0,0,7,0.5729
986.25,4,565360,0.2666,41.74,173.91,1219,1161,14,16,0,14,0,0,0,0,-126.4,0,0,0,0,0,0,9,0.5746
986.5,4,565354,0.2666,44.34,173.35,1054,1050,2,2,0,10,0,0,0,0,-126.4,0,0,0,0,0,0,7,0.5768
986.75,4,565345,0.2666,42.80,173.83,992,983,0,0,0,7,0,0,0,0,-126.4,0,0,0,0,0,0,5,0.5796
987,4,565177,0.2667,45.17,172.88,1238,1072,10,2,5,9,0,0,0,0,-126.4,0,0,0,0,0,0,7,0.5818
987.25,4,565274,0.2667,43.11,173.03,914,1011,0,0,1,9,0,0,0,0,-126.4,0,0,0,0,0,0,7,0.5840
987.5,4,565056,0.2668,46.33,172.60,1291,1083,13,10,5,9,0,0,0,0,-126.4,0,0,0,0,0,0,7,0.5862
987.75,4,565140,0.2667,41.41,172.28,942,1030,3,4,1,17,0,0,0,0,-126.4,0,0,0,0,0,0,11,0.5872
988,4,565202,0.2667,45.41,172.17,945,1008,0,1,1,10,0,0,0,0,-126.4,0,0,0,0,0,0,7,0.5894
988.25,4,565249,0.2667,41.80,172.34,944,994,8,3,1,19,0,0,0,0,-126.4,0,0,0,0,0,0,12,0.5901
988.5,4,565280,0.2667,47.53,171.56,920,952,0,1,0,14,0,0,0,0,-126.4,0,0,0,0,0,0,9,0.5916
988.75,4,565177,0.2668,43.92,171.90,1105,1005,13,3,1,12,0,0,0,0,-126.4,0,0,0,0,0,0,10,0.5929
989,4,565183,0.2668,48.21,171.46,892,898,0,0,0,14,0,0,0,0,-126.4,0,0,0,0,0,0,10,0.5941
989.25,4,565240,0.2668,44.06,171.66,926,991,8,8,0,11,0,0,0,0,-126.4,0,0,0,0,0,0,4,0.5971
989.5,4,565197,0.2668,45.74,171.04,933,890,3,0,0,8,0,0,0,0,-126.4,0,0,0,0,0,0,4,0.6001
989.75,4,565248,0.2668,44.33,170.74,786,837,0,0,0,12,0,0,0,0,-126.4,0,0,0,0,0,0,9,0.6016
990,4,565174,0.2669,45.40,169.60,1055,982,11,1,2,10,0,0,0,0,-126.4,0,0,0,0,0,0,5,0.6043
990.25,4,565209,0.2669,40.52,169.61,766,801,0,0,0,6,0,0,0,0,-136.8,0,0,0,0,0,0,2,0.6078
990.5,4,564951,0.2670,44.26,169.74,1320,1092,22,32,3,12,0,0,0,0,-136.8,0,0,0,0,0,0,10,0.6090
990.75,4,565102,0.2669,44.52,170.04,756,908,0,1,0,11,0,0,0,0,-136.8,0,0,0,0,0,0,7,0.6110
991,4,564930,0.2669,42.80,169.51,1297,1174,29,49,9,22,0,0,0,0,-136.8,0,0,0,0,0,0,16,0.6105
991.25,4,565022,0.2669,39.23,168.52,782,874,7,0,0,13,0,0,0,0,-136.8,0,0,0,0,0,0,8,0.6122
991.5,4,565117,0.2669,41.90,167.23,824,919,2,0,0,11,0,0,0,1,-136.8,0,0,0,0,0,0,9,0.6137
991.75,4,565068,0.2669,38.29,164.43,1014,970,18,7,0,11,0,0,0,1,-136.8,0,0,0,0,0,0,5,0.6163
992,4,565188,0.2669,31.63,155.76,768,890,2,2,0,11,0,0,0,1,-136.8,0,0,0,0,0,0,9,0.6178
992.25,4,565135,0.2669,39.83,148.34,923,878,15,8,0,8,0,0,0,1,-136.8,0,0,0,0,0,0,5,0.6204
992.5,4,565161,0.2669,28.91,142.45,774,803,8,4,0,9,0,0,0,1,-136.8,0,0,0,0,0,0,4,0.6233
992.75,4,565189,0.2669,37.49,137.63,718,758,6,12,2,10,0,0,0,1,-136.8,0,0,0,0,0,0,3,0.6265
993,4,565172,0.2669,27.14,132.28,735,723,10,5,0,5,0,0,0,1,-136.8,0,0,0,0,0,0,3,0.6297
993.25,4,565265,0.2668,36.98,129.86,594,692,4,6,0,4,0,0,0,1,-136.8,0,0,0,0,0,0,1,0.6335
993.5,4,565207,0.2669,27.68,130.68,775,720,10,4,0,6,0,0,0,1,-136.8,0,0,0,0,0,0,2,0.6369
993.75,4,565255,0.2668,39.45,133.61,628,679,10,3,1,4,0,0,0,1,-136.8,0,0,0,0,0,0,2,0.6404
994,4,565206,0.2668,29.80,135.71,803,762,10,9,1,3,0,0,0,1,-136.8,0,0,0,0,0,0,2,0.6438
994.25,4,565235,0.2668,41.05,137.99,706,738,8,3,1,10,0,0,0,1,-136.8,0,0,0,0,0,0,5,0.6464
994.5,4,565325,0.2668,34.51,139.86,639,729,3,0,0,11,0,0,0,1,-136.8,0,0,0,0,0,0,6,0.6486
994.75,4,565221,0.2669,41.32,141.14,922,823,17,5,5,11,0,0,0,1,-136.8,0,0,0,0,0,0,7,0.6506
995,4,565277,0.2669,38.72,142.36,698,754,5,0,0,9,0,0,0,1,-136.8,0,0,0,0,0,0,9,0.6519
995.25,4,565200,0.2669,40.32,141.07,928,868,11,17,6,11,0,0,0,1,-136.8,0,0,0,0,0,0,7,0.6539
995.5,4,565184,0.2669,38.07,141.52,784,770,6,2,0,12,0,0,0,1,-136.8,0,0,0,0,0,0,7,0.6558
995.75,4,565232,0.2669,41.90,143.35,704,754,2,2,0,4,0,0,0,1,-136.8,0,0,0,0,0,0,2,0.6592
996,4,565214,0.2669,38.59,143.65,834,823,13,8,0,11,0,0,0,1,-136.8,0,0,0,0,0,0,8,0.6608
996.25,4,565278,0.2669,42.38,144.36,692,758,3,2,0,5,0,0,0,1,-136.8,0,0,0,0,0,0,4,0.6636
996.5,4,565052,0.2669,39.60,145.27,1138,956,29,44,0,12,0,0,0,1,-136.8,0,0,0,0,0,0,7,0.6655
996.75,4,565075,0.2669,44.76,145.33,699,722,6,1,0,12,0,0,0,1,-136.8,0,0,0,0,0,0,10,0.6665
997,4,565064,0.2669,41.56,145.75,825,828,12,15,0,13,0,0,0,1,-136.8,0,0,0,0,0,0,9,0.6678
997.25,4,565079,0.2669,42.03,146.84,806,828,11,7,1,15,0,0,0,1,-136.8,0,0,0,0,0,0,7,0.6697
997.5,4,565217,0.2669,42.44,149.89,608,747,0,1,0,9,0,0,0,1,-136.8,0,0,0,0,0,0,8,0.6714
997.75,4,565055,0.2670,41.15,148.27,1059,908,24,12,2,13,0,0,0,1,-136.8,0,0,0,0,0,0,8,0.6730
998,4,565169,0.2669,34.82,148.34,636,751,3,1,0,12,0,0,0,1,-136.8,0,0,0,0,0,0,8,0.6745
998.25,4,565041,0.2670,41.52,147.96,993,878,23,15,4,20,0,0,0,1,-136.8,0,0,0,0,0,0,16,0.6738
998.5,4,565146,0.2670,39.58,151.21,639,747,4,3,0,17,0,0,0,1,-136.8,0,0,0,0,0,0,9,0.6750
998.75,4,565173,0.2669,41.16,152.12,768,815,9,21,2,11,0,0,0,1,-136.8,0,0,0,0,0,0,7,0.6769
999,4,565102,0.2670,34.90,152.20,856,790,23,5,1,10,0,0,0,1,-136.8,0,0,0,0,0,0,7,0.6788
999.25,4,565145,0.2670,32.37,151.44,622,673,4,8,1,12,0,0,0,1,-136.8,0,0,0,0,0,0,9,0.6801
999.5,4,565107,0.2670,32.02,153.05,816,788,17,12,0,8,0,0,0,1,-136.8,0,0,0,0,0,0,7,0.6819
999.75,4,565137,0.2670,32.64,153.08,591,623,7,3,0,13,0,0,0,1,-136.8,0,0,0,0,0,0,5,0.6844
1000,4,565144,0.2670,29.96,155.00,708,730,13,15,0,11,0,0,0,1,-136.8,0,0,0,0,0,0,6,0.6865
